{
  "index": 1008,
  "dataframe_iter_index": 1008,
  "image_path": "./datasets/sAFRICANWILDLIFE_FLUXFP8/images/1008.jpg",
  "image_width": 640,
  "image_height": 640,
  "ground_truth_class": "rhino",
  "grounding_prompt": "rhino",
  "timestamp": "2026-05-04T20:13:11.218155",
  "num_detections": 1,
  "detections": [
    {
      "detection_id": 0,
      "class_name": "rhino",
      "yolo_class_id": 2,
      "confidence": 0.8984658122062683,
      "bbox_xyxy": [
        146.68280029296875,
        384.079833984375,
        486.49981689453125,
        559.4446411132812
      ],
      "bbox_yolo": [
        0.4946739077568054,
        0.737128496170044,
        0.5309640765190125,
        0.27400749921798706
      ],
      "bbox_width_px": 339.8170166015625,
      "bbox_height_px": 175.36480712890625
    }
  ]
}