{
  "index": 1060,
  "dataframe_iter_index": 1060,
  "image_path": "./datasets/sAFRICANWILDLIFE_FLUXFP8/images/1060.jpg",
  "image_width": 640,
  "image_height": 640,
  "ground_truth_class": "rhino",
  "grounding_prompt": "rhino",
  "timestamp": "2026-05-04T20:13:48.543586",
  "num_detections": 1,
  "detections": [
    {
      "detection_id": 0,
      "class_name": "rhino",
      "yolo_class_id": 2,
      "confidence": 0.9593618512153625,
      "bbox_xyxy": [
        157.52517700195312,
        273.96484375,
        457.8802185058594,
        433.3846435546875
      ],
      "bbox_yolo": [
        0.48078545928001404,
        0.5526167750358582,
        0.46930474042892456,
        0.2490934431552887
      ],
      "bbox_width_px": 300.35504150390625,
      "bbox_height_px": 159.4197998046875
    }
  ]
}