{
  "index": 11,
  "dataframe_iter_index": 11,
  "image_path": "./datasets/sAFRICANWILDLIFE_FLUXFP8/images/11.jpg",
  "image_width": 640,
  "image_height": 640,
  "ground_truth_class": "buffalo",
  "grounding_prompt": "buffalo",
  "timestamp": "2026-05-04T20:01:22.724038",
  "num_detections": 4,
  "detections": [
    {
      "detection_id": 0,
      "class_name": "buffalo",
      "yolo_class_id": 0,
      "confidence": 0.4670012891292572,
      "bbox_xyxy": [
        400.1507873535156,
        274.2503356933594,
        633.6466064453125,
        526.61474609375
      ],
      "bbox_yolo": [
        0.8076542019844055,
        0.6256758570671082,
        0.3648372292518616,
        0.3943193852901459
      ],
      "bbox_width_px": 233.49581909179688,
      "bbox_height_px": 252.36441040039062
    },
    {
      "detection_id": 1,
      "class_name": "buffalo",
      "yolo_class_id": 0,
      "confidence": 0.4871797561645508,
      "bbox_xyxy": [
        0.16777801513671875,
        288.7606201171875,
        134.18661499023438,
        512.1787109375
      ],
      "bbox_yolo": [
        0.10496437549591064,
        0.6257338523864746,
        0.20940442383289337,
        0.3490907549858093
      ],
      "bbox_width_px": 134.01882934570312,
      "bbox_height_px": 223.4180908203125
    },
    {
      "detection_id": 2,
      "class_name": "buffalo",
      "yolo_class_id": 0,
      "confidence": 0.7077024579048157,
      "bbox_xyxy": [
        1.220794677734375,
        243.55052185058594,
        639.14599609375,
        537.1903076171875
      ],
      "bbox_yolo": [
        0.5002865791320801,
        0.609953761100769,
        0.9967581033706665,
        0.4588121473789215
      ],
      "bbox_width_px": 637.9251708984375,
      "bbox_height_px": 293.6397705078125
    },
    {
      "detection_id": 3,
      "class_name": "buffalo",
      "yolo_class_id": 0,
      "confidence": 0.4483414888381958,
      "bbox_xyxy": [
        206.16964721679688,
        292.03924560546875,
        353.8354187011719,
        540.3564453125
      ],
      "bbox_yolo": [
        0.43750396370887756,
        0.650309145450592,
        0.23072776198387146,
        0.3879956305027008
      ],
      "bbox_width_px": 147.665771484375,
      "bbox_height_px": 248.31719970703125
    }
  ]
}