{
  "index": 1116,
  "dataframe_iter_index": 1116,
  "image_path": "./datasets/sAFRICANWILDLIFE_FLUXFP8/images/1116.jpg",
  "image_width": 640,
  "image_height": 640,
  "ground_truth_class": "rhino",
  "grounding_prompt": "rhino",
  "timestamp": "2026-05-04T20:14:28.654422",
  "num_detections": 1,
  "detections": [
    {
      "detection_id": 0,
      "class_name": "rhino",
      "yolo_class_id": 2,
      "confidence": 0.9396876096725464,
      "bbox_xyxy": [
        47.2998046875,
        175.79510498046875,
        580.999267578125,
        570.1437377929688
      ],
      "bbox_yolo": [
        0.49085864424705505,
        0.582764744758606,
        0.8339053988456726,
        0.6161697506904602
      ],
      "bbox_width_px": 533.699462890625,
      "bbox_height_px": 394.3486328125
    }
  ]
}