{
  "index": 121,
  "dataframe_iter_index": 121,
  "image_path": "./datasets/sAFRICANWILDLIFE_FLUXFP8/images/121.jpg",
  "image_width": 640,
  "image_height": 640,
  "ground_truth_class": "buffalo",
  "grounding_prompt": "buffalo",
  "timestamp": "2026-05-04T20:02:40.138758",
  "num_detections": 2,
  "detections": [
    {
      "detection_id": 0,
      "class_name": "buffalo",
      "yolo_class_id": 0,
      "confidence": 0.8824132680892944,
      "bbox_xyxy": [
        225.27642822265625,
        280.05633544921875,
        511.359619140625,
        480.06707763671875
      ],
      "bbox_yolo": [
        0.5754969120025635,
        0.5938464403152466,
        0.4470049738883972,
        0.3125167787075043
      ],
      "bbox_width_px": 286.08319091796875,
      "bbox_height_px": 200.0107421875
    },
    {
      "detection_id": 1,
      "class_name": "buffalo",
      "yolo_class_id": 0,
      "confidence": 0.8190115690231323,
      "bbox_xyxy": [
        59.053436279296875,
        253.47117614746094,
        259.3948974609375,
        439.494140625
      ],
      "bbox_yolo": [
        0.2487877607345581,
        0.5413791537284851,
        0.3130335211753845,
        0.29066088795661926
      ],
      "bbox_width_px": 200.34146118164062,
      "bbox_height_px": 186.02296447753906
    }
  ]
}