{
  "index": 1225,
  "dataframe_iter_index": 1225,
  "image_path": "./datasets/sAFRICANWILDLIFE_FLUXFP8/images/1225.jpg",
  "image_width": 640,
  "image_height": 640,
  "ground_truth_class": "rhino",
  "grounding_prompt": "rhino",
  "timestamp": "2026-05-04T20:15:46.167090",
  "num_detections": 2,
  "detections": [
    {
      "detection_id": 0,
      "class_name": "rhino",
      "yolo_class_id": 2,
      "confidence": 0.866405189037323,
      "bbox_xyxy": [
        36.131561279296875,
        286.8150939941406,
        355.01025390625,
        491.5579528808594
      ],
      "bbox_yolo": [
        0.3055795431137085,
        0.6081039309501648,
        0.4982479512691498,
        0.3199107050895691
      ],
      "bbox_width_px": 318.8786926269531,
      "bbox_height_px": 204.74285888671875
    },
    {
      "detection_id": 1,
      "class_name": "rhino",
      "yolo_class_id": 2,
      "confidence": 0.8503178954124451,
      "bbox_xyxy": [
        341.7960205078125,
        294.8927917480469,
        603.8400268554688,
        498.1818542480469
      ],
      "bbox_yolo": [
        0.7387781739234924,
        0.6195895671844482,
        0.40944376587867737,
        0.31763917207717896
      ],
      "bbox_width_px": 262.04400634765625,
      "bbox_height_px": 203.2890625
    }
  ]
}