{
  "index": 1248,
  "dataframe_iter_index": 1248,
  "image_path": "./datasets/sAFRICANWILDLIFE_FLUXFP8/images/1248.jpg",
  "image_width": 640,
  "image_height": 640,
  "ground_truth_class": "rhino",
  "grounding_prompt": "rhino",
  "timestamp": "2026-05-04T20:16:02.576210",
  "num_detections": 1,
  "detections": [
    {
      "detection_id": 0,
      "class_name": "rhino",
      "yolo_class_id": 2,
      "confidence": 0.9336620569229126,
      "bbox_xyxy": [
        64.2154541015625,
        219.66513061523438,
        613.4926147460938,
        557.089599609375
      ],
      "bbox_yolo": [
        0.5294594168663025,
        0.606839656829834,
        0.8582455515861511,
        0.5272257328033447
      ],
      "bbox_width_px": 549.2771606445312,
      "bbox_height_px": 337.4244689941406
    }
  ]
}