{
  "index": 1257,
  "dataframe_iter_index": 1257,
  "image_path": "./datasets/sAFRICANWILDLIFE_FLUXFP8/images/1257.jpg",
  "image_width": 640,
  "image_height": 640,
  "ground_truth_class": "rhino",
  "grounding_prompt": "rhino",
  "timestamp": "2026-05-04T20:16:08.994853",
  "num_detections": 2,
  "detections": [
    {
      "detection_id": 0,
      "class_name": "rhino",
      "yolo_class_id": 2,
      "confidence": 0.8265409469604492,
      "bbox_xyxy": [
        248.96316528320312,
        289.94659423828125,
        527.59130859375,
        486.46917724609375
      ],
      "bbox_yolo": [
        0.6066831350326538,
        0.6065748333930969,
        0.435356467962265,
        0.30706652998924255
      ],
      "bbox_width_px": 278.6281433105469,
      "bbox_height_px": 196.5225830078125
    },
    {
      "detection_id": 1,
      "class_name": "rhino",
      "yolo_class_id": 2,
      "confidence": 0.8338388204574585,
      "bbox_xyxy": [
        80.97891235351562,
        313.33935546875,
        295.9877014160156,
        483.23101806640625
      ],
      "bbox_yolo": [
        0.29450517892837524,
        0.6223205924034119,
        0.3359512388706207,
        0.2654557228088379
      ],
      "bbox_width_px": 215.0087890625,
      "bbox_height_px": 169.89166259765625
    }
  ]
}