{
  "index": 1266,
  "dataframe_iter_index": 1266,
  "image_path": "./datasets/sAFRICANWILDLIFE_FLUXFP8/images/1266.jpg",
  "image_width": 640,
  "image_height": 640,
  "ground_truth_class": "rhino",
  "grounding_prompt": "rhino",
  "timestamp": "2026-05-04T20:16:15.473171",
  "num_detections": 3,
  "detections": [
    {
      "detection_id": 0,
      "class_name": "rhino",
      "yolo_class_id": 2,
      "confidence": 0.8743063807487488,
      "bbox_xyxy": [
        57.23846435546875,
        307.6949462890625,
        269.75933837890625,
        484.33203125
      ],
      "bbox_yolo": [
        0.255467027425766,
        0.6187710762023926,
        0.33206385374069214,
        0.2759954333305359
      ],
      "bbox_width_px": 212.5208740234375,
      "bbox_height_px": 176.6370849609375
    },
    {
      "detection_id": 1,
      "class_name": "rhino",
      "yolo_class_id": 2,
      "confidence": 0.8577486872673035,
      "bbox_xyxy": [
        292.63311767578125,
        304.0987548828125,
        438.81402587890625,
        473.93804931640625
      ],
      "bbox_yolo": [
        0.5714430809020996,
        0.6078412532806396,
        0.22840766608715057,
        0.2653738856315613
      ],
      "bbox_width_px": 146.180908203125,
      "bbox_height_px": 169.83929443359375
    },
    {
      "detection_id": 2,
      "class_name": "rhino",
      "yolo_class_id": 2,
      "confidence": 0.8512734770774841,
      "bbox_xyxy": [
        439.72564697265625,
        306.21630859375,
        563.9000854492188,
        476.18731689453125
      ],
      "bbox_yolo": [
        0.7840825915336609,
        0.6112528443336487,
        0.19402256608009338,
        0.2655797004699707
      ],
      "bbox_width_px": 124.1744384765625,
      "bbox_height_px": 169.97100830078125
    }
  ]
}