{
  "index": 1269,
  "dataframe_iter_index": 1269,
  "image_path": "./datasets/sAFRICANWILDLIFE_FLUXFP8/images/1269.jpg",
  "image_width": 640,
  "image_height": 640,
  "ground_truth_class": "rhino",
  "grounding_prompt": "rhino",
  "timestamp": "2026-05-04T20:16:17.671080",
  "num_detections": 2,
  "detections": [
    {
      "detection_id": 0,
      "class_name": "rhino",
      "yolo_class_id": 2,
      "confidence": 0.7967649698257446,
      "bbox_xyxy": [
        274.19683837890625,
        177.71524047851562,
        568.7388305664062,
        458.0077819824219
      ],
      "bbox_yolo": [
        0.6585434675216675,
        0.4966586232185364,
        0.4602218568325043,
        0.43795710802078247
      ],
      "bbox_width_px": 294.5419921875,
      "bbox_height_px": 280.29254150390625
    },
    {
      "detection_id": 1,
      "class_name": "rhino",
      "yolo_class_id": 2,
      "confidence": 0.7803061604499817,
      "bbox_xyxy": [
        56.55963134765625,
        153.7549591064453,
        417.16937255859375,
        444.67572021484375
      ],
      "bbox_yolo": [
        0.37010079622268677,
        0.4675239622592926,
        0.5634527206420898,
        0.454563707113266
      ],
      "bbox_width_px": 360.6097412109375,
      "bbox_height_px": 290.9207763671875
    }
  ]
}