{
  "index": 1274,
  "dataframe_iter_index": 1274,
  "image_path": "./datasets/sAFRICANWILDLIFE_FLUXFP8/images/1274.jpg",
  "image_width": 640,
  "image_height": 640,
  "ground_truth_class": "rhino",
  "grounding_prompt": "rhino",
  "timestamp": "2026-05-04T20:16:21.312032",
  "num_detections": 3,
  "detections": [
    {
      "detection_id": 0,
      "class_name": "rhino",
      "yolo_class_id": 2,
      "confidence": 0.7978135347366333,
      "bbox_xyxy": [
        472.2604675292969,
        302.5644226074219,
        576.400390625,
        455.6593933105469
      ],
      "bbox_yolo": [
        0.8192663192749023,
        0.5923623442649841,
        0.16271862387657166,
        0.23921088874340057
      ],
      "bbox_width_px": 104.13992309570312,
      "bbox_height_px": 153.094970703125
    },
    {
      "detection_id": 1,
      "class_name": "rhino",
      "yolo_class_id": 2,
      "confidence": 0.7769289016723633,
      "bbox_xyxy": [
        108.74238586425781,
        286.6141357421875,
        461.220458984375,
        479.24530029296875
      ],
      "bbox_yolo": [
        0.4452834725379944,
        0.5983276963233948,
        0.5507470369338989,
        0.3009862005710602
      ],
      "bbox_width_px": 352.47808837890625,
      "bbox_height_px": 192.63116455078125
    },
    {
      "detection_id": 2,
      "class_name": "rhino",
      "yolo_class_id": 2,
      "confidence": 0.39685747027397156,
      "bbox_xyxy": [
        58.16448211669922,
        292.9209289550781,
        227.21795654296875,
        477.8353576660156
      ],
      "bbox_yolo": [
        0.22295503318309784,
        0.6021533608436584,
        0.26414602994918823,
        0.2889288067817688
      ],
      "bbox_width_px": 169.053466796875,
      "bbox_height_px": 184.9144287109375
    }
  ]
}