{
  "index": 1302,
  "dataframe_iter_index": 1302,
  "image_path": "./datasets/sAFRICANWILDLIFE_FLUXFP8/images/1302.jpg",
  "image_width": 640,
  "image_height": 640,
  "ground_truth_class": "rhino",
  "grounding_prompt": "rhino",
  "timestamp": "2026-05-04T20:16:40.817906",
  "num_detections": 2,
  "detections": [
    {
      "detection_id": 0,
      "class_name": "rhino",
      "yolo_class_id": 2,
      "confidence": 0.8975677490234375,
      "bbox_xyxy": [
        19.225692749023438,
        281.39617919921875,
        442.72113037109375,
        517.8131713867188
      ],
      "bbox_yolo": [
        0.36089596152305603,
        0.6243823170661926,
        0.661711573600769,
        0.3694015443325043
      ],
      "bbox_width_px": 423.49542236328125,
      "bbox_height_px": 236.4169921875
    },
    {
      "detection_id": 1,
      "class_name": "rhino",
      "yolo_class_id": 2,
      "confidence": 0.8551901578903198,
      "bbox_xyxy": [
        440.2757263183594,
        306.25006103515625,
        605.0786743164062,
        491.56658935546875
      ],
      "bbox_yolo": [
        0.8166831135749817,
        0.6232942342758179,
        0.2575046122074127,
        0.2895570695400238
      ],
      "bbox_width_px": 164.80294799804688,
      "bbox_height_px": 185.3165283203125
    }
  ]
}