{
  "index": 1310,
  "dataframe_iter_index": 1310,
  "image_path": "./datasets/sAFRICANWILDLIFE_FLUXFP8/images/1310.jpg",
  "image_width": 640,
  "image_height": 640,
  "ground_truth_class": "rhino",
  "grounding_prompt": "rhino",
  "timestamp": "2026-05-04T20:16:46.519291",
  "num_detections": 2,
  "detections": [
    {
      "detection_id": 0,
      "class_name": "rhino",
      "yolo_class_id": 2,
      "confidence": 0.864055871963501,
      "bbox_xyxy": [
        227.98980712890625,
        245.86886596679688,
        563.2342529296875,
        558.3975830078125
      ],
      "bbox_yolo": [
        0.6181437969207764,
        0.6283332109451294,
        0.5238194465637207,
        0.48832613229751587
      ],
      "bbox_width_px": 335.24444580078125,
      "bbox_height_px": 312.5287170410156
    },
    {
      "detection_id": 1,
      "class_name": "rhino",
      "yolo_class_id": 2,
      "confidence": 0.8361545205116272,
      "bbox_xyxy": [
        47.58666229248047,
        323.2309265136719,
        283.40301513671875,
        519.5247192382812
      ],
      "bbox_yolo": [
        0.25858569145202637,
        0.6584028005599976,
        0.36846303939819336,
        0.30670905113220215
      ],
      "bbox_width_px": 235.81634521484375,
      "bbox_height_px": 196.29379272460938
    }
  ]
}