{
  "index": 1324,
  "dataframe_iter_index": 1324,
  "image_path": "./datasets/sAFRICANWILDLIFE_FLUXFP8/images/1324.jpg",
  "image_width": 640,
  "image_height": 640,
  "ground_truth_class": "rhino",
  "grounding_prompt": "rhino",
  "timestamp": "2026-05-04T20:16:56.455887",
  "num_detections": 1,
  "detections": [
    {
      "detection_id": 0,
      "class_name": "rhino",
      "yolo_class_id": 2,
      "confidence": 0.9424216151237488,
      "bbox_xyxy": [
        178.7362060546875,
        261.1360168457031,
        530.0804443359375,
        539.0738525390625
      ],
      "bbox_yolo": [
        0.5537630319595337,
        0.6251639127731323,
        0.5489753484725952,
        0.43427786231040955
      ],
      "bbox_width_px": 351.34423828125,
      "bbox_height_px": 277.9378356933594
    }
  ]
}