{
  "index": 1342,
  "dataframe_iter_index": 1342,
  "image_path": "./datasets/sAFRICANWILDLIFE_FLUXFP8/images/1342.jpg",
  "image_width": 640,
  "image_height": 640,
  "ground_truth_class": "rhino",
  "grounding_prompt": "rhino",
  "timestamp": "2026-05-04T20:17:09.254112",
  "num_detections": 3,
  "detections": [
    {
      "detection_id": 0,
      "class_name": "rhino",
      "yolo_class_id": 2,
      "confidence": 0.7764838337898254,
      "bbox_xyxy": [
        33.24602508544922,
        193.52647399902344,
        243.84796142578125,
        541.0277099609375
      ],
      "bbox_yolo": [
        0.21647968888282776,
        0.5738704800605774,
        0.3290655016899109,
        0.5429706573486328
      ],
      "bbox_width_px": 210.6019287109375,
      "bbox_height_px": 347.501220703125
    },
    {
      "detection_id": 1,
      "class_name": "rhino",
      "yolo_class_id": 2,
      "confidence": 0.7594267129898071,
      "bbox_xyxy": [
        424.14105224609375,
        202.5412139892578,
        601.3519897460938,
        491.68487548828125
      ],
      "bbox_yolo": [
        0.8011664152145386,
        0.5423641204833984,
        0.2768920958042145,
        0.45178699493408203
      ],
      "bbox_width_px": 177.2109375,
      "bbox_height_px": 289.1436767578125
    },
    {
      "detection_id": 2,
      "class_name": "rhino",
      "yolo_class_id": 2,
      "confidence": 0.7668071985244751,
      "bbox_xyxy": [
        234.5865478515625,
        192.3103790283203,
        460.969970703125,
        541.0369262695312
      ],
      "bbox_yolo": [
        0.5434035062789917,
        0.5729275941848755,
        0.35372409224510193,
        0.5448852777481079
      ],
      "bbox_width_px": 226.3834228515625,
      "bbox_height_px": 348.7265625
    }
  ]
}