{
  "index": 1346,
  "dataframe_iter_index": 1346,
  "image_path": "./datasets/sAFRICANWILDLIFE_FLUXFP8/images/1346.jpg",
  "image_width": 640,
  "image_height": 640,
  "ground_truth_class": "rhino",
  "grounding_prompt": "rhino",
  "timestamp": "2026-05-04T20:17:12.077594",
  "num_detections": 3,
  "detections": [
    {
      "detection_id": 0,
      "class_name": "rhino",
      "yolo_class_id": 2,
      "confidence": 0.8559018969535828,
      "bbox_xyxy": [
        165.35043334960938,
        342.99249267578125,
        356.7862854003906,
        526.2802124023438
      ],
      "bbox_yolo": [
        0.407919317483902,
        0.6791192889213562,
        0.2991185188293457,
        0.28638705611228943
      ],
      "bbox_width_px": 191.43585205078125,
      "bbox_height_px": 183.2877197265625
    },
    {
      "detection_id": 1,
      "class_name": "rhino",
      "yolo_class_id": 2,
      "confidence": 0.8345631957054138,
      "bbox_xyxy": [
        23.953933715820312,
        358.4593811035156,
        194.6337127685547,
        458.8390808105469
      ],
      "bbox_yolo": [
        0.17077159881591797,
        0.6385143995285034,
        0.26668715476989746,
        0.15684327483177185
      ],
      "bbox_width_px": 170.67977905273438,
      "bbox_height_px": 100.37969970703125
    },
    {
      "detection_id": 2,
      "class_name": "rhino",
      "yolo_class_id": 2,
      "confidence": 0.8523216843605042,
      "bbox_xyxy": [
        372.8703308105469,
        311.51824951171875,
        600.5623779296875,
        542.7838745117188
      ],
      "bbox_yolo": [
        0.7604943513870239,
        0.6674235463142395,
        0.3557688295841217,
        0.3613525331020355
      ],
      "bbox_width_px": 227.69204711914062,
      "bbox_height_px": 231.265625
    }
  ]
}