{
  "index": 1352,
  "dataframe_iter_index": 1352,
  "image_path": "./datasets/sAFRICANWILDLIFE_FLUXFP8/images/1352.jpg",
  "image_width": 640,
  "image_height": 640,
  "ground_truth_class": "rhino",
  "grounding_prompt": "rhino",
  "timestamp": "2026-05-04T20:17:16.237213",
  "num_detections": 1,
  "detections": [
    {
      "detection_id": 0,
      "class_name": "rhino",
      "yolo_class_id": 2,
      "confidence": 0.9375911951065063,
      "bbox_xyxy": [
        112.36697387695312,
        62.96136474609375,
        496.1215515136719,
        562.4918823242188
      ],
      "bbox_yolo": [
        0.47538167238235474,
        0.4886353611946106,
        0.599616527557373,
        0.7805164456367493
      ],
      "bbox_width_px": 383.75457763671875,
      "bbox_height_px": 499.530517578125
    }
  ]
}