{
  "index": 1396,
  "dataframe_iter_index": 1396,
  "image_path": "./datasets/sAFRICANWILDLIFE_FLUXFP8/images/1396.jpg",
  "image_width": 640,
  "image_height": 640,
  "ground_truth_class": "rhino",
  "grounding_prompt": "rhino",
  "timestamp": "2026-05-04T20:17:47.339238",
  "num_detections": 1,
  "detections": [
    {
      "detection_id": 0,
      "class_name": "rhino",
      "yolo_class_id": 2,
      "confidence": 0.9593039155006409,
      "bbox_xyxy": [
        168.95623779296875,
        298.4998474121094,
        496.47467041015625,
        510.4172668457031
      ],
      "bbox_yolo": [
        0.5198678970336914,
        0.6319664716720581,
        0.5117475390434265,
        0.33112096786499023
      ],
      "bbox_width_px": 327.5184326171875,
      "bbox_height_px": 211.91741943359375
    }
  ]
}