{
  "index": 1400,
  "dataframe_iter_index": 1400,
  "image_path": "./datasets/sAFRICANWILDLIFE_FLUXFP8/images/1400.jpg",
  "image_width": 640,
  "image_height": 640,
  "ground_truth_class": "rhino",
  "grounding_prompt": "rhino",
  "timestamp": "2026-05-04T20:17:50.106221",
  "num_detections": 1,
  "detections": [
    {
      "detection_id": 0,
      "class_name": "rhino",
      "yolo_class_id": 2,
      "confidence": 0.9537226557731628,
      "bbox_xyxy": [
        99.53823852539062,
        271.35601806640625,
        523.719482421875,
        463.9635009765625
      ],
      "bbox_yolo": [
        0.4869200587272644,
        0.5744683742523193,
        0.6627832055091858,
        0.30094918608665466
      ],
      "bbox_width_px": 424.1812438964844,
      "bbox_height_px": 192.60748291015625
    }
  ]
}