{
  "index": 1405,
  "dataframe_iter_index": 1405,
  "image_path": "./datasets/sAFRICANWILDLIFE_FLUXFP8/images/1405.jpg",
  "image_width": 640,
  "image_height": 640,
  "ground_truth_class": "rhino",
  "grounding_prompt": "rhino",
  "timestamp": "2026-05-04T20:17:53.578428",
  "num_detections": 2,
  "detections": [
    {
      "detection_id": 0,
      "class_name": "rhino",
      "yolo_class_id": 2,
      "confidence": 0.7966938614845276,
      "bbox_xyxy": [
        269.1295166015625,
        171.6575469970703,
        554.509033203125,
        568.1740112304688
      ],
      "bbox_yolo": [
        0.6434676051139832,
        0.5779933929443359,
        0.44590550661087036,
        0.6195570230484009
      ],
      "bbox_width_px": 285.3795166015625,
      "bbox_height_px": 396.5164794921875
    },
    {
      "detection_id": 1,
      "class_name": "rhino",
      "yolo_class_id": 2,
      "confidence": 0.7839869856834412,
      "bbox_xyxy": [
        77.62461853027344,
        214.0574493408203,
        288.75408935546875,
        566.1575317382812
      ],
      "bbox_yolo": [
        0.2862333655357361,
        0.609542965888977,
        0.32988980412483215,
        0.5501564145088196
      ],
      "bbox_width_px": 211.1294708251953,
      "bbox_height_px": 352.10009765625
    }
  ]
}