{
  "index": 1480,
  "dataframe_iter_index": 1480,
  "image_path": "./datasets/sAFRICANWILDLIFE_FLUXFP8/images/1480.jpg",
  "image_width": 640,
  "image_height": 640,
  "ground_truth_class": "rhino",
  "grounding_prompt": "rhino",
  "timestamp": "2026-05-04T20:18:45.875127",
  "num_detections": 1,
  "detections": [
    {
      "detection_id": 0,
      "class_name": "rhino",
      "yolo_class_id": 2,
      "confidence": 0.9470592737197876,
      "bbox_xyxy": [
        232.83123779296875,
        230.04225158691406,
        435.31280517578125,
        530.7515258789062
      ],
      "bbox_yolo": [
        0.5219875574111938,
        0.5943701267242432,
        0.3163774609565735,
        0.4698582589626312
      ],
      "bbox_width_px": 202.4815673828125,
      "bbox_height_px": 300.70928955078125
    }
  ]
}