{
  "index": 1481,
  "dataframe_iter_index": 1481,
  "image_path": "./datasets/sAFRICANWILDLIFE_FLUXFP8/images/1481.jpg",
  "image_width": 640,
  "image_height": 640,
  "ground_truth_class": "rhino",
  "grounding_prompt": "rhino",
  "timestamp": "2026-05-04T20:18:46.576226",
  "num_detections": 2,
  "detections": [
    {
      "detection_id": 0,
      "class_name": "rhino",
      "yolo_class_id": 2,
      "confidence": 0.8789811134338379,
      "bbox_xyxy": [
        77.38270568847656,
        198.5128173828125,
        322.2288818359375,
        552.975830078125
      ],
      "bbox_yolo": [
        0.3121965527534485,
        0.5871005058288574,
        0.38257214426994324,
        0.5538484454154968
      ],
      "bbox_width_px": 244.84617614746094,
      "bbox_height_px": 354.4630126953125
    },
    {
      "detection_id": 1,
      "class_name": "rhino",
      "yolo_class_id": 2,
      "confidence": 0.8402173519134521,
      "bbox_xyxy": [
        340.57623291015625,
        248.6988525390625,
        530.3336791992188,
        528.779541015625
      ],
      "bbox_yolo": [
        0.6803983449935913,
        0.6074050068855286,
        0.2964960038661957,
        0.43762606382369995
      ],
      "bbox_width_px": 189.7574462890625,
      "bbox_height_px": 280.0806884765625
    }
  ]
}