{
  "index": 1504,
  "dataframe_iter_index": 1504,
  "image_path": "./datasets/sAFRICANWILDLIFE_FLUXFP8/images/1504.jpg",
  "image_width": 640,
  "image_height": 640,
  "ground_truth_class": "rhino",
  "grounding_prompt": "rhino",
  "timestamp": "2026-05-04T20:19:02.376545",
  "num_detections": 1,
  "detections": [
    {
      "detection_id": 0,
      "class_name": "rhino",
      "yolo_class_id": 2,
      "confidence": 0.9390384554862976,
      "bbox_xyxy": [
        146.78768920898438,
        138.9674072265625,
        448.7037658691406,
        557.34326171875
      ],
      "bbox_yolo": [
        0.4652276933193207,
        0.5439926981925964,
        0.4717438817024231,
        0.653712272644043
      ],
      "bbox_width_px": 301.91607666015625,
      "bbox_height_px": 418.3758544921875
    }
  ]
}