{
  "index": 1520,
  "dataframe_iter_index": 1520,
  "image_path": "./datasets/sAFRICANWILDLIFE_FLUXFP8/images/1520.jpg",
  "image_width": 640,
  "image_height": 640,
  "ground_truth_class": "zebra",
  "grounding_prompt": "zebra",
  "timestamp": "2026-05-04T20:19:13.473953",
  "num_detections": 1,
  "detections": [
    {
      "detection_id": 0,
      "class_name": "zebra",
      "yolo_class_id": 3,
      "confidence": 0.9647810459136963,
      "bbox_xyxy": [
        132.264892578125,
        221.51791381835938,
        533.0126953125,
        580.0455322265625
      ],
      "bbox_yolo": [
        0.5197480916976929,
        0.6262214779853821,
        0.626168429851532,
        0.5601993799209595
      ],
      "bbox_width_px": 400.747802734375,
      "bbox_height_px": 358.5276184082031
    }
  ]
}