{
  "index": 1524,
  "dataframe_iter_index": 1524,
  "image_path": "./datasets/sAFRICANWILDLIFE_FLUXFP8/images/1524.jpg",
  "image_width": 640,
  "image_height": 640,
  "ground_truth_class": "zebra",
  "grounding_prompt": "zebra",
  "timestamp": "2026-05-04T20:19:16.406345",
  "num_detections": 1,
  "detections": [
    {
      "detection_id": 0,
      "class_name": "zebra",
      "yolo_class_id": 3,
      "confidence": 0.9672865867614746,
      "bbox_xyxy": [
        120.66744995117188,
        347.7041015625,
        326.5873718261719,
        533.56787109375
      ],
      "bbox_yolo": [
        0.3494178354740143,
        0.6884937286376953,
        0.32174986600875854,
        0.29041212797164917
      ],
      "bbox_width_px": 205.919921875,
      "bbox_height_px": 185.86376953125
    }
  ]
}