{
  "index": 1535,
  "dataframe_iter_index": 1535,
  "image_path": "./datasets/sAFRICANWILDLIFE_FLUXFP8/images/1535.jpg",
  "image_width": 640,
  "image_height": 640,
  "ground_truth_class": "zebra",
  "grounding_prompt": "zebra",
  "timestamp": "2026-05-04T20:19:24.122619",
  "num_detections": 1,
  "detections": [
    {
      "detection_id": 0,
      "class_name": "zebra",
      "yolo_class_id": 3,
      "confidence": 0.47087562084198,
      "bbox_xyxy": [
        1.38507080078125,
        349.7049255371094,
        638.3889770507812,
        502.4762268066406
      ],
      "bbox_yolo": [
        0.4998234808444977,
        0.6657665371894836,
        0.995318591594696,
        0.23870515823364258
      ],
      "bbox_width_px": 637.00390625,
      "bbox_height_px": 152.77130126953125
    }
  ]
}