{
  "index": 163,
  "dataframe_iter_index": 163,
  "image_path": "./datasets/sAFRICANWILDLIFE_FLUXFP8/images/163.jpg",
  "image_width": 640,
  "image_height": 640,
  "ground_truth_class": "buffalo",
  "grounding_prompt": "buffalo",
  "timestamp": "2026-05-04T20:03:09.676576",
  "num_detections": 1,
  "detections": [
    {
      "detection_id": 0,
      "class_name": "buffalo",
      "yolo_class_id": 0,
      "confidence": 0.955435574054718,
      "bbox_xyxy": [
        209.60301208496094,
        299.0426025390625,
        489.0283203125,
        493.131103515625
      ],
      "bbox_yolo": [
        0.5458057522773743,
        0.6188856959342957,
        0.43660202622413635,
        0.30326327681541443
      ],
      "bbox_width_px": 279.42529296875,
      "bbox_height_px": 194.0885009765625
    }
  ]
}