{
  "index": 1638,
  "dataframe_iter_index": 1638,
  "image_path": "./datasets/sAFRICANWILDLIFE_FLUXFP8/images/1638.jpg",
  "image_width": 640,
  "image_height": 640,
  "ground_truth_class": "zebra",
  "grounding_prompt": "zebra",
  "timestamp": "2026-05-04T20:20:37.166186",
  "num_detections": 3,
  "detections": [
    {
      "detection_id": 0,
      "class_name": "zebra",
      "yolo_class_id": 3,
      "confidence": 0.8670997023582458,
      "bbox_xyxy": [
        72.86216735839844,
        258.4104919433594,
        290.49822998046875,
        474.0596618652344
      ],
      "bbox_yolo": [
        0.28387531638145447,
        0.5722423195838928,
        0.3400563597679138,
        0.3369518220424652
      ],
      "bbox_width_px": 217.6360626220703,
      "bbox_height_px": 215.649169921875
    },
    {
      "detection_id": 1,
      "class_name": "zebra",
      "yolo_class_id": 3,
      "confidence": 0.8498803377151489,
      "bbox_xyxy": [
        322.2674865722656,
        281.1632080078125,
        525.5177612304688,
        490.34283447265625
      ],
      "bbox_yolo": [
        0.6623322367668152,
        0.6027390956878662,
        0.3175785541534424,
        0.32684317231178284
      ],
      "bbox_width_px": 203.25027465820312,
      "bbox_height_px": 209.17962646484375
    },
    {
      "detection_id": 2,
      "class_name": "zebra",
      "yolo_class_id": 3,
      "confidence": 0.6658811569213867,
      "bbox_xyxy": [
        265.33197021484375,
        328.8914794921875,
        362.5799560546875,
        479.83050537109375
      ],
      "bbox_yolo": [
        0.49055618047714233,
        0.6318140625953674,
        0.15194997191429138,
        0.23584222793579102
      ],
      "bbox_width_px": 97.24798583984375,
      "bbox_height_px": 150.93902587890625
    }
  ]
}