{
  "index": 1660,
  "dataframe_iter_index": 1660,
  "image_path": "./datasets/sAFRICANWILDLIFE_FLUXFP8/images/1660.jpg",
  "image_width": 640,
  "image_height": 640,
  "ground_truth_class": "zebra",
  "grounding_prompt": "zebra",
  "timestamp": "2026-05-04T20:20:52.931249",
  "num_detections": 1,
  "detections": [
    {
      "detection_id": 0,
      "class_name": "zebra",
      "yolo_class_id": 3,
      "confidence": 0.9596603512763977,
      "bbox_xyxy": [
        209.05056762695312,
        315.8997802734375,
        421.9624328613281,
        501.15185546875
      ],
      "bbox_yolo": [
        0.49297890067100525,
        0.638321578502655,
        0.3326748013496399,
        0.2894563674926758
      ],
      "bbox_width_px": 212.911865234375,
      "bbox_height_px": 185.2520751953125
    }
  ]
}