{
  "index": 1677,
  "dataframe_iter_index": 1677,
  "image_path": "./datasets/sAFRICANWILDLIFE_FLUXFP8/images/1677.jpg",
  "image_width": 640,
  "image_height": 640,
  "ground_truth_class": "zebra",
  "grounding_prompt": "zebra",
  "timestamp": "2026-05-04T20:21:05.085036",
  "num_detections": 2,
  "detections": [
    {
      "detection_id": 0,
      "class_name": "zebra",
      "yolo_class_id": 3,
      "confidence": 0.8656545281410217,
      "bbox_xyxy": [
        288.9280090332031,
        136.4564971923828,
        579.0460205078125,
        600.6586303710938
      ],
      "bbox_yolo": [
        0.6781046986579895,
        0.5758711695671082,
        0.45330938696861267,
        0.7253158688545227
      ],
      "bbox_width_px": 290.1180114746094,
      "bbox_height_px": 464.2021484375
    },
    {
      "detection_id": 1,
      "class_name": "zebra",
      "yolo_class_id": 3,
      "confidence": 0.8471041321754456,
      "bbox_xyxy": [
        86.12906646728516,
        154.08651733398438,
        303.25323486328125,
        614.2452392578125
      ],
      "bbox_yolo": [
        0.30420491099357605,
        0.6002591848373413,
        0.33925652503967285,
        0.7189980149269104
      ],
      "bbox_width_px": 217.12417602539062,
      "bbox_height_px": 460.1587219238281
    }
  ]
}