{
  "index": 1680,
  "dataframe_iter_index": 1680,
  "image_path": "./datasets/sAFRICANWILDLIFE_FLUXFP8/images/1680.jpg",
  "image_width": 640,
  "image_height": 640,
  "ground_truth_class": "zebra",
  "grounding_prompt": "zebra",
  "timestamp": "2026-05-04T20:21:07.288421",
  "num_detections": 1,
  "detections": [
    {
      "detection_id": 0,
      "class_name": "zebra",
      "yolo_class_id": 3,
      "confidence": 0.9589375257492065,
      "bbox_xyxy": [
        57.45335388183594,
        182.23379516601562,
        489.227783203125,
        544.3214111328125
      ],
      "bbox_yolo": [
        0.42709463834762573,
        0.5676212310791016,
        0.6746475100517273,
        0.565761923789978
      ],
      "bbox_width_px": 431.7744140625,
      "bbox_height_px": 362.0876159667969
    }
  ]
}