{
  "index": 1704,
  "dataframe_iter_index": 1704,
  "image_path": "./datasets/sAFRICANWILDLIFE_FLUXFP8/images/1704.jpg",
  "image_width": 640,
  "image_height": 640,
  "ground_truth_class": "zebra",
  "grounding_prompt": "zebra",
  "timestamp": "2026-05-04T20:21:24.515916",
  "num_detections": 1,
  "detections": [
    {
      "detection_id": 0,
      "class_name": "zebra",
      "yolo_class_id": 3,
      "confidence": 0.9595683813095093,
      "bbox_xyxy": [
        151.39846801757812,
        295.62298583984375,
        351.0970764160156,
        467.2081298828125
      ],
      "bbox_yolo": [
        0.39257463812828064,
        0.5959618091583252,
        0.31202906370162964,
        0.2681017816066742
      ],
      "bbox_width_px": 199.6986083984375,
      "bbox_height_px": 171.58514404296875
    }
  ]
}