{
  "index": 1718,
  "dataframe_iter_index": 1718,
  "image_path": "./datasets/sAFRICANWILDLIFE_FLUXFP8/images/1718.jpg",
  "image_width": 640,
  "image_height": 640,
  "ground_truth_class": "zebra",
  "grounding_prompt": "zebra",
  "timestamp": "2026-05-04T20:21:34.610668",
  "num_detections": 4,
  "detections": [
    {
      "detection_id": 0,
      "class_name": "zebra",
      "yolo_class_id": 3,
      "confidence": 0.8132928013801575,
      "bbox_xyxy": [
        363.3323974609375,
        198.352294921875,
        580.66552734375,
        553.9627075195312
      ],
      "bbox_yolo": [
        0.73749840259552,
        0.5877460837364197,
        0.33958300948143005,
        0.5556412935256958
      ],
      "bbox_width_px": 217.3331298828125,
      "bbox_height_px": 355.61041259765625
    },
    {
      "detection_id": 1,
      "class_name": "zebra",
      "yolo_class_id": 3,
      "confidence": 0.8118935823440552,
      "bbox_xyxy": [
        2.0185546875,
        240.718017578125,
        229.99029541015625,
        565.330322265625
      ],
      "bbox_yolo": [
        0.18125692009925842,
        0.6297252774238586,
        0.35620585083961487,
        0.5072067379951477
      ],
      "bbox_width_px": 227.97174072265625,
      "bbox_height_px": 324.6123046875
    },
    {
      "detection_id": 2,
      "class_name": "zebra",
      "yolo_class_id": 3,
      "confidence": 0.8123953938484192,
      "bbox_xyxy": [
        205.52001953125,
        176.5326385498047,
        365.972412109375,
        574.6026611328125
      ],
      "bbox_yolo": [
        0.4464784562587738,
        0.5868244767189026,
        0.25070685148239136,
        0.6219843626022339
      ],
      "bbox_width_px": 160.452392578125,
      "bbox_height_px": 398.07000732421875
    },
    {
      "detection_id": 3,
      "class_name": "zebra",
      "yolo_class_id": 3,
      "confidence": 0.391560435295105,
      "bbox_xyxy": [
        586.248046875,
        274.5282287597656,
        639.5489501953125,
        339.5351257324219
      ],
      "bbox_yolo": [
        0.9576538801193237,
        0.47973698377609253,
        0.08328266441822052,
        0.10157327353954315
      ],
      "bbox_width_px": 53.3009033203125,
      "bbox_height_px": 65.00689697265625
    }
  ]
}