{
  "index": 1720,
  "dataframe_iter_index": 1720,
  "image_path": "./datasets/sAFRICANWILDLIFE_FLUXFP8/images/1720.jpg",
  "image_width": 640,
  "image_height": 640,
  "ground_truth_class": "zebra",
  "grounding_prompt": "zebra",
  "timestamp": "2026-05-04T20:21:36.049346",
  "num_detections": 1,
  "detections": [
    {
      "detection_id": 0,
      "class_name": "zebra",
      "yolo_class_id": 3,
      "confidence": 0.958541214466095,
      "bbox_xyxy": [
        81.29837036132812,
        224.3882293701172,
        483.6786804199219,
        573.8237915039062
      ],
      "bbox_yolo": [
        0.4413883090019226,
        0.6236031651496887,
        0.6287192106246948,
        0.5459930300712585
      ],
      "bbox_width_px": 402.38031005859375,
      "bbox_height_px": 349.435546875
    }
  ]
}