{
  "index": 1721,
  "dataframe_iter_index": 1721,
  "image_path": "./datasets/sAFRICANWILDLIFE_FLUXFP8/images/1721.jpg",
  "image_width": 640,
  "image_height": 640,
  "ground_truth_class": "zebra",
  "grounding_prompt": "zebra",
  "timestamp": "2026-05-04T20:21:36.761147",
  "num_detections": 2,
  "detections": [
    {
      "detection_id": 0,
      "class_name": "zebra",
      "yolo_class_id": 3,
      "confidence": 0.868859589099884,
      "bbox_xyxy": [
        324.60302734375,
        199.55213928222656,
        595.8399658203125,
        558.5657958984375
      ],
      "bbox_yolo": [
        0.7190960645675659,
        0.5922796130180359,
        0.42380771040916443,
        0.5609588623046875
      ],
      "bbox_width_px": 271.2369384765625,
      "bbox_height_px": 359.013671875
    },
    {
      "detection_id": 1,
      "class_name": "zebra",
      "yolo_class_id": 3,
      "confidence": 0.8807564377784729,
      "bbox_xyxy": [
        0.4341583251953125,
        173.6038360595703,
        303.30194091796875,
        558.2496948242188
      ],
      "bbox_yolo": [
        0.2372938096523285,
        0.5717605352401733,
        0.47323092818260193,
        0.60100919008255
      ],
      "bbox_width_px": 302.8677978515625,
      "bbox_height_px": 384.6458740234375
    }
  ]
}