{
  "index": 1741,
  "dataframe_iter_index": 1741,
  "image_path": "./datasets/sAFRICANWILDLIFE_FLUXFP8/images/1741.jpg",
  "image_width": 640,
  "image_height": 640,
  "ground_truth_class": "zebra",
  "grounding_prompt": "zebra",
  "timestamp": "2026-05-04T20:21:51.236069",
  "num_detections": 2,
  "detections": [
    {
      "detection_id": 0,
      "class_name": "zebra",
      "yolo_class_id": 3,
      "confidence": 0.8987718820571899,
      "bbox_xyxy": [
        300.1597900390625,
        277.7982177734375,
        536.2091064453125,
        548.8136596679688
      ],
      "bbox_yolo": [
        0.6534131765365601,
        0.6457905173301697,
        0.36882704496383667,
        0.4234616160392761
      ],
      "bbox_width_px": 236.04931640625,
      "bbox_height_px": 271.01544189453125
    },
    {
      "detection_id": 1,
      "class_name": "zebra",
      "yolo_class_id": 3,
      "confidence": 0.880264401435852,
      "bbox_xyxy": [
        133.91937255859375,
        280.51910400390625,
        268.7615966796875,
        548.8004760742188
      ],
      "bbox_yolo": [
        0.3145945072174072,
        0.6479059457778931,
        0.21069097518920898,
        0.4191896319389343
      ],
      "bbox_width_px": 134.84222412109375,
      "bbox_height_px": 268.2813720703125
    }
  ]
}