{
  "index": 1746,
  "dataframe_iter_index": 1746,
  "image_path": "./datasets/sAFRICANWILDLIFE_FLUXFP8/images/1746.jpg",
  "image_width": 640,
  "image_height": 640,
  "ground_truth_class": "zebra",
  "grounding_prompt": "zebra",
  "timestamp": "2026-05-04T20:21:54.821105",
  "num_detections": 3,
  "detections": [
    {
      "detection_id": 0,
      "class_name": "zebra",
      "yolo_class_id": 3,
      "confidence": 0.8359439969062805,
      "bbox_xyxy": [
        45.87730407714844,
        243.90110778808594,
        314.2109375,
        532.0570068359375
      ],
      "bbox_yolo": [
        0.2813189625740051,
        0.6062172651290894,
        0.4192712903022766,
        0.4502435624599457
      ],
      "bbox_width_px": 268.3336181640625,
      "bbox_height_px": 288.1558837890625
    },
    {
      "detection_id": 1,
      "class_name": "zebra",
      "yolo_class_id": 3,
      "confidence": 0.7445126175880432,
      "bbox_xyxy": [
        238.32528686523438,
        242.57733154296875,
        408.3020324707031,
        526.8980102539062
      ],
      "bbox_yolo": [
        0.5051776170730591,
        0.6011525988578796,
        0.2655886709690094,
        0.44425106048583984
      ],
      "bbox_width_px": 169.97674560546875,
      "bbox_height_px": 284.3206787109375
    },
    {
      "detection_id": 2,
      "class_name": "zebra",
      "yolo_class_id": 3,
      "confidence": 0.5893434286117554,
      "bbox_xyxy": [
        347.67431640625,
        253.0311279296875,
        599.4888305664062,
        522.2285766601562
      ],
      "bbox_yolo": [
        0.7399712204933167,
        0.6056716442108154,
        0.3934601843357086,
        0.42062100768089294
      ],
      "bbox_width_px": 251.81451416015625,
      "bbox_height_px": 269.19744873046875
    }
  ]
}