{
  "index": 176,
  "dataframe_iter_index": 176,
  "image_path": "./datasets/sAFRICANWILDLIFE_FLUXFP8/images/176.jpg",
  "image_width": 640,
  "image_height": 640,
  "ground_truth_class": "buffalo",
  "grounding_prompt": "buffalo",
  "timestamp": "2026-05-04T20:03:18.968944",
  "num_detections": 1,
  "detections": [
    {
      "detection_id": 0,
      "class_name": "buffalo",
      "yolo_class_id": 0,
      "confidence": 0.9496320486068726,
      "bbox_xyxy": [
        227.56298828125,
        194.29986572265625,
        400.60540771484375,
        543.251953125
      ],
      "bbox_yolo": [
        0.4907565712928772,
        0.5762123465538025,
        0.2703787684440613,
        0.54523766040802
      ],
      "bbox_width_px": 173.04241943359375,
      "bbox_height_px": 348.95208740234375
    }
  ]
}