{
  "index": 1786,
  "dataframe_iter_index": 1786,
  "image_path": "./datasets/sAFRICANWILDLIFE_FLUXFP8/images/1786.jpg",
  "image_width": 640,
  "image_height": 640,
  "ground_truth_class": "zebra",
  "grounding_prompt": "zebra",
  "timestamp": "2026-05-04T20:22:23.439505",
  "num_detections": 3,
  "detections": [
    {
      "detection_id": 0,
      "class_name": "zebra",
      "yolo_class_id": 3,
      "confidence": 0.8688100576400757,
      "bbox_xyxy": [
        75.16663360595703,
        225.611572265625,
        229.34759521484375,
        460.41229248046875
      ],
      "bbox_yolo": [
        0.2379017323255539,
        0.5359561443328857,
        0.24090775847434998,
        0.36687612533569336
      ],
      "bbox_width_px": 154.18096923828125,
      "bbox_height_px": 234.80072021484375
    },
    {
      "detection_id": 1,
      "class_name": "zebra",
      "yolo_class_id": 3,
      "confidence": 0.8574674725532532,
      "bbox_xyxy": [
        383.944580078125,
        257.0027770996094,
        536.4886474609375,
        472.2066955566406
      ],
      "bbox_yolo": [
        0.7190884351730347,
        0.5696948766708374,
        0.23835010826587677,
        0.33625611662864685
      ],
      "bbox_width_px": 152.5440673828125,
      "bbox_height_px": 215.20391845703125
    },
    {
      "detection_id": 2,
      "class_name": "zebra",
      "yolo_class_id": 3,
      "confidence": 0.8566571474075317,
      "bbox_xyxy": [
        261.52069091796875,
        249.9543914794922,
        407.247314453125,
        468.4434814453125
      ],
      "bbox_yolo": [
        0.522475004196167,
        0.5612483620643616,
        0.22769784927368164,
        0.3413892090320587
      ],
      "bbox_width_px": 145.72662353515625,
      "bbox_height_px": 218.4890899658203
    }
  ]
}