{
  "index": 180,
  "dataframe_iter_index": 180,
  "image_path": "./datasets/sAFRICANWILDLIFE_FLUXFP8/images/180.jpg",
  "image_width": 640,
  "image_height": 640,
  "ground_truth_class": "buffalo",
  "grounding_prompt": "buffalo",
  "timestamp": "2026-05-04T20:03:21.859862",
  "num_detections": 1,
  "detections": [
    {
      "detection_id": 0,
      "class_name": "buffalo",
      "yolo_class_id": 0,
      "confidence": 0.9568532705307007,
      "bbox_xyxy": [
        237.368896484375,
        273.18853759765625,
        383.6529541015625,
        547.1276245117188
      ],
      "bbox_yolo": [
        0.4851733148097992,
        0.6408720016479492,
        0.22856883704662323,
        0.4280298352241516
      ],
      "bbox_width_px": 146.2840576171875,
      "bbox_height_px": 273.9390869140625
    }
  ]
}