{
  "index": 1816,
  "dataframe_iter_index": 1816,
  "image_path": "./datasets/sAFRICANWILDLIFE_FLUXFP8/images/1816.jpg",
  "image_width": 640,
  "image_height": 640,
  "ground_truth_class": "zebra",
  "grounding_prompt": "zebra",
  "timestamp": "2026-05-04T20:22:44.552236",
  "num_detections": 1,
  "detections": [
    {
      "detection_id": 0,
      "class_name": "zebra",
      "yolo_class_id": 3,
      "confidence": 0.9633284211158752,
      "bbox_xyxy": [
        235.47607421875,
        384.14031982421875,
        427.0810546875,
        530.8023681640625
      ],
      "bbox_yolo": [
        0.5176227688789368,
        0.7147989869117737,
        0.2993827760219574,
        0.22915944457054138
      ],
      "bbox_width_px": 191.60498046875,
      "bbox_height_px": 146.66204833984375
    }
  ]
}