{
  "index": 1838,
  "dataframe_iter_index": 1838,
  "image_path": "./datasets/sAFRICANWILDLIFE_FLUXFP8/images/1838.jpg",
  "image_width": 640,
  "image_height": 640,
  "ground_truth_class": "zebra",
  "grounding_prompt": "zebra",
  "timestamp": "2026-05-04T20:23:00.332764",
  "num_detections": 3,
  "detections": [
    {
      "detection_id": 0,
      "class_name": "zebra",
      "yolo_class_id": 3,
      "confidence": 0.8480574488639832,
      "bbox_xyxy": [
        105.10638427734375,
        171.20361328125,
        256.2604675292969,
        558.9510498046875
      ],
      "bbox_yolo": [
        0.2823178470134735,
        0.5704333186149597,
        0.23617824912071228,
        0.6058553457260132
      ],
      "bbox_width_px": 151.15408325195312,
      "bbox_height_px": 387.7474365234375
    },
    {
      "detection_id": 1,
      "class_name": "zebra",
      "yolo_class_id": 3,
      "confidence": 0.8355799913406372,
      "bbox_xyxy": [
        238.58241271972656,
        179.806884765625,
        414.8447265625,
        560.3213500976562
      ],
      "bbox_yolo": [
        0.5104899406433105,
        0.5782251954078674,
        0.27540987730026245,
        0.5945538282394409
      ],
      "bbox_width_px": 176.26231384277344,
      "bbox_height_px": 380.51446533203125
    },
    {
      "detection_id": 2,
      "class_name": "zebra",
      "yolo_class_id": 3,
      "confidence": 0.7319611310958862,
      "bbox_xyxy": [
        399.559814453125,
        219.27496337890625,
        542.8434448242188,
        550.1189575195312
      ],
      "bbox_yolo": [
        0.7362525463104248,
        0.6010890007019043,
        0.22388067841529846,
        0.5169437527656555
      ],
      "bbox_width_px": 143.28363037109375,
      "bbox_height_px": 330.843994140625
    }
  ]
}