{
  "index": 1874,
  "dataframe_iter_index": 1874,
  "image_path": "./datasets/sAFRICANWILDLIFE_FLUXFP8/images/1874.jpg",
  "image_width": 640,
  "image_height": 640,
  "ground_truth_class": "zebra",
  "grounding_prompt": "zebra",
  "timestamp": "2026-05-04T20:23:25.697197",
  "num_detections": 3,
  "detections": [
    {
      "detection_id": 0,
      "class_name": "zebra",
      "yolo_class_id": 3,
      "confidence": 0.6972614526748657,
      "bbox_xyxy": [
        192.5421142578125,
        385.9336853027344,
        341.78155517578125,
        554.140869140625
      ],
      "bbox_yolo": [
        0.41744035482406616,
        0.7344332933425903,
        0.23318663239479065,
        0.2628237307071686
      ],
      "bbox_width_px": 149.23944091796875,
      "bbox_height_px": 168.20718383789062
    },
    {
      "detection_id": 1,
      "class_name": "zebra",
      "yolo_class_id": 3,
      "confidence": 0.5172472596168518,
      "bbox_xyxy": [
        286.3977355957031,
        391.9085693359375,
        482.1548156738281,
        562.466552734375
      ],
      "bbox_yolo": [
        0.6004316806793213,
        0.7456055879592896,
        0.3058704435825348,
        0.26649683713912964
      ],
      "bbox_width_px": 195.757080078125,
      "bbox_height_px": 170.5579833984375
    },
    {
      "detection_id": 2,
      "class_name": "zebra",
      "yolo_class_id": 3,
      "confidence": 0.39120054244995117,
      "bbox_xyxy": [
        340.7190856933594,
        393.06268310546875,
        469.5741271972656,
        562.1779174804688
      ],
      "bbox_yolo": [
        0.6330415606498718,
        0.7462817430496216,
        0.20133599638938904,
        0.264242559671402
      ],
      "bbox_width_px": 128.85504150390625,
      "bbox_height_px": 169.115234375
    }
  ]
}