{
  "index": 1910,
  "dataframe_iter_index": 1910,
  "image_path": "./datasets/sAFRICANWILDLIFE_FLUXFP8/images/1910.jpg",
  "image_width": 640,
  "image_height": 640,
  "ground_truth_class": "zebra",
  "grounding_prompt": "zebra",
  "timestamp": "2026-05-04T20:23:51.137357",
  "num_detections": 3,
  "detections": [
    {
      "detection_id": 0,
      "class_name": "zebra",
      "yolo_class_id": 3,
      "confidence": 0.790730893611908,
      "bbox_xyxy": [
        336.446533203125,
        336.38372802734375,
        594.4959716796875,
        540.2504272460938
      ],
      "bbox_yolo": [
        0.7272988557815552,
        0.6848704218864441,
        0.40320223569869995,
        0.3185417056083679
      ],
      "bbox_width_px": 258.0494384765625,
      "bbox_height_px": 203.86669921875
    },
    {
      "detection_id": 1,
      "class_name": "zebra",
      "yolo_class_id": 3,
      "confidence": 0.6861649751663208,
      "bbox_xyxy": [
        183.84803771972656,
        320.1882629394531,
        390.2591552734375,
        531.3942260742188
      ],
      "bbox_yolo": [
        0.448521226644516,
        0.6652988195419312,
        0.32251736521720886,
        0.3300093114376068
      ],
      "bbox_width_px": 206.41111755371094,
      "bbox_height_px": 211.20596313476562
    },
    {
      "detection_id": 2,
      "class_name": "zebra",
      "yolo_class_id": 3,
      "confidence": 0.6233261227607727,
      "bbox_xyxy": [
        99.2526626586914,
        298.844970703125,
        252.41165161132812,
        517.978271484375
      ],
      "bbox_yolo": [
        0.27473774552345276,
        0.6381431818008423,
        0.23931093513965607,
        0.3423957824707031
      ],
      "bbox_width_px": 153.15899658203125,
      "bbox_height_px": 219.13330078125
    }
  ]
}