{
  "index": 1922,
  "dataframe_iter_index": 1922,
  "image_path": "./datasets/sAFRICANWILDLIFE_FLUXFP8/images/1922.jpg",
  "image_width": 640,
  "image_height": 640,
  "ground_truth_class": "zebra",
  "grounding_prompt": "zebra",
  "timestamp": "2026-05-04T20:23:59.743258",
  "num_detections": 3,
  "detections": [
    {
      "detection_id": 0,
      "class_name": "zebra",
      "yolo_class_id": 3,
      "confidence": 0.8393315076828003,
      "bbox_xyxy": [
        41.779090881347656,
        273.84344482421875,
        264.9372863769531,
        531.5361938476562
      ],
      "bbox_yolo": [
        0.23962216079235077,
        0.6292028427124023,
        0.348684698343277,
        0.40264493227005005
      ],
      "bbox_width_px": 223.158203125,
      "bbox_height_px": 257.6927490234375
    },
    {
      "detection_id": 1,
      "class_name": "zebra",
      "yolo_class_id": 3,
      "confidence": 0.8432936668395996,
      "bbox_xyxy": [
        254.61524963378906,
        297.4089660644531,
        509.0513916015625,
        532.4525756835938
      ],
      "bbox_yolo": [
        0.5966145396232605,
        0.6483293771743774,
        0.39755648374557495,
        0.36725562810897827
      ],
      "bbox_width_px": 254.43614196777344,
      "bbox_height_px": 235.04360961914062
    },
    {
      "detection_id": 2,
      "class_name": "zebra",
      "yolo_class_id": 3,
      "confidence": 0.7934995293617249,
      "bbox_xyxy": [
        430.4002685546875,
        292.19366455078125,
        599.7601318359375,
        523.0991821289062
      ],
      "bbox_yolo": [
        0.8048127889633179,
        0.636947512626648,
        0.26462477445602417,
        0.36078986525535583
      ],
      "bbox_width_px": 169.35986328125,
      "bbox_height_px": 230.905517578125
    }
  ]
}