{
  "index": 1924,
  "dataframe_iter_index": 1924,
  "image_path": "./datasets/sAFRICANWILDLIFE_FLUXFP8/images/1924.jpg",
  "image_width": 640,
  "image_height": 640,
  "ground_truth_class": "zebra",
  "grounding_prompt": "zebra",
  "timestamp": "2026-05-04T20:24:01.105045",
  "num_detections": 1,
  "detections": [
    {
      "detection_id": 0,
      "class_name": "zebra",
      "yolo_class_id": 3,
      "confidence": 0.9564439058303833,
      "bbox_xyxy": [
        155.68797302246094,
        433.39471435546875,
        306.18426513671875,
        566.4971313476562
      ],
      "bbox_yolo": [
        0.3608376979827881,
        0.7811654806137085,
        0.23515045642852783,
        0.20797252655029297
      ],
      "bbox_width_px": 150.4962921142578,
      "bbox_height_px": 133.1024169921875
    }
  ]
}