{
  "index": 1953,
  "dataframe_iter_index": 1953,
  "image_path": "./datasets/sAFRICANWILDLIFE_FLUXFP8/images/1953.jpg",
  "image_width": 640,
  "image_height": 640,
  "ground_truth_class": "zebra",
  "grounding_prompt": "zebra",
  "timestamp": "2026-05-04T20:24:21.818566",
  "num_detections": 2,
  "detections": [
    {
      "detection_id": 0,
      "class_name": "zebra",
      "yolo_class_id": 3,
      "confidence": 0.8700398802757263,
      "bbox_xyxy": [
        65.88945770263672,
        201.8846435546875,
        318.0900573730469,
        563.1486206054688
      ],
      "bbox_yolo": [
        0.29998400807380676,
        0.5976822376251221,
        0.39406341314315796,
        0.5644749402999878
      ],
      "bbox_width_px": 252.20059204101562,
      "bbox_height_px": 361.26397705078125
    },
    {
      "detection_id": 1,
      "class_name": "zebra",
      "yolo_class_id": 3,
      "confidence": 0.8532546758651733,
      "bbox_xyxy": [
        357.3828125,
        207.23919677734375,
        538.9551391601562,
        572.25732421875
      ],
      "bbox_yolo": [
        0.700264036655426,
        0.6089816689491272,
        0.28370675444602966,
        0.5703408122062683
      ],
      "bbox_width_px": 181.57232666015625,
      "bbox_height_px": 365.01812744140625
    }
  ]
}