{
  "index": 1994,
  "dataframe_iter_index": 1994,
  "image_path": "./datasets/sAFRICANWILDLIFE_FLUXFP8/images/1994.jpg",
  "image_width": 640,
  "image_height": 640,
  "ground_truth_class": "zebra",
  "grounding_prompt": "zebra",
  "timestamp": "2026-05-04T20:24:50.747959",
  "num_detections": 3,
  "detections": [
    {
      "detection_id": 0,
      "class_name": "zebra",
      "yolo_class_id": 3,
      "confidence": 0.760644257068634,
      "bbox_xyxy": [
        447.1185302734375,
        245.9962921142578,
        561.8640747070312,
        553.9813842773438
      ],
      "bbox_yolo": [
        0.7882676720619202,
        0.6249825358390808,
        0.17928990721702576,
        0.48122674226760864
      ],
      "bbox_width_px": 114.74554443359375,
      "bbox_height_px": 307.985107421875
    },
    {
      "detection_id": 1,
      "class_name": "zebra",
      "yolo_class_id": 3,
      "confidence": 0.7127021551132202,
      "bbox_xyxy": [
        357.3970947265625,
        249.68377685546875,
        477.344970703125,
        554.5641479492188
      ],
      "bbox_yolo": [
        0.6521422266960144,
        0.6283186674118042,
        0.18741855025291443,
        0.4763755798339844
      ],
      "bbox_width_px": 119.9478759765625,
      "bbox_height_px": 304.88037109375
    },
    {
      "detection_id": 2,
      "class_name": "zebra",
      "yolo_class_id": 3,
      "confidence": 0.7672410011291504,
      "bbox_xyxy": [
        240.08485412597656,
        225.6276397705078,
        370.95635986328125,
        562.3547973632812
      ],
      "bbox_yolo": [
        0.47737592458724976,
        0.6156112551689148,
        0.20448672771453857,
        0.5261362195014954
      ],
      "bbox_width_px": 130.8715057373047,
      "bbox_height_px": 336.7271728515625
    }
  ]
}