{
  "index": 1998,
  "dataframe_iter_index": 1998,
  "image_path": "./datasets/sAFRICANWILDLIFE_FLUXFP8/images/1998.jpg",
  "image_width": 640,
  "image_height": 640,
  "ground_truth_class": "zebra",
  "grounding_prompt": "zebra",
  "timestamp": "2026-05-04T20:24:53.434169",
  "num_detections": 3,
  "detections": [
    {
      "detection_id": 0,
      "class_name": "zebra",
      "yolo_class_id": 3,
      "confidence": 0.839657723903656,
      "bbox_xyxy": [
        256.5841064453125,
        137.45050048828125,
        386.677001953125,
        552.8842163085938
      ],
      "bbox_yolo": [
        0.5025477409362793,
        0.5393239855766296,
        0.20327015221118927,
        0.6491152048110962
      ],
      "bbox_width_px": 130.0928955078125,
      "bbox_height_px": 415.4337158203125
    },
    {
      "detection_id": 1,
      "class_name": "zebra",
      "yolo_class_id": 3,
      "confidence": 0.8391364812850952,
      "bbox_xyxy": [
        124.62126159667969,
        172.68594360351562,
        261.6729736328125,
        552.00634765625
      ],
      "bbox_yolo": [
        0.3017923831939697,
        0.5661658048629761,
        0.214143306016922,
        0.5926881432533264
      ],
      "bbox_width_px": 137.0517120361328,
      "bbox_height_px": 379.3204040527344
    },
    {
      "detection_id": 2,
      "class_name": "zebra",
      "yolo_class_id": 3,
      "confidence": 0.8115635514259338,
      "bbox_xyxy": [
        395.83843994140625,
        223.77122497558594,
        507.45721435546875,
        541.0574951171875
      ],
      "bbox_yolo": [
        0.7056997418403625,
        0.5975224375724792,
        0.1744043380022049,
        0.4957597851753235
      ],
      "bbox_width_px": 111.6187744140625,
      "bbox_height_px": 317.2862548828125
    }
  ]
}