{
  "index": 240,
  "dataframe_iter_index": 240,
  "image_path": "./datasets/sAFRICANWILDLIFE_FLUXFP8/images/240.jpg",
  "image_width": 640,
  "image_height": 640,
  "ground_truth_class": "buffalo",
  "grounding_prompt": "buffalo",
  "timestamp": "2026-05-04T20:04:04.790523",
  "num_detections": 1,
  "detections": [
    {
      "detection_id": 0,
      "class_name": "buffalo",
      "yolo_class_id": 0,
      "confidence": 0.953377902507782,
      "bbox_xyxy": [
        83.60009765625,
        251.68460083007812,
        493.38330078125,
        502.2917175292969
      ],
      "bbox_yolo": [
        0.45076829195022583,
        0.5890439748764038,
        0.6402862668037415,
        0.39157360792160034
      ],
      "bbox_width_px": 409.783203125,
      "bbox_height_px": 250.60711669921875
    }
  ]
}