{
  "index": 254,
  "dataframe_iter_index": 254,
  "image_path": "./datasets/sAFRICANWILDLIFE_FLUXFP8/images/254.jpg",
  "image_width": 640,
  "image_height": 640,
  "ground_truth_class": "buffalo",
  "grounding_prompt": "buffalo",
  "timestamp": "2026-05-04T20:04:14.729544",
  "num_detections": 2,
  "detections": [
    {
      "detection_id": 0,
      "class_name": "buffalo",
      "yolo_class_id": 0,
      "confidence": 0.8055311441421509,
      "bbox_xyxy": [
        94.46101379394531,
        240.59657287597656,
        431.636962890625,
        464.314697265625
      ],
      "bbox_yolo": [
        0.41101402044296265,
        0.5507119297981262,
        0.5268374681472778,
        0.34955957531929016
      ],
      "bbox_width_px": 337.17596435546875,
      "bbox_height_px": 223.71812438964844
    },
    {
      "detection_id": 1,
      "class_name": "buffalo",
      "yolo_class_id": 0,
      "confidence": 0.7685487270355225,
      "bbox_xyxy": [
        318.1600646972656,
        228.79750061035156,
        516.0786743164062,
        457.24383544921875
      ],
      "bbox_yolo": [
        0.6517490148544312,
        0.5359697937965393,
        0.30924782156944275,
        0.3569473922252655
      ],
      "bbox_width_px": 197.91860961914062,
      "bbox_height_px": 228.4463348388672
    }
  ]
}