{
  "index": 281,
  "dataframe_iter_index": 281,
  "image_path": "./datasets/sAFRICANWILDLIFE_FLUXFP8/images/281.jpg",
  "image_width": 640,
  "image_height": 640,
  "ground_truth_class": "buffalo",
  "grounding_prompt": "buffalo",
  "timestamp": "2026-05-04T20:04:33.885946",
  "num_detections": 2,
  "detections": [
    {
      "detection_id": 0,
      "class_name": "buffalo",
      "yolo_class_id": 0,
      "confidence": 0.8682019710540771,
      "bbox_xyxy": [
        54.51312255859375,
        241.38941955566406,
        318.4342956542969,
        466.093994140625
      ],
      "bbox_yolo": [
        0.2913651764392853,
        0.552721381187439,
        0.4123768210411072,
        0.351100891828537
      ],
      "bbox_width_px": 263.9211730957031,
      "bbox_height_px": 224.70457458496094
    },
    {
      "detection_id": 1,
      "class_name": "buffalo",
      "yolo_class_id": 0,
      "confidence": 0.8655503988265991,
      "bbox_xyxy": [
        276.48101806640625,
        231.54586791992188,
        532.44384765625,
        450.9446105957031
      ],
      "bbox_yolo": [
        0.6319725513458252,
        0.5331956744194031,
        0.39994192123413086,
        0.3428105413913727
      ],
      "bbox_width_px": 255.96282958984375,
      "bbox_height_px": 219.39874267578125
    }
  ]
}