{
  "index": 289,
  "dataframe_iter_index": 289,
  "image_path": "./datasets/sAFRICANWILDLIFE_FLUXFP8/images/289.jpg",
  "image_width": 640,
  "image_height": 640,
  "ground_truth_class": "buffalo",
  "grounding_prompt": "buffalo",
  "timestamp": "2026-05-04T20:04:39.460090",
  "num_detections": 2,
  "detections": [
    {
      "detection_id": 0,
      "class_name": "buffalo",
      "yolo_class_id": 0,
      "confidence": 0.8433229327201843,
      "bbox_xyxy": [
        281.9181823730469,
        158.87570190429688,
        534.28466796875,
        591.154541015625
      ],
      "bbox_yolo": [
        0.6376584768295288,
        0.5859611630439758,
        0.39432263374328613,
        0.6754356622695923
      ],
      "bbox_width_px": 252.36648559570312,
      "bbox_height_px": 432.2788391113281
    },
    {
      "detection_id": 1,
      "class_name": "buffalo",
      "yolo_class_id": 0,
      "confidence": 0.8207219243049622,
      "bbox_xyxy": [
        84.42605590820312,
        179.81027221679688,
        331.6812744140625,
        554.6834716796875
      ],
      "bbox_yolo": [
        0.32508385181427,
        0.5738232731819153,
        0.3863362669944763,
        0.5857393741607666
      ],
      "bbox_width_px": 247.25521850585938,
      "bbox_height_px": 374.8731994628906
    }
  ]
}