{
  "index": 296,
  "dataframe_iter_index": 296,
  "image_path": "./datasets/sAFRICANWILDLIFE_FLUXFP8/images/296.jpg",
  "image_width": 640,
  "image_height": 640,
  "ground_truth_class": "buffalo",
  "grounding_prompt": "buffalo",
  "timestamp": "2026-05-04T20:04:44.494882",
  "num_detections": 1,
  "detections": [
    {
      "detection_id": 0,
      "class_name": "buffalo",
      "yolo_class_id": 0,
      "confidence": 0.9479400515556335,
      "bbox_xyxy": [
        168.7042236328125,
        81.39213562011719,
        484.23345947265625,
        581.0515747070312
      ],
      "bbox_yolo": [
        0.5101075768470764,
        0.5175341367721558,
        0.4930144250392914,
        0.7807178497314453
      ],
      "bbox_width_px": 315.52923583984375,
      "bbox_height_px": 499.659423828125
    }
  ]
}