{
  "index": 320,
  "dataframe_iter_index": 320,
  "image_path": "./datasets/sAFRICANWILDLIFE_FLUXFP8/images/320.jpg",
  "image_width": 640,
  "image_height": 640,
  "ground_truth_class": "buffalo",
  "grounding_prompt": "buffalo",
  "timestamp": "2026-05-04T20:05:01.664423",
  "num_detections": 1,
  "detections": [
    {
      "detection_id": 0,
      "class_name": "buffalo",
      "yolo_class_id": 0,
      "confidence": 0.9589679837226868,
      "bbox_xyxy": [
        143.5655517578125,
        227.03329467773438,
        505.39691162109375,
        529.2142333984375
      ],
      "bbox_yolo": [
        0.5070019364356995,
        0.5908184051513672,
        0.565361499786377,
        0.47215771675109863
      ],
      "bbox_width_px": 361.83135986328125,
      "bbox_height_px": 302.1809387207031
    }
  ]
}