{
  "index": 325,
  "dataframe_iter_index": 325,
  "image_path": "./datasets/sAFRICANWILDLIFE_FLUXFP8/images/325.jpg",
  "image_width": 640,
  "image_height": 640,
  "ground_truth_class": "buffalo",
  "grounding_prompt": "buffalo",
  "timestamp": "2026-05-04T20:05:05.153186",
  "num_detections": 2,
  "detections": [
    {
      "detection_id": 0,
      "class_name": "buffalo",
      "yolo_class_id": 0,
      "confidence": 0.8599861264228821,
      "bbox_xyxy": [
        40.836761474609375,
        272.64703369140625,
        327.7952575683594,
        607.06884765625
      ],
      "bbox_yolo": [
        0.28799375891685486,
        0.6872780323028564,
        0.44837266206741333,
        0.5225340723991394
      ],
      "bbox_width_px": 286.95849609375,
      "bbox_height_px": 334.42181396484375
    },
    {
      "detection_id": 1,
      "class_name": "buffalo",
      "yolo_class_id": 0,
      "confidence": 0.8444662690162659,
      "bbox_xyxy": [
        249.11361694335938,
        297.4314880371094,
        575.271484375,
        589.9527587890625
      ],
      "bbox_yolo": [
        0.6440508961677551,
        0.6932689547538757,
        0.5096216797828674,
        0.4570644795894623
      ],
      "bbox_width_px": 326.1578674316406,
      "bbox_height_px": 292.5212707519531
    }
  ]
}