{
  "index": 36,
  "dataframe_iter_index": 36,
  "image_path": "./datasets/sAFRICANWILDLIFE_FLUXFP8/images/36.jpg",
  "image_width": 640,
  "image_height": 640,
  "ground_truth_class": "buffalo",
  "grounding_prompt": "buffalo",
  "timestamp": "2026-05-04T20:01:40.234679",
  "num_detections": 1,
  "detections": [
    {
      "detection_id": 0,
      "class_name": "buffalo",
      "yolo_class_id": 0,
      "confidence": 0.9542726278305054,
      "bbox_xyxy": [
        74.95930480957031,
        241.45904541015625,
        513.9156494140625,
        525.9031372070312
      ],
      "bbox_yolo": [
        0.4600585401058197,
        0.5995017290115356,
        0.6858693361282349,
        0.44444388151168823
      ],
      "bbox_width_px": 438.95635986328125,
      "bbox_height_px": 284.444091796875
    }
  ]
}