{
  "index": 364,
  "dataframe_iter_index": 364,
  "image_path": "./datasets/sAFRICANWILDLIFE_FLUXFP8/images/364.jpg",
  "image_width": 640,
  "image_height": 640,
  "ground_truth_class": "buffalo",
  "grounding_prompt": "buffalo",
  "timestamp": "2026-05-04T20:05:33.040898",
  "num_detections": 1,
  "detections": [
    {
      "detection_id": 0,
      "class_name": "buffalo",
      "yolo_class_id": 0,
      "confidence": 0.9505730867385864,
      "bbox_xyxy": [
        69.85716247558594,
        193.40187072753906,
        448.48443603515625,
        540.8434448242188
      ],
      "bbox_yolo": [
        0.40495437383651733,
        0.5736291408538818,
        0.5916050672531128,
        0.5428774952888489
      ],
      "bbox_width_px": 378.62725830078125,
      "bbox_height_px": 347.44158935546875
    }
  ]
}