{
  "index": 385,
  "dataframe_iter_index": 385,
  "image_path": "./datasets/sAFRICANWILDLIFE_FLUXFP8/images/385.jpg",
  "image_width": 640,
  "image_height": 640,
  "ground_truth_class": "buffalo",
  "grounding_prompt": "buffalo",
  "timestamp": "2026-05-04T20:05:48.078585",
  "num_detections": 2,
  "detections": [
    {
      "detection_id": 0,
      "class_name": "buffalo",
      "yolo_class_id": 0,
      "confidence": 0.9186344742774963,
      "bbox_xyxy": [
        48.04603576660156,
        291.5133056640625,
        369.94512939453125,
        536.2461547851562
      ],
      "bbox_yolo": [
        0.3265555799007416,
        0.6466870903968811,
        0.502967357635498,
        0.38239508867263794
      ],
      "bbox_width_px": 321.89910888671875,
      "bbox_height_px": 244.73284912109375
    },
    {
      "detection_id": 1,
      "class_name": "buffalo",
      "yolo_class_id": 0,
      "confidence": 0.8902797102928162,
      "bbox_xyxy": [
        395.6445617675781,
        289.0360412597656,
        570.0675048828125,
        541.92041015625
      ],
      "bbox_yolo": [
        0.7544625401496887,
        0.6491847038269043,
        0.27253586053848267,
        0.39513182640075684
      ],
      "bbox_width_px": 174.42294311523438,
      "bbox_height_px": 252.88436889648438
    }
  ]
}