{
  "index": 392,
  "dataframe_iter_index": 392,
  "image_path": "./datasets/sAFRICANWILDLIFE_FLUXFP8/images/392.jpg",
  "image_width": 640,
  "image_height": 640,
  "ground_truth_class": "buffalo",
  "grounding_prompt": "buffalo",
  "timestamp": "2026-05-04T20:05:53.199017",
  "num_detections": 1,
  "detections": [
    {
      "detection_id": 0,
      "class_name": "buffalo",
      "yolo_class_id": 0,
      "confidence": 0.9570634961128235,
      "bbox_xyxy": [
        98.97294616699219,
        217.44552612304688,
        579.2837524414062,
        545.0506591796875
      ],
      "bbox_yolo": [
        0.5298880338668823,
        0.5957001447677612,
        0.7504855990409851,
        0.511883020401001
      ],
      "bbox_width_px": 480.310791015625,
      "bbox_height_px": 327.6051330566406
    }
  ]
}