{
  "index": 393,
  "dataframe_iter_index": 393,
  "image_path": "./datasets/sAFRICANWILDLIFE_FLUXFP8/images/393.jpg",
  "image_width": 640,
  "image_height": 640,
  "ground_truth_class": "buffalo",
  "grounding_prompt": "buffalo",
  "timestamp": "2026-05-04T20:05:53.899089",
  "num_detections": 2,
  "detections": [
    {
      "detection_id": 0,
      "class_name": "buffalo",
      "yolo_class_id": 0,
      "confidence": 0.9045038819313049,
      "bbox_xyxy": [
        68.75711059570312,
        247.89808654785156,
        299.6328125,
        554.5555419921875
      ],
      "bbox_yolo": [
        0.28780463337898254,
        0.6269168853759766,
        0.36074328422546387,
        0.47915229201316833
      ],
      "bbox_width_px": 230.87570190429688,
      "bbox_height_px": 306.657470703125
    },
    {
      "detection_id": 1,
      "class_name": "buffalo",
      "yolo_class_id": 0,
      "confidence": 0.8975508213043213,
      "bbox_xyxy": [
        343.66851806640625,
        279.33123779296875,
        568.3951416015625,
        561.53173828125
      ],
      "bbox_yolo": [
        0.7125497460365295,
        0.6569241881370544,
        0.35113534331321716,
        0.4409382939338684
      ],
      "bbox_width_px": 224.72662353515625,
      "bbox_height_px": 282.20050048828125
    }
  ]
}