{
  "index": 412,
  "dataframe_iter_index": 412,
  "image_path": "./datasets/sAFRICANWILDLIFE_FLUXFP8/images/412.jpg",
  "image_width": 640,
  "image_height": 640,
  "ground_truth_class": "buffalo",
  "grounding_prompt": "buffalo",
  "timestamp": "2026-05-04T20:06:07.573069",
  "num_detections": 1,
  "detections": [
    {
      "detection_id": 0,
      "class_name": "buffalo",
      "yolo_class_id": 0,
      "confidence": 0.9617558717727661,
      "bbox_xyxy": [
        213.64755249023438,
        343.0450134277344,
        413.2761535644531,
        498.9482727050781
      ],
      "bbox_yolo": [
        0.4897841513156891,
        0.6578072309494019,
        0.3119196891784668,
        0.2435988485813141
      ],
      "bbox_width_px": 199.62860107421875,
      "bbox_height_px": 155.90325927734375
    }
  ]
}