{
  "index": 416,
  "dataframe_iter_index": 416,
  "image_path": "./datasets/sAFRICANWILDLIFE_FLUXFP8/images/416.jpg",
  "image_width": 640,
  "image_height": 640,
  "ground_truth_class": "buffalo",
  "grounding_prompt": "buffalo",
  "timestamp": "2026-05-04T20:06:10.466914",
  "num_detections": 1,
  "detections": [
    {
      "detection_id": 0,
      "class_name": "buffalo",
      "yolo_class_id": 0,
      "confidence": 0.9425079226493835,
      "bbox_xyxy": [
        157.28399658203125,
        134.02597045898438,
        520.103759765625,
        603.713134765625
      ],
      "bbox_yolo": [
        0.5292091965675354,
        0.5763586759567261,
        0.5669058561325073,
        0.733886182308197
      ],
      "bbox_width_px": 362.81976318359375,
      "bbox_height_px": 469.6871643066406
    }
  ]
}