{
  "index": 452,
  "dataframe_iter_index": 452,
  "image_path": "./datasets/sAFRICANWILDLIFE_FLUXFP8/images/452.jpg",
  "image_width": 640,
  "image_height": 640,
  "ground_truth_class": "buffalo",
  "grounding_prompt": "buffalo",
  "timestamp": "2026-05-04T20:06:36.275772",
  "num_detections": 1,
  "detections": [
    {
      "detection_id": 0,
      "class_name": "buffalo",
      "yolo_class_id": 0,
      "confidence": 0.9576247334480286,
      "bbox_xyxy": [
        172.47055053710938,
        140.9765625,
        455.6203918457031,
        497.51788330078125
      ],
      "bbox_yolo": [
        0.4906960427761078,
        0.49882379174232483,
        0.4424216151237488,
        0.5570958256721497
      ],
      "bbox_width_px": 283.14984130859375,
      "bbox_height_px": 356.54132080078125
    }
  ]
}