{
  "index": 456,
  "dataframe_iter_index": 456,
  "image_path": "./datasets/sAFRICANWILDLIFE_FLUXFP8/images/456.jpg",
  "image_width": 640,
  "image_height": 640,
  "ground_truth_class": "buffalo",
  "grounding_prompt": "buffalo",
  "timestamp": "2026-05-04T20:06:39.166360",
  "num_detections": 1,
  "detections": [
    {
      "detection_id": 0,
      "class_name": "buffalo",
      "yolo_class_id": 0,
      "confidence": 0.9516333341598511,
      "bbox_xyxy": [
        63.04933166503906,
        160.04869079589844,
        483.0289306640625,
        499.331787109375
      ],
      "bbox_yolo": [
        0.4266236424446106,
        0.5151410102844238,
        0.6562181711196899,
        0.5301297903060913
      ],
      "bbox_width_px": 419.9796142578125,
      "bbox_height_px": 339.2830810546875
    }
  ]
}