{
  "index": 457,
  "dataframe_iter_index": 457,
  "image_path": "./datasets/sAFRICANWILDLIFE_FLUXFP8/images/457.jpg",
  "image_width": 640,
  "image_height": 640,
  "ground_truth_class": "buffalo",
  "grounding_prompt": "buffalo",
  "timestamp": "2026-05-04T20:06:39.862861",
  "num_detections": 2,
  "detections": [
    {
      "detection_id": 0,
      "class_name": "buffalo",
      "yolo_class_id": 0,
      "confidence": 0.8757616281509399,
      "bbox_xyxy": [
        263.0409240722656,
        188.1328125,
        470.7336120605469,
        443.691162109375
      ],
      "bbox_yolo": [
        0.5732613801956177,
        0.49361246824264526,
        0.3245198130607605,
        0.3993099331855774
      ],
      "bbox_width_px": 207.69268798828125,
      "bbox_height_px": 255.558349609375
    },
    {
      "detection_id": 1,
      "class_name": "buffalo",
      "yolo_class_id": 0,
      "confidence": 0.8871820569038391,
      "bbox_xyxy": [
        81.23623657226562,
        196.91116333007812,
        278.53948974609375,
        463.3661804199219
      ],
      "bbox_yolo": [
        0.28107479214668274,
        0.5158416628837585,
        0.3082863390445709,
        0.41633597016334534
      ],
      "bbox_width_px": 197.30325317382812,
      "bbox_height_px": 266.45501708984375
    }
  ]
}