{
  "index": 461,
  "dataframe_iter_index": 461,
  "image_path": "./datasets/sAFRICANWILDLIFE_FLUXFP8/images/461.jpg",
  "image_width": 640,
  "image_height": 640,
  "ground_truth_class": "buffalo",
  "grounding_prompt": "buffalo",
  "timestamp": "2026-05-04T20:06:42.680511",
  "num_detections": 2,
  "detections": [
    {
      "detection_id": 0,
      "class_name": "buffalo",
      "yolo_class_id": 0,
      "confidence": 0.8398635387420654,
      "bbox_xyxy": [
        21.655929565429688,
        181.46859741210938,
        320.67596435546875,
        454.6759948730469
      ],
      "bbox_yolo": [
        0.2674468159675598,
        0.4969879686832428,
        0.4672187864780426,
        0.42688655853271484
      ],
      "bbox_width_px": 299.02001953125,
      "bbox_height_px": 273.2073974609375
    },
    {
      "detection_id": 1,
      "class_name": "buffalo",
      "yolo_class_id": 0,
      "confidence": 0.8385714292526245,
      "bbox_xyxy": [
        319.6124267578125,
        224.18768310546875,
        608.61083984375,
        464.9443359375
      ],
      "bbox_yolo": [
        0.7251744270324707,
        0.5383843779563904,
        0.45156002044677734,
        0.3761822581291199
      ],
      "bbox_width_px": 288.9984130859375,
      "bbox_height_px": 240.75665283203125
    }
  ]
}