{
  "index": 472,
  "dataframe_iter_index": 472,
  "image_path": "./datasets/sAFRICANWILDLIFE_FLUXFP8/images/472.jpg",
  "image_width": 640,
  "image_height": 640,
  "ground_truth_class": "buffalo",
  "grounding_prompt": "buffalo",
  "timestamp": "2026-05-04T20:06:50.574286",
  "num_detections": 1,
  "detections": [
    {
      "detection_id": 0,
      "class_name": "buffalo",
      "yolo_class_id": 0,
      "confidence": 0.9570803046226501,
      "bbox_xyxy": [
        202.3514862060547,
        184.24647521972656,
        381.519775390625,
        533.6130981445312
      ],
      "bbox_yolo": [
        0.4561494290828705,
        0.5608277916908264,
        0.27995043992996216,
        0.5458853840827942
      ],
      "bbox_width_px": 179.1682891845703,
      "bbox_height_px": 349.36663818359375
    }
  ]
}