{
  "index": 484,
  "dataframe_iter_index": 484,
  "image_path": "./datasets/sAFRICANWILDLIFE_FLUXFP8/images/484.jpg",
  "image_width": 640,
  "image_height": 640,
  "ground_truth_class": "buffalo",
  "grounding_prompt": "buffalo",
  "timestamp": "2026-05-04T20:06:59.230405",
  "num_detections": 1,
  "detections": [
    {
      "detection_id": 0,
      "class_name": "buffalo",
      "yolo_class_id": 0,
      "confidence": 0.9511788487434387,
      "bbox_xyxy": [
        236.39743041992188,
        259.1351318359375,
        391.0052795410156,
        522.2241821289062
      ],
      "bbox_yolo": [
        0.4901583790779114,
        0.6104369759559631,
        0.24157476425170898,
        0.4110766351222992
      ],
      "bbox_width_px": 154.60784912109375,
      "bbox_height_px": 263.08905029296875
    }
  ]
}