{
  "index": 490,
  "dataframe_iter_index": 490,
  "image_path": "./datasets/sAFRICANWILDLIFE_FLUXFP8/images/490.jpg",
  "image_width": 640,
  "image_height": 640,
  "ground_truth_class": "buffalo",
  "grounding_prompt": "buffalo",
  "timestamp": "2026-05-04T20:07:03.524726",
  "num_detections": 3,
  "detections": [
    {
      "detection_id": 0,
      "class_name": "buffalo",
      "yolo_class_id": 0,
      "confidence": 0.8674342632293701,
      "bbox_xyxy": [
        144.0125274658203,
        182.68678283691406,
        377.02947998046875,
        576.3748168945312
      ],
      "bbox_yolo": [
        0.4070640504360199,
        0.5930168628692627,
        0.3640889823436737,
        0.6151375770568848
      ],
      "bbox_width_px": 233.01695251464844,
      "bbox_height_px": 393.68804931640625
    },
    {
      "detection_id": 1,
      "class_name": "buffalo",
      "yolo_class_id": 0,
      "confidence": 0.8649256825447083,
      "bbox_xyxy": [
        404.19268798828125,
        177.29855346679688,
        580.4428100585938,
        489.7632751464844
      ],
      "bbox_yolo": [
        0.7692464590072632,
        0.5211420655250549,
        0.2753908038139343,
        0.48822611570358276
      ],
      "bbox_width_px": 176.2501220703125,
      "bbox_height_px": 312.4647216796875
    },
    {
      "detection_id": 2,
      "class_name": "buffalo",
      "yolo_class_id": 0,
      "confidence": 0.7969264984130859,
      "bbox_xyxy": [
        16.577674865722656,
        197.3571319580078,
        175.0379638671875,
        462.56719970703125
      ],
      "bbox_yolo": [
        0.14969971776008606,
        0.5155658721923828,
        0.2475942075252533,
        0.4143907427787781
      ],
      "bbox_width_px": 158.46029663085938,
      "bbox_height_px": 265.2100830078125
    }
  ]
}