{
  "index": 501,
  "dataframe_iter_index": 501,
  "image_path": "./datasets/sAFRICANWILDLIFE_FLUXFP8/images/501.jpg",
  "image_width": 640,
  "image_height": 640,
  "ground_truth_class": "buffalo",
  "grounding_prompt": "buffalo",
  "timestamp": "2026-05-04T20:07:11.476918",
  "num_detections": 2,
  "detections": [
    {
      "detection_id": 0,
      "class_name": "buffalo",
      "yolo_class_id": 0,
      "confidence": 0.8917861580848694,
      "bbox_xyxy": [
        319.215087890625,
        178.71786499023438,
        528.1598510742188,
        556.805419921875
      ],
      "bbox_yolo": [
        0.6620116829872131,
        0.5746275782585144,
        0.32647618651390076,
        0.5907617807388306
      ],
      "bbox_width_px": 208.94476318359375,
      "bbox_height_px": 378.0875549316406
    },
    {
      "detection_id": 1,
      "class_name": "buffalo",
      "yolo_class_id": 0,
      "confidence": 0.8979851007461548,
      "bbox_xyxy": [
        84.78609466552734,
        173.61346435546875,
        275.92559814453125,
        556.0857543945312
      ],
      "bbox_yolo": [
        0.28180602192878723,
        0.5700775384902954,
        0.2986554503440857,
        0.5976129770278931
      ],
      "bbox_width_px": 191.13949584960938,
      "bbox_height_px": 382.4722900390625
    }
  ]
}