{
  "index": 552,
  "dataframe_iter_index": 552,
  "image_path": "./datasets/sAFRICANWILDLIFE_FLUXFP8/images/552.jpg",
  "image_width": 640,
  "image_height": 640,
  "ground_truth_class": "elephant",
  "grounding_prompt": "elephant",
  "timestamp": "2026-05-04T20:07:48.240498",
  "num_detections": 1,
  "detections": [
    {
      "detection_id": 0,
      "class_name": "elephant",
      "yolo_class_id": 1,
      "confidence": 0.9730817675590515,
      "bbox_xyxy": [
        242.22271728515625,
        370.96331787109375,
        353.82781982421875,
        449.44744873046875
      ],
      "bbox_yolo": [
        0.46566447615623474,
        0.6409459114074707,
        0.17438296973705292,
        0.12263145297765732
      ],
      "bbox_width_px": 111.6051025390625,
      "bbox_height_px": 78.484130859375
    }
  ]
}