{
  "index": 560,
  "dataframe_iter_index": 560,
  "image_path": "./datasets/sAFRICANWILDLIFE_FLUXFP8/images/560.jpg",
  "image_width": 640,
  "image_height": 640,
  "ground_truth_class": "elephant",
  "grounding_prompt": "elephant",
  "timestamp": "2026-05-04T20:07:54.020950",
  "num_detections": 1,
  "detections": [
    {
      "detection_id": 0,
      "class_name": "elephant",
      "yolo_class_id": 1,
      "confidence": 0.939235508441925,
      "bbox_xyxy": [
        147.69068908691406,
        97.33955383300781,
        499.171875,
        543.9421997070312
      ],
      "bbox_yolo": [
        0.5053613781929016,
        0.5010013580322266,
        0.5491893887519836,
        0.6978166699409485
      ],
      "bbox_width_px": 351.481201171875,
      "bbox_height_px": 446.6026611328125
    }
  ]
}