{
  "index": 589,
  "dataframe_iter_index": 589,
  "image_path": "./datasets/sAFRICANWILDLIFE_FLUXFP8/images/589.jpg",
  "image_width": 640,
  "image_height": 640,
  "ground_truth_class": "elephant",
  "grounding_prompt": "elephant",
  "timestamp": "2026-05-04T20:08:14.391230",
  "num_detections": 2,
  "detections": [
    {
      "detection_id": 0,
      "class_name": "elephant",
      "yolo_class_id": 1,
      "confidence": 0.9024384021759033,
      "bbox_xyxy": [
        24.522232055664062,
        248.21182250976562,
        352.5340576171875,
        530.4876708984375
      ],
      "bbox_yolo": [
        0.29457521438598633,
        0.6083589792251587,
        0.5125185251235962,
        0.4410560131072998
      ],
      "bbox_width_px": 328.0118408203125,
      "bbox_height_px": 282.2758483886719
    },
    {
      "detection_id": 1,
      "class_name": "elephant",
      "yolo_class_id": 1,
      "confidence": 0.8606574535369873,
      "bbox_xyxy": [
        313.219482421875,
        212.8682098388672,
        540.2191772460938,
        528.7721557617188
      ],
      "bbox_yolo": [
        0.6667489409446716,
        0.5794065594673157,
        0.35468703508377075,
        0.49359989166259766
      ],
      "bbox_width_px": 226.99969482421875,
      "bbox_height_px": 315.9039306640625
    }
  ]
}