{
  "index": 606,
  "dataframe_iter_index": 606,
  "image_path": "./datasets/sAFRICANWILDLIFE_FLUXFP8/images/606.jpg",
  "image_width": 640,
  "image_height": 640,
  "ground_truth_class": "elephant",
  "grounding_prompt": "elephant",
  "timestamp": "2026-05-04T20:08:26.437853",
  "num_detections": 3,
  "detections": [
    {
      "detection_id": 0,
      "class_name": "elephant",
      "yolo_class_id": 1,
      "confidence": 0.846403956413269,
      "bbox_xyxy": [
        3.4291229248046875,
        112.70388793945312,
        271.89739990234375,
        514.655517578125
      ],
      "bbox_yolo": [
        0.21509885787963867,
        0.49012452363967896,
        0.41948166489601135,
        0.6280494332313538
      ],
      "bbox_width_px": 268.46826171875,
      "bbox_height_px": 401.9516296386719
    },
    {
      "detection_id": 1,
      "class_name": "elephant",
      "yolo_class_id": 1,
      "confidence": 0.8624368906021118,
      "bbox_xyxy": [
        301.54681396484375,
        107.59628295898438,
        618.4475708007812,
        520.8076171875
      ],
      "bbox_yolo": [
        0.7187455892562866,
        0.49094057083129883,
        0.4951574206352234,
        0.6456426978111267
      ],
      "bbox_width_px": 316.9007568359375,
      "bbox_height_px": 413.2113342285156
    },
    {
      "detection_id": 2,
      "class_name": "elephant",
      "yolo_class_id": 1,
      "confidence": 0.6844191551208496,
      "bbox_xyxy": [
        272.3541259765625,
        349.4933166503906,
        399.54132080078125,
        528.150390625
      ],
      "bbox_yolo": [
        0.5249183177947998,
        0.6856591105461121,
        0.1987299919128418,
        0.27915167808532715
      ],
      "bbox_width_px": 127.18719482421875,
      "bbox_height_px": 178.65707397460938
    }
  ]
}