{
  "index": 612,
  "dataframe_iter_index": 612,
  "image_path": "./datasets/sAFRICANWILDLIFE_FLUXFP8/images/612.jpg",
  "image_width": 640,
  "image_height": 640,
  "ground_truth_class": "elephant",
  "grounding_prompt": "elephant",
  "timestamp": "2026-05-04T20:08:30.649387",
  "num_detections": 1,
  "detections": [
    {
      "detection_id": 0,
      "class_name": "elephant",
      "yolo_class_id": 1,
      "confidence": 0.9639187455177307,
      "bbox_xyxy": [
        200.21719360351562,
        204.00572204589844,
        526.667236328125,
        568.8106689453125
      ],
      "bbox_yolo": [
        0.5678784251213074,
        0.6037628054618835,
        0.5100781917572021,
        0.5700076818466187
      ],
      "bbox_width_px": 326.4500427246094,
      "bbox_height_px": 364.804931640625
    }
  ]
}