{
  "index": 622,
  "dataframe_iter_index": 622,
  "image_path": "./datasets/sAFRICANWILDLIFE_FLUXFP8/images/622.jpg",
  "image_width": 640,
  "image_height": 640,
  "ground_truth_class": "elephant",
  "grounding_prompt": "elephant",
  "timestamp": "2026-05-04T20:08:37.732806",
  "num_detections": 3,
  "detections": [
    {
      "detection_id": 0,
      "class_name": "elephant",
      "yolo_class_id": 1,
      "confidence": 0.8541454076766968,
      "bbox_xyxy": [
        44.85038757324219,
        169.32183837890625,
        351.10064697265625,
        496.8330078125
      ],
      "bbox_yolo": [
        0.30933675169944763,
        0.5204334855079651,
        0.47851601243019104,
        0.5117362141609192
      ],
      "bbox_width_px": 306.250244140625,
      "bbox_height_px": 327.51116943359375
    },
    {
      "detection_id": 1,
      "class_name": "elephant",
      "yolo_class_id": 1,
      "confidence": 0.8308725357055664,
      "bbox_xyxy": [
        380.2940673828125,
        195.59817504882812,
        618.9426879882812,
        469.7304992675781
      ],
      "bbox_yolo": [
        0.780653715133667,
        0.5197880268096924,
        0.3728884756565094,
        0.42833176255226135
      ],
      "bbox_width_px": 238.64862060546875,
      "bbox_height_px": 274.13232421875
    },
    {
      "detection_id": 2,
      "class_name": "elephant",
      "yolo_class_id": 1,
      "confidence": 0.4509233832359314,
      "bbox_xyxy": [
        291.32958984375,
        261.26531982421875,
        399.10137939453125,
        467.598876953125
      ],
      "bbox_yolo": [
        0.5393992066383362,
        0.5694251656532288,
        0.16839341819286346,
        0.3223961889743805
      ],
      "bbox_width_px": 107.77178955078125,
      "bbox_height_px": 206.33355712890625
    }
  ]
}