{
  "index": 627,
  "dataframe_iter_index": 627,
  "image_path": "./datasets/sAFRICANWILDLIFE_FLUXFP8/images/627.jpg",
  "image_width": 640,
  "image_height": 640,
  "ground_truth_class": "elephant",
  "grounding_prompt": "elephant",
  "timestamp": "2026-05-04T20:08:41.266801",
  "num_detections": 3,
  "detections": [
    {
      "detection_id": 0,
      "class_name": "elephant",
      "yolo_class_id": 1,
      "confidence": 0.8963066339492798,
      "bbox_xyxy": [
        67.23762512207031,
        270.5385437011719,
        269.0806884765625,
        456.6543273925781
      ],
      "bbox_yolo": [
        0.262748658657074,
        0.5681194067001343,
        0.315379798412323,
        0.2908059060573578
      ],
      "bbox_width_px": 201.8430633544922,
      "bbox_height_px": 186.11578369140625
    },
    {
      "detection_id": 1,
      "class_name": "elephant",
      "yolo_class_id": 1,
      "confidence": 0.8703644275665283,
      "bbox_xyxy": [
        393.60906982421875,
        374.60546875,
        527.6359252929688,
        460.40972900390625
      ],
      "bbox_yolo": [
        0.7197226285934448,
        0.6523556113243103,
        0.2094169557094574,
        0.13406915962696075
      ],
      "bbox_width_px": 134.02685546875,
      "bbox_height_px": 85.80426025390625
    },
    {
      "detection_id": 2,
      "class_name": "elephant",
      "yolo_class_id": 1,
      "confidence": 0.5688973665237427,
      "bbox_xyxy": [
        220.63243103027344,
        365.24505615234375,
        344.2369079589844,
        462.70379638671875
      ],
      "bbox_yolo": [
        0.44130414724349976,
        0.6468350291252136,
        0.19313199818134308,
        0.15227928757667542
      ],
      "bbox_width_px": 123.60447692871094,
      "bbox_height_px": 97.458740234375
    }
  ]
}