{
  "index": 671,
  "dataframe_iter_index": 671,
  "image_path": "./datasets/sAFRICANWILDLIFE_FLUXFP8/images/671.jpg",
  "image_width": 640,
  "image_height": 640,
  "ground_truth_class": "elephant",
  "grounding_prompt": "elephant",
  "timestamp": "2026-05-04T20:09:12.473867",
  "num_detections": 4,
  "detections": [
    {
      "detection_id": 0,
      "class_name": "elephant",
      "yolo_class_id": 1,
      "confidence": 0.6525545120239258,
      "bbox_xyxy": [
        420.31854248046875,
        277.43121337890625,
        574.2755126953125,
        435.51715087890625
      ],
      "bbox_yolo": [
        0.7770265936851501,
        0.556990921497345,
        0.24055776000022888,
        0.24700927734375
      ],
      "bbox_width_px": 153.95697021484375,
      "bbox_height_px": 158.0859375
    },
    {
      "detection_id": 1,
      "class_name": "elephant",
      "yolo_class_id": 1,
      "confidence": 0.6124215126037598,
      "bbox_xyxy": [
        269.55413818359375,
        270.68438720703125,
        426.74407958984375,
        438.873046875
      ],
      "bbox_yolo": [
        0.543982982635498,
        0.554341733455658,
        0.24560928344726562,
        0.2627947926521301
      ],
      "bbox_width_px": 157.18994140625,
      "bbox_height_px": 168.18865966796875
    },
    {
      "detection_id": 2,
      "class_name": "elephant",
      "yolo_class_id": 1,
      "confidence": 0.5071966052055359,
      "bbox_xyxy": [
        23.952987670898438,
        283.84808349609375,
        203.89588928222656,
        429.13165283203125
      ],
      "bbox_yolo": [
        0.17800693213939667,
        0.5570154190063477,
        0.28116077184677124,
        0.22700557112693787
      ],
      "bbox_width_px": 179.94290161132812,
      "bbox_height_px": 145.2835693359375
    },
    {
      "detection_id": 3,
      "class_name": "elephant",
      "yolo_class_id": 1,
      "confidence": 0.4958869516849518,
      "bbox_xyxy": [
        170.01016235351562,
        295.3526306152344,
        302.8266906738281,
        437.9234924316406
      ],
      "bbox_yolo": [
        0.36940377950668335,
        0.5728719830513,
        0.2075258195400238,
        0.2227669656276703
      ],
      "bbox_width_px": 132.8165283203125,
      "bbox_height_px": 142.57086181640625
    }
  ]
}