{
  "index": 756,
  "dataframe_iter_index": 756,
  "image_path": "./datasets/sAFRICANWILDLIFE_FLUXFP8/images/756.jpg",
  "image_width": 640,
  "image_height": 640,
  "ground_truth_class": "elephant",
  "grounding_prompt": "elephant",
  "timestamp": "2026-05-04T20:10:12.780895",
  "num_detections": 1,
  "detections": [
    {
      "detection_id": 0,
      "class_name": "elephant",
      "yolo_class_id": 1,
      "confidence": 0.9631735682487488,
      "bbox_xyxy": [
        186.31564331054688,
        144.53480529785156,
        498.1795959472656,
        533.24560546875
      ],
      "bbox_yolo": [
        0.534761905670166,
        0.5295159220695496,
        0.4872874319553375,
        0.6073606610298157
      ],
      "bbox_width_px": 311.86395263671875,
      "bbox_height_px": 388.7108154296875
    }
  ]
}