{
  "index": 769,
  "dataframe_iter_index": 769,
  "image_path": "./datasets/sAFRICANWILDLIFE_FLUXFP8/images/769.jpg",
  "image_width": 640,
  "image_height": 640,
  "ground_truth_class": "elephant",
  "grounding_prompt": "elephant",
  "timestamp": "2026-05-04T20:10:21.991296",
  "num_detections": 2,
  "detections": [
    {
      "detection_id": 0,
      "class_name": "elephant",
      "yolo_class_id": 1,
      "confidence": 0.8805783987045288,
      "bbox_xyxy": [
        75.18279266357422,
        265.16326904296875,
        303.3673095703125,
        546.6039428710938
      ],
      "bbox_yolo": [
        0.2957422733306885,
        0.6341931223869324,
        0.3565382957458496,
        0.4397510588169098
      ],
      "bbox_width_px": 228.18450927734375,
      "bbox_height_px": 281.440673828125
    },
    {
      "detection_id": 1,
      "class_name": "elephant",
      "yolo_class_id": 1,
      "confidence": 0.8800927996635437,
      "bbox_xyxy": [
        312.385009765625,
        271.79638671875,
        522.212890625,
        551.1214599609375
      ],
      "bbox_yolo": [
        0.6520296335220337,
        0.6429045796394348,
        0.32785606384277344,
        0.436445415019989
      ],
      "bbox_width_px": 209.827880859375,
      "bbox_height_px": 279.3250732421875
    }
  ]
}