{
  "index": 792,
  "dataframe_iter_index": 792,
  "image_path": "./datasets/sAFRICANWILDLIFE_FLUXFP8/images/792.jpg",
  "image_width": 640,
  "image_height": 640,
  "ground_truth_class": "elephant",
  "grounding_prompt": "elephant",
  "timestamp": "2026-05-04T20:10:38.126922",
  "num_detections": 1,
  "detections": [
    {
      "detection_id": 0,
      "class_name": "elephant",
      "yolo_class_id": 1,
      "confidence": 0.9589879512786865,
      "bbox_xyxy": [
        102.05767822265625,
        176.09976196289062,
        526.3829345703125,
        558.136962890625
      ],
      "bbox_yolo": [
        0.4909692406654358,
        0.5736224055290222,
        0.6630082130432129,
        0.596933126449585
      ],
      "bbox_width_px": 424.32525634765625,
      "bbox_height_px": 382.0372009277344
    }
  ]
}