{
  "index": 81,
  "dataframe_iter_index": 81,
  "image_path": "./datasets/sAFRICANWILDLIFE_FLUXFP8/images/81.jpg",
  "image_width": 640,
  "image_height": 640,
  "ground_truth_class": "buffalo",
  "grounding_prompt": "buffalo",
  "timestamp": "2026-05-04T20:02:11.898944",
  "num_detections": 2,
  "detections": [
    {
      "detection_id": 0,
      "class_name": "buffalo",
      "yolo_class_id": 0,
      "confidence": 0.8600504398345947,
      "bbox_xyxy": [
        305.74951171875,
        147.94972229003906,
        584.9476318359375,
        549.4681396484375
      ],
      "bbox_yolo": [
        0.6958571672439575,
        0.5448576807975769,
        0.4362470507621765,
        0.6273725628852844
      ],
      "bbox_width_px": 279.1981201171875,
      "bbox_height_px": 401.5184326171875
    },
    {
      "detection_id": 1,
      "class_name": "buffalo",
      "yolo_class_id": 0,
      "confidence": 0.8622676730155945,
      "bbox_xyxy": [
        28.71417236328125,
        137.08969116210938,
        320.635498046875,
        547.4385986328125
      ],
      "bbox_yolo": [
        0.27292943000793457,
        0.5347877740859985,
        0.4561270773410797,
        0.6411701440811157
      ],
      "bbox_width_px": 291.92132568359375,
      "bbox_height_px": 410.3489074707031
    }
  ]
}