{
  "index": 82,
  "dataframe_iter_index": 82,
  "image_path": "./datasets/sAFRICANWILDLIFE_FLUXFP8/images/82.jpg",
  "image_width": 640,
  "image_height": 640,
  "ground_truth_class": "buffalo",
  "grounding_prompt": "buffalo",
  "timestamp": "2026-05-04T20:02:12.602004",
  "num_detections": 2,
  "detections": [
    {
      "detection_id": 0,
      "class_name": "buffalo",
      "yolo_class_id": 0,
      "confidence": 0.7485568523406982,
      "bbox_xyxy": [
        162.95127868652344,
        115.05239868164062,
        638.3089599609375,
        546.601806640625
      ],
      "bbox_yolo": [
        0.6259845495223999,
        0.51691734790802,
        0.7427463531494141,
        0.674295961856842
      ],
      "bbox_width_px": 475.357666015625,
      "bbox_height_px": 431.5494079589844
    },
    {
      "detection_id": 1,
      "class_name": "buffalo",
      "yolo_class_id": 0,
      "confidence": 0.4378910958766937,
      "bbox_xyxy": [
        16.49897003173828,
        147.26031494140625,
        264.2212829589844,
        497.58563232421875
      ],
      "bbox_yolo": [
        0.21931269764900208,
        0.5037859082221985,
        0.387066125869751,
        0.5473833084106445
      ],
      "bbox_width_px": 247.72232055664062,
      "bbox_height_px": 350.3253173828125
    }
  ]
}