{
  "index": 827,
  "dataframe_iter_index": 827,
  "image_path": "./datasets/sAFRICANWILDLIFE_FLUXFP8/images/827.jpg",
  "image_width": 640,
  "image_height": 640,
  "ground_truth_class": "elephant",
  "grounding_prompt": "elephant",
  "timestamp": "2026-05-04T20:11:03.050401",
  "num_detections": 2,
  "detections": [
    {
      "detection_id": 0,
      "class_name": "elephant",
      "yolo_class_id": 1,
      "confidence": 0.8834254741668701,
      "bbox_xyxy": [
        150.47998046875,
        90.43807983398438,
        591.8701171875,
        612.621337890625
      ],
      "bbox_yolo": [
        0.5799610018730164,
        0.5492652058601379,
        0.6896721124649048,
        0.8159112930297852
      ],
      "bbox_width_px": 441.39013671875,
      "bbox_height_px": 522.1832275390625
    },
    {
      "detection_id": 1,
      "class_name": "elephant",
      "yolo_class_id": 1,
      "confidence": 0.8329641819000244,
      "bbox_xyxy": [
        21.5247802734375,
        228.0294647216797,
        247.40432739257812,
        524.342041015625
      ],
      "bbox_yolo": [
        0.21010085940361023,
        0.5877902507781982,
        0.3529368042945862,
        0.46298837661743164
      ],
      "bbox_width_px": 225.87954711914062,
      "bbox_height_px": 296.31256103515625
    }
  ]
}