{
  "index": 845,
  "dataframe_iter_index": 845,
  "image_path": "./datasets/sAFRICANWILDLIFE_FLUXFP8/images/845.jpg",
  "image_width": 640,
  "image_height": 640,
  "ground_truth_class": "elephant",
  "grounding_prompt": "elephant",
  "timestamp": "2026-05-04T20:11:15.849048",
  "num_detections": 2,
  "detections": [
    {
      "detection_id": 0,
      "class_name": "elephant",
      "yolo_class_id": 1,
      "confidence": 0.8779273629188538,
      "bbox_xyxy": [
        373.691650390625,
        291.41265869140625,
        557.5327758789062,
        517.4326171875
      ],
      "bbox_yolo": [
        0.7275190949440002,
        0.6319103837013245,
        0.2872517704963684,
        0.353156179189682
      ],
      "bbox_width_px": 183.84112548828125,
      "bbox_height_px": 226.01995849609375
    },
    {
      "detection_id": 1,
      "class_name": "elephant",
      "yolo_class_id": 1,
      "confidence": 0.9052001237869263,
      "bbox_xyxy": [
        62.37358093261719,
        195.06231689453125,
        406.4107666015625,
        581.6765747070312
      ],
      "bbox_yolo": [
        0.3662377893924713,
        0.6068272590637207,
        0.5375580787658691,
        0.6040847897529602
      ],
      "bbox_width_px": 344.03717041015625,
      "bbox_height_px": 386.6142578125
    }
  ]
}