{
  "index": 881,
  "dataframe_iter_index": 881,
  "image_path": "./datasets/sAFRICANWILDLIFE_FLUXFP8/images/881.jpg",
  "image_width": 640,
  "image_height": 640,
  "ground_truth_class": "elephant",
  "grounding_prompt": "elephant",
  "timestamp": "2026-05-04T20:11:41.531880",
  "num_detections": 2,
  "detections": [
    {
      "detection_id": 0,
      "class_name": "elephant",
      "yolo_class_id": 1,
      "confidence": 0.9215332865715027,
      "bbox_xyxy": [
        119.55205535888672,
        242.00857543945312,
        311.988037109375,
        467.7832336425781
      ],
      "bbox_yolo": [
        0.3371407091617584,
        0.554524838924408,
        0.3006812036037445,
        0.35277289152145386
      ],
      "bbox_width_px": 192.43597412109375,
      "bbox_height_px": 225.774658203125
    },
    {
      "detection_id": 1,
      "class_name": "elephant",
      "yolo_class_id": 1,
      "confidence": 0.9024819135665894,
      "bbox_xyxy": [
        352.5213317871094,
        282.017578125,
        536.1437377929688,
        464.3992919921875
      ],
      "bbox_yolo": [
        0.6942695379257202,
        0.5831381678581238,
        0.2869099974632263,
        0.2849714159965515
      ],
      "bbox_width_px": 183.62240600585938,
      "bbox_height_px": 182.3817138671875
    }
  ]
}