{
  "index": 884,
  "dataframe_iter_index": 884,
  "image_path": "./datasets/sAFRICANWILDLIFE_FLUXFP8/images/884.jpg",
  "image_width": 640,
  "image_height": 640,
  "ground_truth_class": "elephant",
  "grounding_prompt": "elephant",
  "timestamp": "2026-05-04T20:11:43.680673",
  "num_detections": 1,
  "detections": [
    {
      "detection_id": 0,
      "class_name": "elephant",
      "yolo_class_id": 1,
      "confidence": 0.977247416973114,
      "bbox_xyxy": [
        273.71563720703125,
        353.7479248046875,
        468.63580322265625,
        491.37481689453125
      ],
      "bbox_yolo": [
        0.5799620747566223,
        0.6602521538734436,
        0.3045627474784851,
        0.21504202485084534
      ],
      "bbox_width_px": 194.920166015625,
      "bbox_height_px": 137.62689208984375
    }
  ]
}