{
  "index": 888,
  "dataframe_iter_index": 888,
  "image_path": "./datasets/sAFRICANWILDLIFE_FLUXFP8/images/888.jpg",
  "image_width": 640,
  "image_height": 640,
  "ground_truth_class": "elephant",
  "grounding_prompt": "elephant",
  "timestamp": "2026-05-04T20:11:46.491418",
  "num_detections": 1,
  "detections": [
    {
      "detection_id": 0,
      "class_name": "elephant",
      "yolo_class_id": 1,
      "confidence": 0.9662442803382874,
      "bbox_xyxy": [
        246.42849731445312,
        307.1094970703125,
        378.8085632324219,
        454.250732421875
      ],
      "bbox_yolo": [
        0.48846644163131714,
        0.5948126912117004,
        0.20684385299682617,
        0.22990818321704865
      ],
      "bbox_width_px": 132.38006591796875,
      "bbox_height_px": 147.1412353515625
    }
  ]
}