{
  "index": 90,
  "dataframe_iter_index": 90,
  "image_path": "./datasets/sAFRICANWILDLIFE_FLUXFP8/images/90.jpg",
  "image_width": 640,
  "image_height": 640,
  "ground_truth_class": "buffalo",
  "grounding_prompt": "buffalo",
  "timestamp": "2026-05-04T20:02:18.318666",
  "num_detections": 3,
  "detections": [
    {
      "detection_id": 0,
      "class_name": "buffalo",
      "yolo_class_id": 0,
      "confidence": 0.8792851567268372,
      "bbox_xyxy": [
        425.19073486328125,
        271.2195129394531,
        600.8825073242188,
        429.8126525878906
      ],
      "bbox_yolo": [
        0.8016197085380554,
        0.5476813912391663,
        0.2745184004306793,
        0.2478017807006836
      ],
      "bbox_width_px": 175.6917724609375,
      "bbox_height_px": 158.5931396484375
    },
    {
      "detection_id": 1,
      "class_name": "buffalo",
      "yolo_class_id": 0,
      "confidence": 0.8948331475257874,
      "bbox_xyxy": [
        191.61395263671875,
        273.13525390625,
        415.2574462890625,
        433.72930908203125
      ],
      "bbox_yolo": [
        0.47411829233169556,
        0.5522379279136658,
        0.3494429588317871,
        0.25092822313308716
      ],
      "bbox_width_px": 223.64349365234375,
      "bbox_height_px": 160.59405517578125
    },
    {
      "detection_id": 2,
      "class_name": "buffalo",
      "yolo_class_id": 0,
      "confidence": 0.8809034824371338,
      "bbox_xyxy": [
        26.98865509033203,
        251.49465942382812,
        160.19882202148438,
        437.8852844238281
      ],
      "bbox_yolo": [
        0.1462402045726776,
        0.5385780930519104,
        0.20814089477062225,
        0.2912353575229645
      ],
      "bbox_width_px": 133.21017456054688,
      "bbox_height_px": 186.390625
    }
  ]
}