{
  "index": 917,
  "dataframe_iter_index": 917,
  "image_path": "./datasets/sAFRICANWILDLIFE_FLUXFP8/images/917.jpg",
  "image_width": 640,
  "image_height": 640,
  "ground_truth_class": "elephant",
  "grounding_prompt": "elephant",
  "timestamp": "2026-05-04T20:12:07.002609",
  "num_detections": 2,
  "detections": [
    {
      "detection_id": 0,
      "class_name": "elephant",
      "yolo_class_id": 1,
      "confidence": 0.9021070003509521,
      "bbox_xyxy": [
        240.55084228515625,
        262.69873046875,
        546.8812866210938,
        534.3975830078125
      ],
      "bbox_yolo": [
        0.6151813268661499,
        0.6227315068244934,
        0.4786413311958313,
        0.42452946305274963
      ],
      "bbox_width_px": 306.3304443359375,
      "bbox_height_px": 271.6988525390625
    },
    {
      "detection_id": 1,
      "class_name": "elephant",
      "yolo_class_id": 1,
      "confidence": 0.8571493029594421,
      "bbox_xyxy": [
        74.88746643066406,
        290.6759033203125,
        275.84686279296875,
        519.6853637695312
      ],
      "bbox_yolo": [
        0.27401119470596313,
        0.6330947279930115,
        0.3139990568161011,
        0.3578272759914398
      ],
      "bbox_width_px": 200.9593963623047,
      "bbox_height_px": 229.00946044921875
    }
  ]
}