{
  "index": 963,
  "dataframe_iter_index": 963,
  "image_path": "./datasets/sAFRICANWILDLIFE_FLUXFP8/images/963.jpg",
  "image_width": 640,
  "image_height": 640,
  "ground_truth_class": "elephant",
  "grounding_prompt": "elephant",
  "timestamp": "2026-05-04T20:12:39.446478",
  "num_detections": 2,
  "detections": [
    {
      "detection_id": 0,
      "class_name": "elephant",
      "yolo_class_id": 1,
      "confidence": 0.8822010159492493,
      "bbox_xyxy": [
        31.527206420898438,
        181.95677185058594,
        336.92095947265625,
        525.2719116210938
      ],
      "bbox_yolo": [
        0.28785014152526855,
        0.5525224208831787,
        0.4771777093410492,
        0.5364298820495605
      ],
      "bbox_width_px": 305.39373779296875,
      "bbox_height_px": 343.31512451171875
    },
    {
      "detection_id": 1,
      "class_name": "elephant",
      "yolo_class_id": 1,
      "confidence": 0.8815422654151917,
      "bbox_xyxy": [
        310.87994384765625,
        190.19017028808594,
        606.7910766601562,
        511.06005859375
      ],
      "bbox_yolo": [
        0.7169305086135864,
        0.5478517413139343,
        0.4623611569404602,
        0.5013591647148132
      ],
      "bbox_width_px": 295.9111328125,
      "bbox_height_px": 320.869873046875
    }
  ]
}