{
  "index": 964,
  "dataframe_iter_index": 964,
  "image_path": "./datasets/sAFRICANWILDLIFE_FLUXFP8/images/964.jpg",
  "image_width": 640,
  "image_height": 640,
  "ground_truth_class": "elephant",
  "grounding_prompt": "elephant",
  "timestamp": "2026-05-04T20:12:40.096219",
  "num_detections": 1,
  "detections": [
    {
      "detection_id": 0,
      "class_name": "elephant",
      "yolo_class_id": 1,
      "confidence": 0.9703221917152405,
      "bbox_xyxy": [
        235.8434295654297,
        162.0144500732422,
        494.73828125,
        472.73736572265625
      ],
      "bbox_yolo": [
        0.5707669854164124,
        0.49589985609054565,
        0.40452319383621216,
        0.48550453782081604
      ],
      "bbox_width_px": 258.89483642578125,
      "bbox_height_px": 310.722900390625
    }
  ]
}