{
  "index": 97,
  "dataframe_iter_index": 97,
  "image_path": "./datasets/sAFRICANWILDLIFE_FLUXFP8/images/97.jpg",
  "image_width": 640,
  "image_height": 640,
  "ground_truth_class": "buffalo",
  "grounding_prompt": "buffalo",
  "timestamp": "2026-05-04T20:02:23.336468",
  "num_detections": 3,
  "detections": [
    {
      "detection_id": 0,
      "class_name": "buffalo",
      "yolo_class_id": 0,
      "confidence": 0.9095505475997925,
      "bbox_xyxy": [
        102.47415924072266,
        230.00839233398438,
        324.206787109375,
        393.6192321777344
      ],
      "bbox_yolo": [
        0.3333444893360138,
        0.4872090816497803,
        0.34645724296569824,
        0.2556419372558594
      ],
      "bbox_width_px": 221.73263549804688,
      "bbox_height_px": 163.61083984375
    },
    {
      "detection_id": 1,
      "class_name": "buffalo",
      "yolo_class_id": 0,
      "confidence": 0.8952009677886963,
      "bbox_xyxy": [
        339.483642578125,
        244.41009521484375,
        530.5309448242188,
        397.89605712890625
      ],
      "bbox_yolo": [
        0.6796988844871521,
        0.5018016695976257,
        0.29851141571998596,
        0.23982182145118713
      ],
      "bbox_width_px": 191.04730224609375,
      "bbox_height_px": 153.4859619140625
    },
    {
      "detection_id": 2,
      "class_name": "buffalo",
      "yolo_class_id": 0,
      "confidence": 0.36011528968811035,
      "bbox_xyxy": [
        101.5093765258789,
        440.60687255859375,
        319.8793640136719,
        597.6470336914062
      ],
      "bbox_yolo": [
        0.32920995354652405,
        0.8111358880996704,
        0.34120312333106995,
        0.24537524580955505
      ],
      "bbox_width_px": 218.3699951171875,
      "bbox_height_px": 157.0401611328125
    }
  ]
}