{
  "index": 970,
  "dataframe_iter_index": 970,
  "image_path": "./datasets/sAFRICANWILDLIFE_FLUXFP8/images/970.jpg",
  "image_width": 640,
  "image_height": 640,
  "ground_truth_class": "elephant",
  "grounding_prompt": "elephant",
  "timestamp": "2026-05-04T20:12:44.331589",
  "num_detections": 2,
  "detections": [
    {
      "detection_id": 0,
      "class_name": "elephant",
      "yolo_class_id": 1,
      "confidence": 0.8510472178459167,
      "bbox_xyxy": [
        262.4581298828125,
        165.9790496826172,
        581.1972045898438,
        461.61419677734375
      ],
      "bbox_yolo": [
        0.6591057181358337,
        0.4903072416782379,
        0.49802979826927185,
        0.46192988753318787
      ],
      "bbox_width_px": 318.73907470703125,
      "bbox_height_px": 295.6351318359375
    },
    {
      "detection_id": 1,
      "class_name": "elephant",
      "yolo_class_id": 1,
      "confidence": 0.867821216583252,
      "bbox_xyxy": [
        45.70893859863281,
        222.8880157470703,
        361.46435546875,
        466.5723876953125
      ],
      "bbox_yolo": [
        0.3181041181087494,
        0.5386409163475037,
        0.49336785078048706,
        0.38075682520866394
      ],
      "bbox_width_px": 315.75543212890625,
      "bbox_height_px": 243.6843719482422
    }
  ]
}