{
  "index": 978,
  "dataframe_iter_index": 978,
  "image_path": "./datasets/sAFRICANWILDLIFE_FLUXFP8/images/978.jpg",
  "image_width": 640,
  "image_height": 640,
  "ground_truth_class": "elephant",
  "grounding_prompt": "elephant",
  "timestamp": "2026-05-04T20:12:49.913084",
  "num_detections": 3,
  "detections": [
    {
      "detection_id": 0,
      "class_name": "elephant",
      "yolo_class_id": 1,
      "confidence": 0.8586039543151855,
      "bbox_xyxy": [
        90.43889617919922,
        213.9430694580078,
        305.7474365234375,
        514.2290649414062
      ],
      "bbox_yolo": [
        0.30952057242393494,
        0.5688844919204712,
        0.33641958236694336,
        0.4691968858242035
      ],
      "bbox_width_px": 215.30853271484375,
      "bbox_height_px": 300.2860107421875
    },
    {
      "detection_id": 1,
      "class_name": "elephant",
      "yolo_class_id": 1,
      "confidence": 0.8519576191902161,
      "bbox_xyxy": [
        295.47802734375,
        249.10888671875,
        447.5264892578125,
        509.45367431640625
      ],
      "bbox_yolo": [
        0.5804722905158997,
        0.5926269888877869,
        0.2375757247209549,
        0.40678873658180237
      ],
      "bbox_width_px": 152.0484619140625,
      "bbox_height_px": 260.34478759765625
    },
    {
      "detection_id": 2,
      "class_name": "elephant",
      "yolo_class_id": 1,
      "confidence": 0.8190792798995972,
      "bbox_xyxy": [
        446.10284423828125,
        314.4581604003906,
        555.6581420898438,
        442.1680603027344
      ],
      "bbox_yolo": [
        0.7826257944107056,
        0.5911142230033875,
        0.17118015885353088,
        0.1995467245578766
      ],
      "bbox_width_px": 109.5552978515625,
      "bbox_height_px": 127.70989990234375
    }
  ]
}