{
  "index": 986,
  "dataframe_iter_index": 986,
  "image_path": "./datasets/sAFRICANWILDLIFE_FLUXFP8/images/986.jpg",
  "image_width": 640,
  "image_height": 640,
  "ground_truth_class": "elephant",
  "grounding_prompt": "elephant",
  "timestamp": "2026-05-04T20:12:55.565328",
  "num_detections": 3,
  "detections": [
    {
      "detection_id": 0,
      "class_name": "elephant",
      "yolo_class_id": 1,
      "confidence": 0.8732374310493469,
      "bbox_xyxy": [
        347.98956298828125,
        191.3737030029297,
        588.7097778320312,
        528.8701782226562
      ],
      "bbox_yolo": [
        0.731796383857727,
        0.5626905560493469,
        0.3761253356933594,
        0.5273382067680359
      ],
      "bbox_width_px": 240.72021484375,
      "bbox_height_px": 337.4964599609375
    },
    {
      "detection_id": 1,
      "class_name": "elephant",
      "yolo_class_id": 1,
      "confidence": 0.8692592978477478,
      "bbox_xyxy": [
        65.43128204345703,
        195.79537963867188,
        282.5095520019531,
        456.4310607910156
      ],
      "bbox_yolo": [
        0.2718287706375122,
        0.5095518827438354,
        0.33918482065200806,
        0.4072432518005371
      ],
      "bbox_width_px": 217.07827758789062,
      "bbox_height_px": 260.63568115234375
    },
    {
      "detection_id": 2,
      "class_name": "elephant",
      "yolo_class_id": 1,
      "confidence": 0.83736652135849,
      "bbox_xyxy": [
        261.1911315917969,
        252.9095001220703,
        374.4551696777344,
        477.77435302734375
      ],
      "bbox_yolo": [
        0.49659866094589233,
        0.5708467364311218,
        0.1769750565290451,
        0.3513513207435608
      ],
      "bbox_width_px": 113.2640380859375,
      "bbox_height_px": 224.86485290527344
    }
  ]
}