{
  "index": 997,
  "dataframe_iter_index": 997,
  "image_path": "./datasets/sAFRICANWILDLIFE_FLUXFP8/images/997.jpg",
  "image_width": 640,
  "image_height": 640,
  "ground_truth_class": "elephant",
  "grounding_prompt": "elephant",
  "timestamp": "2026-05-04T20:13:03.406039",
  "num_detections": 2,
  "detections": [
    {
      "detection_id": 0,
      "class_name": "elephant",
      "yolo_class_id": 1,
      "confidence": 0.790891170501709,
      "bbox_xyxy": [
        78.73043823242188,
        107.53840637207031,
        376.48681640625,
        536.4274291992188
      ],
      "bbox_yolo": [
        0.3556384742259979,
        0.5030983090400696,
        0.4652443528175354,
        0.6701391339302063
      ],
      "bbox_width_px": 297.7563781738281,
      "bbox_height_px": 428.8890380859375
    },
    {
      "detection_id": 1,
      "class_name": "elephant",
      "yolo_class_id": 1,
      "confidence": 0.5582870244979858,
      "bbox_xyxy": [
        315.82220458984375,
        177.6577911376953,
        551.8851928710938,
        530.1771850585938
      ],
      "bbox_yolo": [
        0.6778963804244995,
        0.552996039390564,
        0.36884841322898865,
        0.5508115887641907
      ],
      "bbox_width_px": 236.06298828125,
      "bbox_height_px": 352.5194091796875
    }
  ]
}