epoch,time,train/box_loss,train/cls_loss,train/dfl_loss,metrics/precision(B),metrics/recall(B),metrics/mAP50(B),metrics/mAP50-95(B),val/box_loss,val/cls_loss,val/dfl_loss,lr/pg0,lr/pg1,lr/pg2,lr/pg3,lr/pg4,lr/pg5,lr/pg6,lr/pg7
1,372.169,3.6615,8.5301,0.0577,0.00031,0.01274,0.00019,4e-05,3.80385,5.57633,0.08927,0.00997333,0.00332444,0.00997333,0.00332444,0.00997333,0.00332444,0.00997333,0.00332444
2,653.503,3.03262,6.52212,0.04752,0.00253,0.24323,0.00302,0.00096,2.83116,4.1594,0.07034,0.0199338,0.0066446,0.0199338,0.0066446,0.0199338,0.0066446,0.0199338,0.0066446
3,918.298,2.12462,3.95481,0.03017,0.08313,0.03928,0.01894,0.00656,2.14328,4.13204,0.0505,0.0298546,0.00995155,0.0298546,0.00995155,0.0298546,0.00995155,0.0298546,0.00995155
