epoch,time,train/box_loss,train/cls_loss,train/dfl_loss,metrics/precision(B),metrics/recall(B),metrics/mAP50(B),metrics/mAP50-95(B),val/box_loss,val/cls_loss,val/dfl_loss,lr/pg0,lr/pg1,lr/pg2
1,196.414,3.82207,7.94871,0.06757,0,0,0,0,3.92776,3.99387,0.09053,0.000137888,0.000137888,0.000137888
2,337.529,3.63379,6.50745,0.06433,0.00042,0.01246,0.00025,4e-05,nan,nan,nan,0.00027634,0.00027634,0.00027634
3,479.251,3.27734,5.16956,0.0583,0.00084,0.03352,0.00047,0.00013,nan,nan,nan,0.000414241,0.000414241,0.000414241
4,621.461,3.01267,4.80048,0.05489,0.00137,0.09262,0.00153,0.0003,3.11124,4.31073,0.07959,0.000414523,0.000414523,0.000414523
5,764.435,2.91357,4.66142,0.05163,0.00181,0.13202,0.00318,0.00088,2.90104,4.19941,0.07461,0.000413697,0.000413697,0.000413697
6,909.065,2.79152,4.60904,0.05026,0.00207,0.14901,0.00227,0.00059,2.77834,4.19445,0.06974,0.000412872,0.000412872,0.000412872
7,1054.93,2.72761,4.59685,0.04897,0.00186,0.14961,0.00224,0.00051,2.84056,4.1103,0.07248,0.000412046,0.000412046,0.000412046
