epoch,time,train/box_loss,train/cls_loss,train/dfl_loss,metrics/precision(B),metrics/recall(B),metrics/mAP50(B),metrics/mAP50-95(B),val/box_loss,val/cls_loss,val/dfl_loss,lr/pg0,lr/pg1,lr/pg2,lr/pg3,lr/pg4,lr/pg5,lr/pg6,lr/pg7
1,795.568,1.2025,1.60492,0.00493,0.59888,0.54511,0.57415,0.34949,1.30163,1.01356,0.00721,0.00999272,0.00333091,0.00999272,0.00333091,0.00999272,0.00333091,0.00999272,0.00333091
2,1447.89,1.16729,1.02508,0.00495,0.6551,0.56271,0.62426,0.38699,1.27015,0.92608,0.00716,0.0199531,0.00665105,0.0199531,0.00665105,0.0199531,0.00665105,0.0199531,0.00665105
3,2065.42,1.24112,1.0968,0.00561,0.5594,0.51265,0.54639,0.32964,1.35246,1.04977,0.00787,0.029874,0.00995798,0.029874,0.00995798,0.029874,0.00995798,0.029874,0.00995798
