{
  "index": 1025,
  "dataframe_iter_index": 1025,
  "image_path": "./datasets/sFERNANDO_FLUX29B/images/1025.png",
  "image_width": 640,
  "image_height": 640,
  "ground_truth_class": "small boat",
  "grounding_prompt": "boat",
  "timestamp": "2026-05-04T19:39:43.729597",
  "num_detections": 2,
  "detections": [
    {
      "detection_id": 0,
      "class_name": "small boat",
      "yolo_class_id": 9,
      "confidence": 0.7411879897117615,
      "bbox_xyxy": [
        367.68365478515625,
        353.05780029296875,
        466.73236083984375,
        374.34600830078125
      ],
      "bbox_yolo": [
        0.6518875360488892,
        0.5682842135429382,
        0.1547636091709137,
        0.03326282650232315
      ],
      "bbox_width_px": 99.0487060546875,
      "bbox_height_px": 21.2882080078125
    },
    {
      "detection_id": 1,
      "class_name": "small boat",
      "yolo_class_id": 9,
      "confidence": 0.5467323064804077,
      "bbox_xyxy": [
        198.36265563964844,
        340.9088134765625,
        269.5429382324219,
        373.646484375
      ],
      "bbox_yolo": [
        0.365551233291626,
        0.5582463145256042,
        0.11121919006109238,
        0.051152609288692474
      ],
      "bbox_width_px": 71.18028259277344,
      "bbox_height_px": 32.7376708984375
    }
  ]
}