{
  "index": 1068,
  "dataframe_iter_index": 1068,
  "image_path": "./datasets/sFERNANDO_FLUX29B/images/1068.png",
  "image_width": 640,
  "image_height": 640,
  "ground_truth_class": "small boat",
  "grounding_prompt": "boat",
  "timestamp": "2026-05-04T19:40:31.717426",
  "num_detections": 1,
  "detections": [
    {
      "detection_id": 0,
      "class_name": "small boat",
      "yolo_class_id": 9,
      "confidence": 0.9559536576271057,
      "bbox_xyxy": [
        244.7024688720703,
        266.966064453125,
        375.79156494140625,
        375.55908203125
      ],
      "bbox_yolo": [
        0.48476094007492065,
        0.5019727945327759,
        0.2048267126083374,
        0.16967658698558807
      ],
      "bbox_width_px": 131.08909606933594,
      "bbox_height_px": 108.593017578125
    }
  ]
}