{
  "index": 1179,
  "dataframe_iter_index": 1179,
  "image_path": "./datasets/sFERNANDO_FLUX29B/images/1179.png",
  "image_width": 640,
  "image_height": 640,
  "ground_truth_class": "small boat",
  "grounding_prompt": "boat",
  "timestamp": "2026-05-04T19:42:36.653942",
  "num_detections": 1,
  "detections": [
    {
      "detection_id": 0,
      "class_name": "small boat",
      "yolo_class_id": 9,
      "confidence": 0.9385890960693359,
      "bbox_xyxy": [
        194.07754516601562,
        269.0819091796875,
        415.2256164550781,
        497.14495849609375
      ],
      "bbox_yolo": [
        0.47601810097694397,
        0.5986147522926331,
        0.34554386138916016,
        0.35634851455688477
      ],
      "bbox_width_px": 221.1480712890625,
      "bbox_height_px": 228.06304931640625
    }
  ]
}