{
  "index": 1185,
  "dataframe_iter_index": 1185,
  "image_path": "./datasets/sFERNANDO_FLUX29B/images/1185.png",
  "image_width": 640,
  "image_height": 640,
  "ground_truth_class": "small boat",
  "grounding_prompt": "boat",
  "timestamp": "2026-05-04T19:42:43.451083",
  "num_detections": 2,
  "detections": [
    {
      "detection_id": 0,
      "class_name": "small boat",
      "yolo_class_id": 9,
      "confidence": 0.9098019599914551,
      "bbox_xyxy": [
        205.89564514160156,
        335.513671875,
        311.1838684082031,
        415.652587890625
      ],
      "bbox_yolo": [
        0.4039683938026428,
        0.5868486166000366,
        0.16451284289360046,
        0.12521705031394958
      ],
      "bbox_width_px": 105.28822326660156,
      "bbox_height_px": 80.138916015625
    },
    {
      "detection_id": 1,
      "class_name": "small boat",
      "yolo_class_id": 9,
      "confidence": 0.8749863505363464,
      "bbox_xyxy": [
        361.3944396972656,
        340.4126281738281,
        465.5831604003906,
        406.0246887207031
      ],
      "bbox_yolo": [
        0.6460762619972229,
        0.5831541419029236,
        0.16279487311840057,
        0.10251884162425995
      ],
      "bbox_width_px": 104.188720703125,
      "bbox_height_px": 65.612060546875
    }
  ]
}