{
  "index": 1188,
  "dataframe_iter_index": 1188,
  "image_path": "./datasets/sFERNANDO_FLUX29B/images/1188.png",
  "image_width": 640,
  "image_height": 640,
  "ground_truth_class": "small boat",
  "grounding_prompt": "boat",
  "timestamp": "2026-05-04T19:42:46.782033",
  "num_detections": 1,
  "detections": [
    {
      "detection_id": 0,
      "class_name": "small boat",
      "yolo_class_id": 9,
      "confidence": 0.9610283374786377,
      "bbox_xyxy": [
        226.74020385742188,
        259.78826904296875,
        389.9262390136719,
        419.84136962890625
      ],
      "bbox_yolo": [
        0.48177066445350647,
        0.5309606790542603,
        0.2549781799316406,
        0.25008296966552734
      ],
      "bbox_width_px": 163.18603515625,
      "bbox_height_px": 160.0531005859375
    }
  ]
}