{
  "index": 1232,
  "dataframe_iter_index": 1232,
  "image_path": "./datasets/sFERNANDO_FLUX29B/images/1232.png",
  "image_width": 640,
  "image_height": 640,
  "ground_truth_class": "small boat",
  "grounding_prompt": "boat",
  "timestamp": "2026-05-04T19:43:36.119146",
  "num_detections": 1,
  "detections": [
    {
      "detection_id": 0,
      "class_name": "small boat",
      "yolo_class_id": 9,
      "confidence": 0.9366351962089539,
      "bbox_xyxy": [
        213.0865936279297,
        293.1890563964844,
        370.93975830078125,
        413.5963439941406
      ],
      "bbox_yolo": [
        0.45627060532569885,
        0.5521761178970337,
        0.24664556980133057,
        0.18813638389110565
      ],
      "bbox_width_px": 157.85316467285156,
      "bbox_height_px": 120.40728759765625
    }
  ]
}