{
  "index": 1242,
  "dataframe_iter_index": 1242,
  "image_path": "./datasets/sFERNANDO_FLUX29B/images/1242.png",
  "image_width": 640,
  "image_height": 640,
  "ground_truth_class": "small boat",
  "grounding_prompt": "boat",
  "timestamp": "2026-05-04T19:43:47.299829",
  "num_detections": 2,
  "detections": [
    {
      "detection_id": 0,
      "class_name": "small boat",
      "yolo_class_id": 9,
      "confidence": 0.8701322078704834,
      "bbox_xyxy": [
        438.5355529785156,
        272.9109802246094,
        529.7175903320312,
        339.1443786621094
      ],
      "bbox_yolo": [
        0.7564477920532227,
        0.478168249130249,
        0.14247193932533264,
        0.10348968207836151
      ],
      "bbox_width_px": 91.18203735351562,
      "bbox_height_px": 66.2333984375
    },
    {
      "detection_id": 1,
      "class_name": "small boat",
      "yolo_class_id": 9,
      "confidence": 0.8890823721885681,
      "bbox_xyxy": [
        252.08847045898438,
        293.55914306640625,
        374.4262390136719,
        359.7239990234375
      ],
      "bbox_yolo": [
        0.4894646108150482,
        0.5103774666786194,
        0.19115276634693146,
        0.10338258743286133
      ],
      "bbox_width_px": 122.3377685546875,
      "bbox_height_px": 66.16485595703125
    }
  ]
}