{
  "index": 1247,
  "dataframe_iter_index": 1247,
  "image_path": "./datasets/sFERNANDO_FLUX29B/images/1247.png",
  "image_width": 640,
  "image_height": 640,
  "ground_truth_class": "small boat",
  "grounding_prompt": "boat",
  "timestamp": "2026-05-04T19:43:52.860689",
  "num_detections": 1,
  "detections": [
    {
      "detection_id": 0,
      "class_name": "small boat",
      "yolo_class_id": 9,
      "confidence": 0.9570003747940063,
      "bbox_xyxy": [
        138.5931854248047,
        395.921875,
        446.32293701171875,
        525.7662963867188
      ],
      "bbox_yolo": [
        0.45696574449539185,
        0.7200688719749451,
        0.4808277189731598,
        0.20288190245628357
      ],
      "bbox_width_px": 307.729736328125,
      "bbox_height_px": 129.84442138671875
    }
  ]
}