{
  "index": 1276,
  "dataframe_iter_index": 1276,
  "image_path": "./datasets/sFERNANDO_FLUX29B/images/1276.png",
  "image_width": 640,
  "image_height": 640,
  "ground_truth_class": "small boat",
  "grounding_prompt": "boat",
  "timestamp": "2026-05-04T19:44:25.789280",
  "num_detections": 1,
  "detections": [
    {
      "detection_id": 0,
      "class_name": "small boat",
      "yolo_class_id": 9,
      "confidence": 0.9444860816001892,
      "bbox_xyxy": [
        237.6217498779297,
        296.1107177734375,
        386.74920654296875,
        426.13665771484375
      ],
      "bbox_yolo": [
        0.4877898097038269,
        0.5642557740211487,
        0.2330116480588913,
        0.20316553115844727
      ],
      "bbox_width_px": 149.12745666503906,
      "bbox_height_px": 130.02593994140625
    }
  ]
}