{
  "index": 1319,
  "dataframe_iter_index": 1319,
  "image_path": "./datasets/sFERNANDO_FLUX29B/images/1319.png",
  "image_width": 640,
  "image_height": 640,
  "ground_truth_class": "small boat",
  "grounding_prompt": "boat",
  "timestamp": "2026-05-04T19:45:14.074706",
  "num_detections": 1,
  "detections": [
    {
      "detection_id": 0,
      "class_name": "small boat",
      "yolo_class_id": 9,
      "confidence": 0.9399904012680054,
      "bbox_xyxy": [
        243.63742065429688,
        323.05584716796875,
        385.5671691894531,
        377.73626708984375
      ],
      "bbox_yolo": [
        0.49156609177589417,
        0.5474938154220581,
        0.22176523506641388,
        0.08543815463781357
      ],
      "bbox_width_px": 141.92974853515625,
      "bbox_height_px": 54.680419921875
    }
  ]
}