{
  "index": 1342,
  "dataframe_iter_index": 1342,
  "image_path": "./datasets/sFERNANDO_FLUX29B/images/1342.png",
  "image_width": 640,
  "image_height": 640,
  "ground_truth_class": "small boat",
  "grounding_prompt": "boat",
  "timestamp": "2026-05-04T19:45:39.893452",
  "num_detections": 3,
  "detections": [
    {
      "detection_id": 0,
      "class_name": "small boat",
      "yolo_class_id": 9,
      "confidence": 0.6886773109436035,
      "bbox_xyxy": [
        253.87025451660156,
        311.7390441894531,
        351.2846374511719,
        361.3932189941406
      ],
      "bbox_yolo": [
        0.47277727723121643,
        0.5258845686912537,
        0.15220996737480164,
        0.0775846466422081
      ],
      "bbox_width_px": 97.41438293457031,
      "bbox_height_px": 49.6541748046875
    },
    {
      "detection_id": 1,
      "class_name": "small boat",
      "yolo_class_id": 9,
      "confidence": 0.7198134064674377,
      "bbox_xyxy": [
        110.65156555175781,
        329.3025817871094,
        191.3280487060547,
        368.2956848144531
      ],
      "bbox_yolo": [
        0.23592157661914825,
        0.5449986457824707,
        0.1260569989681244,
        0.06092672422528267
      ],
      "bbox_width_px": 80.67648315429688,
      "bbox_height_px": 38.99310302734375
    },
    {
      "detection_id": 2,
      "class_name": "small boat",
      "yolo_class_id": 9,
      "confidence": 0.44481161236763,
      "bbox_xyxy": [
        384.68817138671875,
        340.4950866699219,
        491.23236083984375,
        372.2919006347656
      ],
      "bbox_yolo": [
        0.6843129396438599,
        0.556864857673645,
        0.1664752960205078,
        0.04968252032995224
      ],
      "bbox_width_px": 106.544189453125,
      "bbox_height_px": 31.79681396484375
    }
  ]
}