{
  "index": 1364,
  "dataframe_iter_index": 1364,
  "image_path": "./datasets/sFERNANDO_FLUX29B/images/1364.png",
  "image_width": 640,
  "image_height": 640,
  "ground_truth_class": "small boat",
  "grounding_prompt": "boat",
  "timestamp": "2026-05-04T19:46:04.557980",
  "num_detections": 1,
  "detections": [
    {
      "detection_id": 0,
      "class_name": "small boat",
      "yolo_class_id": 9,
      "confidence": 0.8586341738700867,
      "bbox_xyxy": [
        252.497802734375,
        306.15679931640625,
        382.03717041015625,
        374.77362060546875
      ],
      "bbox_yolo": [
        0.495730459690094,
        0.5319768786430359,
        0.20240525901317596,
        0.10721378028392792
      ],
      "bbox_width_px": 129.53936767578125,
      "bbox_height_px": 68.6168212890625
    }
  ]
}