{
  "index": 1375,
  "dataframe_iter_index": 1375,
  "image_path": "./datasets/sFERNANDO_FLUX29B/images/1375.png",
  "image_width": 640,
  "image_height": 640,
  "ground_truth_class": "small boat",
  "grounding_prompt": "boat",
  "timestamp": "2026-05-04T19:46:16.970801",
  "num_detections": 2,
  "detections": [
    {
      "detection_id": 0,
      "class_name": "small boat",
      "yolo_class_id": 9,
      "confidence": 0.8839398622512817,
      "bbox_xyxy": [
        246.4374237060547,
        321.2967224121094,
        393.2659912109375,
        372.4320373535156
      ],
      "bbox_yolo": [
        0.49976831674575806,
        0.5419756174087524,
        0.22941963374614716,
        0.07989893108606339
      ],
      "bbox_width_px": 146.8285675048828,
      "bbox_height_px": 51.13531494140625
    },
    {
      "detection_id": 1,
      "class_name": "small boat",
      "yolo_class_id": 9,
      "confidence": 0.3621145486831665,
      "bbox_xyxy": [
        242.4801483154297,
        361.65533447265625,
        391.06463623046875,
        402.00885009765625
      ],
      "bbox_yolo": [
        0.4949568808078766,
        0.5966126322746277,
        0.23216326534748077,
        0.06305237114429474
      ],
      "bbox_width_px": 148.58448791503906,
      "bbox_height_px": 40.353515625
    }
  ]
}