{
  "index": 1388,
  "dataframe_iter_index": 1388,
  "image_path": "./datasets/sFERNANDO_FLUX29B/images/1388.png",
  "image_width": 640,
  "image_height": 640,
  "ground_truth_class": "small boat",
  "grounding_prompt": "boat",
  "timestamp": "2026-05-04T19:46:31.631979",
  "num_detections": 1,
  "detections": [
    {
      "detection_id": 0,
      "class_name": "small boat",
      "yolo_class_id": 9,
      "confidence": 0.9349330067634583,
      "bbox_xyxy": [
        231.81512451171875,
        390.31793212890625,
        374.26739501953125,
        503.87359619140625
      ],
      "bbox_yolo": [
        0.473501980304718,
        0.6985871195793152,
        0.2225816696882248,
        0.17743071913719177
      ],
      "bbox_width_px": 142.4522705078125,
      "bbox_height_px": 113.5556640625
    }
  ]
}