{
  "index": 1412,
  "dataframe_iter_index": 1412,
  "image_path": "./datasets/sFERNANDO_FLUX29B/images/1412.png",
  "image_width": 640,
  "image_height": 640,
  "ground_truth_class": "small boat",
  "grounding_prompt": "boat",
  "timestamp": "2026-05-04T19:46:58.545271",
  "num_detections": 1,
  "detections": [
    {
      "detection_id": 0,
      "class_name": "small boat",
      "yolo_class_id": 9,
      "confidence": 0.8253664970397949,
      "bbox_xyxy": [
        242.8111572265625,
        293.51153564453125,
        390.0794677734375,
        385.2890625
      ],
      "bbox_yolo": [
        0.49444580078125,
        0.5303129553794861,
        0.23010674118995667,
        0.14340238273143768
      ],
      "bbox_width_px": 147.268310546875,
      "bbox_height_px": 91.77752685546875
    }
  ]
}