{
  "index": 1423,
  "dataframe_iter_index": 1423,
  "image_path": "./datasets/sFERNANDO_FLUX29B/images/1423.png",
  "image_width": 640,
  "image_height": 640,
  "ground_truth_class": "small boat",
  "grounding_prompt": "boat",
  "timestamp": "2026-05-04T19:47:11.522314",
  "num_detections": 1,
  "detections": [
    {
      "detection_id": 0,
      "class_name": "small boat",
      "yolo_class_id": 9,
      "confidence": 0.4744313657283783,
      "bbox_xyxy": [
        123.19137573242188,
        20.048843383789062,
        456.5019836425781,
        531.2506713867188
      ],
      "bbox_yolo": [
        0.4528854489326477,
        0.43070274591445923,
        0.520797848701477,
        0.7987529039382935
      ],
      "bbox_width_px": 333.31060791015625,
      "bbox_height_px": 511.20184326171875
    }
  ]
}