{
  "index": 1500,
  "dataframe_iter_index": 1500,
  "image_path": "./datasets/sFERNANDO_FLUX29B/images/1500.png",
  "image_width": 640,
  "image_height": 640,
  "ground_truth_class": "small boat",
  "grounding_prompt": "boat",
  "timestamp": "2026-05-04T19:48:39.181432",
  "num_detections": 1,
  "detections": [
    {
      "detection_id": 0,
      "class_name": "small boat",
      "yolo_class_id": 9,
      "confidence": 0.8475668430328369,
      "bbox_xyxy": [
        268.9056091308594,
        464.25543212890625,
        341.5162048339844,
        547.3040771484375
      ],
      "bbox_yolo": [
        0.47689205408096313,
        0.7902808785438538,
        0.11345405876636505,
        0.12976351380348206
      ],
      "bbox_width_px": 72.610595703125,
      "bbox_height_px": 83.04864501953125
    }
  ]
}