{
  "index": 1563,
  "dataframe_iter_index": 1563,
  "image_path": "./datasets/sFERNANDO_FLUX29B/images/1563.png",
  "image_width": 640,
  "image_height": 640,
  "ground_truth_class": "pedal boat",
  "grounding_prompt": "boat",
  "timestamp": "2026-05-04T19:49:53.867248",
  "num_detections": 1,
  "detections": [
    {
      "detection_id": 0,
      "class_name": "pedal boat",
      "yolo_class_id": 7,
      "confidence": 0.8340294361114502,
      "bbox_xyxy": [
        128.90640258789062,
        0.3089447021484375,
        469.4021911621094,
        503.1441650390625
      ],
      "bbox_yolo": [
        0.467428594827652,
        0.39332276582717896,
        0.5320246815681458,
        0.7856799960136414
      ],
      "bbox_width_px": 340.49578857421875,
      "bbox_height_px": 502.835205078125
    }
  ]
}