{
  "index": 1587,
  "dataframe_iter_index": 1587,
  "image_path": "./datasets/sFERNANDO_FLUX29B/images/1587.png",
  "image_width": 640,
  "image_height": 640,
  "ground_truth_class": "pedal boat",
  "grounding_prompt": "boat",
  "timestamp": "2026-05-04T19:50:23.815153",
  "num_detections": 4,
  "detections": [
    {
      "detection_id": 0,
      "class_name": "pedal boat",
      "yolo_class_id": 7,
      "confidence": 0.8079683184623718,
      "bbox_xyxy": [
        118.15884399414062,
        247.33596801757812,
        461.8798522949219,
        499.0419616699219
      ],
      "bbox_yolo": [
        0.4531552195549011,
        0.5831077694892883,
        0.5370640754699707,
        0.39329060912132263
      ],
      "bbox_width_px": 343.72100830078125,
      "bbox_height_px": 251.70599365234375
    },
    {
      "detection_id": 1,
      "class_name": "pedal boat",
      "yolo_class_id": 7,
      "confidence": 0.48553547263145447,
      "bbox_xyxy": [
        11.515960693359375,
        276.84918212890625,
        111.83953857421875,
        328.52850341796875
      ],
      "bbox_yolo": [
        0.09637148678302765,
        0.47295132279396057,
        0.15675559639930725,
        0.08074893802404404
      ],
      "bbox_width_px": 100.32357788085938,
      "bbox_height_px": 51.6793212890625
    },
    {
      "detection_id": 2,
      "class_name": "pedal boat",
      "yolo_class_id": 7,
      "confidence": 0.4125857651233673,
      "bbox_xyxy": [
        126.99067687988281,
        289.61163330078125,
        241.5080108642578,
        323.99945068359375
      ],
      "bbox_yolo": [
        0.28788959980010986,
        0.479383647441864,
        0.17893333733081818,
        0.05373096466064453
      ],
      "bbox_width_px": 114.517333984375,
      "bbox_height_px": 34.3878173828125
    },
    {
      "detection_id": 3,
      "class_name": "pedal boat",
      "yolo_class_id": 7,
      "confidence": 0.3725008964538574,
      "bbox_xyxy": [
        401.2242431640625,
        277.11865234375,
        517.5775756835938,
        313.4073486328125
      ],
      "bbox_yolo": [
        0.7178139090538025,
        0.46134844422340393,
        0.18180207908153534,
        0.05670108646154404
      ],
      "bbox_width_px": 116.35333251953125,
      "bbox_height_px": 36.2886962890625
    }
  ]
}