{
  "index": 1646,
  "dataframe_iter_index": 1646,
  "image_path": "./datasets/sFERNANDO_FLUX29B/images/1646.png",
  "image_width": 640,
  "image_height": 640,
  "ground_truth_class": "pedal boat",
  "grounding_prompt": "boat",
  "timestamp": "2026-05-04T19:51:34.901933",
  "num_detections": 3,
  "detections": [
    {
      "detection_id": 0,
      "class_name": "pedal boat",
      "yolo_class_id": 7,
      "confidence": 0.8039495944976807,
      "bbox_xyxy": [
        17.07745361328125,
        298.2962341308594,
        226.35086059570312,
        398.4936828613281
      ],
      "bbox_yolo": [
        0.19017836451530457,
        0.5443671345710754,
        0.32698971033096313,
        0.15655851364135742
      ],
      "bbox_width_px": 209.27340698242188,
      "bbox_height_px": 100.19744873046875
    },
    {
      "detection_id": 1,
      "class_name": "pedal boat",
      "yolo_class_id": 7,
      "confidence": 0.7373889088630676,
      "bbox_xyxy": [
        412.4240417480469,
        298.77325439453125,
        596.921142578125,
        430.96209716796875
      ],
      "bbox_yolo": [
        0.7885509729385376,
        0.5701057314872742,
        0.288276731967926,
        0.20654506981372833
      ],
      "bbox_width_px": 184.49710083007812,
      "bbox_height_px": 132.1888427734375
    },
    {
      "detection_id": 2,
      "class_name": "pedal boat",
      "yolo_class_id": 7,
      "confidence": 0.7823770642280579,
      "bbox_xyxy": [
        206.24179077148438,
        299.16668701171875,
        399.1092224121094,
        413.54827880859375
      ],
      "bbox_yolo": [
        0.4729304909706116,
        0.556808590888977,
        0.30135536193847656,
        0.17872123420238495
      ],
      "bbox_width_px": 192.867431640625,
      "bbox_height_px": 114.381591796875
    }
  ]
}