{
  "index": 1652,
  "dataframe_iter_index": 1652,
  "image_path": "./datasets/sFERNANDO_FLUX29B/images/1652.png",
  "image_width": 640,
  "image_height": 640,
  "ground_truth_class": "pedal boat",
  "grounding_prompt": "boat",
  "timestamp": "2026-05-04T19:51:41.635265",
  "num_detections": 1,
  "detections": [
    {
      "detection_id": 0,
      "class_name": "pedal boat",
      "yolo_class_id": 7,
      "confidence": 0.9391040802001953,
      "bbox_xyxy": [
        136.1840057373047,
        246.19741821289062,
        394.17498779296875,
        405.5299987792969
      ],
      "bbox_yolo": [
        0.4143429696559906,
        0.5091620683670044,
        0.40311089158058167,
        0.24895715713500977
      ],
      "bbox_width_px": 257.990966796875,
      "bbox_height_px": 159.33258056640625
    }
  ]
}