{
  "index": 1654,
  "dataframe_iter_index": 1654,
  "image_path": "./datasets/sFERNANDO_FLUX29B/images/1654.png",
  "image_width": 640,
  "image_height": 640,
  "ground_truth_class": "pedal boat",
  "grounding_prompt": "boat",
  "timestamp": "2026-05-04T19:51:43.936925",
  "num_detections": 4,
  "detections": [
    {
      "detection_id": 0,
      "class_name": "pedal boat",
      "yolo_class_id": 7,
      "confidence": 0.8214391469955444,
      "bbox_xyxy": [
        428.45263671875,
        306.52313232421875,
        586.8824462890625,
        418.24053955078125
      ],
      "bbox_yolo": [
        0.7932305335998535,
        0.5662215948104858,
        0.24754658341407776,
        0.17455844581127167
      ],
      "bbox_width_px": 158.4298095703125,
      "bbox_height_px": 111.7174072265625
    },
    {
      "detection_id": 1,
      "class_name": "pedal boat",
      "yolo_class_id": 7,
      "confidence": 0.8181376457214355,
      "bbox_xyxy": [
        227.41534423828125,
        304.07208251953125,
        392.42620849609375,
        419.146240234375
      ],
      "bbox_yolo": [
        0.4842512011528015,
        0.5650143027305603,
        0.257829487323761,
        0.17980337142944336
      ],
      "bbox_width_px": 165.0108642578125,
      "bbox_height_px": 115.07415771484375
    },
    {
      "detection_id": 2,
      "class_name": "pedal boat",
      "yolo_class_id": 7,
      "confidence": 0.8103339672088623,
      "bbox_xyxy": [
        30.303009033203125,
        302.6488952636719,
        213.4222869873047,
        392.1669006347656
      ],
      "bbox_yolo": [
        0.19041039049625397,
        0.5428248643875122,
        0.2861238718032837,
        0.13987188041210175
      ],
      "bbox_width_px": 183.11927795410156,
      "bbox_height_px": 89.51800537109375
    },
    {
      "detection_id": 3,
      "class_name": "pedal boat",
      "yolo_class_id": 7,
      "confidence": 0.355609267950058,
      "bbox_xyxy": [
        226.43328857421875,
        394.9465637207031,
        390.93939208984375,
        507.8706970214844
      ],
      "bbox_yolo": [
        0.4823223948478699,
        0.7053259611129761,
        0.257040798664093,
        0.17644396424293518
      ],
      "bbox_width_px": 164.506103515625,
      "bbox_height_px": 112.92413330078125
    }
  ]
}