{
  "index": 1686,
  "dataframe_iter_index": 1686,
  "image_path": "./datasets/sFERNANDO_FLUX29B/images/1686.png",
  "image_width": 640,
  "image_height": 640,
  "ground_truth_class": "pedal boat",
  "grounding_prompt": "boat",
  "timestamp": "2026-05-04T19:52:22.393319",
  "num_detections": 3,
  "detections": [
    {
      "detection_id": 0,
      "class_name": "pedal boat",
      "yolo_class_id": 7,
      "confidence": 0.8229740858078003,
      "bbox_xyxy": [
        229.63650512695312,
        301.82623291015625,
        394.6575622558594,
        479.69610595703125
      ],
      "bbox_yolo": [
        0.4877297282218933,
        0.6105643510818481,
        0.257845401763916,
        0.2779216766357422
      ],
      "bbox_width_px": 165.02105712890625,
      "bbox_height_px": 177.869873046875
    },
    {
      "detection_id": 1,
      "class_name": "pedal boat",
      "yolo_class_id": 7,
      "confidence": 0.795704185962677,
      "bbox_xyxy": [
        27.051620483398438,
        303.2747497558594,
        237.71315002441406,
        475.6709289550781
      ],
      "bbox_yolo": [
        0.20684747397899628,
        0.6085513234138489,
        0.32915863394737244,
        0.2693690359592438
      ],
      "bbox_width_px": 210.66152954101562,
      "bbox_height_px": 172.39617919921875
    },
    {
      "detection_id": 2,
      "class_name": "pedal boat",
      "yolo_class_id": 7,
      "confidence": 0.826168954372406,
      "bbox_xyxy": [
        401.9338684082031,
        306.4067687988281,
        596.51611328125,
        477.7829284667969
      ],
      "bbox_yolo": [
        0.7800390124320984,
        0.6126481890678406,
        0.3040347695350647,
        0.2677752375602722
      ],
      "bbox_width_px": 194.58224487304688,
      "bbox_height_px": 171.37615966796875
    }
  ]
}