{
  "index": 1709,
  "dataframe_iter_index": 1709,
  "image_path": "./datasets/sFERNANDO_FLUX29B/images/1709.png",
  "image_width": 640,
  "image_height": 640,
  "ground_truth_class": "pedal boat",
  "grounding_prompt": "boat",
  "timestamp": "2026-05-04T19:52:49.157104",
  "num_detections": 2,
  "detections": [
    {
      "detection_id": 0,
      "class_name": "pedal boat",
      "yolo_class_id": 7,
      "confidence": 0.8577849268913269,
      "bbox_xyxy": [
        56.865501403808594,
        268.83404541015625,
        284.99774169921875,
        439.98052978515625
      ],
      "bbox_yolo": [
        0.2670806646347046,
        0.55376136302948,
        0.35645660758018494,
        0.267416387796402
      ],
      "bbox_width_px": 228.13223266601562,
      "bbox_height_px": 171.146484375
    },
    {
      "detection_id": 1,
      "class_name": "pedal boat",
      "yolo_class_id": 7,
      "confidence": 0.8046367168426514,
      "bbox_xyxy": [
        354.81719970703125,
        269.646240234375,
        594.21533203125,
        421.1544189453125
      ],
      "bbox_yolo": [
        0.7414316534996033,
        0.539687991142273,
        0.3740595877170563,
        0.23673152923583984
      ],
      "bbox_width_px": 239.39813232421875,
      "bbox_height_px": 151.5081787109375
    }
  ]
}