{
  "index": 1716,
  "dataframe_iter_index": 1716,
  "image_path": "./datasets/sFERNANDO_FLUX29B/images/1716.png",
  "image_width": 640,
  "image_height": 640,
  "ground_truth_class": "pedal boat",
  "grounding_prompt": "boat",
  "timestamp": "2026-05-04T19:52:56.961069",
  "num_detections": 1,
  "detections": [
    {
      "detection_id": 0,
      "class_name": "pedal boat",
      "yolo_class_id": 7,
      "confidence": 0.9528042674064636,
      "bbox_xyxy": [
        211.25552368164062,
        299.63470458984375,
        398.6864318847656,
        416.94158935546875
      ],
      "bbox_yolo": [
        0.4765171408653259,
        0.5598252415657043,
        0.29286080598831177,
        0.18329200148582458
      ],
      "bbox_width_px": 187.430908203125,
      "bbox_height_px": 117.306884765625
    }
  ]
}