{
  "index": 1723,
  "dataframe_iter_index": 1723,
  "image_path": "./datasets/sFERNANDO_FLUX29B/images/1723.png",
  "image_width": 640,
  "image_height": 640,
  "ground_truth_class": "pedal boat",
  "grounding_prompt": "boat",
  "timestamp": "2026-05-04T19:53:04.781681",
  "num_detections": 1,
  "detections": [
    {
      "detection_id": 0,
      "class_name": "pedal boat",
      "yolo_class_id": 7,
      "confidence": 0.9438592791557312,
      "bbox_xyxy": [
        171.73973083496094,
        297.5504455566406,
        444.9608154296875,
        444.8182067871094
      ],
      "bbox_yolo": [
        0.48179730772972107,
        0.5799754858016968,
        0.4269079267978668,
        0.23010587692260742
      ],
      "bbox_width_px": 273.2210693359375,
      "bbox_height_px": 147.26776123046875
    }
  ]
}