{
  "index": 1728,
  "dataframe_iter_index": 1728,
  "image_path": "./datasets/sFERNANDO_FLUX29B/images/1728.png",
  "image_width": 640,
  "image_height": 640,
  "ground_truth_class": "pedal boat",
  "grounding_prompt": "boat",
  "timestamp": "2026-05-04T19:53:10.393737",
  "num_detections": 1,
  "detections": [
    {
      "detection_id": 0,
      "class_name": "pedal boat",
      "yolo_class_id": 7,
      "confidence": 0.9467095732688904,
      "bbox_xyxy": [
        199.9009552001953,
        304.0654602050781,
        387.85003662109375,
        411.2102966308594
      ],
      "bbox_yolo": [
        0.45918044447898865,
        0.5588091611862183,
        0.2936704456806183,
        0.16741380095481873
      ],
      "bbox_width_px": 187.94908142089844,
      "bbox_height_px": 107.14483642578125
    }
  ]
}