{
  "index": 1731,
  "dataframe_iter_index": 1731,
  "image_path": "./datasets/sFERNANDO_FLUX29B/images/1731.png",
  "image_width": 640,
  "image_height": 640,
  "ground_truth_class": "pedal boat",
  "grounding_prompt": "boat",
  "timestamp": "2026-05-04T19:53:13.777414",
  "num_detections": 1,
  "detections": [
    {
      "detection_id": 0,
      "class_name": "pedal boat",
      "yolo_class_id": 7,
      "confidence": 0.9368703961372375,
      "bbox_xyxy": [
        205.54525756835938,
        304.1734619140625,
        381.8069152832031,
        413.3436279296875
      ],
      "bbox_yolo": [
        0.4588688910007477,
        0.5605602264404297,
        0.2754088342189789,
        0.17057839035987854
      ],
      "bbox_width_px": 176.26165771484375,
      "bbox_height_px": 109.170166015625
    }
  ]
}