{
  "index": 1755,
  "dataframe_iter_index": 1755,
  "image_path": "./datasets/sFERNANDO_FLUX29B/images/1755.png",
  "image_width": 640,
  "image_height": 640,
  "ground_truth_class": "pedal boat",
  "grounding_prompt": "boat",
  "timestamp": "2026-05-04T19:53:40.574575",
  "num_detections": 1,
  "detections": [
    {
      "detection_id": 0,
      "class_name": "pedal boat",
      "yolo_class_id": 7,
      "confidence": 0.9349477887153625,
      "bbox_xyxy": [
        216.47158813476562,
        300.9984436035156,
        390.2779235839844,
        408.6850891113281
      ],
      "bbox_yolo": [
        0.4740230441093445,
        0.5544402599334717,
        0.27157241106033325,
        0.1682603806257248
      ],
      "bbox_width_px": 173.80633544921875,
      "bbox_height_px": 107.6866455078125
    }
  ]
}