{
  "index": 1770,
  "dataframe_iter_index": 1770,
  "image_path": "./datasets/sFERNANDO_FLUX29B/images/1770.png",
  "image_width": 640,
  "image_height": 640,
  "ground_truth_class": "pedal boat",
  "grounding_prompt": "boat",
  "timestamp": "2026-05-04T19:53:57.453684",
  "num_detections": 3,
  "detections": [
    {
      "detection_id": 0,
      "class_name": "pedal boat",
      "yolo_class_id": 7,
      "confidence": 0.8099749088287354,
      "bbox_xyxy": [
        229.4332275390625,
        300.8722229003906,
        384.87982177734375,
        391.8703918457031
      ],
      "bbox_yolo": [
        0.4799320697784424,
        0.5412051677703857,
        0.2428853064775467,
        0.14218464493751526
      ],
      "bbox_width_px": 155.44659423828125,
      "bbox_height_px": 90.9981689453125
    },
    {
      "detection_id": 1,
      "class_name": "pedal boat",
      "yolo_class_id": 7,
      "confidence": 0.788896381855011,
      "bbox_xyxy": [
        426.3705139160156,
        301.57733154296875,
        553.25927734375,
        387.0018310546875
      ],
      "bbox_yolo": [
        0.765335738658905,
        0.5379524827003479,
        0.19826368987560272,
        0.13347578048706055
      ],
      "bbox_width_px": 126.88876342773438,
      "bbox_height_px": 85.42449951171875
    },
    {
      "detection_id": 2,
      "class_name": "pedal boat",
      "yolo_class_id": 7,
      "confidence": 0.837398886680603,
      "bbox_xyxy": [
        28.97563934326172,
        299.6991882324219,
        209.75149536132812,
        388.8694763183594
      ],
      "bbox_yolo": [
        0.18650558590888977,
        0.5379442572593689,
        0.2824622690677643,
        0.13932856917381287
      ],
      "bbox_width_px": 180.77584838867188,
      "bbox_height_px": 89.1702880859375
    }
  ]
}