{
  "index": 1788,
  "dataframe_iter_index": 1788,
  "image_path": "./datasets/sFERNANDO_FLUX29B/images/1788.png",
  "image_width": 640,
  "image_height": 640,
  "ground_truth_class": "pedal boat",
  "grounding_prompt": "boat",
  "timestamp": "2026-05-04T19:54:17.601186",
  "num_detections": 1,
  "detections": [
    {
      "detection_id": 0,
      "class_name": "pedal boat",
      "yolo_class_id": 7,
      "confidence": 0.9351018667221069,
      "bbox_xyxy": [
        264.4070739746094,
        492.5898742675781,
        334.4703674316406,
        534.2979736328125
      ],
      "bbox_yolo": [
        0.4678730070590973,
        0.8022561073303223,
        0.10947389900684357,
        0.06516890227794647
      ],
      "bbox_width_px": 70.06329345703125,
      "bbox_height_px": 41.708099365234375
    }
  ]
}