{
  "index": 1800,
  "dataframe_iter_index": 1800,
  "image_path": "./datasets/sFERNANDO_FLUX29B/images/1800.png",
  "image_width": 640,
  "image_height": 640,
  "ground_truth_class": "pedal boat",
  "grounding_prompt": "boat",
  "timestamp": "2026-05-04T19:54:30.992030",
  "num_detections": 1,
  "detections": [
    {
      "detection_id": 0,
      "class_name": "pedal boat",
      "yolo_class_id": 7,
      "confidence": 0.9243485331535339,
      "bbox_xyxy": [
        205.56686401367188,
        303.32373046875,
        395.5304260253906,
        395.544677734375
      ],
      "bbox_yolo": [
        0.46960726380348206,
        0.5459909439086914,
        0.2968180775642395,
        0.14409522712230682
      ],
      "bbox_width_px": 189.96356201171875,
      "bbox_height_px": 92.220947265625
    }
  ]
}