{
  "index": 1808,
  "dataframe_iter_index": 1808,
  "image_path": "./datasets/sFERNANDO_FLUX29B/images/1808.png",
  "image_width": 640,
  "image_height": 640,
  "ground_truth_class": "pedal boat",
  "grounding_prompt": "boat",
  "timestamp": "2026-05-04T19:54:39.925715",
  "num_detections": 1,
  "detections": [
    {
      "detection_id": 0,
      "class_name": "pedal boat",
      "yolo_class_id": 7,
      "confidence": 0.9325517416000366,
      "bbox_xyxy": [
        245.75357055664062,
        303.6750183105469,
        362.4267272949219,
        359.2931213378906
      ],
      "bbox_yolo": [
        0.47514086961746216,
        0.5179438591003418,
        0.18230180442333221,
        0.08690328896045685
      ],
      "bbox_width_px": 116.67315673828125,
      "bbox_height_px": 55.61810302734375
    }
  ]
}