{
  "index": 1816,
  "dataframe_iter_index": 1816,
  "image_path": "./datasets/sFERNANDO_FLUX29B/images/1816.png",
  "image_width": 640,
  "image_height": 640,
  "ground_truth_class": "pedal boat",
  "grounding_prompt": "boat",
  "timestamp": "2026-05-04T19:54:48.827286",
  "num_detections": 1,
  "detections": [
    {
      "detection_id": 0,
      "class_name": "pedal boat",
      "yolo_class_id": 7,
      "confidence": 0.9138897061347961,
      "bbox_xyxy": [
        205.9226837158203,
        295.6430969238281,
        395.9027099609375,
        392.8669128417969
      ],
      "bbox_yolo": [
        0.4701760709285736,
        0.5378984212875366,
        0.2968437969684601,
        0.15191221237182617
      ],
      "bbox_width_px": 189.9800262451172,
      "bbox_height_px": 97.22381591796875
    }
  ]
}