{
  "index": 1840,
  "dataframe_iter_index": 1840,
  "image_path": "./datasets/sFERNANDO_FLUX29B/images/1840.png",
  "image_width": 640,
  "image_height": 640,
  "ground_truth_class": "pedal boat",
  "grounding_prompt": "boat",
  "timestamp": "2026-05-04T19:55:15.660668",
  "num_detections": 1,
  "detections": [
    {
      "detection_id": 0,
      "class_name": "pedal boat",
      "yolo_class_id": 7,
      "confidence": 0.952383816242218,
      "bbox_xyxy": [
        247.6887664794922,
        292.31671142578125,
        370.170166015625,
        351.2496337890625
      ],
      "bbox_yolo": [
        0.4827023148536682,
        0.5027862191200256,
        0.191377192735672,
        0.09208269417285919
      ],
      "bbox_width_px": 122.48139953613281,
      "bbox_height_px": 58.93292236328125
    }
  ]
}