{
  "index": 1877,
  "dataframe_iter_index": 1877,
  "image_path": "./datasets/sFERNANDO_FLUX29B/images/1877.png",
  "image_width": 640,
  "image_height": 640,
  "ground_truth_class": "pedal boat",
  "grounding_prompt": "boat",
  "timestamp": "2026-05-04T19:55:58.458373",
  "num_detections": 2,
  "detections": [
    {
      "detection_id": 0,
      "class_name": "pedal boat",
      "yolo_class_id": 7,
      "confidence": 0.779399037361145,
      "bbox_xyxy": [
        141.68316650390625,
        317.06329345703125,
        278.0676574707031,
        382.97796630859375
      ],
      "bbox_yolo": [
        0.3279303312301636,
        0.5469072461128235,
        0.21310076117515564,
        0.10299167782068253
      ],
      "bbox_width_px": 136.38449096679688,
      "bbox_height_px": 65.9146728515625
    },
    {
      "detection_id": 1,
      "class_name": "pedal boat",
      "yolo_class_id": 7,
      "confidence": 0.8102307319641113,
      "bbox_xyxy": [
        345.4436340332031,
        315.96527099609375,
        490.9329528808594,
        375.73736572265625
      ],
      "bbox_yolo": [
        0.6534191966056824,
        0.5403926968574524,
        0.22732706367969513,
        0.09339389950037003
      ],
      "bbox_width_px": 145.48931884765625,
      "bbox_height_px": 59.7720947265625
    }
  ]
}