{
  "index": 1907,
  "dataframe_iter_index": 1907,
  "image_path": "./datasets/sFERNANDO_FLUX29B/images/1907.png",
  "image_width": 640,
  "image_height": 640,
  "ground_truth_class": "pedal boat",
  "grounding_prompt": "boat",
  "timestamp": "2026-05-04T19:56:33.923906",
  "num_detections": 1,
  "detections": [
    {
      "detection_id": 0,
      "class_name": "pedal boat",
      "yolo_class_id": 7,
      "confidence": 0.9615644216537476,
      "bbox_xyxy": [
        206.63851928710938,
        293.4255065917969,
        402.2181701660156,
        421.0183410644531
      ],
      "bbox_yolo": [
        0.4756692945957184,
        0.5581592321395874,
        0.30559319257736206,
        0.1993637979030609
      ],
      "bbox_width_px": 195.57965087890625,
      "bbox_height_px": 127.59283447265625
    }
  ]
}