{
  "index": 1908,
  "dataframe_iter_index": 1908,
  "image_path": "./datasets/sFERNANDO_FLUX29B/images/1908.png",
  "image_width": 640,
  "image_height": 640,
  "ground_truth_class": "pedal boat",
  "grounding_prompt": "boat",
  "timestamp": "2026-05-04T19:56:35.014385",
  "num_detections": 1,
  "detections": [
    {
      "detection_id": 0,
      "class_name": "pedal boat",
      "yolo_class_id": 7,
      "confidence": 0.9579566717147827,
      "bbox_xyxy": [
        210.3200225830078,
        303.16217041015625,
        394.5916748046875,
        414.28533935546875
      ],
      "bbox_yolo": [
        0.4725872576236725,
        0.5605058670043945,
        0.28792446851730347,
        0.17362995445728302
      ],
      "bbox_width_px": 184.2716522216797,
      "bbox_height_px": 111.1231689453125
    }
  ]
}