{
  "index": 1960,
  "dataframe_iter_index": 1960,
  "image_path": "./datasets/sFERNANDO_FLUX29B/images/1960.png",
  "image_width": 640,
  "image_height": 640,
  "ground_truth_class": "pedal boat",
  "grounding_prompt": "boat",
  "timestamp": "2026-05-04T19:57:35.037860",
  "num_detections": 1,
  "detections": [
    {
      "detection_id": 0,
      "class_name": "pedal boat",
      "yolo_class_id": 7,
      "confidence": 0.9634137153625488,
      "bbox_xyxy": [
        209.93893432617188,
        297.9768981933594,
        407.1430358886719,
        419.6752014160156
      ],
      "bbox_yolo": [
        0.48209530115127563,
        0.5606657266616821,
        0.3081313967704773,
        0.1901535987854004
      ],
      "bbox_width_px": 197.2041015625,
      "bbox_height_px": 121.69830322265625
    }
  ]
}