{
  "index": 2009,
  "dataframe_iter_index": 2009,
  "image_path": "./datasets/sFERNANDO_FLUX29B/images/2009.png",
  "image_width": 640,
  "image_height": 640,
  "ground_truth_class": "pedal boat",
  "grounding_prompt": "boat",
  "timestamp": "2026-05-04T19:58:31.855364",
  "num_detections": 2,
  "detections": [
    {
      "detection_id": 0,
      "class_name": "pedal boat",
      "yolo_class_id": 7,
      "confidence": 0.9264500737190247,
      "bbox_xyxy": [
        167.06842041015625,
        343.30450439453125,
        301.1221923828125,
        455.82354736328125
      ],
      "bbox_yolo": [
        0.36577391624450684,
        0.6243187785148621,
        0.20945902168750763,
        0.1758110076189041
      ],
      "bbox_width_px": 134.05377197265625,
      "bbox_height_px": 112.51904296875
    },
    {
      "detection_id": 1,
      "class_name": "pedal boat",
      "yolo_class_id": 7,
      "confidence": 0.8085547685623169,
      "bbox_xyxy": [
        340.3856201171875,
        330.130126953125,
        394.09014892578125,
        367.822509765625
      ],
      "bbox_yolo": [
        0.5738092064857483,
        0.5452755093574524,
        0.08391332626342773,
        0.05889434739947319
      ],
      "bbox_width_px": 53.70452880859375,
      "bbox_height_px": 37.6923828125
    }
  ]
}