{
  "index": 2049,
  "dataframe_iter_index": 2049,
  "image_path": "./datasets/sFERNANDO_FLUX29B/images/2049.png",
  "image_width": 640,
  "image_height": 640,
  "ground_truth_class": "pedal boat",
  "grounding_prompt": "boat",
  "timestamp": "2026-05-04T19:59:18.165264",
  "num_detections": 2,
  "detections": [
    {
      "detection_id": 0,
      "class_name": "pedal boat",
      "yolo_class_id": 7,
      "confidence": 0.8108261823654175,
      "bbox_xyxy": [
        335.7672119140625,
        345.3008117675781,
        486.1875,
        383.5008239746094
      ],
      "bbox_yolo": [
        0.6421521306037903,
        0.5693762898445129,
        0.23503169417381287,
        0.05968751758337021
      ],
      "bbox_width_px": 150.4202880859375,
      "bbox_height_px": 38.20001220703125
    },
    {
      "detection_id": 1,
      "class_name": "pedal boat",
      "yolo_class_id": 7,
      "confidence": 0.7785705327987671,
      "bbox_xyxy": [
        204.77610778808594,
        342.01708984375,
        313.8723449707031,
        392.79730224609375
      ],
      "bbox_yolo": [
        0.40519410371780396,
        0.5740737318992615,
        0.17046287655830383,
        0.07934407889842987
      ],
      "bbox_width_px": 109.09623718261719,
      "bbox_height_px": 50.78021240234375
    }
  ]
}