{
  "index": 2075,
  "dataframe_iter_index": 2075,
  "image_path": "./datasets/sFERNANDO_FLUX29B/images/2075.png",
  "image_width": 640,
  "image_height": 640,
  "ground_truth_class": "pedal boat",
  "grounding_prompt": "boat",
  "timestamp": "2026-05-04T19:59:47.755722",
  "num_detections": 1,
  "detections": [
    {
      "detection_id": 0,
      "class_name": "pedal boat",
      "yolo_class_id": 7,
      "confidence": 0.9620689153671265,
      "bbox_xyxy": [
        203.358642578125,
        293.6683349609375,
        446.80908203125,
        442.4410400390625
      ],
      "bbox_yolo": [
        0.5079435110092163,
        0.575085461139679,
        0.38039129972457886,
        0.23245735466480255
      ],
      "bbox_width_px": 243.450439453125,
      "bbox_height_px": 148.772705078125
    }
  ]
}