{
  "index": 2081,
  "dataframe_iter_index": 2081,
  "image_path": "./datasets/sFERNANDO_FLUX29B/images/2081.png",
  "image_width": 640,
  "image_height": 640,
  "ground_truth_class": "pedal boat",
  "grounding_prompt": "boat",
  "timestamp": "2026-05-04T19:59:54.572650",
  "num_detections": 2,
  "detections": [
    {
      "detection_id": 0,
      "class_name": "pedal boat",
      "yolo_class_id": 7,
      "confidence": 0.8163278698921204,
      "bbox_xyxy": [
        346.1851806640625,
        287.449462890625,
        500.27752685546875,
        389.7130126953125
      ],
      "bbox_yolo": [
        0.6612989902496338,
        0.5290331840515137,
        0.24076929688453674,
        0.15978679060935974
      ],
      "bbox_width_px": 154.09234619140625,
      "bbox_height_px": 102.2635498046875
    },
    {
      "detection_id": 1,
      "class_name": "pedal boat",
      "yolo_class_id": 7,
      "confidence": 0.8680976629257202,
      "bbox_xyxy": [
        127.3635482788086,
        283.2417907714844,
        286.6595153808594,
        389.1950988769531
      ],
      "bbox_yolo": [
        0.3234555125236511,
        0.5253413319587708,
        0.2488999366760254,
        0.1655520498752594
      ],
      "bbox_width_px": 159.29595947265625,
      "bbox_height_px": 105.95330810546875
    }
  ]
}