{
  "index": 2118,
  "dataframe_iter_index": 2118,
  "image_path": "./datasets/sFERNANDO_FLUX29B/images/2118.png",
  "image_width": 640,
  "image_height": 640,
  "ground_truth_class": "pedal boat",
  "grounding_prompt": "boat",
  "timestamp": "2026-05-04T20:00:36.930883",
  "num_detections": 3,
  "detections": [
    {
      "detection_id": 0,
      "class_name": "pedal boat",
      "yolo_class_id": 7,
      "confidence": 0.8031124472618103,
      "bbox_xyxy": [
        34.27629089355469,
        300.85260009765625,
        197.6567840576172,
        384.9808349609375
      ],
      "bbox_yolo": [
        0.18119771778583527,
        0.5358073711395264,
        0.2552820146083832,
        0.1314503699541092
      ],
      "bbox_width_px": 163.3804931640625,
      "bbox_height_px": 84.12823486328125
    },
    {
      "detection_id": 1,
      "class_name": "pedal boat",
      "yolo_class_id": 7,
      "confidence": 0.7503697872161865,
      "bbox_xyxy": [
        380.1780090332031,
        314.7752685546875,
        504.1988830566406,
        382.77630615234375
      ],
      "bbox_yolo": [
        0.6909194588661194,
        0.5449621677398682,
        0.19378261268138885,
        0.10625161975622177
      ],
      "bbox_width_px": 124.0208740234375,
      "bbox_height_px": 68.00103759765625
    },
    {
      "detection_id": 2,
      "class_name": "pedal boat",
      "yolo_class_id": 7,
      "confidence": 0.7863759398460388,
      "bbox_xyxy": [
        235.7305450439453,
        299.2760009765625,
        372.92413330078125,
        389.1343994140625
      ],
      "bbox_yolo": [
        0.47551146149635315,
        0.5378206372261047,
        0.21436497569084167,
        0.14040374755859375
      ],
      "bbox_width_px": 137.19358825683594,
      "bbox_height_px": 89.8583984375
    }
  ]
}