{
  "index": 2166,
  "dataframe_iter_index": 2166,
  "image_path": "./datasets/sFERNANDO_FLUX29B/images/2166.png",
  "image_width": 640,
  "image_height": 640,
  "ground_truth_class": "pedal boat",
  "grounding_prompt": "boat",
  "timestamp": "2026-05-04T20:01:31.699394",
  "num_detections": 2,
  "detections": [
    {
      "detection_id": 0,
      "class_name": "pedal boat",
      "yolo_class_id": 7,
      "confidence": 0.6146718263626099,
      "bbox_xyxy": [
        229.34095764160156,
        307.1891174316406,
        322.9664306640625,
        374.0047912597656
      ],
      "bbox_yolo": [
        0.43149012327194214,
        0.5321827530860901,
        0.14628979563713074,
        0.10439948737621307
      ],
      "bbox_width_px": 93.62547302246094,
      "bbox_height_px": 66.815673828125
    },
    {
      "detection_id": 1,
      "class_name": "pedal boat",
      "yolo_class_id": 7,
      "confidence": 0.6108087301254272,
      "bbox_xyxy": [
        282.827880859375,
        310.9222412109375,
        391.4237060546875,
        383.79669189453125
      ],
      "bbox_yolo": [
        0.5267590284347534,
        0.5427491664886475,
        0.16968098282814026,
        0.11386632919311523
      ],
      "bbox_width_px": 108.5958251953125,
      "bbox_height_px": 72.87445068359375
    }
  ]
}