{
  "index": 2235,
  "dataframe_iter_index": 2235,
  "image_path": "./datasets/sFERNANDO_FLUX29B/images/2235.png",
  "image_width": 640,
  "image_height": 640,
  "ground_truth_class": "pedal boat",
  "grounding_prompt": "boat",
  "timestamp": "2026-05-04T20:02:52.922482",
  "num_detections": 1,
  "detections": [
    {
      "detection_id": 0,
      "class_name": "pedal boat",
      "yolo_class_id": 7,
      "confidence": 0.9367971420288086,
      "bbox_xyxy": [
        77.68936157226562,
        357.6490783691406,
        436.8239440917969,
        530.0084228515625
      ],
      "bbox_yolo": [
        0.4019635319709778,
        0.6934823989868164,
        0.5611478090286255,
        0.26931148767471313
      ],
      "bbox_width_px": 359.13458251953125,
      "bbox_height_px": 172.35934448242188
    }
  ]
}