{
  "index": 2237,
  "dataframe_iter_index": 2237,
  "image_path": "./datasets/sFERNANDO_FLUX29B/images/2237.png",
  "image_width": 640,
  "image_height": 640,
  "ground_truth_class": "pedal boat",
  "grounding_prompt": "boat",
  "timestamp": "2026-05-04T20:02:55.182050",
  "num_detections": 2,
  "detections": [
    {
      "detection_id": 0,
      "class_name": "pedal boat",
      "yolo_class_id": 7,
      "confidence": 0.647441029548645,
      "bbox_xyxy": [
        60.148048400878906,
        407.8942565917969,
        307.8822937011719,
        523.131103515625
      ],
      "bbox_yolo": [
        0.28752368688583374,
        0.7273635864257812,
        0.3870847821235657,
        0.1800575703382492
      ],
      "bbox_width_px": 247.7342529296875,
      "bbox_height_px": 115.23684692382812
    },
    {
      "detection_id": 1,
      "class_name": "pedal boat",
      "yolo_class_id": 7,
      "confidence": 0.806147038936615,
      "bbox_xyxy": [
        360.60479736328125,
        412.3032531738281,
        580.0786743164062,
        518.7887573242188
      ],
      "bbox_yolo": [
        0.734908938407898,
        0.7274156808853149,
        0.3429279327392578,
        0.16638359427452087
      ],
      "bbox_width_px": 219.473876953125,
      "bbox_height_px": 106.48550415039062
    }
  ]
}