{
  "index": 2254,
  "dataframe_iter_index": 2254,
  "image_path": "./datasets/sFERNANDO_FLUX29B/images/2254.png",
  "image_width": 640,
  "image_height": 640,
  "ground_truth_class": "pedal boat",
  "grounding_prompt": "boat",
  "timestamp": "2026-05-04T20:03:14.686032",
  "num_detections": 3,
  "detections": [
    {
      "detection_id": 0,
      "class_name": "pedal boat",
      "yolo_class_id": 7,
      "confidence": 0.8222906589508057,
      "bbox_xyxy": [
        219.22457885742188,
        410.0694580078125,
        386.5785827636719,
        496.2562255859375
      ],
      "bbox_yolo": [
        0.47328370809555054,
        0.7080669403076172,
        0.2614906430244446,
        0.1346668303012848
      ],
      "bbox_width_px": 167.35400390625,
      "bbox_height_px": 86.186767578125
    },
    {
      "detection_id": 1,
      "class_name": "pedal boat",
      "yolo_class_id": 7,
      "confidence": 0.8158280253410339,
      "bbox_xyxy": [
        379.34185791015625,
        415.7026062011719,
        541.3018188476562,
        512.2221069335938
      ],
      "bbox_yolo": [
        0.71925288438797,
        0.7249411344528198,
        0.2530624270439148,
        0.15081171691417694
      ],
      "bbox_width_px": 161.9599609375,
      "bbox_height_px": 96.51950073242188
    },
    {
      "detection_id": 2,
      "class_name": "pedal boat",
      "yolo_class_id": 7,
      "confidence": 0.824196994304657,
      "bbox_xyxy": [
        52.66728210449219,
        407.57586669921875,
        244.0936737060547,
        488.00067138671875
      ],
      "bbox_yolo": [
        0.23184449970722198,
        0.6996691823005676,
        0.2991037368774414,
        0.12566375732421875
      ],
      "bbox_width_px": 191.4263916015625,
      "bbox_height_px": 80.4248046875
    }
  ]
}