{
  "index": 2257,
  "dataframe_iter_index": 2257,
  "image_path": "./datasets/sFERNANDO_FLUX29B/images/2257.png",
  "image_width": 640,
  "image_height": 640,
  "ground_truth_class": "pedal boat",
  "grounding_prompt": "boat",
  "timestamp": "2026-05-04T20:03:18.058138",
  "num_detections": 2,
  "detections": [
    {
      "detection_id": 0,
      "class_name": "pedal boat",
      "yolo_class_id": 7,
      "confidence": 0.743661642074585,
      "bbox_xyxy": [
        57.773529052734375,
        334.68988037109375,
        322.75274658203125,
        556.7822265625
      ],
      "bbox_yolo": [
        0.29728615283966064,
        0.6964625716209412,
        0.4140300154685974,
        0.3470192849636078
      ],
      "bbox_width_px": 264.9792175292969,
      "bbox_height_px": 222.09234619140625
    },
    {
      "detection_id": 1,
      "class_name": "pedal boat",
      "yolo_class_id": 7,
      "confidence": 0.7043753266334534,
      "bbox_xyxy": [
        339.99456787109375,
        341.8521728515625,
        639.4628295898438,
        538.9639282226562
      ],
      "bbox_yolo": [
        0.7652010917663574,
        0.6881375908851624,
        0.46791917085647583,
        0.30798712372779846
      ],
      "bbox_width_px": 299.46826171875,
      "bbox_height_px": 197.11175537109375
    }
  ]
}