{
  "index": 2258,
  "dataframe_iter_index": 2258,
  "image_path": "./datasets/sFERNANDO_FLUX29B/images/2258.png",
  "image_width": 640,
  "image_height": 640,
  "ground_truth_class": "pedal boat",
  "grounding_prompt": "boat",
  "timestamp": "2026-05-04T20:03:19.235707",
  "num_detections": 3,
  "detections": [
    {
      "detection_id": 0,
      "class_name": "pedal boat",
      "yolo_class_id": 7,
      "confidence": 0.814732015132904,
      "bbox_xyxy": [
        222.20144653320312,
        299.475830078125,
        398.1452941894531,
        454.0439453125
      ],
      "bbox_yolo": [
        0.48464590311050415,
        0.5886873006820679,
        0.2749122679233551,
        0.24151268601417542
      ],
      "bbox_width_px": 175.94384765625,
      "bbox_height_px": 154.568115234375
    },
    {
      "detection_id": 1,
      "class_name": "pedal boat",
      "yolo_class_id": 7,
      "confidence": 0.8269553184509277,
      "bbox_xyxy": [
        404.22802734375,
        298.4735107421875,
        597.0330200195312,
        451.2314453125
      ],
      "bbox_yolo": [
        0.7822352051734924,
        0.5857070088386536,
        0.30125778913497925,
        0.2386842668056488
      ],
      "bbox_width_px": 192.80499267578125,
      "bbox_height_px": 152.7579345703125
    },
    {
      "detection_id": 2,
      "class_name": "pedal boat",
      "yolo_class_id": 7,
      "confidence": 0.815518856048584,
      "bbox_xyxy": [
        27.46233367919922,
        297.56463623046875,
        222.373779296875,
        449.259765625
      ],
      "bbox_yolo": [
        0.19518446922302246,
        0.5834565758705139,
        0.30454912781715393,
        0.23702363669872284
      ],
      "bbox_width_px": 194.91143798828125,
      "bbox_height_px": 151.69512939453125
    }
  ]
}