{
  "index": 2265,
  "dataframe_iter_index": 2265,
  "image_path": "./datasets/sFERNANDO_FLUX29B/images/2265.png",
  "image_width": 640,
  "image_height": 640,
  "ground_truth_class": "pedal boat",
  "grounding_prompt": "boat",
  "timestamp": "2026-05-04T20:03:27.243076",
  "num_detections": 3,
  "detections": [
    {
      "detection_id": 0,
      "class_name": "pedal boat",
      "yolo_class_id": 7,
      "confidence": 0.80800461769104,
      "bbox_xyxy": [
        69.74211120605469,
        341.658447265625,
        339.695556640625,
        522.9049072265625
      ],
      "bbox_yolo": [
        0.319873183965683,
        0.6754401326179504,
        0.42180222272872925,
        0.2831975817680359
      ],
      "bbox_width_px": 269.95343017578125,
      "bbox_height_px": 181.2464599609375
    },
    {
      "detection_id": 1,
      "class_name": "pedal boat",
      "yolo_class_id": 7,
      "confidence": 0.7542709708213806,
      "bbox_xyxy": [
        368.86993408203125,
        346.0097961425781,
        618.7568969726562,
        538.881591796875
      ],
      "bbox_yolo": [
        0.7715834379196167,
        0.6913213729858398,
        0.3904483914375305,
        0.30136218667030334
      ],
      "bbox_width_px": 249.886962890625,
      "bbox_height_px": 192.87179565429688
    },
    {
      "detection_id": 2,
      "class_name": "pedal boat",
      "yolo_class_id": 7,
      "confidence": 0.6140422224998474,
      "bbox_xyxy": [
        374.77239990234375,
        343.6316223144531,
        408.37225341796875,
        356.1538391113281
      ],
      "bbox_yolo": [
        0.611831784248352,
        0.5467073917388916,
        0.05249977111816406,
        0.019565964117646217
      ],
      "bbox_width_px": 33.599853515625,
      "bbox_height_px": 12.522216796875
    }
  ]
}