{
  "index": 2290,
  "dataframe_iter_index": 2290,
  "image_path": "./datasets/sFERNANDO_FLUX29B/images/2290.png",
  "image_width": 640,
  "image_height": 640,
  "ground_truth_class": "pedal boat",
  "grounding_prompt": "boat",
  "timestamp": "2026-05-04T20:03:58.472641",
  "num_detections": 4,
  "detections": [
    {
      "detection_id": 0,
      "class_name": "pedal boat",
      "yolo_class_id": 7,
      "confidence": 0.6396241188049316,
      "bbox_xyxy": [
        17.3544921875,
        298.47216796875,
        215.43405151367188,
        416.52105712890625
      ],
      "bbox_yolo": [
        0.18186604976654053,
        0.558588445186615,
        0.3094993233680725,
        0.1844513863325119
      ],
      "bbox_width_px": 198.07955932617188,
      "bbox_height_px": 118.04888916015625
    },
    {
      "detection_id": 1,
      "class_name": "pedal boat",
      "yolo_class_id": 7,
      "confidence": 0.5083114504814148,
      "bbox_xyxy": [
        231.00079345703125,
        298.66302490234375,
        390.2626953125,
        423.9276123046875
      ],
      "bbox_yolo": [
        0.48536211252212524,
        0.5645239353179932,
        0.24884672462940216,
        0.1957259178161621
      ],
      "bbox_width_px": 159.26190185546875,
      "bbox_height_px": 125.26458740234375
    },
    {
      "detection_id": 2,
      "class_name": "pedal boat",
      "yolo_class_id": 7,
      "confidence": 0.5990034341812134,
      "bbox_xyxy": [
        430.9753112792969,
        300.2624206542969,
        586.7651977539062,
        423.1225280761719
      ],
      "bbox_yolo": [
        0.795109748840332,
        0.5651444792747498,
        0.24342170357704163,
        0.1919689178466797
      ],
      "bbox_width_px": 155.78988647460938,
      "bbox_height_px": 122.860107421875
    },
    {
      "detection_id": 3,
      "class_name": "pedal boat",
      "yolo_class_id": 7,
      "confidence": 0.3543848693370819,
      "bbox_xyxy": [
        0.06190681457519531,
        347.82666015625,
        39.66651916503906,
        407.7266845703125
      ],
      "bbox_yolo": [
        0.03103783167898655,
        0.5902760624885559,
        0.06188220903277397,
        0.0935937911272049
      ],
      "bbox_width_px": 39.6046142578125,
      "bbox_height_px": 59.9000244140625
    }
  ]
}