{
  "index": 2464,
  "dataframe_iter_index": 2464,
  "image_path": "./datasets/sFERNANDO_FLUX29B/images/2464.png",
  "image_width": 640,
  "image_height": 640,
  "ground_truth_class": "military_ship",
  "grounding_prompt": "boat",
  "timestamp": "2026-05-04T20:07:39.823502",
  "num_detections": 1,
  "detections": [
    {
      "detection_id": 0,
      "class_name": "military_ship",
      "yolo_class_id": 5,
      "confidence": 0.9076507687568665,
      "bbox_xyxy": [
        133.96414184570312,
        238.7355194091797,
        569.4891357421875,
        427.35235595703125
      ],
      "bbox_yolo": [
        0.5495728254318237,
        0.5203811526298523,
        0.6805077791213989,
        0.2947137951850891
      ],
      "bbox_width_px": 435.5249938964844,
      "bbox_height_px": 188.61683654785156
    }
  ]
}