{
  "index": 2468,
  "dataframe_iter_index": 2468,
  "image_path": "./datasets/sFERNANDO_FLUX29B/images/2468.png",
  "image_width": 640,
  "image_height": 640,
  "ground_truth_class": "military_ship",
  "grounding_prompt": "boat",
  "timestamp": "2026-05-04T20:07:45.058195",
  "num_detections": 1,
  "detections": [
    {
      "detection_id": 0,
      "class_name": "military_ship",
      "yolo_class_id": 5,
      "confidence": 0.9110369682312012,
      "bbox_xyxy": [
        145.28305053710938,
        192.17213439941406,
        551.010498046875,
        421.79742431640625
      ],
      "bbox_yolo": [
        0.5439793467521667,
        0.4796636998653412,
        0.6339491605758667,
        0.35878950357437134
      ],
      "bbox_width_px": 405.7274475097656,
      "bbox_height_px": 229.6252899169922
    }
  ]
}