{
  "index": 2492,
  "dataframe_iter_index": 2492,
  "image_path": "./datasets/sFERNANDO_FLUX29B/images/2492.png",
  "image_width": 640,
  "image_height": 640,
  "ground_truth_class": "military_ship",
  "grounding_prompt": "boat",
  "timestamp": "2026-05-04T20:08:17.299261",
  "num_detections": 1,
  "detections": [
    {
      "detection_id": 0,
      "class_name": "military_ship",
      "yolo_class_id": 5,
      "confidence": 0.4244462549686432,
      "bbox_xyxy": [
        32.702239990234375,
        192.9506378173828,
        510.2499694824219,
        487.91644287109375
      ],
      "bbox_yolo": [
        0.42418140172958374,
        0.5319274067878723,
        0.746168315410614,
        0.46088409423828125
      ],
      "bbox_width_px": 477.5477294921875,
      "bbox_height_px": 294.9658203125
    }
  ]
}