{
  "index": 2545,
  "dataframe_iter_index": 2545,
  "image_path": "./datasets/sFERNANDO_FLUX29B/images/2545.png",
  "image_width": 640,
  "image_height": 640,
  "ground_truth_class": "military_ship",
  "grounding_prompt": "boat",
  "timestamp": "2026-05-04T20:09:29.669177",
  "num_detections": 2,
  "detections": [
    {
      "detection_id": 0,
      "class_name": "military_ship",
      "yolo_class_id": 5,
      "confidence": 0.7180936336517334,
      "bbox_xyxy": [
        250.91629028320312,
        277.2625427246094,
        405.4337463378906,
        347.9158020019531
      ],
      "bbox_yolo": [
        0.5127734541893005,
        0.4884205758571625,
        0.2414335310459137,
        0.11039571464061737
      ],
      "bbox_width_px": 154.5174560546875,
      "bbox_height_px": 70.65325927734375
    },
    {
      "detection_id": 1,
      "class_name": "military_ship",
      "yolo_class_id": 5,
      "confidence": 0.6907356381416321,
      "bbox_xyxy": [
        93.26512145996094,
        251.5518798828125,
        290.3714599609375,
        336.441162109375
      ],
      "bbox_yolo": [
        0.2997160851955414,
        0.45936957001686096,
        0.30797865986824036,
        0.13263949751853943
      ],
      "bbox_width_px": 197.10633850097656,
      "bbox_height_px": 84.8892822265625
    }
  ]
}