{
  "index": 2550,
  "dataframe_iter_index": 2550,
  "image_path": "./datasets/sFERNANDO_FLUX29B/images/2550.png",
  "image_width": 640,
  "image_height": 640,
  "ground_truth_class": "military_ship",
  "grounding_prompt": "boat",
  "timestamp": "2026-05-04T20:09:36.689847",
  "num_detections": 2,
  "detections": [
    {
      "detection_id": 0,
      "class_name": "military_ship",
      "yolo_class_id": 5,
      "confidence": 0.8185034990310669,
      "bbox_xyxy": [
        86.6123275756836,
        255.16061401367188,
        216.60305786132812,
        367.8000793457031
      ],
      "bbox_yolo": [
        0.23688702285289764,
        0.4866880476474762,
        0.2031105011701584,
        0.17599916458129883
      ],
      "bbox_width_px": 129.99072265625,
      "bbox_height_px": 112.63946533203125
    },
    {
      "detection_id": 1,
      "class_name": "military_ship",
      "yolo_class_id": 5,
      "confidence": 0.696548581123352,
      "bbox_xyxy": [
        241.83779907226562,
        287.4273681640625,
        404.5898742675781,
        367.4779052734375
      ],
      "bbox_yolo": [
        0.5050216317176819,
        0.511644721031189,
        0.2543001174926758,
        0.1250789612531662
      ],
      "bbox_width_px": 162.7520751953125,
      "bbox_height_px": 80.050537109375
    }
  ]
}