{
  "index": 2554,
  "dataframe_iter_index": 2554,
  "image_path": "./datasets/sFERNANDO_FLUX29B/images/2554.png",
  "image_width": 640,
  "image_height": 640,
  "ground_truth_class": "military_ship",
  "grounding_prompt": "boat",
  "timestamp": "2026-05-04T20:09:42.417119",
  "num_detections": 3,
  "detections": [
    {
      "detection_id": 0,
      "class_name": "military_ship",
      "yolo_class_id": 5,
      "confidence": 0.7991299033164978,
      "bbox_xyxy": [
        376.12139892578125,
        269.344482421875,
        555.6384887695312,
        372.4560546875
      ],
      "bbox_yolo": [
        0.7279374003410339,
        0.5014066696166992,
        0.28049546480178833,
        0.16111183166503906
      ],
      "bbox_width_px": 179.51708984375,
      "bbox_height_px": 103.111572265625
    },
    {
      "detection_id": 1,
      "class_name": "military_ship",
      "yolo_class_id": 5,
      "confidence": 0.8280035257339478,
      "bbox_xyxy": [
        79.59000396728516,
        259.45709228515625,
        223.26657104492188,
        364.76641845703125
      ],
      "bbox_yolo": [
        0.2366066873073578,
        0.48767462372779846,
        0.22449465095996857,
        0.16454581916332245
      ],
      "bbox_width_px": 143.67657470703125,
      "bbox_height_px": 105.309326171875
    },
    {
      "detection_id": 2,
      "class_name": "military_ship",
      "yolo_class_id": 5,
      "confidence": 0.7944395542144775,
      "bbox_xyxy": [
        250.51983642578125,
        264.5412902832031,
        375.986572265625,
        364.9548034667969
      ],
      "bbox_yolo": [
        0.4894581437110901,
        0.49179381132125854,
        0.1960417777299881,
        0.15689611434936523
      ],
      "bbox_width_px": 125.46673583984375,
      "bbox_height_px": 100.41351318359375
    }
  ]
}