{
  "index": 2624,
  "dataframe_iter_index": 2624,
  "image_path": "./datasets/sFERNANDO_FLUX29B/images/2624.png",
  "image_width": 640,
  "image_height": 640,
  "ground_truth_class": "military_ship",
  "grounding_prompt": "boat",
  "timestamp": "2026-05-04T20:11:19.243769",
  "num_detections": 1,
  "detections": [
    {
      "detection_id": 0,
      "class_name": "military_ship",
      "yolo_class_id": 5,
      "confidence": 0.9079856276512146,
      "bbox_xyxy": [
        101.77046203613281,
        198.88040161132812,
        547.3911743164062,
        374.3684387207031
      ],
      "bbox_yolo": [
        0.5071575045585632,
        0.44785064458847046,
        0.6962823867797852,
        0.27420005202293396
      ],
      "bbox_width_px": 445.6207275390625,
      "bbox_height_px": 175.488037109375
    }
  ]
}