{
  "index": 2640,
  "dataframe_iter_index": 2640,
  "image_path": "./datasets/sFERNANDO_FLUX29B/images/2640.png",
  "image_width": 640,
  "image_height": 640,
  "ground_truth_class": "military_ship",
  "grounding_prompt": "boat",
  "timestamp": "2026-05-04T20:11:41.615898",
  "num_detections": 1,
  "detections": [
    {
      "detection_id": 0,
      "class_name": "military_ship",
      "yolo_class_id": 5,
      "confidence": 0.5576899647712708,
      "bbox_xyxy": [
        197.36647033691406,
        191.55686950683594,
        487.16552734375,
        376.508544921875
      ],
      "bbox_yolo": [
        0.5347906351089478,
        0.4438011050224304,
        0.452811062335968,
        0.2889869809150696
      ],
      "bbox_width_px": 289.799072265625,
      "bbox_height_px": 184.95167541503906
    }
  ]
}