{
  "index": 2651,
  "dataframe_iter_index": 2651,
  "image_path": "./datasets/sFERNANDO_FLUX29B/images/2651.png",
  "image_width": 640,
  "image_height": 640,
  "ground_truth_class": "military_ship",
  "grounding_prompt": "boat",
  "timestamp": "2026-05-04T20:11:57.093583",
  "num_detections": 2,
  "detections": [
    {
      "detection_id": 0,
      "class_name": "military_ship",
      "yolo_class_id": 5,
      "confidence": 0.8342945575714111,
      "bbox_xyxy": [
        240.4717559814453,
        236.713134765625,
        568.9719848632812,
        359.8760986328125
      ],
      "bbox_yolo": [
        0.6323779225349426,
        0.4660853445529938,
        0.5132816433906555,
        0.1924421340227127
      ],
      "bbox_width_px": 328.500244140625,
      "bbox_height_px": 123.1629638671875
    },
    {
      "detection_id": 1,
      "class_name": "military_ship",
      "yolo_class_id": 5,
      "confidence": 0.7720587253570557,
      "bbox_xyxy": [
        78.29135131835938,
        257.58001708984375,
        290.8113708496094,
        337.982666015625
      ],
      "bbox_yolo": [
        0.28836148977279663,
        0.4652833342552185,
        0.3320625424385071,
        0.12562914192676544
      ],
      "bbox_width_px": 212.52001953125,
      "bbox_height_px": 80.40264892578125
    }
  ]
}