{
  "index": 2676,
  "dataframe_iter_index": 2676,
  "image_path": "./datasets/sFERNANDO_FLUX29B/images/2676.png",
  "image_width": 640,
  "image_height": 640,
  "ground_truth_class": "military_ship",
  "grounding_prompt": "boat",
  "timestamp": "2026-05-04T20:12:32.358859",
  "num_detections": 2,
  "detections": [
    {
      "detection_id": 0,
      "class_name": "military_ship",
      "yolo_class_id": 5,
      "confidence": 0.8788051009178162,
      "bbox_xyxy": [
        194.09088134765625,
        201.49853515625,
        456.04718017578125,
        411.973876953125
      ],
      "bbox_yolo": [
        0.5079203844070435,
        0.47927531599998474,
        0.40930670499801636,
        0.32886773347854614
      ],
      "bbox_width_px": 261.956298828125,
      "bbox_height_px": 210.475341796875
    },
    {
      "detection_id": 1,
      "class_name": "military_ship",
      "yolo_class_id": 5,
      "confidence": 0.4574354290962219,
      "bbox_xyxy": [
        142.90965270996094,
        350.447998046875,
        187.94898986816406,
        381.738525390625
      ],
      "bbox_yolo": [
        0.25848332047462463,
        0.5720207095146179,
        0.07037396728992462,
        0.048891447484493256
      ],
      "bbox_width_px": 45.039337158203125,
      "bbox_height_px": 31.29052734375
    }
  ]
}