{
  "index": 2718,
  "dataframe_iter_index": 2718,
  "image_path": "./datasets/sFERNANDO_FLUX29B/images/2718.png",
  "image_width": 640,
  "image_height": 640,
  "ground_truth_class": "military_ship",
  "grounding_prompt": "boat",
  "timestamp": "2026-05-04T20:13:31.526263",
  "num_detections": 3,
  "detections": [
    {
      "detection_id": 0,
      "class_name": "military_ship",
      "yolo_class_id": 5,
      "confidence": 0.8107731938362122,
      "bbox_xyxy": [
        252.81210327148438,
        275.6995544433594,
        384.7357482910156,
        379.1337585449219
      ],
      "bbox_yolo": [
        0.49808424711227417,
        0.5115885138511658,
        0.20613069832324982,
        0.16161593794822693
      ],
      "bbox_width_px": 131.92364501953125,
      "bbox_height_px": 103.4342041015625
    },
    {
      "detection_id": 1,
      "class_name": "military_ship",
      "yolo_class_id": 5,
      "confidence": 0.8391046524047852,
      "bbox_xyxy": [
        30.35332489013672,
        270.94189453125,
        210.96359252929688,
        380.97491455078125
      ],
      "bbox_yolo": [
        0.1885288506746292,
        0.5093100070953369,
        0.2822035253047943,
        0.1719265878200531
      ],
      "bbox_width_px": 180.61026000976562,
      "bbox_height_px": 110.03302001953125
    },
    {
      "detection_id": 2,
      "class_name": "military_ship",
      "yolo_class_id": 5,
      "confidence": 0.8200693130493164,
      "bbox_xyxy": [
        431.1663818359375,
        285.1073913574219,
        600.778564453125,
        376.9293518066406
      ],
      "bbox_yolo": [
        0.806207001209259,
        0.5172162055969238,
        0.265019029378891,
        0.14347180724143982
      ],
      "bbox_width_px": 169.6121826171875,
      "bbox_height_px": 91.82196044921875
    }
  ]
}