{
  "index": 2733,
  "dataframe_iter_index": 2733,
  "image_path": "./datasets/sFERNANDO_FLUX29B/images/2733.png",
  "image_width": 640,
  "image_height": 640,
  "ground_truth_class": "military_ship",
  "grounding_prompt": "boat",
  "timestamp": "2026-05-04T20:13:52.761967",
  "num_detections": 2,
  "detections": [
    {
      "detection_id": 0,
      "class_name": "military_ship",
      "yolo_class_id": 5,
      "confidence": 0.8160619735717773,
      "bbox_xyxy": [
        357.80950927734375,
        235.427001953125,
        550.3020629882812,
        387.979736328125
      ],
      "bbox_yolo": [
        0.7094621658325195,
        0.4870365262031555,
        0.3007696270942688,
        0.23836365342140198
      ],
      "bbox_width_px": 192.4925537109375,
      "bbox_height_px": 152.552734375
    },
    {
      "detection_id": 1,
      "class_name": "military_ship",
      "yolo_class_id": 5,
      "confidence": 0.8412529826164246,
      "bbox_xyxy": [
        97.8293685913086,
        223.78555297851562,
        251.06753540039062,
        376.2057800292969
      ],
      "bbox_yolo": [
        0.272575706243515,
        0.468743234872818,
        0.2394346296787262,
        0.23815660178661346
      ],
      "bbox_width_px": 153.2381591796875,
      "bbox_height_px": 152.42022705078125
    }
  ]
}