{
  "index": 2749,
  "dataframe_iter_index": 2749,
  "image_path": "./datasets/sFERNANDO_FLUX29B/images/2749.png",
  "image_width": 640,
  "image_height": 640,
  "ground_truth_class": "military_ship",
  "grounding_prompt": "boat",
  "timestamp": "2026-05-04T20:14:16.017312",
  "num_detections": 2,
  "detections": [
    {
      "detection_id": 0,
      "class_name": "military_ship",
      "yolo_class_id": 5,
      "confidence": 0.8168227076530457,
      "bbox_xyxy": [
        372.9667053222656,
        262.61383056640625,
        564.5125732421875,
        380.12237548828125
      ],
      "bbox_yolo": [
        0.7324056625366211,
        0.5021376609802246,
        0.29929041862487793,
        0.1836071014404297
      ],
      "bbox_width_px": 191.54586791992188,
      "bbox_height_px": 117.508544921875
    },
    {
      "detection_id": 1,
      "class_name": "military_ship",
      "yolo_class_id": 5,
      "confidence": 0.8480736613273621,
      "bbox_xyxy": [
        101.03694915771484,
        261.7259826660156,
        252.51412963867188,
        382.3681335449219
      ],
      "bbox_yolo": [
        0.27621179819107056,
        0.503198504447937,
        0.23668308556079865,
        0.18850335478782654
      ],
      "bbox_width_px": 151.4771728515625,
      "bbox_height_px": 120.64215087890625
    }
  ]
}