{
  "index": 2848,
  "dataframe_iter_index": 2848,
  "image_path": "./datasets/sFERNANDO_FLUX29B/images/2848.png",
  "image_width": 640,
  "image_height": 640,
  "ground_truth_class": "military_ship",
  "grounding_prompt": "boat",
  "timestamp": "2026-05-04T20:16:36.937422",
  "num_detections": 1,
  "detections": [
    {
      "detection_id": 0,
      "class_name": "military_ship",
      "yolo_class_id": 5,
      "confidence": 0.9153843522071838,
      "bbox_xyxy": [
        243.21815490722656,
        206.2900390625,
        476.2301025390625,
        377.8414306640625
      ],
      "bbox_yolo": [
        0.5620689392089844,
        0.45635271072387695,
        0.36408117413520813,
        0.26804906129837036
      ],
      "bbox_width_px": 233.01194763183594,
      "bbox_height_px": 171.5513916015625
    }
  ]
}