{
  "index": 2854,
  "dataframe_iter_index": 2854,
  "image_path": "./datasets/sFERNANDO_FLUX29B/images/2854.png",
  "image_width": 640,
  "image_height": 640,
  "ground_truth_class": "military_ship",
  "grounding_prompt": "boat",
  "timestamp": "2026-05-04T20:16:45.786829",
  "num_detections": 3,
  "detections": [
    {
      "detection_id": 0,
      "class_name": "military_ship",
      "yolo_class_id": 5,
      "confidence": 0.7994219660758972,
      "bbox_xyxy": [
        432.11993408203125,
        282.43780517578125,
        555.3667602539062,
        352.4371337890625
      ],
      "bbox_yolo": [
        0.7714740037918091,
        0.49599605798721313,
        0.1925731599330902,
        0.10937394946813583
      ],
      "bbox_width_px": 123.246826171875,
      "bbox_height_px": 69.99932861328125
    },
    {
      "detection_id": 1,
      "class_name": "military_ship",
      "yolo_class_id": 5,
      "confidence": 0.8283960223197937,
      "bbox_xyxy": [
        79.91934204101562,
        282.5888671875,
        204.27099609375,
        348.84063720703125
      ],
      "bbox_yolo": [
        0.22202369570732117,
        0.4933043122291565,
        0.19429945945739746,
        0.10351838916540146
      ],
      "bbox_width_px": 124.35165405273438,
      "bbox_height_px": 66.25177001953125
    },
    {
      "detection_id": 2,
      "class_name": "military_ship",
      "yolo_class_id": 5,
      "confidence": 0.8141463994979858,
      "bbox_xyxy": [
        256.4541320800781,
        273.5852966308594,
        390.4183654785156,
        369.4140930175781
      ],
      "bbox_yolo": [
        0.5053691267967224,
        0.5023432970046997,
        0.2093191146850586,
        0.14973250031471252
      ],
      "bbox_width_px": 133.9642333984375,
      "bbox_height_px": 95.82879638671875
    }
  ]
}