{
  "index": 288,
  "dataframe_iter_index": 288,
  "image_path": "./datasets/sFERNANDO_FLUX29B/images/288.png",
  "image_width": 640,
  "image_height": 640,
  "ground_truth_class": "tugboat",
  "grounding_prompt": "boat",
  "timestamp": "2026-05-04T19:25:46.855112",
  "num_detections": 1,
  "detections": [
    {
      "detection_id": 0,
      "class_name": "tugboat",
      "yolo_class_id": 11,
      "confidence": 0.9482155442237854,
      "bbox_xyxy": [
        230.218994140625,
        274.5174255371094,
        397.69830322265625,
        373.6148986816406
      ],
      "bbox_yolo": [
        0.490560382604599,
        0.5063533782958984,
        0.26168641448020935,
        0.15483979880809784
      ],
      "bbox_width_px": 167.47930908203125,
      "bbox_height_px": 99.09747314453125
    }
  ]
}