{
  "index": 2881,
  "dataframe_iter_index": 2881,
  "image_path": "./datasets/sFERNANDO_FLUX29B/images/2881.png",
  "image_width": 640,
  "image_height": 640,
  "ground_truth_class": "military_ship",
  "grounding_prompt": "boat",
  "timestamp": "2026-05-04T20:17:24.968383",
  "num_detections": 2,
  "detections": [
    {
      "detection_id": 0,
      "class_name": "military_ship",
      "yolo_class_id": 5,
      "confidence": 0.8340421915054321,
      "bbox_xyxy": [
        94.45655822753906,
        227.3741912841797,
        272.25445556640625,
        381.89202880859375
      ],
      "bbox_yolo": [
        0.2864929735660553,
        0.4759892523288727,
        0.277809202671051,
        0.24143412709236145
      ],
      "bbox_width_px": 177.7978973388672,
      "bbox_height_px": 154.51783752441406
    },
    {
      "detection_id": 1,
      "class_name": "military_ship",
      "yolo_class_id": 5,
      "confidence": 0.8413800597190857,
      "bbox_xyxy": [
        341.1876525878906,
        247.0752410888672,
        521.5286865234375,
        380.847900390625
      ],
      "bbox_yolo": [
        0.6739971041679382,
        0.4905649721622467,
        0.281782865524292,
        0.20901978015899658
      ],
      "bbox_width_px": 180.34103393554688,
      "bbox_height_px": 133.7726593017578
    }
  ]
}