{
  "index": 2897,
  "dataframe_iter_index": 2897,
  "image_path": "./datasets/sFERNANDO_FLUX29B/images/2897.png",
  "image_width": 640,
  "image_height": 640,
  "ground_truth_class": "military_ship",
  "grounding_prompt": "boat",
  "timestamp": "2026-05-04T20:17:47.972455",
  "num_detections": 2,
  "detections": [
    {
      "detection_id": 0,
      "class_name": "military_ship",
      "yolo_class_id": 5,
      "confidence": 0.8768070936203003,
      "bbox_xyxy": [
        97.37118530273438,
        251.84078979492188,
        275.6119079589844,
        387.5431213378906
      ],
      "bbox_yolo": [
        0.2913930416107178,
        0.4995186924934387,
        0.27850112318992615,
        0.2120348960161209
      ],
      "bbox_width_px": 178.24072265625,
      "bbox_height_px": 135.70233154296875
    },
    {
      "detection_id": 1,
      "class_name": "military_ship",
      "yolo_class_id": 5,
      "confidence": 0.8340983390808105,
      "bbox_xyxy": [
        359.3951416015625,
        261.380859375,
        507.14892578125,
        382.498779296875
      ],
      "bbox_yolo": [
        0.6769875288009644,
        0.5030309557914734,
        0.23086528480052948,
        0.1892467439174652
      ],
      "bbox_width_px": 147.7537841796875,
      "bbox_height_px": 121.117919921875
    }
  ]
}