{
  "index": 2921,
  "dataframe_iter_index": 2921,
  "image_path": "./datasets/sFERNANDO_FLUX29B/images/2921.png",
  "image_width": 640,
  "image_height": 640,
  "ground_truth_class": "military_ship",
  "grounding_prompt": "boat",
  "timestamp": "2026-05-04T20:18:22.587591",
  "num_detections": 2,
  "detections": [
    {
      "detection_id": 0,
      "class_name": "military_ship",
      "yolo_class_id": 5,
      "confidence": 0.8320881724357605,
      "bbox_xyxy": [
        337.7377624511719,
        262.8028259277344,
        555.5870971679688,
        378.6011047363281
      ],
      "bbox_yolo": [
        0.6979100108146667,
        0.5010968446731567,
        0.34038957953453064,
        0.1809348165988922
      ],
      "bbox_width_px": 217.84933471679688,
      "bbox_height_px": 115.79827880859375
    },
    {
      "detection_id": 1,
      "class_name": "military_ship",
      "yolo_class_id": 5,
      "confidence": 0.8163930773735046,
      "bbox_xyxy": [
        97.42630004882812,
        244.9909210205078,
        283.6112365722656,
        371.9610900878906
      ],
      "bbox_yolo": [
        0.29768556356430054,
        0.48199376463890076,
        0.29091396927833557,
        0.1983908861875534
      ],
      "bbox_width_px": 186.1849365234375,
      "bbox_height_px": 126.97016906738281
    }
  ]
}