{
  "index": 2929,
  "dataframe_iter_index": 2929,
  "image_path": "./datasets/sFERNANDO_FLUX29B/images/2929.png",
  "image_width": 640,
  "image_height": 640,
  "ground_truth_class": "military_ship",
  "grounding_prompt": "boat",
  "timestamp": "2026-05-04T20:18:33.996578",
  "num_detections": 2,
  "detections": [
    {
      "detection_id": 0,
      "class_name": "military_ship",
      "yolo_class_id": 5,
      "confidence": 0.7751781344413757,
      "bbox_xyxy": [
        94.89372253417969,
        258.0392150878906,
        284.7261962890625,
        333.7398986816406
      ],
      "bbox_yolo": [
        0.2965780794620514,
        0.46232742071151733,
        0.29661324620246887,
        0.11828231811523438
      ],
      "bbox_width_px": 189.8324737548828,
      "bbox_height_px": 75.70068359375
    },
    {
      "detection_id": 1,
      "class_name": "military_ship",
      "yolo_class_id": 5,
      "confidence": 0.8441318273544312,
      "bbox_xyxy": [
        308.9848327636719,
        256.3468322753906,
        561.2559814453125,
        359.8267517089844
      ],
      "bbox_yolo": [
        0.6798756718635559,
        0.48138561844825745,
        0.39417368173599243,
        0.16168737411499023
      ],
      "bbox_width_px": 252.27114868164062,
      "bbox_height_px": 103.47991943359375
    }
  ]
}