{
  "index": 295,
  "dataframe_iter_index": 295,
  "image_path": "./datasets/sFERNANDO_FLUX29B/images/295.png",
  "image_width": 640,
  "image_height": 640,
  "ground_truth_class": "tugboat",
  "grounding_prompt": "boat",
  "timestamp": "2026-05-04T19:25:54.704498",
  "num_detections": 1,
  "detections": [
    {
      "detection_id": 0,
      "class_name": "tugboat",
      "yolo_class_id": 11,
      "confidence": 0.9214741587638855,
      "bbox_xyxy": [
        228.84213256835938,
        287.6978454589844,
        407.3714904785156,
        377.6084899902344
      ],
      "bbox_yolo": [
        0.49704188108444214,
        0.5197705626487732,
        0.27895212173461914,
        0.14048537611961365
      ],
      "bbox_width_px": 178.52935791015625,
      "bbox_height_px": 89.91064453125
    }
  ]
}