{
  "index": 296,
  "dataframe_iter_index": 296,
  "image_path": "./datasets/sFERNANDO_FLUX29B/images/296.png",
  "image_width": 640,
  "image_height": 640,
  "ground_truth_class": "tugboat",
  "grounding_prompt": "boat",
  "timestamp": "2026-05-04T19:25:55.788624",
  "num_detections": 1,
  "detections": [
    {
      "detection_id": 0,
      "class_name": "tugboat",
      "yolo_class_id": 11,
      "confidence": 0.942498505115509,
      "bbox_xyxy": [
        237.64395141601562,
        260.9909362792969,
        412.2906799316406,
        368.3572082519531
      ],
      "bbox_yolo": [
        0.5077614188194275,
        0.49167823791503906,
        0.2728855013847351,
        0.16775980591773987
      ],
      "bbox_width_px": 174.646728515625,
      "bbox_height_px": 107.36627197265625
    }
  ]
}