{
  "index": 3015,
  "dataframe_iter_index": 3015,
  "image_path": "./datasets/sFERNANDO_FLUX29B/images/3015.png",
  "image_width": 640,
  "image_height": 640,
  "ground_truth_class": "military_ship",
  "grounding_prompt": "boat",
  "timestamp": "2026-05-04T20:20:36.391517",
  "num_detections": 3,
  "detections": [
    {
      "detection_id": 0,
      "class_name": "military_ship",
      "yolo_class_id": 5,
      "confidence": 0.7425425052642822,
      "bbox_xyxy": [
        243.8079833984375,
        294.517822265625,
        434.5753173828125,
        361.29541015625
      ],
      "bbox_yolo": [
        0.5299869775772095,
        0.5123540759086609,
        0.298073947429657,
        0.10433997958898544
      ],
      "bbox_width_px": 190.767333984375,
      "bbox_height_px": 66.777587890625
    },
    {
      "detection_id": 1,
      "class_name": "military_ship",
      "yolo_class_id": 5,
      "confidence": 0.6595582962036133,
      "bbox_xyxy": [
        428.13885498046875,
        299.58258056640625,
        529.9019165039062,
        346.9610595703125
      ],
      "bbox_yolo": [
        0.748469352722168,
        0.5051122307777405,
        0.15900477766990662,
        0.0740288719534874
      ],
      "bbox_width_px": 101.7630615234375,
      "bbox_height_px": 47.37847900390625
    },
    {
      "detection_id": 2,
      "class_name": "military_ship",
      "yolo_class_id": 5,
      "confidence": 0.6062149405479431,
      "bbox_xyxy": [
        46.497467041015625,
        299.62896728515625,
        259.50213623046875,
        335.78509521484375
      ],
      "bbox_yolo": [
        0.23906219005584717,
        0.49641722440719604,
        0.33281978964805603,
        0.05649394914507866
      ],
      "bbox_width_px": 213.00466918945312,
      "bbox_height_px": 36.1561279296875
    }
  ]
}