{
  "index": 3022,
  "dataframe_iter_index": 3022,
  "image_path": "./datasets/sFERNANDO_FLUX29B/images/3022.png",
  "image_width": 640,
  "image_height": 640,
  "ground_truth_class": "military_ship",
  "grounding_prompt": "boat",
  "timestamp": "2026-05-04T20:20:46.507788",
  "num_detections": 3,
  "detections": [
    {
      "detection_id": 0,
      "class_name": "military_ship",
      "yolo_class_id": 5,
      "confidence": 0.7567944526672363,
      "bbox_xyxy": [
        394.2760314941406,
        223.40992736816406,
        600.549072265625,
        516.2123413085938
      ],
      "bbox_yolo": [
        0.77720707654953,
        0.577829897403717,
        0.32230162620544434,
        0.4575037956237793
      ],
      "bbox_width_px": 206.27304077148438,
      "bbox_height_px": 292.80242919921875
    },
    {
      "detection_id": 1,
      "class_name": "military_ship",
      "yolo_class_id": 5,
      "confidence": 0.7482757568359375,
      "bbox_xyxy": [
        33.826507568359375,
        215.0486602783203,
        240.62271118164062,
        515.0140991210938
      ],
      "bbox_yolo": [
        0.21441344916820526,
        0.5703614950180054,
        0.32311907410621643,
        0.4686960279941559
      ],
      "bbox_width_px": 206.79620361328125,
      "bbox_height_px": 299.9654541015625
    },
    {
      "detection_id": 2,
      "class_name": "military_ship",
      "yolo_class_id": 5,
      "confidence": 0.6762446761131287,
      "bbox_xyxy": [
        232.89732360839844,
        189.38182067871094,
        393.01025390625,
        530.3276977539062
      ],
      "bbox_yolo": [
        0.48899030685424805,
        0.5622730851173401,
        0.25017645955085754,
        0.5327278971672058
      ],
      "bbox_width_px": 160.11293029785156,
      "bbox_height_px": 340.94586181640625
    }
  ]
}