{
  "index": 3056,
  "dataframe_iter_index": 3056,
  "image_path": "./datasets/sFERNANDO_FLUX29B/images/3056.png",
  "image_width": 640,
  "image_height": 640,
  "ground_truth_class": "military_ship",
  "grounding_prompt": "boat",
  "timestamp": "2026-05-04T20:21:35.042534",
  "num_detections": 3,
  "detections": [
    {
      "detection_id": 0,
      "class_name": "military_ship",
      "yolo_class_id": 5,
      "confidence": 0.8048321008682251,
      "bbox_xyxy": [
        27.86865234375,
        157.6659698486328,
        454.88775634765625,
        523.1139526367188
      ],
      "bbox_yolo": [
        0.3771534562110901,
        0.531859278678894,
        0.6672173738479614,
        0.5710124969482422
      ],
      "bbox_width_px": 427.01910400390625,
      "bbox_height_px": 365.447998046875
    },
    {
      "detection_id": 1,
      "class_name": "military_ship",
      "yolo_class_id": 5,
      "confidence": 0.48644310235977173,
      "bbox_xyxy": [
        458.2692565917969,
        382.2269592285156,
        509.4776306152344,
        442.8539733886719
      ],
      "bbox_yolo": [
        0.7560522556304932,
        0.6445944905281067,
        0.08001308143138885,
        0.0947297066450119
      ],
      "bbox_width_px": 51.2083740234375,
      "bbox_height_px": 60.62701416015625
    },
    {
      "detection_id": 2,
      "class_name": "military_ship",
      "yolo_class_id": 5,
      "confidence": 0.5553780198097229,
      "bbox_xyxy": [
        0.031505584716796875,
        378.36474609375,
        75.45816040039062,
        489.11334228515625
      ],
      "bbox_yolo": [
        0.05897630378603935,
        0.6777172684669495,
        0.11785414069890976,
        0.17304468154907227
      ],
      "bbox_width_px": 75.42665100097656,
      "bbox_height_px": 110.74859619140625
    }
  ]
}