{
  "index": 3180,
  "dataframe_iter_index": 3180,
  "image_path": "./datasets/sFERNANDO_FLUX29B/images/3180.png",
  "image_width": 640,
  "image_height": 640,
  "ground_truth_class": "jetski",
  "grounding_prompt": "boat",
  "timestamp": "2026-05-04T20:24:39.024869",
  "num_detections": 1,
  "detections": [
    {
      "detection_id": 0,
      "class_name": "jetski",
      "yolo_class_id": 4,
      "confidence": 0.7671498656272888,
      "bbox_xyxy": [
        200.07455444335938,
        297.4637145996094,
        412.2090759277344,
        426.3207702636719
      ],
      "bbox_yolo": [
        0.478346586227417,
        0.5654566287994385,
        0.331460177898407,
        0.20133915543556213
      ],
      "bbox_width_px": 212.134521484375,
      "bbox_height_px": 128.8570556640625
    }
  ]
}