{
  "index": 3203,
  "dataframe_iter_index": 3203,
  "image_path": "./datasets/sFERNANDO_FLUX29B/images/3203.png",
  "image_width": 640,
  "image_height": 640,
  "ground_truth_class": "jetski",
  "grounding_prompt": "boat",
  "timestamp": "2026-05-04T20:25:12.164501",
  "num_detections": 4,
  "detections": [
    {
      "detection_id": 0,
      "class_name": "jetski",
      "yolo_class_id": 4,
      "confidence": 0.5118269920349121,
      "bbox_xyxy": [
        0.1484375,
        121.55809020996094,
        164.0999755859375,
        334.71942138671875
      ],
      "bbox_yolo": [
        0.12831906974315643,
        0.3564668297767639,
        0.2561742663383484,
        0.33306458592414856
      ],
      "bbox_width_px": 163.9515380859375,
      "bbox_height_px": 213.1613311767578
    },
    {
      "detection_id": 1,
      "class_name": "jetski",
      "yolo_class_id": 4,
      "confidence": 0.4321976602077484,
      "bbox_xyxy": [
        445.033935546875,
        343.9642639160156,
        512.8468627929688,
        398.0769958496094
      ],
      "bbox_yolo": [
        0.748344361782074,
        0.5797197222709656,
        0.10595770180225372,
        0.084551140666008
      ],
      "bbox_width_px": 67.81292724609375,
      "bbox_height_px": 54.11273193359375
    },
    {
      "detection_id": 2,
      "class_name": "jetski",
      "yolo_class_id": 4,
      "confidence": 0.4243411421775818,
      "bbox_xyxy": [
        170.95469665527344,
        249.88064575195312,
        252.95936584472656,
        336.5001525878906
      ],
      "bbox_yolo": [
        0.3311828672885895,
        0.4581100046634674,
        0.12813229858875275,
        0.13534298539161682
      ],
      "bbox_width_px": 82.00466918945312,
      "bbox_height_px": 86.6195068359375
    },
    {
      "detection_id": 3,
      "class_name": "jetski",
      "yolo_class_id": 4,
      "confidence": 0.3955916464328766,
      "bbox_xyxy": [
        490.57403564453125,
        342.24322509765625,
        602.8560180664062,
        427.49871826171875
      ],
      "bbox_yolo": [
        0.854242205619812,
        0.6013609170913696,
        0.17544059455394745,
        0.13321170210838318
      ],
      "bbox_width_px": 112.281982421875,
      "bbox_height_px": 85.2554931640625
    }
  ]
}