{
  "index": 323,
  "dataframe_iter_index": 323,
  "image_path": "./datasets/sFERNANDO_FLUX29B/images/323.png",
  "image_width": 640,
  "image_height": 640,
  "ground_truth_class": "tugboat",
  "grounding_prompt": "boat",
  "timestamp": "2026-05-04T19:26:25.937126",
  "num_detections": 1,
  "detections": [
    {
      "detection_id": 0,
      "class_name": "tugboat",
      "yolo_class_id": 11,
      "confidence": 0.9383129477500916,
      "bbox_xyxy": [
        203.20440673828125,
        190.39956665039062,
        455.19415283203125,
        426.8883361816406
      ],
      "bbox_yolo": [
        0.5143738985061646,
        0.4822561740875244,
        0.3937339782714844,
        0.36951369047164917
      ],
      "bbox_width_px": 251.98974609375,
      "bbox_height_px": 236.48876953125
    }
  ]
}