{
  "index": 3234,
  "dataframe_iter_index": 3234,
  "image_path": "./datasets/sFERNANDO_FLUX29B/images/3234.png",
  "image_width": 640,
  "image_height": 640,
  "ground_truth_class": "jetski",
  "grounding_prompt": "boat",
  "timestamp": "2026-05-04T20:25:56.062191",
  "num_detections": 3,
  "detections": [
    {
      "detection_id": 0,
      "class_name": "jetski",
      "yolo_class_id": 4,
      "confidence": 0.5792562365531921,
      "bbox_xyxy": [
        412.0544738769531,
        310.8826599121094,
        595.75244140625,
        411.5431213378906
      ],
      "bbox_yolo": [
        0.7873491048812866,
        0.5643951296806335,
        0.28702807426452637,
        0.15728196501731873
      ],
      "bbox_width_px": 183.69796752929688,
      "bbox_height_px": 100.66046142578125
    },
    {
      "detection_id": 1,
      "class_name": "jetski",
      "yolo_class_id": 4,
      "confidence": 0.600879967212677,
      "bbox_xyxy": [
        230.4669189453125,
        307.1044921875,
        399.29412841796875,
        418.42529296875
      ],
      "bbox_yolo": [
        0.4920008182525635,
        0.5668201446533203,
        0.2637925148010254,
        0.17393875122070312
      ],
      "bbox_width_px": 168.82720947265625,
      "bbox_height_px": 111.32080078125
    },
    {
      "detection_id": 2,
      "class_name": "jetski",
      "yolo_class_id": 4,
      "confidence": 0.6200369000434875,
      "bbox_xyxy": [
        36.47723388671875,
        307.6595764160156,
        210.73834228515625,
        417.9830017089844
      ],
      "bbox_yolo": [
        0.19313716888427734,
        0.5669082403182983,
        0.27228298783302307,
        0.17238035798072815
      ],
      "bbox_width_px": 174.2611083984375,
      "bbox_height_px": 110.32342529296875
    }
  ]
}