{
  "index": 324,
  "dataframe_iter_index": 324,
  "image_path": "./datasets/sFERNANDO_FLUX29B/images/324.png",
  "image_width": 640,
  "image_height": 640,
  "ground_truth_class": "tugboat",
  "grounding_prompt": "boat",
  "timestamp": "2026-05-04T19:26:27.017873",
  "num_detections": 1,
  "detections": [
    {
      "detection_id": 0,
      "class_name": "tugboat",
      "yolo_class_id": 11,
      "confidence": 0.9620543718338013,
      "bbox_xyxy": [
        235.6854248046875,
        274.39794921875,
        412.0623779296875,
        370.92987060546875
      ],
      "bbox_yolo": [
        0.5060529708862305,
        0.5041623711585999,
        0.2755889892578125,
        0.15083113312721252
      ],
      "bbox_width_px": 176.376953125,
      "bbox_height_px": 96.53192138671875
    }
  ]
}