{
  "index": 3240,
  "dataframe_iter_index": 3240,
  "image_path": "./datasets/sFERNANDO_FLUX29B/images/3240.png",
  "image_width": 640,
  "image_height": 640,
  "ground_truth_class": "jetski",
  "grounding_prompt": "boat",
  "timestamp": "2026-05-04T20:26:04.073242",
  "num_detections": 1,
  "detections": [
    {
      "detection_id": 0,
      "class_name": "jetski",
      "yolo_class_id": 4,
      "confidence": 0.8489976525306702,
      "bbox_xyxy": [
        143.03909301757812,
        264.65252685546875,
        446.3051452636719,
        423.103271484375
      ],
      "bbox_yolo": [
        0.4604251980781555,
        0.5373092293739319,
        0.473853200674057,
        0.24757929146289825
      ],
      "bbox_width_px": 303.26605224609375,
      "bbox_height_px": 158.45074462890625
    }
  ]
}