{
  "index": 3271,
  "dataframe_iter_index": 3271,
  "image_path": "./datasets/sFERNANDO_FLUX29B/images/3271.png",
  "image_width": 640,
  "image_height": 640,
  "ground_truth_class": "jetski",
  "grounding_prompt": "boat",
  "timestamp": "2026-05-04T20:26:43.639711",
  "num_detections": 1,
  "detections": [
    {
      "detection_id": 0,
      "class_name": "jetski",
      "yolo_class_id": 4,
      "confidence": 0.8237282633781433,
      "bbox_xyxy": [
        213.0217742919922,
        300.7915954589844,
        390.25494384765625,
        373.6791687011719
      ],
      "bbox_yolo": [
        0.47130995988845825,
        0.5269302725791931,
        0.27692681550979614,
        0.11388683319091797
      ],
      "bbox_width_px": 177.23316955566406,
      "bbox_height_px": 72.8875732421875
    }
  ]
}