{
  "index": 3278,
  "dataframe_iter_index": 3278,
  "image_path": "./datasets/sFERNANDO_FLUX29B/images/3278.png",
  "image_width": 640,
  "image_height": 640,
  "ground_truth_class": "jetski",
  "grounding_prompt": "boat",
  "timestamp": "2026-05-04T20:26:52.409451",
  "num_detections": 3,
  "detections": [
    {
      "detection_id": 0,
      "class_name": "jetski",
      "yolo_class_id": 4,
      "confidence": 0.5124692320823669,
      "bbox_xyxy": [
        241.13079833984375,
        297.87799072265625,
        370.06719970703125,
        364.83837890625
      ],
      "bbox_yolo": [
        0.47749844193458557,
        0.517747163772583,
        0.20146313309669495,
        0.10462560504674911
      ],
      "bbox_width_px": 128.9364013671875,
      "bbox_height_px": 66.96038818359375
    },
    {
      "detection_id": 1,
      "class_name": "jetski",
      "yolo_class_id": 4,
      "confidence": 0.4664549231529236,
      "bbox_xyxy": [
        139.5991973876953,
        294.3574523925781,
        232.7808380126953,
        342.1692199707031
      ],
      "bbox_yolo": [
        0.2909218966960907,
        0.49728646874427795,
        0.14559631049633026,
        0.07470588386058807
      ],
      "bbox_width_px": 93.181640625,
      "bbox_height_px": 47.811767578125
    },
    {
      "detection_id": 2,
      "class_name": "jetski",
      "yolo_class_id": 4,
      "confidence": 0.4518779516220093,
      "bbox_xyxy": [
        426.6143798828125,
        308.25286865234375,
        551.246337890625,
        369.64178466796875
      ],
      "bbox_yolo": [
        0.763953685760498,
        0.5296052098274231,
        0.19473743438720703,
        0.09592018276453018
      ],
      "bbox_width_px": 124.6319580078125,
      "bbox_height_px": 61.388916015625
    }
  ]
}