{
  "index": 3308,
  "dataframe_iter_index": 3308,
  "image_path": "./datasets/sFERNANDO_FLUX29B/images/3308.png",
  "image_width": 640,
  "image_height": 640,
  "ground_truth_class": "jetski",
  "grounding_prompt": "boat",
  "timestamp": "2026-05-04T20:27:28.352740",
  "num_detections": 1,
  "detections": [
    {
      "detection_id": 0,
      "class_name": "jetski",
      "yolo_class_id": 4,
      "confidence": 0.5399188995361328,
      "bbox_xyxy": [
        160.8695068359375,
        291.7537536621094,
        365.848876953125,
        461.4355773925781
      ],
      "bbox_yolo": [
        0.4114987254142761,
        0.5884291529655457,
        0.3202802538871765,
        0.26512783765792847
      ],
      "bbox_width_px": 204.9793701171875,
      "bbox_height_px": 169.68182373046875
    }
  ]
}