{
  "index": 3363,
  "dataframe_iter_index": 3363,
  "image_path": "./datasets/sFERNANDO_FLUX29B/images/3363.png",
  "image_width": 640,
  "image_height": 640,
  "ground_truth_class": "jetski",
  "grounding_prompt": "boat",
  "timestamp": "2026-05-04T20:28:32.359077",
  "num_detections": 1,
  "detections": [
    {
      "detection_id": 0,
      "class_name": "jetski",
      "yolo_class_id": 4,
      "confidence": 0.8605497479438782,
      "bbox_xyxy": [
        237.65504455566406,
        292.6493225097656,
        370.84234619140625,
        352.1967468261719
      ],
      "bbox_yolo": [
        0.4753885865211487,
        0.5037859678268433,
        0.2081051617860794,
        0.09304285049438477
      ],
      "bbox_width_px": 133.1873016357422,
      "bbox_height_px": 59.54742431640625
    }
  ]
}