{
  "index": 337,
  "dataframe_iter_index": 337,
  "image_path": "./datasets/sFERNANDO_FLUX29B/images/337.png",
  "image_width": 640,
  "image_height": 640,
  "ground_truth_class": "tugboat",
  "grounding_prompt": "boat",
  "timestamp": "2026-05-04T19:26:41.550976",
  "num_detections": 2,
  "detections": [
    {
      "detection_id": 0,
      "class_name": "tugboat",
      "yolo_class_id": 11,
      "confidence": 0.8547803163528442,
      "bbox_xyxy": [
        354.7301330566406,
        238.30813598632812,
        549.5889892578125,
        367.1418151855469
      ],
      "bbox_yolo": [
        0.7064992785453796,
        0.47300776839256287,
        0.30446696281433105,
        0.20130261778831482
      ],
      "bbox_width_px": 194.85885620117188,
      "bbox_height_px": 128.83367919921875
    },
    {
      "detection_id": 1,
      "class_name": "tugboat",
      "yolo_class_id": 11,
      "confidence": 0.8730483055114746,
      "bbox_xyxy": [
        82.00518035888672,
        237.71298217773438,
        288.5948181152344,
        368.0622253417969
      ],
      "bbox_yolo": [
        0.28953126072883606,
        0.47326189279556274,
        0.3227962851524353,
        0.2036706954240799
      ],
      "bbox_width_px": 206.58963012695312,
      "bbox_height_px": 130.3492431640625
    }
  ]
}