{
  "index": 3378,
  "dataframe_iter_index": 3378,
  "image_path": "./datasets/sFERNANDO_FLUX29B/images/3378.png",
  "image_width": 640,
  "image_height": 640,
  "ground_truth_class": "jetski",
  "grounding_prompt": "boat",
  "timestamp": "2026-05-04T20:28:49.402891",
  "num_detections": 3,
  "detections": [
    {
      "detection_id": 0,
      "class_name": "jetski",
      "yolo_class_id": 4,
      "confidence": 0.6574878096580505,
      "bbox_xyxy": [
        432.2663879394531,
        305.86090087890625,
        557.791259765625,
        350.06903076171875
      ],
      "bbox_yolo": [
        0.7734825015068054,
        0.5124452710151672,
        0.1961326152086258,
        0.06907520443201065
      ],
      "bbox_width_px": 125.52487182617188,
      "bbox_height_px": 44.2081298828125
    },
    {
      "detection_id": 1,
      "class_name": "jetski",
      "yolo_class_id": 4,
      "confidence": 0.6503070592880249,
      "bbox_xyxy": [
        254.92637634277344,
        303.161376953125,
        373.91510009765625,
        349.49725341796875
      ],
      "bbox_yolo": [
        0.4912824034690857,
        0.509889543056488,
        0.1859198808670044,
        0.0723998099565506
      ],
      "bbox_width_px": 118.98872375488281,
      "bbox_height_px": 46.33587646484375
    },
    {
      "detection_id": 2,
      "class_name": "jetski",
      "yolo_class_id": 4,
      "confidence": 0.6379349231719971,
      "bbox_xyxy": [
        67.5380630493164,
        305.6943359375,
        191.14102172851562,
        349.029296875
      ],
      "bbox_yolo": [
        0.20209303498268127,
        0.5115028619766235,
        0.19312962889671326,
        0.06771087646484375
      ],
      "bbox_width_px": 123.60295867919922,
      "bbox_height_px": 43.3349609375
    }
  ]
}