{
  "index": 3386,
  "dataframe_iter_index": 3386,
  "image_path": "./datasets/sFERNANDO_FLUX29B/images/3386.png",
  "image_width": 640,
  "image_height": 640,
  "ground_truth_class": "jetski",
  "grounding_prompt": "boat",
  "timestamp": "2026-05-04T20:28:58.448951",
  "num_detections": 3,
  "detections": [
    {
      "detection_id": 0,
      "class_name": "jetski",
      "yolo_class_id": 4,
      "confidence": 0.6408125758171082,
      "bbox_xyxy": [
        427.63092041015625,
        306.5672302246094,
        559.5624389648438,
        361.4417419433594
      ],
      "bbox_yolo": [
        0.7712448239326477,
        0.5218819975852966,
        0.20614299178123474,
        0.08574142307043076
      ],
      "bbox_width_px": 131.9315185546875,
      "bbox_height_px": 54.87451171875
    },
    {
      "detection_id": 1,
      "class_name": "jetski",
      "yolo_class_id": 4,
      "confidence": 0.6397894620895386,
      "bbox_xyxy": [
        247.57373046875,
        302.4336242675781,
        372.5299072265625,
        350.8864440917969
      ],
      "bbox_yolo": [
        0.48445597290992737,
        0.5104063153266907,
        0.19524402916431427,
        0.07570753246545792
      ],
      "bbox_width_px": 124.9561767578125,
      "bbox_height_px": 48.45281982421875
    },
    {
      "detection_id": 2,
      "class_name": "jetski",
      "yolo_class_id": 4,
      "confidence": 0.6427922248840332,
      "bbox_xyxy": [
        61.55565643310547,
        302.8147277832031,
        190.73043823242188,
        348.6165466308594
      ],
      "bbox_yolo": [
        0.1970985233783722,
        0.5089306831359863,
        0.20183558762073517,
        0.07156534492969513
      ],
      "bbox_width_px": 129.17477416992188,
      "bbox_height_px": 45.80181884765625
    }
  ]
}