{
  "index": 3388,
  "dataframe_iter_index": 3388,
  "image_path": "./datasets/sFERNANDO_FLUX29B/images/3388.png",
  "image_width": 640,
  "image_height": 640,
  "ground_truth_class": "jetski",
  "grounding_prompt": "boat",
  "timestamp": "2026-05-04T20:29:00.643312",
  "num_detections": 1,
  "detections": [
    {
      "detection_id": 0,
      "class_name": "jetski",
      "yolo_class_id": 4,
      "confidence": 0.8954517245292664,
      "bbox_xyxy": [
        261.3787536621094,
        301.0143737792969,
        354.4814758300781,
        343.8333435058594
      ],
      "bbox_yolo": [
        0.48114079236984253,
        0.5037872791290283,
        0.14547300338745117,
        0.06690464168787003
      ],
      "bbox_width_px": 93.10272216796875,
      "bbox_height_px": 42.8189697265625
    }
  ]
}