{
  "index": 339,
  "dataframe_iter_index": 339,
  "image_path": "./datasets/sFERNANDO_FLUX29B/images/339.png",
  "image_width": 640,
  "image_height": 640,
  "ground_truth_class": "tugboat",
  "grounding_prompt": "boat",
  "timestamp": "2026-05-04T19:26:43.796797",
  "num_detections": 1,
  "detections": [
    {
      "detection_id": 0,
      "class_name": "tugboat",
      "yolo_class_id": 11,
      "confidence": 0.9151725769042969,
      "bbox_xyxy": [
        193.19093322753906,
        59.867706298828125,
        481.86468505859375,
        471.3080749511719
      ],
      "bbox_yolo": [
        0.5273872017860413,
        0.41498106718063354,
        0.4510527551174164,
        0.6428755521774292
      ],
      "bbox_width_px": 288.67376708984375,
      "bbox_height_px": 411.44036865234375
    }
  ]
}