{
  "index": 3402,
  "dataframe_iter_index": 3402,
  "image_path": "./datasets/sFERNANDO_FLUX29B/images/3402.png",
  "image_width": 640,
  "image_height": 640,
  "ground_truth_class": "jetski",
  "grounding_prompt": "boat",
  "timestamp": "2026-05-04T20:29:17.295007",
  "num_detections": 3,
  "detections": [
    {
      "detection_id": 0,
      "class_name": "jetski",
      "yolo_class_id": 4,
      "confidence": 0.6173369288444519,
      "bbox_xyxy": [
        33.335289001464844,
        314.0629577636719,
        198.71969604492188,
        375.3298034667969
      ],
      "bbox_yolo": [
        0.18129296600818634,
        0.5385881066322327,
        0.2584131360054016,
        0.09572944790124893
      ],
      "bbox_width_px": 165.3843994140625,
      "bbox_height_px": 61.266845703125
    },
    {
      "detection_id": 1,
      "class_name": "jetski",
      "yolo_class_id": 4,
      "confidence": 0.5912317037582397,
      "bbox_xyxy": [
        417.81494140625,
        307.08184814453125,
        558.810546875,
        366.76617431640625
      ],
      "bbox_yolo": [
        0.7629886865615845,
        0.5264437794685364,
        0.2203056365251541,
        0.09325675666332245
      ],
      "bbox_width_px": 140.99560546875,
      "bbox_height_px": 59.684326171875
    },
    {
      "detection_id": 2,
      "class_name": "jetski",
      "yolo_class_id": 4,
      "confidence": 0.6037243008613586,
      "bbox_xyxy": [
        227.03363037109375,
        307.9559326171875,
        388.23309326171875,
        369.3758544921875
      ],
      "bbox_yolo": [
        0.48067712783813477,
        0.5291654467582703,
        0.2518741488456726,
        0.09596862643957138
      ],
      "bbox_width_px": 161.199462890625,
      "bbox_height_px": 61.419921875
    }
  ]
}