{
  "index": 3434,
  "dataframe_iter_index": 3434,
  "image_path": "./datasets/sFERNANDO_FLUX29B/images/3434.png",
  "image_width": 640,
  "image_height": 640,
  "ground_truth_class": "jetski",
  "grounding_prompt": "boat",
  "timestamp": "2026-05-04T20:29:57.102453",
  "num_detections": 3,
  "detections": [
    {
      "detection_id": 0,
      "class_name": "jetski",
      "yolo_class_id": 4,
      "confidence": 0.73868727684021,
      "bbox_xyxy": [
        228.12353515625,
        305.6046142578125,
        386.78759765625,
        369.8248291015625
      ],
      "bbox_yolo": [
        0.48039931058883667,
        0.5276792645454407,
        0.24791260063648224,
        0.10034408420324326
      ],
      "bbox_width_px": 158.6640625,
      "bbox_height_px": 64.22021484375
    },
    {
      "detection_id": 1,
      "class_name": "jetski",
      "yolo_class_id": 4,
      "confidence": 0.731378972530365,
      "bbox_xyxy": [
        33.535552978515625,
        310.5716552734375,
        196.7952880859375,
        382.93603515625
      ],
      "bbox_yolo": [
        0.17994597554206848,
        0.5418028831481934,
        0.2550933361053467,
        0.11306934058666229
      ],
      "bbox_width_px": 163.25973510742188,
      "bbox_height_px": 72.3643798828125
    },
    {
      "detection_id": 2,
      "class_name": "jetski",
      "yolo_class_id": 4,
      "confidence": 0.7084777355194092,
      "bbox_xyxy": [
        428.79473876953125,
        301.2646179199219,
        554.5352172851562,
        363.4066467285156
      ],
      "bbox_yolo": [
        0.7682265043258667,
        0.5192744135856628,
        0.1964695006608963,
        0.09709692001342773
      ],
      "bbox_width_px": 125.740478515625,
      "bbox_height_px": 62.14202880859375
    }
  ]
}