{
  "index": 3496,
  "dataframe_iter_index": 3496,
  "image_path": "./datasets/sFERNANDO_FLUX29B/images/3496.png",
  "image_width": 640,
  "image_height": 640,
  "ground_truth_class": "jetski",
  "grounding_prompt": "boat",
  "timestamp": "2026-05-04T20:31:10.587475",
  "num_detections": 1,
  "detections": [
    {
      "detection_id": 0,
      "class_name": "jetski",
      "yolo_class_id": 4,
      "confidence": 0.8777522444725037,
      "bbox_xyxy": [
        221.23834228515625,
        298.252197265625,
        388.28851318359375,
        376.6151123046875
      ],
      "bbox_yolo": [
        0.4761928617954254,
        0.5272400975227356,
        0.2610158920288086,
        0.12244205176830292
      ],
      "bbox_width_px": 167.0501708984375,
      "bbox_height_px": 78.3629150390625
    }
  ]
}