{
  "index": 3530,
  "dataframe_iter_index": 3530,
  "image_path": "./datasets/sFERNANDO_FLUX29B/images/3530.png",
  "image_width": 640,
  "image_height": 640,
  "ground_truth_class": "jetski",
  "grounding_prompt": "boat",
  "timestamp": "2026-05-04T20:31:50.936910",
  "num_detections": 3,
  "detections": [
    {
      "detection_id": 0,
      "class_name": "jetski",
      "yolo_class_id": 4,
      "confidence": 0.7782250046730042,
      "bbox_xyxy": [
        428.2603759765625,
        296.44683837890625,
        584.6027221679688,
        387.2237548828125
      ],
      "bbox_yolo": [
        0.7912992835044861,
        0.5341176390647888,
        0.24428491294384003,
        0.141838937997818
      ],
      "bbox_width_px": 156.34234619140625,
      "bbox_height_px": 90.77691650390625
    },
    {
      "detection_id": 1,
      "class_name": "jetski",
      "yolo_class_id": 4,
      "confidence": 0.7973048686981201,
      "bbox_xyxy": [
        36.26091766357422,
        301.52154541015625,
        201.27920532226562,
        387.51629638671875
      ],
      "bbox_yolo": [
        0.18557822704315186,
        0.5383108258247375,
        0.2578410506248474,
        0.13436679542064667
      ],
      "bbox_width_px": 165.01828002929688,
      "bbox_height_px": 85.9947509765625
    },
    {
      "detection_id": 2,
      "class_name": "jetski",
      "yolo_class_id": 4,
      "confidence": 0.7778769731521606,
      "bbox_xyxy": [
        247.2235870361328,
        297.81719970703125,
        386.61065673828125,
        392.26153564453125
      ],
      "bbox_yolo": [
        0.49518299102783203,
        0.5391240119934082,
        0.2177923023700714,
        0.14756926894187927
      ],
      "bbox_width_px": 139.38706970214844,
      "bbox_height_px": 94.4443359375
    }
  ]
}