{
  "index": 3540,
  "dataframe_iter_index": 3540,
  "image_path": "./datasets/sFERNANDO_FLUX29B/images/3540.png",
  "image_width": 640,
  "image_height": 640,
  "ground_truth_class": "jetski",
  "grounding_prompt": "boat",
  "timestamp": "2026-05-04T20:32:02.544434",
  "num_detections": 1,
  "detections": [
    {
      "detection_id": 0,
      "class_name": "jetski",
      "yolo_class_id": 4,
      "confidence": 0.8965210914611816,
      "bbox_xyxy": [
        249.33004760742188,
        306.30242919921875,
        366.4798278808594,
        355.26373291015625
      ],
      "bbox_yolo": [
        0.48110145330429077,
        0.5168485641479492,
        0.18304653465747833,
        0.07650204002857208
      ],
      "bbox_width_px": 117.1497802734375,
      "bbox_height_px": 48.9613037109375
    }
  ]
}