{
  "index": 3582,
  "dataframe_iter_index": 3582,
  "image_path": "./datasets/sFERNANDO_FLUX29B/images/3582.png",
  "image_width": 640,
  "image_height": 640,
  "ground_truth_class": "jetski",
  "grounding_prompt": "boat",
  "timestamp": "2026-05-04T20:32:51.774881",
  "num_detections": 3,
  "detections": [
    {
      "detection_id": 0,
      "class_name": "jetski",
      "yolo_class_id": 4,
      "confidence": 0.8307998776435852,
      "bbox_xyxy": [
        250.6031951904297,
        256.02801513671875,
        378.55841064453125,
        389.74359130859375
      ],
      "bbox_yolo": [
        0.49153250455856323,
        0.5045090913772583,
        0.19993002712726593,
        0.2089305818080902
      ],
      "bbox_width_px": 127.95521545410156,
      "bbox_height_px": 133.715576171875
    },
    {
      "detection_id": 1,
      "class_name": "jetski",
      "yolo_class_id": 4,
      "confidence": 0.8323633074760437,
      "bbox_xyxy": [
        44.20819091796875,
        252.203857421875,
        232.66195678710938,
        387.2564697265625
      ],
      "bbox_yolo": [
        0.21630480885505676,
        0.4995783865451813,
        0.2944590151309967,
        0.21101970970630646
      ],
      "bbox_width_px": 188.45376586914062,
      "bbox_height_px": 135.0526123046875
    },
    {
      "detection_id": 2,
      "class_name": "jetski",
      "yolo_class_id": 4,
      "confidence": 0.8027183413505554,
      "bbox_xyxy": [
        426.5460205078125,
        264.0958557128906,
        578.2574462890625,
        405.2132263183594
      ],
      "bbox_yolo": [
        0.7850027084350586,
        0.5228977203369141,
        0.23704910278320312,
        0.22049589455127716
      ],
      "bbox_width_px": 151.71142578125,
      "bbox_height_px": 141.11737060546875
    }
  ]
}