{
  "index": 3600,
  "dataframe_iter_index": 3600,
  "image_path": "./datasets/sFERNANDO_FLUX29B/images/3600.png",
  "image_width": 640,
  "image_height": 640,
  "ground_truth_class": "jetski",
  "grounding_prompt": "boat",
  "timestamp": "2026-05-04T20:33:12.862522",
  "num_detections": 1,
  "detections": [
    {
      "detection_id": 0,
      "class_name": "jetski",
      "yolo_class_id": 4,
      "confidence": 0.6979390382766724,
      "bbox_xyxy": [
        205.0469207763672,
        292.22607421875,
        396.5450439453125,
        408.8822021484375
      ],
      "bbox_yolo": [
        0.4699937403202057,
        0.5477408170700073,
        0.29921582341194153,
        0.1822752058506012
      ],
      "bbox_width_px": 191.4981231689453,
      "bbox_height_px": 116.6561279296875
    }
  ]
}