{
  "index": 3621,
  "dataframe_iter_index": 3621,
  "image_path": "./datasets/sFERNANDO_FLUX29B/images/3621.png",
  "image_width": 640,
  "image_height": 640,
  "ground_truth_class": "jetski",
  "grounding_prompt": "boat",
  "timestamp": "2026-05-04T20:33:37.235501",
  "num_detections": 2,
  "detections": [
    {
      "detection_id": 0,
      "class_name": "jetski",
      "yolo_class_id": 4,
      "confidence": 0.7993276715278625,
      "bbox_xyxy": [
        335.4481506347656,
        340.8323974609375,
        416.3800964355469,
        369.84619140625
      ],
      "bbox_yolo": [
        0.5873658061027527,
        0.5552176237106323,
        0.12645617127418518,
        0.04533405229449272
      ],
      "bbox_width_px": 80.93194580078125,
      "bbox_height_px": 29.0137939453125
    },
    {
      "detection_id": 1,
      "class_name": "jetski",
      "yolo_class_id": 4,
      "confidence": 0.8248451948165894,
      "bbox_xyxy": [
        211.5354461669922,
        343.9023742675781,
        306.412109375,
        374.7730407714844
      ],
      "bbox_yolo": [
        0.40464654564857483,
        0.5614651441574097,
        0.14824478328227997,
        0.048235416412353516
      ],
      "bbox_width_px": 94.87666320800781,
      "bbox_height_px": 30.87066650390625
    }
  ]
}