{
  "index": 3628,
  "dataframe_iter_index": 3628,
  "image_path": "./datasets/sFERNANDO_FLUX29B/images/3628.png",
  "image_width": 640,
  "image_height": 640,
  "ground_truth_class": "jetski",
  "grounding_prompt": "boat",
  "timestamp": "2026-05-04T20:33:45.401181",
  "num_detections": 1,
  "detections": [
    {
      "detection_id": 0,
      "class_name": "jetski",
      "yolo_class_id": 4,
      "confidence": 0.9050465822219849,
      "bbox_xyxy": [
        221.2587890625,
        307.9666748046875,
        394.11529541015625,
        376.48345947265625
      ],
      "bbox_yolo": [
        0.48076099157333374,
        0.5347266793251038,
        0.2700882852077484,
        0.10705747455358505
      ],
      "bbox_width_px": 172.85650634765625,
      "bbox_height_px": 68.51678466796875
    }
  ]
}