{
  "index": 3641,
  "dataframe_iter_index": 3641,
  "image_path": "./datasets/sFERNANDO_FLUX29B/images/3641.png",
  "image_width": 640,
  "image_height": 640,
  "ground_truth_class": "jetski",
  "grounding_prompt": "boat",
  "timestamp": "2026-05-04T20:34:00.898700",
  "num_detections": 2,
  "detections": [
    {
      "detection_id": 0,
      "class_name": "jetski",
      "yolo_class_id": 4,
      "confidence": 0.8127519488334656,
      "bbox_xyxy": [
        204.9929962158203,
        342.42669677734375,
        317.17626953125,
        376.11102294921875
      ],
      "bbox_yolo": [
        0.4079447388648987,
        0.5613576173782349,
        0.17528636753559113,
        0.05263175815343857
      ],
      "bbox_width_px": 112.18327331542969,
      "bbox_height_px": 33.684326171875
    },
    {
      "detection_id": 1,
      "class_name": "jetski",
      "yolo_class_id": 4,
      "confidence": 0.770702064037323,
      "bbox_xyxy": [
        331.56622314453125,
        341.2718200683594,
        450.651123046875,
        378.5081481933594
      ],
      "bbox_yolo": [
        0.6111072897911072,
        0.5623281002044678,
        0.18607015907764435,
        0.0581817626953125
      ],
      "bbox_width_px": 119.08489990234375,
      "bbox_height_px": 37.236328125
    }
  ]
}