{
  "index": 3684,
  "dataframe_iter_index": 3684,
  "image_path": "./datasets/sFERNANDO_FLUX29B/images/3684.png",
  "image_width": 640,
  "image_height": 640,
  "ground_truth_class": "jetski",
  "grounding_prompt": "boat",
  "timestamp": "2026-05-04T20:34:51.725875",
  "num_detections": 1,
  "detections": [
    {
      "detection_id": 0,
      "class_name": "jetski",
      "yolo_class_id": 4,
      "confidence": 0.9128666520118713,
      "bbox_xyxy": [
        244.0034942626953,
        315.4212341308594,
        389.656005859375,
        368.6349182128906
      ],
      "bbox_yolo": [
        0.495046466588974,
        0.5344188809394836,
        0.22758205235004425,
        0.08314637839794159
      ],
      "bbox_width_px": 145.6525115966797,
      "bbox_height_px": 53.21368408203125
    }
  ]
}