{
  "index": 3714,
  "dataframe_iter_index": 3714,
  "image_path": "./datasets/sFERNANDO_FLUX29B/images/3714.png",
  "image_width": 640,
  "image_height": 640,
  "ground_truth_class": "jetski",
  "grounding_prompt": "boat",
  "timestamp": "2026-05-04T20:35:27.757216",
  "num_detections": 3,
  "detections": [
    {
      "detection_id": 0,
      "class_name": "jetski",
      "yolo_class_id": 4,
      "confidence": 0.47839367389678955,
      "bbox_xyxy": [
        226.08595275878906,
        310.0818786621094,
        401.38458251953125,
        408.9898376464844
      ],
      "bbox_yolo": [
        0.4902113378047943,
        0.5617747902870178,
        0.27390411496162415,
        0.1545436829328537
      ],
      "bbox_width_px": 175.2986297607422,
      "bbox_height_px": 98.907958984375
    },
    {
      "detection_id": 1,
      "class_name": "jetski",
      "yolo_class_id": 4,
      "confidence": 0.43266844749450684,
      "bbox_xyxy": [
        26.66901397705078,
        313.4537048339844,
        201.97415161132812,
        401.0917053222656
      ],
      "bbox_yolo": [
        0.17862746119499207,
        0.5582386255264282,
        0.27391427755355835,
        0.13693436980247498
      ],
      "bbox_width_px": 175.30514526367188,
      "bbox_height_px": 87.63800048828125
    },
    {
      "detection_id": 2,
      "class_name": "jetski",
      "yolo_class_id": 4,
      "confidence": 0.4280109107494354,
      "bbox_xyxy": [
        440.37921142578125,
        304.7625732421875,
        593.9476928710938,
        440.66156005859375
      ],
      "bbox_yolo": [
        0.8080679178237915,
        0.5823625922203064,
        0.2399507462978363,
        0.21234217286109924
      ],
      "bbox_width_px": 153.5684814453125,
      "bbox_height_px": 135.89898681640625
    }
  ]
}