{
  "index": 3753,
  "dataframe_iter_index": 3753,
  "image_path": "./datasets/sFERNANDO_FLUX29B/images/3753.png",
  "image_width": 640,
  "image_height": 640,
  "ground_truth_class": "jetski",
  "grounding_prompt": "boat",
  "timestamp": "2026-05-04T20:36:12.529292",
  "num_detections": 2,
  "detections": [
    {
      "detection_id": 0,
      "class_name": "jetski",
      "yolo_class_id": 4,
      "confidence": 0.7987982034683228,
      "bbox_xyxy": [
        362.3634033203125,
        412.87432861328125,
        580.6199951171875,
        527.0982666015625
      ],
      "bbox_yolo": [
        0.7367057800292969,
        0.7343536019325256,
        0.3410259187221527,
        0.17847490310668945
      ],
      "bbox_width_px": 218.256591796875,
      "bbox_height_px": 114.22393798828125
    },
    {
      "detection_id": 1,
      "class_name": "jetski",
      "yolo_class_id": 4,
      "confidence": 0.7936167120933533,
      "bbox_xyxy": [
        67.72956848144531,
        407.987548828125,
        322.24169921875,
        524.2696533203125
      ],
      "bbox_yolo": [
        0.3046650290489197,
        0.7283259630203247,
        0.39767521619796753,
        0.1816907823085785
      ],
      "bbox_width_px": 254.5121307373047,
      "bbox_height_px": 116.2821044921875
    }
  ]
}