{
  "index": 3768,
  "dataframe_iter_index": 3768,
  "image_path": "./datasets/sFERNANDO_FLUX29B/images/3768.png",
  "image_width": 640,
  "image_height": 640,
  "ground_truth_class": "jetski",
  "grounding_prompt": "boat",
  "timestamp": "2026-05-04T20:36:29.514657",
  "num_detections": 1,
  "detections": [
    {
      "detection_id": 0,
      "class_name": "jetski",
      "yolo_class_id": 4,
      "confidence": 0.871931254863739,
      "bbox_xyxy": [
        265.34844970703125,
        508.6708068847656,
        345.3392333984375,
        543.99267578125
      ],
      "bbox_yolo": [
        0.477099746465683,
        0.8223932981491089,
        0.12498559802770615,
        0.055190421640872955
      ],
      "bbox_width_px": 79.99078369140625,
      "bbox_height_px": 35.321868896484375
    }
  ]
}