{
  "index": 3787,
  "dataframe_iter_index": 3787,
  "image_path": "./datasets/sFERNANDO_FLUX29B/images/3787.png",
  "image_width": 640,
  "image_height": 640,
  "ground_truth_class": "jetski",
  "grounding_prompt": "boat",
  "timestamp": "2026-05-04T20:36:51.552724",
  "num_detections": 1,
  "detections": [
    {
      "detection_id": 0,
      "class_name": "jetski",
      "yolo_class_id": 4,
      "confidence": 0.8777076005935669,
      "bbox_xyxy": [
        201.97735595703125,
        290.75164794921875,
        396.18511962890625,
        396.71368408203125
      ],
      "bbox_yolo": [
        0.4673144221305847,
        0.537082314491272,
        0.3034496307373047,
        0.16556568443775177
      ],
      "bbox_width_px": 194.207763671875,
      "bbox_height_px": 105.9620361328125
    }
  ]
}