{
  "index": 3814,
  "dataframe_iter_index": 3814,
  "image_path": "./datasets/sFERNANDO_FLUX29B/images/3814.png",
  "image_width": 640,
  "image_height": 640,
  "ground_truth_class": "jetski",
  "grounding_prompt": "boat",
  "timestamp": "2026-05-04T20:37:23.476670",
  "num_detections": 3,
  "detections": [
    {
      "detection_id": 0,
      "class_name": "jetski",
      "yolo_class_id": 4,
      "confidence": 0.7786526679992676,
      "bbox_xyxy": [
        413.0540771484375,
        310.1466369628906,
        595.4561767578125,
        403.5368347167969
      ],
      "bbox_yolo": [
        0.7878986597061157,
        0.5575652122497559,
        0.28500327467918396,
        0.14592218399047852
      ],
      "bbox_width_px": 182.402099609375,
      "bbox_height_px": 93.39019775390625
    },
    {
      "detection_id": 1,
      "class_name": "jetski",
      "yolo_class_id": 4,
      "confidence": 0.7865656614303589,
      "bbox_xyxy": [
        27.193771362304688,
        305.0964050292969,
        230.39280700683594,
        411.6586608886719
      ],
      "bbox_yolo": [
        0.20123951137065887,
        0.5599648952484131,
        0.31749850511550903,
        0.16650351881980896
      ],
      "bbox_width_px": 203.19903564453125,
      "bbox_height_px": 106.562255859375
    },
    {
      "detection_id": 2,
      "class_name": "jetski",
      "yolo_class_id": 4,
      "confidence": 0.7412760853767395,
      "bbox_xyxy": [
        238.30189514160156,
        303.07342529296875,
        380.77197265625,
        415.180419921875
      ],
      "bbox_yolo": [
        0.48365145921707153,
        0.5611358284950256,
        0.2226094901561737,
        0.17516717314720154
      ],
      "bbox_width_px": 142.47007751464844,
      "bbox_height_px": 112.10699462890625
    }
  ]
}