{
  "index": 3828,
  "dataframe_iter_index": 3828,
  "image_path": "./datasets/sFERNANDO_FLUX29B/images/3828.png",
  "image_width": 640,
  "image_height": 640,
  "ground_truth_class": "jetski",
  "grounding_prompt": "boat",
  "timestamp": "2026-05-04T20:37:40.905210",
  "num_detections": 2,
  "detections": [
    {
      "detection_id": 0,
      "class_name": "jetski",
      "yolo_class_id": 4,
      "confidence": 0.6519160270690918,
      "bbox_xyxy": [
        138.3184356689453,
        343.1648864746094,
        427.36248779296875,
        469.3025207519531
      ],
      "bbox_yolo": [
        0.44193822145462036,
        0.6347401738166809,
        0.4516313672065735,
        0.1970900595188141
      ],
      "bbox_width_px": 289.0440673828125,
      "bbox_height_px": 126.13763427734375
    },
    {
      "detection_id": 1,
      "class_name": "jetski",
      "yolo_class_id": 4,
      "confidence": 0.41881054639816284,
      "bbox_xyxy": [
        15.269821166992188,
        320.35699462890625,
        159.19198608398438,
        376.39068603515625
      ],
      "bbox_yolo": [
        0.1362982839345932,
        0.5443341135978699,
        0.22487838566303253,
        0.08755264431238174
      ],
      "bbox_width_px": 143.9221649169922,
      "bbox_height_px": 56.03369140625
    }
  ]
}