{
  "index": 3854,
  "dataframe_iter_index": 3854,
  "image_path": "./datasets/sFERNANDO_FLUX29B/images/3854.png",
  "image_width": 640,
  "image_height": 640,
  "ground_truth_class": "speed_boat",
  "grounding_prompt": "boat",
  "timestamp": "2026-05-04T20:38:13.330005",
  "num_detections": 4,
  "detections": [
    {
      "detection_id": 0,
      "class_name": "speed_boat",
      "yolo_class_id": 10,
      "confidence": 0.6186320185661316,
      "bbox_xyxy": [
        23.029327392578125,
        304.9512634277344,
        199.49017333984375,
        392.6991271972656
      ],
      "bbox_yolo": [
        0.1738433539867401,
        0.5450393557548523,
        0.2757200598716736,
        0.1371060311794281
      ],
      "bbox_width_px": 176.46084594726562,
      "bbox_height_px": 87.74786376953125
    },
    {
      "detection_id": 1,
      "class_name": "speed_boat",
      "yolo_class_id": 10,
      "confidence": 0.6170380711555481,
      "bbox_xyxy": [
        421.7122802734375,
        305.36370849609375,
        597.994140625,
        400.16339111328125
      ],
      "bbox_yolo": [
        0.7966456413269043,
        0.5511930584907532,
        0.27544039487838745,
        0.14812450110912323
      ],
      "bbox_width_px": 176.2818603515625,
      "bbox_height_px": 94.7996826171875
    },
    {
      "detection_id": 2,
      "class_name": "speed_boat",
      "yolo_class_id": 10,
      "confidence": 0.682727575302124,
      "bbox_xyxy": [
        237.15280151367188,
        294.8018798828125,
        385.0242004394531,
        399.15234375
      ],
      "bbox_yolo": [
        0.4860757887363434,
        0.5421517491340637,
        0.2310490608215332,
        0.16304759681224823
      ],
      "bbox_width_px": 147.87139892578125,
      "bbox_height_px": 104.3504638671875
    },
    {
      "detection_id": 3,
      "class_name": "speed_boat",
      "yolo_class_id": 10,
      "confidence": 0.45159080624580383,
      "bbox_xyxy": [
        593.8756713867188,
        311.2875671386719,
        621.5983276367188,
        324.4584045410156
      ],
      "bbox_yolo": [
        0.9495890736579895,
        0.4966765344142914,
        0.04331665113568306,
        0.02057943306863308
      ],
      "bbox_width_px": 27.72265625,
      "bbox_height_px": 13.17083740234375
    }
  ]
}