{
  "index": 386,
  "dataframe_iter_index": 386,
  "image_path": "./datasets/sFERNANDO_FLUX29B/images/386.png",
  "image_width": 640,
  "image_height": 640,
  "ground_truth_class": "tugboat",
  "grounding_prompt": "boat",
  "timestamp": "2026-05-04T19:27:36.534363",
  "num_detections": 3,
  "detections": [
    {
      "detection_id": 0,
      "class_name": "tugboat",
      "yolo_class_id": 11,
      "confidence": 0.817384660243988,
      "bbox_xyxy": [
        222.41241455078125,
        265.4400634765625,
        397.39080810546875,
        378.2347412109375
      ],
      "bbox_yolo": [
        0.48422127962112427,
        0.5028709173202515,
        0.27340373396873474,
        0.1762416809797287
      ],
      "bbox_width_px": 174.9783935546875,
      "bbox_height_px": 112.794677734375
    },
    {
      "detection_id": 1,
      "class_name": "tugboat",
      "yolo_class_id": 11,
      "confidence": 0.80683833360672,
      "bbox_xyxy": [
        419.2671203613281,
        277.01171875,
        593.0042114257812,
        377.83544921875
      ],
      "bbox_yolo": [
        0.7908369898796082,
        0.5115993618965149,
        0.27146419882774353,
        0.1575370728969574
      ],
      "bbox_width_px": 173.73709106445312,
      "bbox_height_px": 100.82373046875
    },
    {
      "detection_id": 2,
      "class_name": "tugboat",
      "yolo_class_id": 11,
      "confidence": 0.8074700236320496,
      "bbox_xyxy": [
        29.665306091308594,
        257.49578857421875,
        212.64105224609375,
        381.06170654296875
      ],
      "bbox_yolo": [
        0.18930184841156006,
        0.4988730549812317,
        0.2858995795249939,
        0.19307175278663635
      ],
      "bbox_width_px": 182.97573852539062,
      "bbox_height_px": 123.56591796875
    }
  ]
}