{
  "index": 3869,
  "dataframe_iter_index": 3869,
  "image_path": "./datasets/sFERNANDO_FLUX29B/images/3869.png",
  "image_width": 640,
  "image_height": 640,
  "ground_truth_class": "speed_boat",
  "grounding_prompt": "boat",
  "timestamp": "2026-05-04T20:38:31.580373",
  "num_detections": 3,
  "detections": [
    {
      "detection_id": 0,
      "class_name": "speed_boat",
      "yolo_class_id": 10,
      "confidence": 0.7939233779907227,
      "bbox_xyxy": [
        30.574203491210938,
        335.12811279296875,
        323.18011474609375,
        422.76446533203125
      ],
      "bbox_yolo": [
        0.2763705849647522,
        0.5921036005020142,
        0.4571967124938965,
        0.13693180680274963
      ],
      "bbox_width_px": 292.60589599609375,
      "bbox_height_px": 87.6363525390625
    },
    {
      "detection_id": 1,
      "class_name": "speed_boat",
      "yolo_class_id": 10,
      "confidence": 0.7975931167602539,
      "bbox_xyxy": [
        340.5135192871094,
        333.1894836425781,
        598.7215576171875,
        400.6479187011719
      ],
      "bbox_yolo": [
        0.7337774038314819,
        0.5733104944229126,
        0.403450071811676,
        0.10540380328893661
      ],
      "bbox_width_px": 258.2080383300781,
      "bbox_height_px": 67.45843505859375
    },
    {
      "detection_id": 2,
      "class_name": "speed_boat",
      "yolo_class_id": 10,
      "confidence": 0.40452101826667786,
      "bbox_xyxy": [
        546.03125,
        315.470458984375,
        574.9854736328125,
        326.945556640625
      ],
      "bbox_yolo": [
        0.8757942914962769,
        0.5018875002861023,
        0.04524097591638565,
        0.017929840832948685
      ],
      "bbox_width_px": 28.9542236328125,
      "bbox_height_px": 11.47509765625
    }
  ]
}