{
  "index": 3873,
  "dataframe_iter_index": 3873,
  "image_path": "./datasets/sFERNANDO_FLUX29B/images/3873.png",
  "image_width": 640,
  "image_height": 640,
  "ground_truth_class": "speed_boat",
  "grounding_prompt": "boat",
  "timestamp": "2026-05-04T20:38:36.725545",
  "num_detections": 4,
  "detections": [
    {
      "detection_id": 0,
      "class_name": "speed_boat",
      "yolo_class_id": 10,
      "confidence": 0.5635902881622314,
      "bbox_xyxy": [
        27.274627685546875,
        303.6617126464844,
        322.9764099121094,
        430.5002746582031
      ],
      "bbox_yolo": [
        0.2736336290836334,
        0.5735640525817871,
        0.46203404664993286,
        0.1981852501630783
      ],
      "bbox_width_px": 295.7017822265625,
      "bbox_height_px": 126.83856201171875
    },
    {
      "detection_id": 1,
      "class_name": "speed_boat",
      "yolo_class_id": 10,
      "confidence": 0.39370736479759216,
      "bbox_xyxy": [
        596.2546997070312,
        321.77880859375,
        639.9450073242188,
        372.64984130859375
      ],
      "bbox_yolo": [
        0.965781033039093,
        0.5425223708152771,
        0.06826610863208771,
        0.07948599010705948
      ],
      "bbox_width_px": 43.6903076171875,
      "bbox_height_px": 50.87103271484375
    },
    {
      "detection_id": 2,
      "class_name": "speed_boat",
      "yolo_class_id": 10,
      "confidence": 0.575373649597168,
      "bbox_xyxy": [
        363.629638671875,
        317.8276672363281,
        600.5103149414062,
        407.6286315917969
      ],
      "bbox_yolo": [
        0.753234326839447,
        0.5667627453804016,
        0.37012606859207153,
        0.1403140127658844
      ],
      "bbox_width_px": 236.88067626953125,
      "bbox_height_px": 89.80096435546875
    },
    {
      "detection_id": 3,
      "class_name": "speed_boat",
      "yolo_class_id": 10,
      "confidence": 0.37704238295555115,
      "bbox_xyxy": [
        0.15414047241210938,
        317.56536865234375,
        43.955238342285156,
        403.796630859375
      ],
      "bbox_yolo": [
        0.03446045145392418,
        0.5635640621185303,
        0.06843921542167664,
        0.1347363442182541
      ],
      "bbox_width_px": 43.80109786987305,
      "bbox_height_px": 86.23126220703125
    }
  ]
}