{
  "index": 3901,
  "dataframe_iter_index": 3901,
  "image_path": "./datasets/sFERNANDO_FLUX29B/images/3901.png",
  "image_width": 640,
  "image_height": 640,
  "ground_truth_class": "speed_boat",
  "grounding_prompt": "boat",
  "timestamp": "2026-05-04T20:39:12.210181",
  "num_detections": 3,
  "detections": [
    {
      "detection_id": 0,
      "class_name": "speed_boat",
      "yolo_class_id": 10,
      "confidence": 0.48409438133239746,
      "bbox_xyxy": [
        589.1785888671875,
        327.4368896484375,
        639.9017333984375,
        372.04888916015625
      ],
      "bbox_yolo": [
        0.9602190256118774,
        0.5464732646942139,
        0.07925491034984589,
        0.06970624625682831
      ],
      "bbox_width_px": 50.72314453125,
      "bbox_height_px": 44.61199951171875
    },
    {
      "detection_id": 1,
      "class_name": "speed_boat",
      "yolo_class_id": 10,
      "confidence": 0.655723512172699,
      "bbox_xyxy": [
        30.484237670898438,
        317.46258544921875,
        327.05816650390625,
        424.62548828125
      ],
      "bbox_yolo": [
        0.2793300151824951,
        0.5797563195228577,
        0.46339672803878784,
        0.16744203865528107
      ],
      "bbox_width_px": 296.57391357421875,
      "bbox_height_px": 107.16290283203125
    },
    {
      "detection_id": 2,
      "class_name": "speed_boat",
      "yolo_class_id": 10,
      "confidence": 0.46275898814201355,
      "bbox_xyxy": [
        361.504150390625,
        312.212646484375,
        601.6221313476562,
        401.19281005859375
      ],
      "bbox_yolo": [
        0.7524424195289612,
        0.5573480129241943,
        0.3751843571662903,
        0.13903149962425232
      ],
      "bbox_width_px": 240.11798095703125,
      "bbox_height_px": 88.98016357421875
    }
  ]
}