{
  "index": 396,
  "dataframe_iter_index": 396,
  "image_path": "./datasets/sFERNANDO_FLUX29B/images/396.png",
  "image_width": 640,
  "image_height": 640,
  "ground_truth_class": "tugboat",
  "grounding_prompt": "boat",
  "timestamp": "2026-05-04T19:27:47.667963",
  "num_detections": 1,
  "detections": [
    {
      "detection_id": 0,
      "class_name": "tugboat",
      "yolo_class_id": 11,
      "confidence": 0.9331908822059631,
      "bbox_xyxy": [
        134.7556915283203,
        132.98008728027344,
        506.41033935546875,
        492.31878662109375
      ],
      "bbox_yolo": [
        0.5009109377861023,
        0.4885147511959076,
        0.5807104110717773,
        0.5614666938781738
      ],
      "bbox_width_px": 371.6546630859375,
      "bbox_height_px": 359.33868408203125
    }
  ]
}