{
  "index": 4069,
  "dataframe_iter_index": 4069,
  "image_path": "./datasets/sFERNANDO_FLUX29B/images/4069.png",
  "image_width": 640,
  "image_height": 640,
  "ground_truth_class": "speed_boat",
  "grounding_prompt": "boat",
  "timestamp": "2026-05-04T20:42:34.427393",
  "num_detections": 2,
  "detections": [
    {
      "detection_id": 0,
      "class_name": "speed_boat",
      "yolo_class_id": 10,
      "confidence": 0.7507601380348206,
      "bbox_xyxy": [
        201.7041473388672,
        336.0418395996094,
        341.14215087890625,
        372.3021545410156
      ],
      "bbox_yolo": [
        0.4240986704826355,
        0.5533937215805054,
        0.21787187457084656,
        0.056656740605831146
      ],
      "bbox_width_px": 139.43800354003906,
      "bbox_height_px": 36.26031494140625
    },
    {
      "detection_id": 1,
      "class_name": "speed_boat",
      "yolo_class_id": 10,
      "confidence": 0.6971909403800964,
      "bbox_xyxy": [
        329.29193115234375,
        346.0739440917969,
        472.33251953125,
        372.5296936035156
      ],
      "bbox_yolo": [
        0.6262691020965576,
        0.5614091157913208,
        0.22350092232227325,
        0.041337110102176666
      ],
      "bbox_width_px": 143.04058837890625,
      "bbox_height_px": 26.45574951171875
    }
  ]
}