{
  "index": 4078,
  "dataframe_iter_index": 4078,
  "image_path": "./datasets/sFERNANDO_FLUX29B/images/4078.png",
  "image_width": 640,
  "image_height": 640,
  "ground_truth_class": "speed_boat",
  "grounding_prompt": "boat",
  "timestamp": "2026-05-04T20:42:44.825708",
  "num_detections": 3,
  "detections": [
    {
      "detection_id": 0,
      "class_name": "speed_boat",
      "yolo_class_id": 10,
      "confidence": 0.8250505328178406,
      "bbox_xyxy": [
        229.11024475097656,
        305.1016540527344,
        406.56365966796875,
        386.3271179199219
      ],
      "bbox_yolo": [
        0.496620237827301,
        0.5401787161827087,
        0.27727097272872925,
        0.12691478431224823
      ],
      "bbox_width_px": 177.4534149169922,
      "bbox_height_px": 81.2254638671875
    },
    {
      "detection_id": 1,
      "class_name": "speed_boat",
      "yolo_class_id": 10,
      "confidence": 0.7467624545097351,
      "bbox_xyxy": [
        139.14791870117188,
        291.923095703125,
        234.28768920898438,
        337.20062255859375
      ],
      "bbox_yolo": [
        0.2917465567588806,
        0.49150291085243225,
        0.14865589141845703,
        0.07074613869190216
      ],
      "bbox_width_px": 95.1397705078125,
      "bbox_height_px": 45.27752685546875
    },
    {
      "detection_id": 2,
      "class_name": "speed_boat",
      "yolo_class_id": 10,
      "confidence": 0.6683375239372253,
      "bbox_xyxy": [
        423.2113342285156,
        277.3102722167969,
        563.679443359375,
        365.2415466308594
      ],
      "bbox_yolo": [
        0.7710083723068237,
        0.5019935965538025,
        0.2194814234972,
        0.13739261031150818
      ],
      "bbox_width_px": 140.46810913085938,
      "bbox_height_px": 87.9312744140625
    }
  ]
}