{
  "index": 4114,
  "dataframe_iter_index": 4114,
  "image_path": "./datasets/sFERNANDO_FLUX29B/images/4114.png",
  "image_width": 640,
  "image_height": 640,
  "ground_truth_class": "speed_boat",
  "grounding_prompt": "boat",
  "timestamp": "2026-05-04T20:43:26.317102",
  "num_detections": 3,
  "detections": [
    {
      "detection_id": 0,
      "class_name": "speed_boat",
      "yolo_class_id": 10,
      "confidence": 0.7986565232276917,
      "bbox_xyxy": [
        246.65338134765625,
        292.9444580078125,
        382.07208251953125,
        350.660400390625
      ],
      "bbox_yolo": [
        0.4911917746067047,
        0.5028163194656372,
        0.2115917205810547,
        0.09018115699291229
      ],
      "bbox_width_px": 135.418701171875,
      "bbox_height_px": 57.7159423828125
    },
    {
      "detection_id": 1,
      "class_name": "speed_boat",
      "yolo_class_id": 10,
      "confidence": 0.7998514175415039,
      "bbox_xyxy": [
        434.20513916015625,
        286.4612731933594,
        566.2681884765625,
        345.5387878417969
      ],
      "bbox_yolo": [
        0.7816197872161865,
        0.49375003576278687,
        0.2063485085964203,
        0.09230861812829971
      ],
      "bbox_width_px": 132.06304931640625,
      "bbox_height_px": 59.0775146484375
    },
    {
      "detection_id": 2,
      "class_name": "speed_boat",
      "yolo_class_id": 10,
      "confidence": 0.49329623579978943,
      "bbox_xyxy": [
        72.45082092285156,
        260.4741516113281,
        206.94175720214844,
        350.5048522949219
      ],
      "bbox_yolo": [
        0.21827545762062073,
        0.4773273468017578,
        0.2101420909166336,
        0.140672966837883
      ],
      "bbox_width_px": 134.49093627929688,
      "bbox_height_px": 90.03070068359375
    }
  ]
}