{
  "index": 4115,
  "dataframe_iter_index": 4115,
  "image_path": "./datasets/sFERNANDO_FLUX29B/images/4115.png",
  "image_width": 640,
  "image_height": 640,
  "ground_truth_class": "speed_boat",
  "grounding_prompt": "boat",
  "timestamp": "2026-05-04T20:43:27.468032",
  "num_detections": 1,
  "detections": [
    {
      "detection_id": 0,
      "class_name": "speed_boat",
      "yolo_class_id": 10,
      "confidence": 0.9606109261512756,
      "bbox_xyxy": [
        198.88706970214844,
        293.94073486328125,
        485.36346435546875,
        424.9564208984375
      ],
      "bbox_yolo": [
        0.5345707535743713,
        0.5616384148597717,
        0.44761934876441956,
        0.20471200346946716
      ],
      "bbox_width_px": 286.47637939453125,
      "bbox_height_px": 131.01568603515625
    }
  ]
}