{
  "index": 4118,
  "dataframe_iter_index": 4118,
  "image_path": "./datasets/sFERNANDO_FLUX29B/images/4118.png",
  "image_width": 640,
  "image_height": 640,
  "ground_truth_class": "speed_boat",
  "grounding_prompt": "boat",
  "timestamp": "2026-05-04T20:43:31.066449",
  "num_detections": 3,
  "detections": [
    {
      "detection_id": 0,
      "class_name": "speed_boat",
      "yolo_class_id": 10,
      "confidence": 0.8175041079521179,
      "bbox_xyxy": [
        247.9666748046875,
        306.61822509765625,
        386.92034912109375,
        365.23626708984375
      ],
      "bbox_yolo": [
        0.49600547552108765,
        0.5248863101005554,
        0.217115119099617,
        0.09159068763256073
      ],
      "bbox_width_px": 138.95367431640625,
      "bbox_height_px": 58.6180419921875
    },
    {
      "detection_id": 1,
      "class_name": "speed_boat",
      "yolo_class_id": 10,
      "confidence": 0.7458949685096741,
      "bbox_xyxy": [
        434.2765197753906,
        305.8492736816406,
        568.48095703125,
        347.3464660644531
      ],
      "bbox_yolo": [
        0.7834042310714722,
        0.5103091597557068,
        0.20969443023204803,
        0.06483936309814453
      ],
      "bbox_width_px": 134.20443725585938,
      "bbox_height_px": 41.4971923828125
    },
    {
      "detection_id": 2,
      "class_name": "speed_boat",
      "yolo_class_id": 10,
      "confidence": 0.8072976469993591,
      "bbox_xyxy": [
        77.29712677001953,
        299.10919189453125,
        204.62847900390625,
        350.22332763671875
      ],
      "bbox_yolo": [
        0.22025437653064728,
        0.5072910189628601,
        0.198955237865448,
        0.07986583560705185
      ],
      "bbox_width_px": 127.33135223388672,
      "bbox_height_px": 51.1141357421875
    }
  ]
}