{
  "index": 4135,
  "dataframe_iter_index": 4135,
  "image_path": "./datasets/sFERNANDO_FLUX29B/images/4135.png",
  "image_width": 640,
  "image_height": 640,
  "ground_truth_class": "speed_boat",
  "grounding_prompt": "boat",
  "timestamp": "2026-05-04T20:43:51.101943",
  "num_detections": 1,
  "detections": [
    {
      "detection_id": 0,
      "class_name": "speed_boat",
      "yolo_class_id": 10,
      "confidence": 0.45994529128074646,
      "bbox_xyxy": [
        227.79847717285156,
        279.0129089355469,
        402.63421630859375,
        368.2315979003906
      ],
      "bbox_yolo": [
        0.49252551794052124,
        0.5056597590446472,
        0.27318084239959717,
        0.13940420746803284
      ],
      "bbox_width_px": 174.8357391357422,
      "bbox_height_px": 89.21868896484375
    }
  ]
}