{
  "index": 4137,
  "dataframe_iter_index": 4137,
  "image_path": "./datasets/sFERNANDO_FLUX29B/images/4137.png",
  "image_width": 640,
  "image_height": 640,
  "ground_truth_class": "speed_boat",
  "grounding_prompt": "boat",
  "timestamp": "2026-05-04T20:43:53.364371",
  "num_detections": 2,
  "detections": [
    {
      "detection_id": 0,
      "class_name": "speed_boat",
      "yolo_class_id": 10,
      "confidence": 0.8157683610916138,
      "bbox_xyxy": [
        80.47689056396484,
        290.19989013671875,
        309.7392883300781,
        364.86346435546875
      ],
      "bbox_yolo": [
        0.30485638976097107,
        0.5117682218551636,
        0.35822248458862305,
        0.11666183173656464
      ],
      "bbox_width_px": 229.26239013671875,
      "bbox_height_px": 74.66357421875
    },
    {
      "detection_id": 1,
      "class_name": "speed_boat",
      "yolo_class_id": 10,
      "confidence": 0.7607842087745667,
      "bbox_xyxy": [
        354.688232421875,
        284.116943359375,
        564.6892700195312,
        351.48626708984375
      ],
      "bbox_yolo": [
        0.7182636857032776,
        0.4965650141239166,
        0.32812660932540894,
        0.1052645668387413
      ],
      "bbox_width_px": 210.00103759765625,
      "bbox_height_px": 67.36932373046875
    }
  ]
}