{
  "index": 4147,
  "dataframe_iter_index": 4147,
  "image_path": "./datasets/sFERNANDO_FLUX29B/images/4147.png",
  "image_width": 640,
  "image_height": 640,
  "ground_truth_class": "speed_boat",
  "grounding_prompt": "boat",
  "timestamp": "2026-05-04T20:44:04.793685",
  "num_detections": 1,
  "detections": [
    {
      "detection_id": 0,
      "class_name": "speed_boat",
      "yolo_class_id": 10,
      "confidence": 0.9646645188331604,
      "bbox_xyxy": [
        195.9543914794922,
        291.3677673339844,
        476.9169921875,
        389.1297302246094
      ],
      "bbox_yolo": [
        0.5256807804107666,
        0.5316386818885803,
        0.4390040338039398,
        0.1527530699968338
      ],
      "bbox_width_px": 280.96258544921875,
      "bbox_height_px": 97.761962890625
    }
  ]
}