{
  "index": 416,
  "dataframe_iter_index": 416,
  "image_path": "./datasets/sFERNANDO_FLUX29B/images/416.png",
  "image_width": 640,
  "image_height": 640,
  "ground_truth_class": "tugboat",
  "grounding_prompt": "boat",
  "timestamp": "2026-05-04T19:28:09.983786",
  "num_detections": 1,
  "detections": [
    {
      "detection_id": 0,
      "class_name": "tugboat",
      "yolo_class_id": 11,
      "confidence": 0.44985315203666687,
      "bbox_xyxy": [
        221.93679809570312,
        249.04286193847656,
        416.4044494628906,
        403.4281005859375
      ],
      "bbox_yolo": [
        0.49870410561561584,
        0.5097429156303406,
        0.3038557171821594,
        0.2412269413471222
      ],
      "bbox_width_px": 194.4676513671875,
      "bbox_height_px": 154.38523864746094
    }
  ]
}