{
  "index": 4182,
  "dataframe_iter_index": 4182,
  "image_path": "./datasets/sFERNANDO_FLUX29B/images/4182.png",
  "image_width": 640,
  "image_height": 640,
  "ground_truth_class": "speed_boat",
  "grounding_prompt": "boat",
  "timestamp": "2026-05-04T20:44:45.293964",
  "num_detections": 3,
  "detections": [
    {
      "detection_id": 0,
      "class_name": "speed_boat",
      "yolo_class_id": 10,
      "confidence": 0.7090425491333008,
      "bbox_xyxy": [
        436.3658142089844,
        299.8997497558594,
        564.4981079101562,
        344.0604553222656
      ],
      "bbox_yolo": [
        0.7819249033927917,
        0.5030938982963562,
        0.2002067118883133,
        0.06900110095739365
      ],
      "bbox_width_px": 128.13229370117188,
      "bbox_height_px": 44.16070556640625
    },
    {
      "detection_id": 1,
      "class_name": "speed_boat",
      "yolo_class_id": 10,
      "confidence": 0.5688055157661438,
      "bbox_xyxy": [
        240.08853149414062,
        277.13970947265625,
        389.1729431152344,
        374.3275146484375
      ],
      "bbox_yolo": [
        0.4916105270385742,
        0.5089587569236755,
        0.23294439911842346,
        0.1518559455871582
      ],
      "bbox_width_px": 149.08441162109375,
      "bbox_height_px": 97.18780517578125
    },
    {
      "detection_id": 2,
      "class_name": "speed_boat",
      "yolo_class_id": 10,
      "confidence": 0.5315672159194946,
      "bbox_xyxy": [
        33.656517028808594,
        258.1981201171875,
        204.2908935546875,
        368.852783203125
      ],
      "bbox_yolo": [
        0.18589642643928528,
        0.48988351225852966,
        0.26661619544029236,
        0.17289790511131287
      ],
      "bbox_width_px": 170.63436889648438,
      "bbox_height_px": 110.6546630859375
    }
  ]
}