{
  "index": 4192,
  "dataframe_iter_index": 4192,
  "image_path": "./datasets/sFERNANDO_FLUX29B/images/4192.png",
  "image_width": 640,
  "image_height": 640,
  "ground_truth_class": "speed_boat",
  "grounding_prompt": "boat",
  "timestamp": "2026-05-04T20:44:57.021744",
  "num_detections": 2,
  "detections": [
    {
      "detection_id": 0,
      "class_name": "speed_boat",
      "yolo_class_id": 10,
      "confidence": 0.8869392275810242,
      "bbox_xyxy": [
        203.83937072753906,
        302.00823974609375,
        412.58209228515625,
        418.89141845703125
      ],
      "bbox_yolo": [
        0.4815792441368103,
        0.5632028579711914,
        0.3261604905128479,
        0.18262997269630432
      ],
      "bbox_width_px": 208.7427215576172,
      "bbox_height_px": 116.8831787109375
    },
    {
      "detection_id": 1,
      "class_name": "speed_boat",
      "yolo_class_id": 10,
      "confidence": 0.41504642367362976,
      "bbox_xyxy": [
        95.19257354736328,
        313.9415588378906,
        110.76168060302734,
        321.9463806152344
      ],
      "bbox_yolo": [
        0.1609017550945282,
        0.4967874586582184,
        0.024326730519533157,
        0.01250753365457058
      ],
      "bbox_width_px": 15.569107055664062,
      "bbox_height_px": 8.00482177734375
    }
  ]
}