{
  "index": 4198,
  "dataframe_iter_index": 4198,
  "image_path": "./datasets/sFERNANDO_FLUX29B/images/4198.png",
  "image_width": 640,
  "image_height": 640,
  "ground_truth_class": "speed_boat",
  "grounding_prompt": "boat",
  "timestamp": "2026-05-04T20:45:03.877143",
  "num_detections": 3,
  "detections": [
    {
      "detection_id": 0,
      "class_name": "speed_boat",
      "yolo_class_id": 10,
      "confidence": 0.7395390868186951,
      "bbox_xyxy": [
        433.3084716796875,
        298.0849914550781,
        562.3990478515625,
        358.9175720214844
      ],
      "bbox_yolo": [
        0.777896523475647,
        0.5132832527160645,
        0.2017040252685547,
        0.09505090862512589
      ],
      "bbox_width_px": 129.090576171875,
      "bbox_height_px": 60.83258056640625
    },
    {
      "detection_id": 1,
      "class_name": "speed_boat",
      "yolo_class_id": 10,
      "confidence": 0.7429895401000977,
      "bbox_xyxy": [
        40.354942321777344,
        264.12054443359375,
        200.29196166992188,
        373.16619873046875
      ],
      "bbox_yolo": [
        0.18800540268421173,
        0.4978802800178528,
        0.24990157783031464,
        0.17038384079933167
      ],
      "bbox_width_px": 159.93701171875,
      "bbox_height_px": 109.045654296875
    },
    {
      "detection_id": 2,
      "class_name": "speed_boat",
      "yolo_class_id": 10,
      "confidence": 0.5638628602027893,
      "bbox_xyxy": [
        248.35968017578125,
        295.00823974609375,
        384.12603759765625,
        378.67694091796875
      ],
      "bbox_yolo": [
        0.494129478931427,
        0.5263165235519409,
        0.2121349275112152,
        0.13073234260082245
      ],
      "bbox_width_px": 135.766357421875,
      "bbox_height_px": 83.668701171875
    }
  ]
}