{
  "index": 4200,
  "dataframe_iter_index": 4200,
  "image_path": "./datasets/sFERNANDO_FLUX29B/images/4200.png",
  "image_width": 640,
  "image_height": 640,
  "ground_truth_class": "speed_boat",
  "grounding_prompt": "boat",
  "timestamp": "2026-05-04T20:45:06.229610",
  "num_detections": 3,
  "detections": [
    {
      "detection_id": 0,
      "class_name": "speed_boat",
      "yolo_class_id": 10,
      "confidence": 0.8896429538726807,
      "bbox_xyxy": [
        204.34765625,
        300.1207580566406,
        393.34759521484375,
        404.7371520996094
      ],
      "bbox_yolo": [
        0.4669494032859802,
        0.5506702661514282,
        0.29531240463256836,
        0.16346311569213867
      ],
      "bbox_width_px": 188.99993896484375,
      "bbox_height_px": 104.61639404296875
    },
    {
      "detection_id": 1,
      "class_name": "speed_boat",
      "yolo_class_id": 10,
      "confidence": 0.38271263241767883,
      "bbox_xyxy": [
        529.5985107421875,
        228.949951171875,
        543.2879638671875,
        233.97299194335938
      ],
      "bbox_yolo": [
        0.8381925821304321,
        0.3616585433483124,
        0.02138977125287056,
        0.007848501205444336
      ],
      "bbox_width_px": 13.689453125,
      "bbox_height_px": 5.023040771484375
    },
    {
      "detection_id": 2,
      "class_name": "speed_boat",
      "yolo_class_id": 10,
      "confidence": 0.36599206924438477,
      "bbox_xyxy": [
        378.4751281738281,
        233.3509521484375,
        386.3840026855469,
        238.38543701171875
      ],
      "bbox_yolo": [
        0.5975462198257446,
        0.3685440421104431,
        0.012357616797089577,
        0.007866382598876953
      ],
      "bbox_width_px": 7.90887451171875,
      "bbox_height_px": 5.03448486328125
    }
  ]
}