{
  "index": 4212,
  "dataframe_iter_index": 4212,
  "image_path": "./datasets/sFERNANDO_FLUX29B/images/4212.png",
  "image_width": 640,
  "image_height": 640,
  "ground_truth_class": "speed_boat",
  "grounding_prompt": "boat",
  "timestamp": "2026-05-04T20:45:19.981958",
  "num_detections": 1,
  "detections": [
    {
      "detection_id": 0,
      "class_name": "speed_boat",
      "yolo_class_id": 10,
      "confidence": 0.9677907824516296,
      "bbox_xyxy": [
        228.68780517578125,
        329.5826110839844,
        404.086181640625,
        378.0883483886719
      ],
      "bbox_yolo": [
        0.4943546652793884,
        0.5528679490089417,
        0.2740599513053894,
        0.07579021155834198
      ],
      "bbox_width_px": 175.39837646484375,
      "bbox_height_px": 48.5057373046875
    }
  ]
}