{
  "index": 4213,
  "dataframe_iter_index": 4213,
  "image_path": "./datasets/sFERNANDO_FLUX29B/images/4213.png",
  "image_width": 640,
  "image_height": 640,
  "ground_truth_class": "speed_boat",
  "grounding_prompt": "boat",
  "timestamp": "2026-05-04T20:45:21.112066",
  "num_detections": 2,
  "detections": [
    {
      "detection_id": 0,
      "class_name": "speed_boat",
      "yolo_class_id": 10,
      "confidence": 0.7150846719741821,
      "bbox_xyxy": [
        350.4515075683594,
        335.0993347167969,
        492.6770324707031,
        374.6379699707031
      ],
      "bbox_yolo": [
        0.6586941480636597,
        0.5544822812080383,
        0.22222737967967987,
        0.061779119074344635
      ],
      "bbox_width_px": 142.22552490234375,
      "bbox_height_px": 39.53863525390625
    },
    {
      "detection_id": 1,
      "class_name": "speed_boat",
      "yolo_class_id": 10,
      "confidence": 0.8402978181838989,
      "bbox_xyxy": [
        122.45368957519531,
        316.53558349609375,
        316.278564453125,
        390.35589599609375
      ],
      "bbox_yolo": [
        0.34275954961776733,
        0.5522589683532715,
        0.3028513789176941,
        0.11534424126148224
      ],
      "bbox_width_px": 193.8248748779297,
      "bbox_height_px": 73.8203125
    }
  ]
}