{
  "index": 4230,
  "dataframe_iter_index": 4230,
  "image_path": "./datasets/sFERNANDO_FLUX29B/images/4230.png",
  "image_width": 640,
  "image_height": 640,
  "ground_truth_class": "speed_boat",
  "grounding_prompt": "boat",
  "timestamp": "2026-05-04T20:45:41.041057",
  "num_detections": 3,
  "detections": [
    {
      "detection_id": 0,
      "class_name": "speed_boat",
      "yolo_class_id": 10,
      "confidence": 0.7238425016403198,
      "bbox_xyxy": [
        431.3683166503906,
        313.82275390625,
        568.3417358398438,
        350.56024169921875
      ],
      "bbox_yolo": [
        0.7810235023498535,
        0.5190492272377014,
        0.2140209674835205,
        0.05740232393145561
      ],
      "bbox_width_px": 136.97341918945312,
      "bbox_height_px": 36.73748779296875
    },
    {
      "detection_id": 1,
      "class_name": "speed_boat",
      "yolo_class_id": 10,
      "confidence": 0.7550920844078064,
      "bbox_xyxy": [
        246.57925415039062,
        298.15655517578125,
        385.2527160644531,
        361.2037353515625
      ],
      "bbox_yolo": [
        0.4936187267303467,
        0.5151252150535583,
        0.21667727828025818,
        0.0985112190246582
      ],
      "bbox_width_px": 138.6734619140625,
      "bbox_height_px": 63.04718017578125
    },
    {
      "detection_id": 2,
      "class_name": "speed_boat",
      "yolo_class_id": 10,
      "confidence": 0.4059537649154663,
      "bbox_xyxy": [
        49.517822265625,
        257.25714111328125,
        202.35792541503906,
        364.35247802734375
      ],
      "bbox_yolo": [
        0.19677792489528656,
        0.4856325089931488,
        0.238812655210495,
        0.16733646392822266
      ],
      "bbox_width_px": 152.84010314941406,
      "bbox_height_px": 107.0953369140625
    }
  ]
}