{
  "index": 427,
  "dataframe_iter_index": 427,
  "image_path": "./datasets/sFERNANDO_FLUX29B/images/427.png",
  "image_width": 640,
  "image_height": 640,
  "ground_truth_class": "tugboat",
  "grounding_prompt": "boat",
  "timestamp": "2026-05-04T19:28:22.370909",
  "num_detections": 1,
  "detections": [
    {
      "detection_id": 0,
      "class_name": "tugboat",
      "yolo_class_id": 11,
      "confidence": 0.9329460859298706,
      "bbox_xyxy": [
        138.11473083496094,
        132.03872680664062,
        460.14141845703125,
        472.5990905761719
      ],
      "bbox_yolo": [
        0.4673876166343689,
        0.4723733067512512,
        0.503166675567627,
        0.5321255922317505
      ],
      "bbox_width_px": 322.02667236328125,
      "bbox_height_px": 340.56036376953125
    }
  ]
}