{
  "index": 4356,
  "dataframe_iter_index": 4356,
  "image_path": "./datasets/sFERNANDO_FLUX29B/images/4356.png",
  "image_width": 640,
  "image_height": 640,
  "ground_truth_class": "speed_boat",
  "grounding_prompt": "boat",
  "timestamp": "2026-05-04T20:48:06.166946",
  "num_detections": 1,
  "detections": [
    {
      "detection_id": 0,
      "class_name": "speed_boat",
      "yolo_class_id": 10,
      "confidence": 0.9441261291503906,
      "bbox_xyxy": [
        242.80177307128906,
        303.49609375,
        395.49652099609375,
        364.8211669921875
      ],
      "bbox_yolo": [
        0.4986705183982849,
        0.522122859954834,
        0.23858554661273956,
        0.09582042694091797
      ],
      "bbox_width_px": 152.6947479248047,
      "bbox_height_px": 61.3250732421875
    }
  ]
}