{
  "index": 4374,
  "dataframe_iter_index": 4374,
  "image_path": "./datasets/sFERNANDO_FLUX29B/images/4374.png",
  "image_width": 640,
  "image_height": 640,
  "ground_truth_class": "speed_boat",
  "grounding_prompt": "boat",
  "timestamp": "2026-05-04T20:48:26.883731",
  "num_detections": 3,
  "detections": [
    {
      "detection_id": 0,
      "class_name": "speed_boat",
      "yolo_class_id": 10,
      "confidence": 0.7862465977668762,
      "bbox_xyxy": [
        257.2112731933594,
        311.53057861328125,
        373.6706237792969,
        358.967529296875
      ],
      "bbox_yolo": [
        0.49287647008895874,
        0.5238266587257385,
        0.18196773529052734,
        0.07412023842334747
      ],
      "bbox_width_px": 116.4593505859375,
      "bbox_height_px": 47.43695068359375
    },
    {
      "detection_id": 1,
      "class_name": "speed_boat",
      "yolo_class_id": 10,
      "confidence": 0.7887495160102844,
      "bbox_xyxy": [
        75.69463348388672,
        306.1155700683594,
        210.10137939453125,
        359.5231018066406
      ],
      "bbox_yolo": [
        0.22327813506126404,
        0.5200302004814148,
        0.21001052856445312,
        0.08344926685094833
      ],
      "bbox_width_px": 134.40673828125,
      "bbox_height_px": 53.40753173828125
    },
    {
      "detection_id": 2,
      "class_name": "speed_boat",
      "yolo_class_id": 10,
      "confidence": 0.7394356727600098,
      "bbox_xyxy": [
        436.2571716308594,
        315.6123046875,
        552.6591796875,
        364.35040283203125
      ],
      "bbox_yolo": [
        0.7725909352302551,
        0.5312208533287048,
        0.18187813460826874,
        0.07615327835083008
      ],
      "bbox_width_px": 116.40200805664062,
      "bbox_height_px": 48.73809814453125
    }
  ]
}