{
  "index": 4387,
  "dataframe_iter_index": 4387,
  "image_path": "./datasets/sFERNANDO_FLUX29B/images/4387.png",
  "image_width": 640,
  "image_height": 640,
  "ground_truth_class": "speed_boat",
  "grounding_prompt": "boat",
  "timestamp": "2026-05-04T20:48:42.254387",
  "num_detections": 1,
  "detections": [
    {
      "detection_id": 0,
      "class_name": "speed_boat",
      "yolo_class_id": 10,
      "confidence": 0.9451614022254944,
      "bbox_xyxy": [
        234.79379272460938,
        288.007080078125,
        412.4424743652344,
        394.40478515625
      ],
      "bbox_yolo": [
        0.5056533217430115,
        0.5331342816352844,
        0.2775760591030121,
        0.1662464141845703
      ],
      "bbox_width_px": 177.648681640625,
      "bbox_height_px": 106.397705078125
    }
  ]
}