{
  "index": 4389,
  "dataframe_iter_index": 4389,
  "image_path": "./datasets/sFERNANDO_FLUX29B/images/4389.png",
  "image_width": 640,
  "image_height": 640,
  "ground_truth_class": "speed_boat",
  "grounding_prompt": "boat",
  "timestamp": "2026-05-04T20:48:44.487323",
  "num_detections": 2,
  "detections": [
    {
      "detection_id": 0,
      "class_name": "speed_boat",
      "yolo_class_id": 10,
      "confidence": 0.7304832339286804,
      "bbox_xyxy": [
        195.71688842773438,
        330.8988037109375,
        329.3357238769531,
        372.95562744140625
      ],
      "bbox_yolo": [
        0.41019734740257263,
        0.5498862862586975,
        0.20877942442893982,
        0.0657137855887413
      ],
      "bbox_width_px": 133.61883544921875,
      "bbox_height_px": 42.05682373046875
    },
    {
      "detection_id": 1,
      "class_name": "speed_boat",
      "yolo_class_id": 10,
      "confidence": 0.4393604099750519,
      "bbox_xyxy": [
        327.62738037109375,
        326.23028564453125,
        485.42193603515625,
        372.87548828125
      ],
      "bbox_yolo": [
        0.6351947784423828,
        0.5461763739585876,
        0.24655398726463318,
        0.07288312911987305
      ],
      "bbox_width_px": 157.7945556640625,
      "bbox_height_px": 46.64520263671875
    }
  ]
}