{
  "index": 4407,
  "dataframe_iter_index": 4407,
  "image_path": "./datasets/sFERNANDO_FLUX29B/images/4407.png",
  "image_width": 640,
  "image_height": 640,
  "ground_truth_class": "speed_boat",
  "grounding_prompt": "boat",
  "timestamp": "2026-05-04T20:49:05.112228",
  "num_detections": 4,
  "detections": [
    {
      "detection_id": 0,
      "class_name": "speed_boat",
      "yolo_class_id": 10,
      "confidence": 0.7843364477157593,
      "bbox_xyxy": [
        43.21776580810547,
        362.6717224121094,
        146.88522338867188,
        383.7860412597656
      ],
      "bbox_yolo": [
        0.14851796627044678,
        0.5831701159477234,
        0.16198040544986725,
        0.03299112245440483
      ],
      "bbox_width_px": 103.6674575805664,
      "bbox_height_px": 21.11431884765625
    },
    {
      "detection_id": 1,
      "class_name": "speed_boat",
      "yolo_class_id": 10,
      "confidence": 0.7023800611495972,
      "bbox_xyxy": [
        367.66845703125,
        343.5108337402344,
        413.06268310546875,
        357.2324523925781
      ],
      "bbox_yolo": [
        0.6099461913108826,
        0.5474556684494019,
        0.07092847675085068,
        0.02144002914428711
      ],
      "bbox_width_px": 45.39422607421875,
      "bbox_height_px": 13.72161865234375
    },
    {
      "detection_id": 2,
      "class_name": "speed_boat",
      "yolo_class_id": 10,
      "confidence": 0.5162960886955261,
      "bbox_xyxy": [
        256.5293884277344,
        335.25250244140625,
        305.9626159667969,
        344.58978271484375
      ],
      "bbox_yolo": [
        0.4394468665122986,
        0.5311267971992493,
        0.07723941653966904,
        0.014589500613510609
      ],
      "bbox_width_px": 49.4332275390625,
      "bbox_height_px": 9.3372802734375
    },
    {
      "detection_id": 3,
      "class_name": "speed_boat",
      "yolo_class_id": 10,
      "confidence": 0.68206787109375,
      "bbox_xyxy": [
        211.31832885742188,
        351.0555725097656,
        275.2203063964844,
        363.7546691894531
      ],
      "bbox_yolo": [
        0.3801082968711853,
        0.5584455132484436,
        0.09984683990478516,
        0.01984233781695366
      ],
      "bbox_width_px": 63.9019775390625,
      "bbox_height_px": 12.6990966796875
    }
  ]
}