{
  "index": 4426,
  "dataframe_iter_index": 4426,
  "image_path": "./datasets/sFERNANDO_FLUX29B/images/4426.png",
  "image_width": 640,
  "image_height": 640,
  "ground_truth_class": "speed_boat",
  "grounding_prompt": "boat",
  "timestamp": "2026-05-04T20:49:26.950084",
  "num_detections": 3,
  "detections": [
    {
      "detection_id": 0,
      "class_name": "speed_boat",
      "yolo_class_id": 10,
      "confidence": 0.7995254397392273,
      "bbox_xyxy": [
        33.99609375,
        303.3550720214844,
        208.86993408203125,
        383.0189514160156
      ],
      "bbox_yolo": [
        0.18973907828330994,
        0.5362297296524048,
        0.2732403874397278,
        0.12447480857372284
      ],
      "bbox_width_px": 174.87384033203125,
      "bbox_height_px": 79.66387939453125
    },
    {
      "detection_id": 1,
      "class_name": "speed_boat",
      "yolo_class_id": 10,
      "confidence": 0.7547268867492676,
      "bbox_xyxy": [
        432.6523132324219,
        305.36090087890625,
        548.1019897460938,
        383.41790771484375
      ],
      "bbox_yolo": [
        0.7662142515182495,
        0.5381084680557251,
        0.1803901195526123,
        0.12196407467126846
      ],
      "bbox_width_px": 115.44967651367188,
      "bbox_height_px": 78.0570068359375
    },
    {
      "detection_id": 2,
      "class_name": "speed_boat",
      "yolo_class_id": 10,
      "confidence": 0.8108906149864197,
      "bbox_xyxy": [
        234.3238525390625,
        297.6171875,
        388.4560546875,
        391.00152587890625
      ],
      "bbox_yolo": [
        0.4865468144416809,
        0.5379833579063416,
        0.24083156883716583,
        0.1459130346775055
      ],
      "bbox_width_px": 154.1322021484375,
      "bbox_height_px": 93.38433837890625
    }
  ]
}