{
  "index": 4436,
  "dataframe_iter_index": 4436,
  "image_path": "./datasets/sFERNANDO_FLUX29B/images/4436.png",
  "image_width": 640,
  "image_height": 640,
  "ground_truth_class": "speed_boat",
  "grounding_prompt": "boat",
  "timestamp": "2026-05-04T20:49:38.271680",
  "num_detections": 1,
  "detections": [
    {
      "detection_id": 0,
      "class_name": "speed_boat",
      "yolo_class_id": 10,
      "confidence": 0.9677557945251465,
      "bbox_xyxy": [
        201.26608276367188,
        299.6336669921875,
        393.9689636230469,
        414.99127197265625
      ],
      "bbox_yolo": [
        0.465027391910553,
        0.5583007335662842,
        0.3010982573032379,
        0.1802462637424469
      ],
      "bbox_width_px": 192.702880859375,
      "bbox_height_px": 115.35760498046875
    }
  ]
}