{
  "index": 4437,
  "dataframe_iter_index": 4437,
  "image_path": "./datasets/sFERNANDO_FLUX29B/images/4437.png",
  "image_width": 640,
  "image_height": 640,
  "ground_truth_class": "speed_boat",
  "grounding_prompt": "boat",
  "timestamp": "2026-05-04T20:49:39.403279",
  "num_detections": 2,
  "detections": [
    {
      "detection_id": 0,
      "class_name": "speed_boat",
      "yolo_class_id": 10,
      "confidence": 0.8838086724281311,
      "bbox_xyxy": [
        143.7855682373047,
        316.269775390625,
        308.97857666015625,
        412.727783203125
      ],
      "bbox_yolo": [
        0.3537220060825348,
        0.5695293545722961,
        0.2581140697002411,
        0.150715634226799
      ],
      "bbox_width_px": 165.19300842285156,
      "bbox_height_px": 96.4580078125
    },
    {
      "detection_id": 1,
      "class_name": "speed_boat",
      "yolo_class_id": 10,
      "confidence": 0.8197911381721497,
      "bbox_xyxy": [
        336.3480224609375,
        327.5460205078125,
        494.66650390625,
        382.9971923828125
      ],
      "bbox_yolo": [
        0.6492301225662231,
        0.5551118850708008,
        0.24737262725830078,
        0.08664245903491974
      ],
      "bbox_width_px": 158.3184814453125,
      "bbox_height_px": 55.451171875
    }
  ]
}