{
  "index": 4454,
  "dataframe_iter_index": 4454,
  "image_path": "./datasets/sFERNANDO_FLUX29B/images/4454.png",
  "image_width": 640,
  "image_height": 640,
  "ground_truth_class": "speed_boat",
  "grounding_prompt": "boat",
  "timestamp": "2026-05-04T20:49:58.711491",
  "num_detections": 3,
  "detections": [
    {
      "detection_id": 0,
      "class_name": "speed_boat",
      "yolo_class_id": 10,
      "confidence": 0.7324315905570984,
      "bbox_xyxy": [
        322.29498291015625,
        345.0718688964844,
        402.17401123046875,
        371.9549865722656
      ],
      "bbox_yolo": [
        0.5659914016723633,
        0.560177206993103,
        0.12481097877025604,
        0.04200487211346626
      ],
      "bbox_width_px": 79.8790283203125,
      "bbox_height_px": 26.88311767578125
    },
    {
      "detection_id": 1,
      "class_name": "speed_boat",
      "yolo_class_id": 10,
      "confidence": 0.7298557758331299,
      "bbox_xyxy": [
        238.64321899414062,
        335.03271484375,
        333.5353698730469,
        364.24127197265625
      ],
      "bbox_yolo": [
        0.4470145106315613,
        0.5463078022003174,
        0.14826898276805878,
        0.045638371258974075
      ],
      "bbox_width_px": 94.89215087890625,
      "bbox_height_px": 29.20855712890625
    },
    {
      "detection_id": 2,
      "class_name": "speed_boat",
      "yolo_class_id": 10,
      "confidence": 0.5642373561859131,
      "bbox_xyxy": [
        314.7589111328125,
        306.63055419921875,
        344.52215576171875,
        313.796630859375
      ],
      "bbox_yolo": [
        0.5150633454322815,
        0.4847087264060974,
        0.046505071222782135,
        0.01119699515402317
      ],
      "bbox_width_px": 29.76324462890625,
      "bbox_height_px": 7.16607666015625
    }
  ]
}