{
  "index": 4458,
  "dataframe_iter_index": 4458,
  "image_path": "./datasets/sFERNANDO_FLUX29B/images/4458.png",
  "image_width": 640,
  "image_height": 640,
  "ground_truth_class": "speed_boat",
  "grounding_prompt": "boat",
  "timestamp": "2026-05-04T20:50:03.311063",
  "num_detections": 4,
  "detections": [
    {
      "detection_id": 0,
      "class_name": "speed_boat",
      "yolo_class_id": 10,
      "confidence": 0.7381249070167542,
      "bbox_xyxy": [
        430.2840881347656,
        292.70086669921875,
        553.2979125976562,
        338.2451171875
      ],
      "bbox_yolo": [
        0.7684234380722046,
        0.49292653799057007,
        0.19220909476280212,
        0.07116289436817169
      ],
      "bbox_width_px": 123.01382446289062,
      "bbox_height_px": 45.54425048828125
    },
    {
      "detection_id": 1,
      "class_name": "speed_boat",
      "yolo_class_id": 10,
      "confidence": 0.705621600151062,
      "bbox_xyxy": [
        94.67300415039062,
        287.53802490234375,
        219.3092041015625,
        337.616455078125
      ],
      "bbox_yolo": [
        0.2452985942363739,
        0.48840194940567017,
        0.1947440654039383,
        0.0782475471496582
      ],
      "bbox_width_px": 124.63619995117188,
      "bbox_height_px": 50.07843017578125
    },
    {
      "detection_id": 2,
      "class_name": "speed_boat",
      "yolo_class_id": 10,
      "confidence": 0.45608648657798767,
      "bbox_xyxy": [
        378.42822265625,
        234.06930541992188,
        389.14599609375,
        240.67166137695312
      ],
      "bbox_yolo": [
        0.5996673703193665,
        0.37089139223098755,
        0.01674652099609375,
        0.010316180996596813
      ],
      "bbox_width_px": 10.7177734375,
      "bbox_height_px": 6.60235595703125
    },
    {
      "detection_id": 3,
      "class_name": "speed_boat",
      "yolo_class_id": 10,
      "confidence": 0.5295410752296448,
      "bbox_xyxy": [
        230.34295654296875,
        287.2156677246094,
        397.40631103515625,
        380.2439880371094
      ],
      "bbox_yolo": [
        0.4904291033744812,
        0.5214528441429138,
        0.2610364854335785,
        0.14535674452781677
      ],
      "bbox_width_px": 167.0633544921875,
      "bbox_height_px": 93.0283203125
    }
  ]
}