{
  "index": 4510,
  "dataframe_iter_index": 4510,
  "image_path": "./datasets/sFERNANDO_FLUX29B/images/4510.png",
  "image_width": 640,
  "image_height": 640,
  "ground_truth_class": "speed_boat",
  "grounding_prompt": "boat",
  "timestamp": "2026-05-04T20:51:04.854891",
  "num_detections": 3,
  "detections": [
    {
      "detection_id": 0,
      "class_name": "speed_boat",
      "yolo_class_id": 10,
      "confidence": 0.8002634048461914,
      "bbox_xyxy": [
        238.27517700195312,
        304.1392822265625,
        369.0878601074219,
        397.2005615234375
      ],
      "bbox_yolo": [
        0.4745023846626282,
        0.5479217767715454,
        0.20439481735229492,
        0.1454082429409027
      ],
      "bbox_width_px": 130.81268310546875,
      "bbox_height_px": 93.061279296875
    },
    {
      "detection_id": 1,
      "class_name": "speed_boat",
      "yolo_class_id": 10,
      "confidence": 0.8108282685279846,
      "bbox_xyxy": [
        433.3064270019531,
        306.8371887207031,
        604.4375,
        395.3929138183594
      ],
      "bbox_yolo": [
        0.8107374310493469,
        0.5486172437667847,
        0.2673923075199127,
        0.13836832344532013
      ],
      "bbox_width_px": 171.13107299804688,
      "bbox_height_px": 88.55572509765625
    },
    {
      "detection_id": 2,
      "class_name": "speed_boat",
      "yolo_class_id": 10,
      "confidence": 0.48761609196662903,
      "bbox_xyxy": [
        17.021865844726562,
        266.54443359375,
        201.3439483642578,
        394.1451416015625
      ],
      "bbox_yolo": [
        0.17059829831123352,
        0.51616370677948,
        0.28800326585769653,
        0.19937610626220703
      ],
      "bbox_width_px": 184.32208251953125,
      "bbox_height_px": 127.6007080078125
    }
  ]
}