{
  "index": 4559,
  "dataframe_iter_index": 4559,
  "image_path": "./datasets/sFERNANDO_FLUX29B/images/4559.png",
  "image_width": 640,
  "image_height": 640,
  "ground_truth_class": "speed_boat",
  "grounding_prompt": "boat",
  "timestamp": "2026-05-04T20:52:00.192662",
  "num_detections": 1,
  "detections": [
    {
      "detection_id": 0,
      "class_name": "speed_boat",
      "yolo_class_id": 10,
      "confidence": 0.9604741930961609,
      "bbox_xyxy": [
        131.86260986328125,
        302.7013854980469,
        451.5128173828125,
        458.5227355957031
      ],
      "bbox_yolo": [
        0.4557620584964752,
        0.5947063565254211,
        0.49945345520973206,
        0.24347086250782013
      ],
      "bbox_width_px": 319.65020751953125,
      "bbox_height_px": 155.82135009765625
    }
  ]
}