{
  "index": 4579,
  "dataframe_iter_index": 4579,
  "image_path": "./datasets/sFERNANDO_FLUX29B/images/4579.png",
  "image_width": 640,
  "image_height": 640,
  "ground_truth_class": "speed_boat",
  "grounding_prompt": "boat",
  "timestamp": "2026-05-04T20:52:22.647236",
  "num_detections": 4,
  "detections": [
    {
      "detection_id": 0,
      "class_name": "speed_boat",
      "yolo_class_id": 10,
      "confidence": 0.4960145950317383,
      "bbox_xyxy": [
        141.25347900390625,
        302.7042541503906,
        462.29443359375,
        433.2038269042969
      ],
      "bbox_yolo": [
        0.47152179479599,
        0.5749281644821167,
        0.5016264915466309,
        0.20390558242797852
      ],
      "bbox_width_px": 321.04095458984375,
      "bbox_height_px": 130.49957275390625
    },
    {
      "detection_id": 1,
      "class_name": "speed_boat",
      "yolo_class_id": 10,
      "confidence": 0.4660998582839966,
      "bbox_xyxy": [
        0.17655181884765625,
        308.7456970214844,
        149.27285766601562,
        378.9238586425781
      ],
      "bbox_yolo": [
        0.1167573481798172,
        0.5372418165206909,
        0.23296299576759338,
        0.10965337604284286
      ],
      "bbox_width_px": 149.0963134765625,
      "bbox_height_px": 70.17816162109375
    },
    {
      "detection_id": 2,
      "class_name": "speed_boat",
      "yolo_class_id": 10,
      "confidence": 0.46151432394981384,
      "bbox_xyxy": [
        154.93472290039062,
        294.3163757324219,
        240.18673706054688,
        323.0558166503906
      ],
      "bbox_yolo": [
        0.3086886405944824,
        0.4823220372200012,
        0.13320627808570862,
        0.04490537568926811
      ],
      "bbox_width_px": 85.25201416015625,
      "bbox_height_px": 28.73944091796875
    },
    {
      "detection_id": 3,
      "class_name": "speed_boat",
      "yolo_class_id": 10,
      "confidence": 0.37021178007125854,
      "bbox_xyxy": [
        354.2128601074219,
        294.1200866699219,
        404.0289611816406,
        315.0285339355469
      ],
      "bbox_yolo": [
        0.5923764109611511,
        0.4758973717689514,
        0.07783766090869904,
        0.03266944736242294
      ],
      "bbox_width_px": 49.81610107421875,
      "bbox_height_px": 20.908447265625
    }
  ]
}