{
  "index": 4613,
  "dataframe_iter_index": 4613,
  "image_path": "./datasets/sFERNANDO_FLUX29B/images/4613.png",
  "image_width": 640,
  "image_height": 640,
  "ground_truth_class": "sailboat",
  "grounding_prompt": "boat",
  "timestamp": "2026-05-04T20:53:03.082487",
  "num_detections": 3,
  "detections": [
    {
      "detection_id": 0,
      "class_name": "sailboat",
      "yolo_class_id": 8,
      "confidence": 0.47465938329696655,
      "bbox_xyxy": [
        69.23186492919922,
        117.27314758300781,
        244.71817016601562,
        516.494384765625
      ],
      "bbox_yolo": [
        0.24527347087860107,
        0.49513086676597595,
        0.2741973400115967,
        0.6237832307815552
      ],
      "bbox_width_px": 175.48629760742188,
      "bbox_height_px": 399.22125244140625
    },
    {
      "detection_id": 1,
      "class_name": "sailboat",
      "yolo_class_id": 8,
      "confidence": 0.4927067756652832,
      "bbox_xyxy": [
        355.6738586425781,
        76.54637145996094,
        638.96533203125,
        532.8054809570312
      ],
      "bbox_yolo": [
        0.7770618200302124,
        0.47605615854263306,
        0.4426429271697998,
        0.7129048109054565
      ],
      "bbox_width_px": 283.2914733886719,
      "bbox_height_px": 456.25909423828125
    },
    {
      "detection_id": 2,
      "class_name": "sailboat",
      "yolo_class_id": 8,
      "confidence": 0.3767849802970886,
      "bbox_xyxy": [
        567.6136474609375,
        414.17254638671875,
        639.72216796875,
        432.16790771484375
      ],
      "bbox_yolo": [
        0.9432311058044434,
        0.6612035036087036,
        0.11266956478357315,
        0.028117751702666283
      ],
      "bbox_width_px": 72.1085205078125,
      "bbox_height_px": 17.995361328125
    }
  ]
}