{
  "index": 4622,
  "dataframe_iter_index": 4622,
  "image_path": "./datasets/sFERNANDO_FLUX29B/images/4622.png",
  "image_width": 640,
  "image_height": 640,
  "ground_truth_class": "sailboat",
  "grounding_prompt": "boat",
  "timestamp": "2026-05-04T20:53:13.514246",
  "num_detections": 3,
  "detections": [
    {
      "detection_id": 0,
      "class_name": "sailboat",
      "yolo_class_id": 8,
      "confidence": 0.49007347226142883,
      "bbox_xyxy": [
        428.32611083984375,
        119.06710815429688,
        598.1796264648438,
        504.0881042480469
      ],
      "bbox_yolo": [
        0.8019576072692871,
        0.48684000968933105,
        0.2653961181640625,
        0.6015952825546265
      ],
      "bbox_width_px": 169.853515625,
      "bbox_height_px": 385.02099609375
    },
    {
      "detection_id": 1,
      "class_name": "sailboat",
      "yolo_class_id": 8,
      "confidence": 0.42055168747901917,
      "bbox_xyxy": [
        246.91452026367188,
        40.02850341796875,
        371.5032043457031,
        505.730224609375
      ],
      "bbox_yolo": [
        0.4831388592720032,
        0.42637401819229126,
        0.19466981291770935,
        0.7276589274406433
      ],
      "bbox_width_px": 124.58868408203125,
      "bbox_height_px": 465.70172119140625
    },
    {
      "detection_id": 2,
      "class_name": "sailboat",
      "yolo_class_id": 8,
      "confidence": 0.4421675503253937,
      "bbox_xyxy": [
        59.1986198425293,
        58.850128173828125,
        180.01988220214844,
        501.6284484863281
      ],
      "bbox_yolo": [
        0.18688945472240448,
        0.437873899936676,
        0.1887832134962082,
        0.6918411254882812
      ],
      "bbox_width_px": 120.82125854492188,
      "bbox_height_px": 442.7783203125
    }
  ]
}