{
  "index": 4648,
  "dataframe_iter_index": 4648,
  "image_path": "./datasets/sFERNANDO_FLUX29B/images/4648.png",
  "image_width": 640,
  "image_height": 640,
  "ground_truth_class": "sailboat",
  "grounding_prompt": "boat",
  "timestamp": "2026-05-04T20:53:43.348154",
  "num_detections": 3,
  "detections": [
    {
      "detection_id": 0,
      "class_name": "sailboat",
      "yolo_class_id": 8,
      "confidence": 0.38180434703826904,
      "bbox_xyxy": [
        210.64271545410156,
        63.186553955078125,
        392.36151123046875,
        405.0732116699219
      ],
      "bbox_yolo": [
        0.47109705209732056,
        0.3658279478549957,
        0.2839356064796448,
        0.5341979265213013
      ],
      "bbox_width_px": 181.7187957763672,
      "bbox_height_px": 341.88665771484375
    },
    {
      "detection_id": 1,
      "class_name": "sailboat",
      "yolo_class_id": 8,
      "confidence": 0.4997715353965759,
      "bbox_xyxy": [
        522.3875732421875,
        334.1228332519531,
        560.7623291015625,
        350.8594665527344
      ],
      "bbox_yolo": [
        0.8462108373641968,
        0.5351424217224121,
        0.05996055528521538,
        0.026150990277528763
      ],
      "bbox_width_px": 38.374755859375,
      "bbox_height_px": 16.73663330078125
    },
    {
      "detection_id": 2,
      "class_name": "sailboat",
      "yolo_class_id": 8,
      "confidence": 0.46768513321876526,
      "bbox_xyxy": [
        354.8857116699219,
        331.4027099609375,
        407.3480529785156,
        350.5277099609375
      ],
      "bbox_yolo": [
        0.5954951047897339,
        0.5327581167221069,
        0.0819724053144455,
        0.02988281287252903
      ],
      "bbox_width_px": 52.46234130859375,
      "bbox_height_px": 19.125
    }
  ]
}