{
  "index": 4676,
  "dataframe_iter_index": 4676,
  "image_path": "./datasets/sFERNANDO_FLUX29B/images/4676.png",
  "image_width": 640,
  "image_height": 640,
  "ground_truth_class": "sailboat",
  "grounding_prompt": "boat",
  "timestamp": "2026-05-04T20:54:15.351597",
  "num_detections": 1,
  "detections": [
    {
      "detection_id": 0,
      "class_name": "sailboat",
      "yolo_class_id": 8,
      "confidence": 0.6421647667884827,
      "bbox_xyxy": [
        226.38510131835938,
        58.310546875,
        392.5997619628906,
        382.1765441894531
      ],
      "bbox_yolo": [
        0.48358193039894104,
        0.3441305458545685,
        0.2597104012966156,
        0.506040632724762
      ],
      "bbox_width_px": 166.21466064453125,
      "bbox_height_px": 323.8659973144531
    }
  ]
}