{
  "index": 4694,
  "dataframe_iter_index": 4694,
  "image_path": "./datasets/sFERNANDO_FLUX29B/images/4694.png",
  "image_width": 640,
  "image_height": 640,
  "ground_truth_class": "sailboat",
  "grounding_prompt": "boat",
  "timestamp": "2026-05-04T20:54:36.387556",
  "num_detections": 3,
  "detections": [
    {
      "detection_id": 0,
      "class_name": "sailboat",
      "yolo_class_id": 8,
      "confidence": 0.6014968752861023,
      "bbox_xyxy": [
        429.33660888671875,
        115.62939453125,
        602.4038696289062,
        518.0248413085938
      ],
      "bbox_yolo": [
        0.806047260761261,
        0.4950423836708069,
        0.27041760087013245,
        0.6287428736686707
      ],
      "bbox_width_px": 173.0672607421875,
      "bbox_height_px": 402.39544677734375
    },
    {
      "detection_id": 1,
      "class_name": "sailboat",
      "yolo_class_id": 8,
      "confidence": 0.48993968963623047,
      "bbox_xyxy": [
        240.98443603515625,
        58.19062805175781,
        377.25164794921875,
        515.3818359375
      ],
      "bbox_yolo": [
        0.48299694061279297,
        0.44810348749160767,
        0.2129175215959549,
        0.714361310005188
      ],
      "bbox_width_px": 136.2672119140625,
      "bbox_height_px": 457.19122314453125
    },
    {
      "detection_id": 2,
      "class_name": "sailboat",
      "yolo_class_id": 8,
      "confidence": 0.5532103776931763,
      "bbox_xyxy": [
        17.454322814941406,
        79.21258544921875,
        184.76614379882812,
        514.4277954101562
      ],
      "bbox_yolo": [
        0.15798473358154297,
        0.46378153562545776,
        0.261424720287323,
        0.6800237894058228
      ],
      "bbox_width_px": 167.31182861328125,
      "bbox_height_px": 435.2152099609375
    }
  ]
}