{
  "index": 4715,
  "dataframe_iter_index": 4715,
  "image_path": "./datasets/sFERNANDO_FLUX29B/images/4715.png",
  "image_width": 640,
  "image_height": 640,
  "ground_truth_class": "sailboat",
  "grounding_prompt": "boat",
  "timestamp": "2026-05-04T20:55:00.155918",
  "num_detections": 1,
  "detections": [
    {
      "detection_id": 0,
      "class_name": "sailboat",
      "yolo_class_id": 8,
      "confidence": 0.6659217476844788,
      "bbox_xyxy": [
        144.33009338378906,
        0.2526092529296875,
        453.42742919921875,
        498.25006103515625
      ],
      "bbox_yolo": [
        0.46699804067611694,
        0.38945522904396057,
        0.4829646050930023,
        0.7781209945678711
      ],
      "bbox_width_px": 309.09735107421875,
      "bbox_height_px": 497.9974365234375
    }
  ]
}