{
  "index": 4733,
  "dataframe_iter_index": 4733,
  "image_path": "./datasets/sFERNANDO_FLUX29B/images/4733.png",
  "image_width": 640,
  "image_height": 640,
  "ground_truth_class": "sailboat",
  "grounding_prompt": "boat",
  "timestamp": "2026-05-04T20:55:20.383816",
  "num_detections": 2,
  "detections": [
    {
      "detection_id": 0,
      "class_name": "sailboat",
      "yolo_class_id": 8,
      "confidence": 0.5025269985198975,
      "bbox_xyxy": [
        29.682281494140625,
        34.90592956542969,
        298.5034484863281,
        523.4478149414062
      ],
      "bbox_yolo": [
        0.2563951015472412,
        0.436213880777359,
        0.4200330674648285,
        0.7633466720581055
      ],
      "bbox_width_px": 268.8211669921875,
      "bbox_height_px": 488.5418701171875
    },
    {
      "detection_id": 1,
      "class_name": "sailboat",
      "yolo_class_id": 8,
      "confidence": 0.39288121461868286,
      "bbox_xyxy": [
        355.4513854980469,
        98.88116455078125,
        548.0050048828125,
        525.526611328125
      ],
      "bbox_yolo": [
        0.7058253288269043,
        0.48781856894493103,
        0.3008650243282318,
        0.6666334867477417
      ],
      "bbox_width_px": 192.55361938476562,
      "bbox_height_px": 426.64544677734375
    }
  ]
}