{
  "index": 4769,
  "dataframe_iter_index": 4769,
  "image_path": "./datasets/sFERNANDO_FLUX29B/images/4769.png",
  "image_width": 640,
  "image_height": 640,
  "ground_truth_class": "sailboat",
  "grounding_prompt": "boat",
  "timestamp": "2026-05-04T20:56:02.224786",
  "num_detections": 2,
  "detections": [
    {
      "detection_id": 0,
      "class_name": "sailboat",
      "yolo_class_id": 8,
      "confidence": 0.5007625818252563,
      "bbox_xyxy": [
        371.9029541015625,
        141.2068328857422,
        545.319091796875,
        482.88592529296875
      ],
      "bbox_yolo": [
        0.7165797352790833,
        0.48757249116897583,
        0.2709627151489258,
        0.5338735580444336
      ],
      "bbox_width_px": 173.4161376953125,
      "bbox_height_px": 341.6790771484375
    },
    {
      "detection_id": 1,
      "class_name": "sailboat",
      "yolo_class_id": 8,
      "confidence": 0.37114837765693665,
      "bbox_xyxy": [
        101.47740173339844,
        125.56950378417969,
        305.06158447265625,
        483.17340087890625
      ],
      "bbox_yolo": [
        0.3176085948944092,
        0.4755803942680359,
        0.3181002736091614,
        0.5587560534477234
      ],
      "bbox_width_px": 203.5841827392578,
      "bbox_height_px": 357.6038818359375
    }
  ]
}