{
  "index": 4779,
  "dataframe_iter_index": 4779,
  "image_path": "./datasets/sFERNANDO_FLUX29B/images/4779.png",
  "image_width": 640,
  "image_height": 640,
  "ground_truth_class": "sailboat",
  "grounding_prompt": "boat",
  "timestamp": "2026-05-04T20:56:13.426701",
  "num_detections": 1,
  "detections": [
    {
      "detection_id": 0,
      "class_name": "sailboat",
      "yolo_class_id": 8,
      "confidence": 0.8115328550338745,
      "bbox_xyxy": [
        136.16290283203125,
        0.3255615234375,
        460.95721435546875,
        525.548095703125
      ],
      "bbox_yolo": [
        0.46650010347366333,
        0.410838782787323,
        0.5074911117553711,
        0.8206602334976196
      ],
      "bbox_width_px": 324.7943115234375,
      "bbox_height_px": 525.2225341796875
    }
  ]
}