{
  "index": 4783,
  "dataframe_iter_index": 4783,
  "image_path": "./datasets/sFERNANDO_FLUX29B/images/4783.png",
  "image_width": 640,
  "image_height": 640,
  "ground_truth_class": "sailboat",
  "grounding_prompt": "boat",
  "timestamp": "2026-05-04T20:56:17.901718",
  "num_detections": 1,
  "detections": [
    {
      "detection_id": 0,
      "class_name": "sailboat",
      "yolo_class_id": 8,
      "confidence": 0.7750818729400635,
      "bbox_xyxy": [
        162.6705322265625,
        37.069122314453125,
        450.87646484375,
        479.5465393066406
      ],
      "bbox_yolo": [
        0.4793335795402527,
        0.40360599756240845,
        0.450321763753891,
        0.691370964050293
      ],
      "bbox_width_px": 288.2059326171875,
      "bbox_height_px": 442.4774169921875
    }
  ]
}