{
  "index": 479,
  "dataframe_iter_index": 479,
  "image_path": "./datasets/sFERNANDO_FLUX29B/images/479.png",
  "image_width": 640,
  "image_height": 640,
  "ground_truth_class": "tugboat",
  "grounding_prompt": "boat",
  "timestamp": "2026-05-04T19:29:20.608401",
  "num_detections": 1,
  "detections": [
    {
      "detection_id": 0,
      "class_name": "tugboat",
      "yolo_class_id": 11,
      "confidence": 0.9229904413223267,
      "bbox_xyxy": [
        244.34295654296875,
        271.9770812988281,
        415.96136474609375,
        365.8312072753906
      ],
      "bbox_yolo": [
        0.515862762928009,
        0.49828773736953735,
        0.26815375685691833,
        0.14664706587791443
      ],
      "bbox_width_px": 171.618408203125,
      "bbox_height_px": 93.8541259765625
    }
  ]
}