{
  "index": 4797,
  "dataframe_iter_index": 4797,
  "image_path": "./datasets/sFERNANDO_FLUX29B/images/4797.png",
  "image_width": 640,
  "image_height": 640,
  "ground_truth_class": "sailboat",
  "grounding_prompt": "boat",
  "timestamp": "2026-05-04T20:56:33.518675",
  "num_detections": 2,
  "detections": [
    {
      "detection_id": 0,
      "class_name": "sailboat",
      "yolo_class_id": 8,
      "confidence": 0.6371279954910278,
      "bbox_xyxy": [
        360.5758972167969,
        153.8752899169922,
        496.2802429199219,
        375.55523681640625
      ],
      "bbox_yolo": [
        0.6694188714027405,
        0.4136176109313965,
        0.2120380401611328,
        0.3463749289512634
      ],
      "bbox_width_px": 135.704345703125,
      "bbox_height_px": 221.67994689941406
    },
    {
      "detection_id": 1,
      "class_name": "sailboat",
      "yolo_class_id": 8,
      "confidence": 0.5898724794387817,
      "bbox_xyxy": [
        141.56646728515625,
        197.20069885253906,
        258.00164794921875,
        373.16546630859375
      ],
      "bbox_yolo": [
        0.3121625781059265,
        0.4455985426902771,
        0.18192997574806213,
        0.2749449610710144
      ],
      "bbox_width_px": 116.4351806640625,
      "bbox_height_px": 175.9647674560547
    }
  ]
}