{
  "index": 4820,
  "dataframe_iter_index": 4820,
  "image_path": "./datasets/sFERNANDO_FLUX29B/images/4820.png",
  "image_width": 640,
  "image_height": 640,
  "ground_truth_class": "sailboat",
  "grounding_prompt": "boat",
  "timestamp": "2026-05-04T20:56:59.263679",
  "num_detections": 1,
  "detections": [
    {
      "detection_id": 0,
      "class_name": "sailboat",
      "yolo_class_id": 8,
      "confidence": 0.7871154546737671,
      "bbox_xyxy": [
        231.019287109375,
        70.58464050292969,
        388.9981689453125,
        386.2166748046875
      ],
      "bbox_yolo": [
        0.48438864946365356,
        0.35687604546546936,
        0.24684199690818787,
        0.49317502975463867
      ],
      "bbox_width_px": 157.9788818359375,
      "bbox_height_px": 315.63201904296875
    }
  ]
}