{
  "index": 4822,
  "dataframe_iter_index": 4822,
  "image_path": "./datasets/sFERNANDO_FLUX29B/images/4822.png",
  "image_width": 640,
  "image_height": 640,
  "ground_truth_class": "sailboat",
  "grounding_prompt": "boat",
  "timestamp": "2026-05-04T20:57:01.494478",
  "num_detections": 3,
  "detections": [
    {
      "detection_id": 0,
      "class_name": "sailboat",
      "yolo_class_id": 8,
      "confidence": 0.6746950745582581,
      "bbox_xyxy": [
        269.57763671875,
        190.91822814941406,
        378.2943115234375,
        392.893310546875
      ],
      "bbox_yolo": [
        0.50614994764328,
        0.45610275864601135,
        0.1698698103427887,
        0.31558606028556824
      ],
      "bbox_width_px": 108.7166748046875,
      "bbox_height_px": 201.97508239746094
    },
    {
      "detection_id": 1,
      "class_name": "sailboat",
      "yolo_class_id": 8,
      "confidence": 0.6855102181434631,
      "bbox_xyxy": [
        422.2711181640625,
        239.34654235839844,
        536.1881103515625,
        420.29571533203125
      ],
      "bbox_yolo": [
        0.748796284198761,
        0.5153455138206482,
        0.17799529433250427,
        0.28273308277130127
      ],
      "bbox_width_px": 113.9169921875,
      "bbox_height_px": 180.9491729736328
    },
    {
      "detection_id": 2,
      "class_name": "sailboat",
      "yolo_class_id": 8,
      "confidence": 0.6841259002685547,
      "bbox_xyxy": [
        55.10417175292969,
        160.62643432617188,
        192.22581481933594,
        376.3643493652344
      ],
      "bbox_yolo": [
        0.19322654604911804,
        0.41952404379844666,
        0.2142525613307953,
        0.33709049224853516
      ],
      "bbox_width_px": 137.12164306640625,
      "bbox_height_px": 215.7379150390625
    }
  ]
}