{
  "index": 4828,
  "dataframe_iter_index": 4828,
  "image_path": "./datasets/sFERNANDO_FLUX29B/images/4828.png",
  "image_width": 640,
  "image_height": 640,
  "ground_truth_class": "sailboat",
  "grounding_prompt": "boat",
  "timestamp": "2026-05-04T20:57:08.149818",
  "num_detections": 1,
  "detections": [
    {
      "detection_id": 0,
      "class_name": "sailboat",
      "yolo_class_id": 8,
      "confidence": 0.7849267721176147,
      "bbox_xyxy": [
        235.8449249267578,
        72.16398620605469,
        387.93646240234375,
        391.05194091796875
      ],
      "bbox_yolo": [
        0.4873291850090027,
        0.36188745498657227,
        0.2376430332660675,
        0.4982624053955078
      ],
      "bbox_width_px": 152.09153747558594,
      "bbox_height_px": 318.887939453125
    }
  ]
}