{
  "index": 483,
  "dataframe_iter_index": 483,
  "image_path": "./datasets/sFERNANDO_FLUX29B/images/483.png",
  "image_width": 640,
  "image_height": 640,
  "ground_truth_class": "tugboat",
  "grounding_prompt": "boat",
  "timestamp": "2026-05-04T19:29:25.145515",
  "num_detections": 4,
  "detections": [
    {
      "detection_id": 0,
      "class_name": "tugboat",
      "yolo_class_id": 11,
      "confidence": 0.6776452660560608,
      "bbox_xyxy": [
        434.04852294921875,
        301.4133605957031,
        476.16009521484375,
        341.5660095214844
      ],
      "bbox_yolo": [
        0.7111004590988159,
        0.5023276209831238,
        0.06579933315515518,
        0.06273851543664932
      ],
      "bbox_width_px": 42.111572265625,
      "bbox_height_px": 40.15264892578125
    },
    {
      "detection_id": 1,
      "class_name": "tugboat",
      "yolo_class_id": 11,
      "confidence": 0.8123974204063416,
      "bbox_xyxy": [
        173.8411102294922,
        190.18539428710938,
        419.73834228515625,
        457.7660217285156
      ],
      "bbox_yolo": [
        0.463733971118927,
        0.506212055683136,
        0.3842144310474396,
        0.4180947244167328
      ],
      "bbox_width_px": 245.89723205566406,
      "bbox_height_px": 267.58062744140625
    },
    {
      "detection_id": 2,
      "class_name": "tugboat",
      "yolo_class_id": 11,
      "confidence": 0.5472206473350525,
      "bbox_xyxy": [
        528.1044311523438,
        329.57916259765625,
        561.9048461914062,
        354.70440673828125
      ],
      "bbox_yolo": [
        0.8515697717666626,
        0.5345965623855591,
        0.052813149988651276,
        0.0392581932246685
      ],
      "bbox_width_px": 33.8004150390625,
      "bbox_height_px": 25.125244140625
    },
    {
      "detection_id": 3,
      "class_name": "tugboat",
      "yolo_class_id": 11,
      "confidence": 0.35498377680778503,
      "bbox_xyxy": [
        520.7713623046875,
        322.83209228515625,
        546.6153564453125,
        337.5264892578125
      ],
      "bbox_yolo": [
        0.8338958621025085,
        0.5159051418304443,
        0.04038124158978462,
        0.02295999601483345
      ],
      "bbox_width_px": 25.843994140625,
      "bbox_height_px": 14.69439697265625
    }
  ]
}