{
  "index": 4834,
  "dataframe_iter_index": 4834,
  "image_path": "./datasets/sFERNANDO_FLUX29B/images/4834.png",
  "image_width": 640,
  "image_height": 640,
  "ground_truth_class": "sailboat",
  "grounding_prompt": "boat",
  "timestamp": "2026-05-04T20:57:14.918085",
  "num_detections": 4,
  "detections": [
    {
      "detection_id": 0,
      "class_name": "sailboat",
      "yolo_class_id": 8,
      "confidence": 0.5595517754554749,
      "bbox_xyxy": [
        185.7296600341797,
        345.30718994140625,
        253.7495880126953,
        522.3689575195312
      ],
      "bbox_yolo": [
        0.34334316849708557,
        0.6778720021247864,
        0.10628113895654678,
        0.2766590118408203
      ],
      "bbox_width_px": 68.01992797851562,
      "bbox_height_px": 177.061767578125
    },
    {
      "detection_id": 1,
      "class_name": "sailboat",
      "yolo_class_id": 8,
      "confidence": 0.5255460739135742,
      "bbox_xyxy": [
        411.9136657714844,
        262.92132568359375,
        541.3004150390625,
        521.1189575195312
      ],
      "bbox_yolo": [
        0.7446985244750977,
        0.6125314831733704,
        0.20216679573059082,
        0.40343379974365234
      ],
      "bbox_width_px": 129.38674926757812,
      "bbox_height_px": 258.1976318359375
    },
    {
      "detection_id": 2,
      "class_name": "sailboat",
      "yolo_class_id": 8,
      "confidence": 0.4277316927909851,
      "bbox_xyxy": [
        289.9879455566406,
        207.23812866210938,
        338.1902160644531,
        524.045166015625
      ],
      "bbox_yolo": [
        0.49076420068740845,
        0.5713151097297668,
        0.07531604915857315,
        0.49501100182533264
      ],
      "bbox_width_px": 48.2022705078125,
      "bbox_height_px": 316.8070373535156
    },
    {
      "detection_id": 3,
      "class_name": "sailboat",
      "yolo_class_id": 8,
      "confidence": 0.41280514001846313,
      "bbox_xyxy": [
        43.577232360839844,
        125.26849365234375,
        160.08151245117188,
        356.14208984375
      ],
      "bbox_yolo": [
        0.15910840034484863,
        0.3761020302772522,
        0.18203793466091156,
        0.3607400059700012
      ],
      "bbox_width_px": 116.50428009033203,
      "bbox_height_px": 230.87359619140625
    }
  ]
}