{
  "index": 4859,
  "dataframe_iter_index": 4859,
  "image_path": "./datasets/sFERNANDO_FLUX29B/images/4859.png",
  "image_width": 640,
  "image_height": 640,
  "ground_truth_class": "sailboat",
  "grounding_prompt": "boat",
  "timestamp": "2026-05-04T20:57:42.892525",
  "num_detections": 1,
  "detections": [
    {
      "detection_id": 0,
      "class_name": "sailboat",
      "yolo_class_id": 8,
      "confidence": 0.8012414574623108,
      "bbox_xyxy": [
        189.2343292236328,
        0.41192626953125,
        455.7177734375,
        551.948974609375
      ],
      "bbox_yolo": [
        0.503868818283081,
        0.43153196573257446,
        0.4163804054260254,
        0.8617766499519348
      ],
      "bbox_width_px": 266.48345947265625,
      "bbox_height_px": 551.5370483398438
    }
  ]
}