{
  "index": 4864,
  "dataframe_iter_index": 4864,
  "image_path": "./datasets/sFERNANDO_FLUX29B/images/4864.png",
  "image_width": 640,
  "image_height": 640,
  "ground_truth_class": "sailboat",
  "grounding_prompt": "boat",
  "timestamp": "2026-05-04T20:57:48.491222",
  "num_detections": 1,
  "detections": [
    {
      "detection_id": 0,
      "class_name": "sailboat",
      "yolo_class_id": 8,
      "confidence": 0.7842711210250854,
      "bbox_xyxy": [
        251.4574432373047,
        189.913330078125,
        375.0958251953125,
        389.999267578125
      ],
      "bbox_yolo": [
        0.4894947409629822,
        0.4530567228794098,
        0.1931849718093872,
        0.31263428926467896
      ],
      "bbox_width_px": 123.63838195800781,
      "bbox_height_px": 200.0859375
    }
  ]
}