{
  "index": 4865,
  "dataframe_iter_index": 4865,
  "image_path": "./datasets/sFERNANDO_FLUX29B/images/4865.png",
  "image_width": 640,
  "image_height": 640,
  "ground_truth_class": "sailboat",
  "grounding_prompt": "boat",
  "timestamp": "2026-05-04T20:57:49.623129",
  "num_detections": 2,
  "detections": [
    {
      "detection_id": 0,
      "class_name": "sailboat",
      "yolo_class_id": 8,
      "confidence": 0.6531953811645508,
      "bbox_xyxy": [
        410.4427185058594,
        253.42164611816406,
        492.5582580566406,
        394.83026123046875
      ],
      "bbox_yolo": [
        0.7054694890975952,
        0.5064467787742615,
        0.12830552458763123,
        0.22095096111297607
      ],
      "bbox_width_px": 82.11553955078125,
      "bbox_height_px": 141.4086151123047
    },
    {
      "detection_id": 1,
      "class_name": "sailboat",
      "yolo_class_id": 8,
      "confidence": 0.6212286353111267,
      "bbox_xyxy": [
        172.94113159179688,
        249.40599060058594,
        253.69577026367188,
        396.73681640625
      ],
      "bbox_yolo": [
        0.333310067653656,
        0.5047990679740906,
        0.12617912888526917,
        0.23020441830158234
      ],
      "bbox_width_px": 80.754638671875,
      "bbox_height_px": 147.33082580566406
    }
  ]
}