{
  "index": 4869,
  "dataframe_iter_index": 4869,
  "image_path": "./datasets/sFERNANDO_FLUX29B/images/4869.png",
  "image_width": 640,
  "image_height": 640,
  "ground_truth_class": "sailboat",
  "grounding_prompt": "boat",
  "timestamp": "2026-05-04T20:57:54.081858",
  "num_detections": 2,
  "detections": [
    {
      "detection_id": 0,
      "class_name": "sailboat",
      "yolo_class_id": 8,
      "confidence": 0.625456690788269,
      "bbox_xyxy": [
        381.3706970214844,
        228.6096954345703,
        491.8038024902344,
        368.63037109375
      ],
      "bbox_yolo": [
        0.6821675896644592,
        0.46659380197525024,
        0.1725517213344574,
        0.21878230571746826
      ],
      "bbox_width_px": 110.43310546875,
      "bbox_height_px": 140.0206756591797
    },
    {
      "detection_id": 1,
      "class_name": "sailboat",
      "yolo_class_id": 8,
      "confidence": 0.5151736736297607,
      "bbox_xyxy": [
        154.47769165039062,
        248.5905303955078,
        254.43368530273438,
        371.26336669921875
      ],
      "bbox_yolo": [
        0.31946200132369995,
        0.4842608571052551,
        0.1561812460422516,
        0.1916763037443161
      ],
      "bbox_width_px": 99.95599365234375,
      "bbox_height_px": 122.67283630371094
    }
  ]
}