{
  "index": 4878,
  "dataframe_iter_index": 4878,
  "image_path": "./datasets/sFERNANDO_FLUX29B/images/4878.png",
  "image_width": 640,
  "image_height": 640,
  "ground_truth_class": "sailboat",
  "grounding_prompt": "boat",
  "timestamp": "2026-05-04T20:58:04.160335",
  "num_detections": 3,
  "detections": [
    {
      "detection_id": 0,
      "class_name": "sailboat",
      "yolo_class_id": 8,
      "confidence": 0.5141425728797913,
      "bbox_xyxy": [
        437.0853576660156,
        185.33023071289062,
        569.7374877929688,
        376.9350280761719
      ],
      "bbox_yolo": [
        0.7865803837776184,
        0.4392697215080261,
        0.20726895332336426,
        0.2993825078010559
      ],
      "bbox_width_px": 132.65213012695312,
      "bbox_height_px": 191.60479736328125
    },
    {
      "detection_id": 1,
      "class_name": "sailboat",
      "yolo_class_id": 8,
      "confidence": 0.4808860421180725,
      "bbox_xyxy": [
        249.22305297851562,
        188.35365295410156,
        373.5552062988281,
        376.650390625
      ],
      "bbox_yolo": [
        0.48654550313949585,
        0.4414094090461731,
        0.19426898658275604,
        0.2942136526107788
      ],
      "bbox_width_px": 124.3321533203125,
      "bbox_height_px": 188.29673767089844
    },
    {
      "detection_id": 2,
      "class_name": "sailboat",
      "yolo_class_id": 8,
      "confidence": 0.521277129650116,
      "bbox_xyxy": [
        62.59076690673828,
        188.20681762695312,
        177.75723266601562,
        376.4203796386719
      ],
      "bbox_yolo": [
        0.18777187168598175,
        0.44111499190330505,
        0.1799475997686386,
        0.29408368468284607
      ],
      "bbox_width_px": 115.16646575927734,
      "bbox_height_px": 188.21356201171875
    }
  ]
}