{
  "index": 4889,
  "dataframe_iter_index": 4889,
  "image_path": "./datasets/sFERNANDO_FLUX29B/images/4889.png",
  "image_width": 640,
  "image_height": 640,
  "ground_truth_class": "sailboat",
  "grounding_prompt": "boat",
  "timestamp": "2026-05-04T20:58:16.372857",
  "num_detections": 2,
  "detections": [
    {
      "detection_id": 0,
      "class_name": "sailboat",
      "yolo_class_id": 8,
      "confidence": 0.577523410320282,
      "bbox_xyxy": [
        379.5546569824219,
        219.52447509765625,
        493.3696594238281,
        373.2958984375
      ],
      "bbox_yolo": [
        0.6819721460342407,
        0.46314090490341187,
        0.17783594131469727,
        0.24026784300804138
      ],
      "bbox_width_px": 113.81500244140625,
      "bbox_height_px": 153.77142333984375
    },
    {
      "detection_id": 1,
      "class_name": "sailboat",
      "yolo_class_id": 8,
      "confidence": 0.6000258922576904,
      "bbox_xyxy": [
        139.36013793945312,
        208.70706176757812,
        255.72000122070312,
        372.8463439941406
      ],
      "bbox_yolo": [
        0.30865636467933655,
        0.45433861017227173,
        0.18181228637695312,
        0.25646764039993286
      ],
      "bbox_width_px": 116.35986328125,
      "bbox_height_px": 164.1392822265625
    }
  ]
}