{
  "index": 4906,
  "dataframe_iter_index": 4906,
  "image_path": "./datasets/sFERNANDO_FLUX29B/images/4906.png",
  "image_width": 640,
  "image_height": 640,
  "ground_truth_class": "sailboat",
  "grounding_prompt": "boat",
  "timestamp": "2026-05-04T20:58:35.371727",
  "num_detections": 3,
  "detections": [
    {
      "detection_id": 0,
      "class_name": "sailboat",
      "yolo_class_id": 8,
      "confidence": 0.4552381634712219,
      "bbox_xyxy": [
        246.4718017578125,
        193.7496337890625,
        373.0921630859375,
        381.0059814453125
      ],
      "bbox_yolo": [
        0.48403435945510864,
        0.4490278363227844,
        0.19784431159496307,
        0.2925880551338196
      ],
      "bbox_width_px": 126.620361328125,
      "bbox_height_px": 187.25634765625
    },
    {
      "detection_id": 1,
      "class_name": "sailboat",
      "yolo_class_id": 8,
      "confidence": 0.47151508927345276,
      "bbox_xyxy": [
        434.37310791015625,
        200.62496948242188,
        562.1875,
        381.6528015136719
      ],
      "bbox_yolo": [
        0.7785629630088806,
        0.4549044966697693,
        0.19970998167991638,
        0.2828559875488281
      ],
      "bbox_width_px": 127.81439208984375,
      "bbox_height_px": 181.02783203125
    },
    {
      "detection_id": 2,
      "class_name": "sailboat",
      "yolo_class_id": 8,
      "confidence": 0.4642806649208069,
      "bbox_xyxy": [
        53.31463623046875,
        206.60067749023438,
        177.5329132080078,
        379.5172424316406
      ],
      "bbox_yolo": [
        0.18034964799880981,
        0.4579046368598938,
        0.1940910518169403,
        0.27018213272094727
      ],
      "bbox_width_px": 124.21827697753906,
      "bbox_height_px": 172.91656494140625
    }
  ]
}