{
  "index": 4922,
  "dataframe_iter_index": 4922,
  "image_path": "./datasets/sFERNANDO_FLUX29B/images/4922.png",
  "image_width": 640,
  "image_height": 640,
  "ground_truth_class": "sailboat",
  "grounding_prompt": "boat",
  "timestamp": "2026-05-04T20:58:53.248660",
  "num_detections": 3,
  "detections": [
    {
      "detection_id": 0,
      "class_name": "sailboat",
      "yolo_class_id": 8,
      "confidence": 0.576745867729187,
      "bbox_xyxy": [
        451.1996765136719,
        199.39096069335938,
        553.1074829101562,
        359.4817810058594
      ],
      "bbox_yolo": [
        0.7846149206161499,
        0.4366193413734436,
        0.15923094749450684,
        0.2501419186592102
      ],
      "bbox_width_px": 101.90780639648438,
      "bbox_height_px": 160.0908203125
    },
    {
      "detection_id": 1,
      "class_name": "sailboat",
      "yolo_class_id": 8,
      "confidence": 0.5669896006584167,
      "bbox_xyxy": [
        270.72674560546875,
        191.15078735351562,
        371.05511474609375,
        357.2135925292969
      ],
      "bbox_yolo": [
        0.5013920664787292,
        0.4284096658229828,
        0.15676307678222656,
        0.25947314500808716
      ],
      "bbox_width_px": 100.328369140625,
      "bbox_height_px": 166.06280517578125
    },
    {
      "detection_id": 2,
      "class_name": "sailboat",
      "yolo_class_id": 8,
      "confidence": 0.5760403275489807,
      "bbox_xyxy": [
        75.8802719116211,
        195.24905395507812,
        164.93618774414062,
        355.5654602050781
      ],
      "bbox_yolo": [
        0.18813785910606384,
        0.43032383918762207,
        0.13914987444877625,
        0.2504943907260895
      ],
      "bbox_width_px": 89.05591583251953,
      "bbox_height_px": 160.31640625
    }
  ]
}