{
  "index": 4946,
  "dataframe_iter_index": 4946,
  "image_path": "./datasets/sFERNANDO_FLUX29B/images/4946.png",
  "image_width": 640,
  "image_height": 640,
  "ground_truth_class": "sailboat",
  "grounding_prompt": "boat",
  "timestamp": "2026-05-04T20:59:20.155103",
  "num_detections": 3,
  "detections": [
    {
      "detection_id": 0,
      "class_name": "sailboat",
      "yolo_class_id": 8,
      "confidence": 0.5080021023750305,
      "bbox_xyxy": [
        245.81695556640625,
        179.56202697753906,
        386.1143798828125,
        372.15948486328125
      ],
      "bbox_yolo": [
        0.4936963617801666,
        0.4310324192047119,
        0.21921472251415253,
        0.3009335398674011
      ],
      "bbox_width_px": 140.29742431640625,
      "bbox_height_px": 192.5974578857422
    },
    {
      "detection_id": 1,
      "class_name": "sailboat",
      "yolo_class_id": 8,
      "confidence": 0.5550960898399353,
      "bbox_xyxy": [
        49.65625762939453,
        178.97879028320312,
        188.88131713867188,
        376.4590759277344
      ],
      "bbox_yolo": [
        0.18635746836662292,
        0.43393582105636597,
        0.21753916144371033,
        0.3085629343986511
      ],
      "bbox_width_px": 139.22506713867188,
      "bbox_height_px": 197.48028564453125
    },
    {
      "detection_id": 2,
      "class_name": "sailboat",
      "yolo_class_id": 8,
      "confidence": 0.5121207237243652,
      "bbox_xyxy": [
        432.5397644042969,
        178.98587036132812,
        554.9508666992188,
        365.9187927246094
      ],
      "bbox_yolo": [
        0.7714770436286926,
        0.42570677399635315,
        0.19126734137535095,
        0.29208269715309143
      ],
      "bbox_width_px": 122.41110229492188,
      "bbox_height_px": 186.93292236328125
    }
  ]
}