{
  "index": 4967,
  "dataframe_iter_index": 4967,
  "image_path": "./datasets/sFERNANDO_FLUX29B/images/4967.png",
  "image_width": 640,
  "image_height": 640,
  "ground_truth_class": "sailboat",
  "grounding_prompt": "boat",
  "timestamp": "2026-05-04T20:59:43.956277",
  "num_detections": 3,
  "detections": [
    {
      "detection_id": 0,
      "class_name": "sailboat",
      "yolo_class_id": 8,
      "confidence": 0.41396188735961914,
      "bbox_xyxy": [
        0.04219627380371094,
        377.5999450683594,
        34.532875061035156,
        399.3803405761719
      ],
      "bbox_yolo": [
        0.027011776342988014,
        0.60701584815979,
        0.053891681134700775,
        0.03403186798095703
      ],
      "bbox_width_px": 34.49067687988281,
      "bbox_height_px": 21.7803955078125
    },
    {
      "detection_id": 1,
      "class_name": "sailboat",
      "yolo_class_id": 8,
      "confidence": 0.4569234848022461,
      "bbox_xyxy": [
        147.54754638671875,
        36.5943603515625,
        402.5128173828125,
        456.49981689453125
      ],
      "bbox_yolo": [
        0.42973464727401733,
        0.38522982597351074,
        0.398383229970932,
        0.6561022996902466
      ],
      "bbox_width_px": 254.96527099609375,
      "bbox_height_px": 419.90545654296875
    },
    {
      "detection_id": 2,
      "class_name": "sailboat",
      "yolo_class_id": 8,
      "confidence": 0.3672627806663513,
      "bbox_xyxy": [
        0.1784515380859375,
        353.43780517578125,
        112.61302947998047,
        382.32879638671875
      ],
      "bbox_yolo": [
        0.08811834454536438,
        0.5748176574707031,
        0.1756790280342102,
        0.045142173767089844
      ],
      "bbox_width_px": 112.43457794189453,
      "bbox_height_px": 28.8909912109375
    }
  ]
}