{
  "index": 4987,
  "dataframe_iter_index": 4987,
  "image_path": "./datasets/sFERNANDO_FLUX29B/images/4987.png",
  "image_width": 640,
  "image_height": 640,
  "ground_truth_class": "sailboat",
  "grounding_prompt": "boat",
  "timestamp": "2026-05-04T21:00:06.446308",
  "num_detections": 4,
  "detections": [
    {
      "detection_id": 0,
      "class_name": "sailboat",
      "yolo_class_id": 8,
      "confidence": 0.4407453238964081,
      "bbox_xyxy": [
        250.5267333984375,
        192.8519287109375,
        371.1431884765625,
        374.24224853515625
      ],
      "bbox_yolo": [
        0.48567962646484375,
        0.4430423378944397,
        0.1884632110595703,
        0.2834223806858063
      ],
      "bbox_width_px": 120.616455078125,
      "bbox_height_px": 181.39031982421875
    },
    {
      "detection_id": 1,
      "class_name": "sailboat",
      "yolo_class_id": 8,
      "confidence": 0.37880903482437134,
      "bbox_xyxy": [
        516.8516845703125,
        268.96868896484375,
        578.8792724609375,
        357.3489990234375
      ],
      "bbox_yolo": [
        0.856039822101593,
        0.48931068181991577,
        0.09691810607910156,
        0.1380942314863205
      ],
      "bbox_width_px": 62.027587890625,
      "bbox_height_px": 88.38031005859375
    },
    {
      "detection_id": 2,
      "class_name": "sailboat",
      "yolo_class_id": 8,
      "confidence": 0.3744523823261261,
      "bbox_xyxy": [
        432.0754699707031,
        262.1252136230469,
        504.2361755371094,
        359.0242614746094
      ],
      "bbox_yolo": [
        0.7314934730529785,
        0.4852730333805084,
        0.11275110393762589,
        0.15140476822853088
      ],
      "bbox_width_px": 72.16070556640625,
      "bbox_height_px": 96.8990478515625
    },
    {
      "detection_id": 3,
      "class_name": "sailboat",
      "yolo_class_id": 8,
      "confidence": 0.4640936553478241,
      "bbox_xyxy": [
        30.37775421142578,
        189.31114196777344,
        164.20986938476562,
        376.82568359375
      ],
      "bbox_yolo": [
        0.15202157199382782,
        0.4422944188117981,
        0.20911268889904022,
        0.2929914593696594
      ],
      "bbox_width_px": 133.83212280273438,
      "bbox_height_px": 187.51454162597656
    }
  ]
}