{
  "index": 4992,
  "dataframe_iter_index": 4992,
  "image_path": "./datasets/sFERNANDO_FLUX29B/images/4992.png",
  "image_width": 640,
  "image_height": 640,
  "ground_truth_class": "sailboat",
  "grounding_prompt": "boat",
  "timestamp": "2026-05-04T21:00:12.197488",
  "num_detections": 1,
  "detections": [
    {
      "detection_id": 0,
      "class_name": "sailboat",
      "yolo_class_id": 8,
      "confidence": 0.7608835101127625,
      "bbox_xyxy": [
        225.38009643554688,
        71.23123168945312,
        387.8288269042969,
        381.94976806640625
      ],
      "bbox_yolo": [
        0.47906947135925293,
        0.35404765605926514,
        0.2538261413574219,
        0.48549771308898926
      ],
      "bbox_width_px": 162.44873046875,
      "bbox_height_px": 310.7185363769531
    }
  ]
}