{
  "index": 5009,
  "dataframe_iter_index": 5009,
  "image_path": "./datasets/sFERNANDO_FLUX29B/images/5009.png",
  "image_width": 640,
  "image_height": 640,
  "ground_truth_class": "sailboat",
  "grounding_prompt": "boat",
  "timestamp": "2026-05-04T21:00:31.196688",
  "num_detections": 2,
  "detections": [
    {
      "detection_id": 0,
      "class_name": "sailboat",
      "yolo_class_id": 8,
      "confidence": 0.5868397355079651,
      "bbox_xyxy": [
        363.8216552734375,
        164.7095184326172,
        498.5606689453125,
        377.04571533203125
      ],
      "bbox_yolo": [
        0.6737362146377563,
        0.423246294260025,
        0.21052971482276917,
        0.3317753076553345
      ],
      "bbox_width_px": 134.739013671875,
      "bbox_height_px": 212.33619689941406
    },
    {
      "detection_id": 1,
      "class_name": "sailboat",
      "yolo_class_id": 8,
      "confidence": 0.5471079349517822,
      "bbox_xyxy": [
        140.51747131347656,
        188.20452880859375,
        255.8471221923828,
        372.915771484375
      ],
      "bbox_yolo": [
        0.30965983867645264,
        0.43837523460388184,
        0.18020257353782654,
        0.2886113226413727
      ],
      "bbox_width_px": 115.32965087890625,
      "bbox_height_px": 184.71124267578125
    }
  ]
}