{
  "index": 504,
  "dataframe_iter_index": 504,
  "image_path": "./datasets/sFERNANDO_FLUX29B/images/504.png",
  "image_width": 640,
  "image_height": 640,
  "ground_truth_class": "tugboat",
  "grounding_prompt": "boat",
  "timestamp": "2026-05-04T19:29:48.689001",
  "num_detections": 1,
  "detections": [
    {
      "detection_id": 0,
      "class_name": "tugboat",
      "yolo_class_id": 11,
      "confidence": 0.946025013923645,
      "bbox_xyxy": [
        143.49130249023438,
        132.7749481201172,
        457.9472961425781,
        472.0740966796875
      ],
      "bbox_yolo": [
        0.46987390518188477,
        0.4725383222103119,
        0.49133747816085815,
        0.5301548838615417
      ],
      "bbox_width_px": 314.45599365234375,
      "bbox_height_px": 339.29913330078125
    }
  ]
}