{
  "index": 5044,
  "dataframe_iter_index": 5044,
  "image_path": "./datasets/sFERNANDO_FLUX29B/images/5044.png",
  "image_width": 640,
  "image_height": 640,
  "ground_truth_class": "sailboat",
  "grounding_prompt": "boat",
  "timestamp": "2026-05-04T21:01:10.481039",
  "num_detections": 1,
  "detections": [
    {
      "detection_id": 0,
      "class_name": "sailboat",
      "yolo_class_id": 8,
      "confidence": 0.673959493637085,
      "bbox_xyxy": [
        234.93475341796875,
        110.67581176757812,
        384.8616943359375,
        388.9651794433594
      ],
      "bbox_yolo": [
        0.48421597480773926,
        0.3903445303440094,
        0.23426084220409393,
        0.43482714891433716
      ],
      "bbox_width_px": 149.92694091796875,
      "bbox_height_px": 278.28936767578125
    }
  ]
}