{
  "index": 5046,
  "dataframe_iter_index": 5046,
  "image_path": "./datasets/sFERNANDO_FLUX29B/images/5046.png",
  "image_width": 640,
  "image_height": 640,
  "ground_truth_class": "sailboat",
  "grounding_prompt": "boat",
  "timestamp": "2026-05-04T21:01:12.764115",
  "num_detections": 3,
  "detections": [
    {
      "detection_id": 0,
      "class_name": "sailboat",
      "yolo_class_id": 8,
      "confidence": 0.49895814061164856,
      "bbox_xyxy": [
        142.87399291992188,
        222.37631225585938,
        187.66006469726562,
        381.4713439941406
      ],
      "bbox_yolo": [
        0.25822973251342773,
        0.4717559814453125,
        0.06997823715209961,
        0.24858598411083221
      ],
      "bbox_width_px": 44.78607177734375,
      "bbox_height_px": 159.09503173828125
    },
    {
      "detection_id": 1,
      "class_name": "sailboat",
      "yolo_class_id": 8,
      "confidence": 0.5419955253601074,
      "bbox_xyxy": [
        285.0590515136719,
        190.670654296875,
        362.1651306152344,
        393.466064453125
      ],
      "bbox_yolo": [
        0.505643904209137,
        0.45635682344436646,
        0.12047825008630753,
        0.3168678283691406
      ],
      "bbox_width_px": 77.1060791015625,
      "bbox_height_px": 202.79541015625
    },
    {
      "detection_id": 2,
      "class_name": "sailboat",
      "yolo_class_id": 8,
      "confidence": 0.414808452129364,
      "bbox_xyxy": [
        436.9952392578125,
        223.7017822265625,
        498.518310546875,
        375.4935302734375
      ],
      "bbox_yolo": [
        0.7308699488639832,
        0.46812134981155396,
        0.09612979739904404,
        0.2371746003627777
      ],
      "bbox_width_px": 61.5230712890625,
      "bbox_height_px": 151.791748046875
    }
  ]
}