{
  "index": 5047,
  "dataframe_iter_index": 5047,
  "image_path": "./datasets/sFERNANDO_FLUX29B/images/5047.png",
  "image_width": 640,
  "image_height": 640,
  "ground_truth_class": "sailboat",
  "grounding_prompt": "boat",
  "timestamp": "2026-05-04T21:01:13.850993",
  "num_detections": 1,
  "detections": [
    {
      "detection_id": 0,
      "class_name": "sailboat",
      "yolo_class_id": 8,
      "confidence": 0.7589635848999023,
      "bbox_xyxy": [
        231.06976318359375,
        66.79826354980469,
        387.26544189453125,
        399.491455078125
      ],
      "bbox_yolo": [
        0.4830743670463562,
        0.364288866519928,
        0.24405574798583984,
        0.5198330879211426
      ],
      "bbox_width_px": 156.1956787109375,
      "bbox_height_px": 332.69317626953125
    }
  ]
}