{
  "index": 5062,
  "dataframe_iter_index": 5062,
  "image_path": "./datasets/sFERNANDO_FLUX29B/images/5062.png",
  "image_width": 640,
  "image_height": 640,
  "ground_truth_class": "sailboat",
  "grounding_prompt": "boat",
  "timestamp": "2026-05-04T21:01:31.123751",
  "num_detections": 4,
  "detections": [
    {
      "detection_id": 0,
      "class_name": "sailboat",
      "yolo_class_id": 8,
      "confidence": 0.4949020743370056,
      "bbox_xyxy": [
        125.48087310791016,
        183.55728149414062,
        185.34927368164062,
        364.6318054199219
      ],
      "bbox_yolo": [
        0.24283604323863983,
        0.42827272415161133,
        0.0935443788766861,
        0.2829289436340332
      ],
      "bbox_width_px": 59.86840057373047,
      "bbox_height_px": 181.07452392578125
    },
    {
      "detection_id": 1,
      "class_name": "sailboat",
      "yolo_class_id": 8,
      "confidence": 0.4673440456390381,
      "bbox_xyxy": [
        285.0230712890625,
        188.81182861328125,
        347.4886474609375,
        366.25067138671875
      ],
      "bbox_yolo": [
        0.494149774312973,
        0.43364256620407104,
        0.0976024642586708,
        0.27724820375442505
      ],
      "bbox_width_px": 62.465576171875,
      "bbox_height_px": 177.4388427734375
    },
    {
      "detection_id": 2,
      "class_name": "sailboat",
      "yolo_class_id": 8,
      "confidence": 0.4534202814102173,
      "bbox_xyxy": [
        435.92437744140625,
        194.51934814453125,
        505.61029052734375,
        360.19921875
      ],
      "bbox_yolo": [
        0.735573947429657,
        0.4333738684654236,
        0.10888423770666122,
        0.2588748037815094
      ],
      "bbox_width_px": 69.6859130859375,
      "bbox_height_px": 165.67987060546875
    },
    {
      "detection_id": 3,
      "class_name": "sailboat",
      "yolo_class_id": 8,
      "confidence": 0.42240121960639954,
      "bbox_xyxy": [
        97.5906753540039,
        317.04095458984375,
        110.09793853759766,
        323.38348388671875
      ],
      "bbox_yolo": [
        0.16225673258304596,
        0.5003315806388855,
        0.019542599096894264,
        0.009910201653838158
      ],
      "bbox_width_px": 12.50726318359375,
      "bbox_height_px": 6.342529296875
    }
  ]
}