{
  "index": 5065,
  "dataframe_iter_index": 5065,
  "image_path": "./datasets/sFERNANDO_FLUX29B/images/5065.png",
  "image_width": 640,
  "image_height": 640,
  "ground_truth_class": "sailboat",
  "grounding_prompt": "boat",
  "timestamp": "2026-05-04T21:01:34.436490",
  "num_detections": 2,
  "detections": [
    {
      "detection_id": 0,
      "class_name": "sailboat",
      "yolo_class_id": 8,
      "confidence": 0.5278646945953369,
      "bbox_xyxy": [
        359.1260681152344,
        143.0297088623047,
        487.3447570800781,
        376.45684814453125
      ],
      "bbox_yolo": [
        0.66130530834198,
        0.405848890542984,
        0.20034170150756836,
        0.3647299110889435
      ],
      "bbox_width_px": 128.21868896484375,
      "bbox_height_px": 233.42713928222656
    },
    {
      "detection_id": 1,
      "class_name": "sailboat",
      "yolo_class_id": 8,
      "confidence": 0.526188850402832,
      "bbox_xyxy": [
        137.91702270507812,
        109.62165832519531,
        253.20767211914062,
        391.0977783203125
      ],
      "bbox_yolo": [
        0.3055661618709564,
        0.39118704199790955,
        0.1801416426897049,
        0.4398064613342285
      ],
      "bbox_width_px": 115.2906494140625,
      "bbox_height_px": 281.47613525390625
    }
  ]
}