{
  "index": 5067,
  "dataframe_iter_index": 5067,
  "image_path": "./datasets/sFERNANDO_FLUX29B/images/5067.png",
  "image_width": 640,
  "image_height": 640,
  "ground_truth_class": "sailboat",
  "grounding_prompt": "boat",
  "timestamp": "2026-05-04T21:01:36.692616",
  "num_detections": 1,
  "detections": [
    {
      "detection_id": 0,
      "class_name": "sailboat",
      "yolo_class_id": 8,
      "confidence": 0.8134977221488953,
      "bbox_xyxy": [
        178.83888244628906,
        0.0310821533203125,
        470.64892578125,
        490.51611328125
      ],
      "bbox_yolo": [
        0.507412314414978,
        0.3832399845123291,
        0.4559532105922699,
        0.7663828730583191
      ],
      "bbox_width_px": 291.81005859375,
      "bbox_height_px": 490.48504638671875
    }
  ]
}