{
  "index": 5098,
  "dataframe_iter_index": 5098,
  "image_path": "./datasets/sFERNANDO_FLUX29B/images/5098.png",
  "image_width": 640,
  "image_height": 640,
  "ground_truth_class": "sailboat",
  "grounding_prompt": "boat",
  "timestamp": "2026-05-04T21:02:11.707508",
  "num_detections": 3,
  "detections": [
    {
      "detection_id": 0,
      "class_name": "sailboat",
      "yolo_class_id": 8,
      "confidence": 0.5089582800865173,
      "bbox_xyxy": [
        249.61363220214844,
        17.940811157226562,
        388.1856689453125,
        420.27587890625
      ],
      "bbox_yolo": [
        0.49828070402145386,
        0.34235677123069763,
        0.2165188044309616,
        0.628648579120636
      ],
      "bbox_width_px": 138.57203674316406,
      "bbox_height_px": 402.3350830078125
    },
    {
      "detection_id": 1,
      "class_name": "sailboat",
      "yolo_class_id": 8,
      "confidence": 0.4888783097267151,
      "bbox_xyxy": [
        36.38627624511719,
        30.864364624023438,
        192.50698852539062,
        421.824462890625
      ],
      "bbox_yolo": [
        0.178822860121727,
        0.3536631464958191,
        0.243938609957695,
        0.610875129699707
      ],
      "bbox_width_px": 156.12071228027344,
      "bbox_height_px": 390.9600830078125
    },
    {
      "detection_id": 2,
      "class_name": "sailboat",
      "yolo_class_id": 8,
      "confidence": 0.48105213046073914,
      "bbox_xyxy": [
        439.72088623046875,
        118.81103515625,
        539.842041015625,
        384.73736572265625
      ],
      "bbox_yolo": [
        0.7652835249900818,
        0.39339718222618103,
        0.15643930435180664,
        0.4155098795890808
      ],
      "bbox_width_px": 100.12115478515625,
      "bbox_height_px": 265.92633056640625
    }
  ]
}