{
  "index": 5142,
  "dataframe_iter_index": 5142,
  "image_path": "./datasets/sFERNANDO_FLUX29B/images/5142.png",
  "image_width": 640,
  "image_height": 640,
  "ground_truth_class": "sailboat",
  "grounding_prompt": "boat",
  "timestamp": "2026-05-04T21:03:01.363683",
  "num_detections": 3,
  "detections": [
    {
      "detection_id": 0,
      "class_name": "sailboat",
      "yolo_class_id": 8,
      "confidence": 0.5546483397483826,
      "bbox_xyxy": [
        107.15660858154297,
        210.66943359375,
        193.95135498046875,
        367.21820068359375
      ],
      "bbox_yolo": [
        0.2352406084537506,
        0.45147472620010376,
        0.13561679422855377,
        0.24460744857788086
      ],
      "bbox_width_px": 86.79474639892578,
      "bbox_height_px": 156.54876708984375
    },
    {
      "detection_id": 1,
      "class_name": "sailboat",
      "yolo_class_id": 8,
      "confidence": 0.5594210624694824,
      "bbox_xyxy": [
        269.1768798828125,
        194.32122802734375,
        386.64923095703125,
        368.12579345703125
      ],
      "bbox_yolo": [
        0.5123641490936279,
        0.4394117295742035,
        0.18355055153369904,
        0.2715696394443512
      ],
      "bbox_width_px": 117.47235107421875,
      "bbox_height_px": 173.8045654296875
    },
    {
      "detection_id": 2,
      "class_name": "sailboat",
      "yolo_class_id": 8,
      "confidence": 0.509255051612854,
      "bbox_xyxy": [
        438.46588134765625,
        205.4371795654297,
        522.3974609375,
        367.05352783203125
      ],
      "bbox_yolo": [
        0.7506744861602783,
        0.4472583830356598,
        0.13114309310913086,
        0.25252553820610046
      ],
      "bbox_width_px": 83.93157958984375,
      "bbox_height_px": 161.61634826660156
    }
  ]
}