{
  "index": 5147,
  "dataframe_iter_index": 5147,
  "image_path": "./datasets/sFERNANDO_FLUX29B/images/5147.png",
  "image_width": 640,
  "image_height": 640,
  "ground_truth_class": "sailboat",
  "grounding_prompt": "boat",
  "timestamp": "2026-05-04T21:03:06.925887",
  "num_detections": 1,
  "detections": [
    {
      "detection_id": 0,
      "class_name": "sailboat",
      "yolo_class_id": 8,
      "confidence": 0.8468414545059204,
      "bbox_xyxy": [
        99.61978149414062,
        10.118865966796875,
        484.0379333496094,
        538.5302734375
      ],
      "bbox_yolo": [
        0.45598259568214417,
        0.4286321699619293,
        0.600653350353241,
        0.8256427645683289
      ],
      "bbox_width_px": 384.41815185546875,
      "bbox_height_px": 528.411376953125
    }
  ]
}