{
  "index": 5150,
  "dataframe_iter_index": 5150,
  "image_path": "./datasets/sFERNANDO_FLUX29B/images/5150.png",
  "image_width": 640,
  "image_height": 640,
  "ground_truth_class": "sailboat",
  "grounding_prompt": "boat",
  "timestamp": "2026-05-04T21:03:10.300295",
  "num_detections": 3,
  "detections": [
    {
      "detection_id": 0,
      "class_name": "sailboat",
      "yolo_class_id": 8,
      "confidence": 0.5321553349494934,
      "bbox_xyxy": [
        435.0469055175781,
        154.2024383544922,
        554.76416015625,
        350.53765869140625
      ],
      "bbox_yolo": [
        0.7732898592948914,
        0.39432820677757263,
        0.1870582103729248,
        0.3067737817764282
      ],
      "bbox_width_px": 119.71725463867188,
      "bbox_height_px": 196.33522033691406
    },
    {
      "detection_id": 1,
      "class_name": "sailboat",
      "yolo_class_id": 8,
      "confidence": 0.5388401746749878,
      "bbox_xyxy": [
        74.07699584960938,
        161.37205505371094,
        197.30194091796875,
        344.242431640625
      ],
      "bbox_yolo": [
        0.2120147943496704,
        0.3950113356113434,
        0.19253897666931152,
        0.28573495149612427
      ],
      "bbox_width_px": 123.22494506835938,
      "bbox_height_px": 182.87037658691406
    },
    {
      "detection_id": 2,
      "class_name": "sailboat",
      "yolo_class_id": 8,
      "confidence": 0.4591115415096283,
      "bbox_xyxy": [
        246.7794189453125,
        127.69237518310547,
        383.4315185546875,
        357.7620849609375
      ],
      "bbox_yolo": [
        0.49235230684280396,
        0.379261314868927,
        0.2135189026594162,
        0.35948389768600464
      ],
      "bbox_width_px": 136.652099609375,
      "bbox_height_px": 230.0697021484375
    }
  ]
}