{
  "index": 5151,
  "dataframe_iter_index": 5151,
  "image_path": "./datasets/sFERNANDO_FLUX29B/images/5151.png",
  "image_width": 640,
  "image_height": 640,
  "ground_truth_class": "sailboat",
  "grounding_prompt": "boat",
  "timestamp": "2026-05-04T21:03:11.452800",
  "num_detections": 3,
  "detections": [
    {
      "detection_id": 0,
      "class_name": "sailboat",
      "yolo_class_id": 8,
      "confidence": 0.4712628126144409,
      "bbox_xyxy": [
        233.063720703125,
        124.3447265625,
        401.05303955078125,
        378.9496765136719
      ],
      "bbox_yolo": [
        0.4954037070274353,
        0.39319875836372375,
        0.26248329877853394,
        0.39782023429870605
      ],
      "bbox_width_px": 167.98931884765625,
      "bbox_height_px": 254.60494995117188
    },
    {
      "detection_id": 1,
      "class_name": "sailboat",
      "yolo_class_id": 8,
      "confidence": 0.431299090385437,
      "bbox_xyxy": [
        512.1568603515625,
        281.1358642578125,
        591.6558837890625,
        417.68157958984375
      ],
      "bbox_yolo": [
        0.8623536825180054,
        0.5459511280059814,
        0.12421722710132599,
        0.21335268020629883
      ],
      "bbox_width_px": 79.4990234375,
      "bbox_height_px": 136.54571533203125
    },
    {
      "detection_id": 2,
      "class_name": "sailboat",
      "yolo_class_id": 8,
      "confidence": 0.3877882957458496,
      "bbox_xyxy": [
        440.6845703125,
        287.93341064453125,
        498.323974609375,
        389.04522705078125
      ],
      "bbox_yolo": [
        0.7336004376411438,
        0.528889536857605,
        0.09006156772375107,
        0.15798720717430115
      ],
      "bbox_width_px": 57.639404296875,
      "bbox_height_px": 101.11181640625
    }
  ]
}