{
  "index": 5166,
  "dataframe_iter_index": 5166,
  "image_path": "./datasets/sFERNANDO_FLUX29B/images/5166.png",
  "image_width": 640,
  "image_height": 640,
  "ground_truth_class": "sailboat",
  "grounding_prompt": "boat",
  "timestamp": "2026-05-04T21:03:28.337674",
  "num_detections": 3,
  "detections": [
    {
      "detection_id": 0,
      "class_name": "sailboat",
      "yolo_class_id": 8,
      "confidence": 0.49629873037338257,
      "bbox_xyxy": [
        255.689453125,
        190.02108764648438,
        371.02459716796875,
        375.1374206542969
      ],
      "bbox_yolo": [
        0.4896203577518463,
        0.4415300786495209,
        0.1802111566066742,
        0.28924426436424255
      ],
      "bbox_width_px": 115.33514404296875,
      "bbox_height_px": 185.1163330078125
    },
    {
      "detection_id": 1,
      "class_name": "sailboat",
      "yolo_class_id": 8,
      "confidence": 0.5012710690498352,
      "bbox_xyxy": [
        443.5334777832031,
        147.30419921875,
        541.3927001953125,
        379.53082275390625
      ],
      "bbox_yolo": [
        0.7694735527038574,
        0.4115898609161377,
        0.15290503203868866,
        0.36285409331321716
      ],
      "bbox_width_px": 97.85922241210938,
      "bbox_height_px": 232.22662353515625
    },
    {
      "detection_id": 2,
      "class_name": "sailboat",
      "yolo_class_id": 8,
      "confidence": 0.525245189666748,
      "bbox_xyxy": [
        69.6151123046875,
        156.40847778320312,
        187.87884521484375,
        375.9377136230469
      ],
      "bbox_yolo": [
        0.20116715133190155,
        0.4158954620361328,
        0.1847870796918869,
        0.3430144190788269
      ],
      "bbox_width_px": 118.26373291015625,
      "bbox_height_px": 219.52923583984375
    }
  ]
}