{
  "index": 5228,
  "dataframe_iter_index": 5228,
  "image_path": "./datasets/sFERNANDO_FLUX29B/images/5228.png",
  "image_width": 640,
  "image_height": 640,
  "ground_truth_class": "sailboat",
  "grounding_prompt": "boat",
  "timestamp": "2026-05-04T21:04:38.125054",
  "num_detections": 1,
  "detections": [
    {
      "detection_id": 0,
      "class_name": "sailboat",
      "yolo_class_id": 8,
      "confidence": 0.8259328007698059,
      "bbox_xyxy": [
        204.99342346191406,
        42.14292907714844,
        397.29046630859375,
        487.468505859375
      ],
      "bbox_yolo": [
        0.4705342650413513,
        0.41375893354415894,
        0.30046412348747253,
        0.6958211660385132
      ],
      "bbox_width_px": 192.2970428466797,
      "bbox_height_px": 445.3255615234375
    }
  ]
}