{
  "index": 5232,
  "dataframe_iter_index": 5232,
  "image_path": "./datasets/sFERNANDO_FLUX29B/images/5232.png",
  "image_width": 640,
  "image_height": 640,
  "ground_truth_class": "sailboat",
  "grounding_prompt": "boat",
  "timestamp": "2026-05-04T21:04:42.598366",
  "num_detections": 1,
  "detections": [
    {
      "detection_id": 0,
      "class_name": "sailboat",
      "yolo_class_id": 8,
      "confidence": 0.6733967661857605,
      "bbox_xyxy": [
        247.21481323242188,
        125.97550964355469,
        389.6968688964844,
        374.12359619140625
      ],
      "bbox_yolo": [
        0.49758726358413696,
        0.39070242643356323,
        0.22262820601463318,
        0.3877313733100891
      ],
      "bbox_width_px": 142.4820556640625,
      "bbox_height_px": 248.14808654785156
    }
  ]
}