{
  "index": 5238,
  "dataframe_iter_index": 5238,
  "image_path": "./datasets/sFERNANDO_FLUX29B/images/5238.png",
  "image_width": 640,
  "image_height": 640,
  "ground_truth_class": "sailboat",
  "grounding_prompt": "boat",
  "timestamp": "2026-05-04T21:04:49.327954",
  "num_detections": 3,
  "detections": [
    {
      "detection_id": 0,
      "class_name": "sailboat",
      "yolo_class_id": 8,
      "confidence": 0.5625537633895874,
      "bbox_xyxy": [
        441.19842529296875,
        243.795166015625,
        539.2081298828125,
        420.3087158203125
      ],
      "bbox_yolo": [
        0.7659426331520081,
        0.5188311338424683,
        0.15314015746116638,
        0.2758024334907532
      ],
      "bbox_width_px": 98.00970458984375,
      "bbox_height_px": 176.5135498046875
    },
    {
      "detection_id": 1,
      "class_name": "sailboat",
      "yolo_class_id": 8,
      "confidence": 0.5687142610549927,
      "bbox_xyxy": [
        106.2431640625,
        233.3754119873047,
        202.1578369140625,
        415.86114501953125
      ],
      "bbox_yolo": [
        0.24093827605247498,
        0.5072160959243774,
        0.14986667037010193,
        0.285133957862854
      ],
      "bbox_width_px": 95.9146728515625,
      "bbox_height_px": 182.48573303222656
    },
    {
      "detection_id": 2,
      "class_name": "sailboat",
      "yolo_class_id": 8,
      "confidence": 0.5560915470123291,
      "bbox_xyxy": [
        270.826416015625,
        219.63523864746094,
        375.8433837890625,
        419.19317626953125
      ],
      "bbox_yolo": [
        0.5052107572555542,
        0.4990847110748291,
        0.16408900916576385,
        0.3118092715740204
      ],
      "bbox_width_px": 105.0169677734375,
      "bbox_height_px": 199.5579376220703
    }
  ]
}