{
  "index": 5244,
  "dataframe_iter_index": 5244,
  "image_path": "./datasets/sFERNANDO_FLUX29B/images/5244.png",
  "image_width": 640,
  "image_height": 640,
  "ground_truth_class": "sailboat",
  "grounding_prompt": "boat",
  "timestamp": "2026-05-04T21:04:55.995127",
  "num_detections": 1,
  "detections": [
    {
      "detection_id": 0,
      "class_name": "sailboat",
      "yolo_class_id": 8,
      "confidence": 0.8465580344200134,
      "bbox_xyxy": [
        244.52932739257812,
        64.37675476074219,
        386.8343811035156,
        375.53692626953125
      ],
      "bbox_yolo": [
        0.4932529032230377,
        0.34368258714675903,
        0.22235164046287537,
        0.48618775606155396
      ],
      "bbox_width_px": 142.3050537109375,
      "bbox_height_px": 311.16015625
    }
  ]
}