{
  "index": 5272,
  "dataframe_iter_index": 5272,
  "image_path": "./datasets/sFERNANDO_FLUX29B/images/5272.png",
  "image_width": 640,
  "image_height": 640,
  "ground_truth_class": "sailboat",
  "grounding_prompt": "boat",
  "timestamp": "2026-05-04T21:05:28.140627",
  "num_detections": 2,
  "detections": [
    {
      "detection_id": 0,
      "class_name": "sailboat",
      "yolo_class_id": 8,
      "confidence": 0.5951861143112183,
      "bbox_xyxy": [
        0.193084716796875,
        414.73699951171875,
        639.9547119140625,
        536.8462524414062
      ],
      "bbox_yolo": [
        0.5001155138015747,
        0.7434244155883789,
        0.9996274709701538,
        0.19079570472240448
      ],
      "bbox_width_px": 639.7615966796875,
      "bbox_height_px": 122.1092529296875
    },
    {
      "detection_id": 1,
      "class_name": "sailboat",
      "yolo_class_id": 8,
      "confidence": 0.4597344398498535,
      "bbox_xyxy": [
        222.04388427734375,
        63.49726867675781,
        390.81854248046875,
        396.11083984375
      ],
      "bbox_yolo": [
        0.4787987768650055,
        0.3590688109397888,
        0.2637104094028473,
        0.5197087526321411
      ],
      "bbox_width_px": 168.774658203125,
      "bbox_height_px": 332.61358642578125
    }
  ]
}