{
  "index": 5285,
  "dataframe_iter_index": 5285,
  "image_path": "./datasets/sFERNANDO_FLUX29B/images/5285.png",
  "image_width": 640,
  "image_height": 640,
  "ground_truth_class": "sailboat",
  "grounding_prompt": "boat",
  "timestamp": "2026-05-04T21:05:42.767959",
  "num_detections": 2,
  "detections": [
    {
      "detection_id": 0,
      "class_name": "sailboat",
      "yolo_class_id": 8,
      "confidence": 0.5529486536979675,
      "bbox_xyxy": [
        386.7584228515625,
        278.9881896972656,
        559.5146484375,
        518.4070434570312
      ],
      "bbox_yolo": [
        0.7392758131027222,
        0.6229650378227234,
        0.2699316143989563,
        0.3740919530391693
      ],
      "bbox_width_px": 172.7562255859375,
      "bbox_height_px": 239.41885375976562
    },
    {
      "detection_id": 1,
      "class_name": "sailboat",
      "yolo_class_id": 8,
      "confidence": 0.5366657376289368,
      "bbox_xyxy": [
        79.62081909179688,
        269.8922424316406,
        255.7525634765625,
        514.6585693359375
      ],
      "bbox_yolo": [
        0.26201045513153076,
        0.6129302978515625,
        0.2752058506011963,
        0.38244739174842834
      ],
      "bbox_width_px": 176.13174438476562,
      "bbox_height_px": 244.76632690429688
    }
  ]
}