{
  "index": 5298,
  "dataframe_iter_index": 5298,
  "image_path": "./datasets/sFERNANDO_FLUX29B/images/5298.png",
  "image_width": 640,
  "image_height": 640,
  "ground_truth_class": "sailboat",
  "grounding_prompt": "boat",
  "timestamp": "2026-05-04T21:05:57.291444",
  "num_detections": 3,
  "detections": [
    {
      "detection_id": 0,
      "class_name": "sailboat",
      "yolo_class_id": 8,
      "confidence": 0.47921255230903625,
      "bbox_xyxy": [
        386.646484375,
        263.4556884765625,
        573.7863159179688,
        528.44189453125
      ],
      "bbox_yolo": [
        0.7503381371498108,
        0.6186699867248535,
        0.29240599274635315,
        0.4140409529209137
      ],
      "bbox_width_px": 187.13983154296875,
      "bbox_height_px": 264.9862060546875
    },
    {
      "detection_id": 1,
      "class_name": "sailboat",
      "yolo_class_id": 8,
      "confidence": 0.4725189507007599,
      "bbox_xyxy": [
        56.182945251464844,
        162.65025329589844,
        212.53567504882812,
        528.7911376953125
      ],
      "bbox_yolo": [
        0.20993642508983612,
        0.5401886105537415,
        0.24430112540721893,
        0.5720950961112976
      ],
      "bbox_width_px": 156.35272216796875,
      "bbox_height_px": 366.140869140625
    },
    {
      "detection_id": 2,
      "class_name": "sailboat",
      "yolo_class_id": 8,
      "confidence": 0.3954818844795227,
      "bbox_xyxy": [
        276.68017578125,
        297.5289001464844,
        334.737060546875,
        526.5648193359375
      ],
      "bbox_yolo": [
        0.47766971588134766,
        0.6438232660293579,
        0.09071388095617294,
        0.35786861181259155
      ],
      "bbox_width_px": 58.056884765625,
      "bbox_height_px": 229.03591918945312
    }
  ]
}