{
  "index": 5346,
  "dataframe_iter_index": 5346,
  "image_path": "./datasets/sFERNANDO_FLUX29B/images/5346.png",
  "image_width": 640,
  "image_height": 640,
  "ground_truth_class": "sailboat",
  "grounding_prompt": "boat",
  "timestamp": "2026-05-04T21:06:51.032554",
  "num_detections": 3,
  "detections": [
    {
      "detection_id": 0,
      "class_name": "sailboat",
      "yolo_class_id": 8,
      "confidence": 0.5102862119674683,
      "bbox_xyxy": [
        236.922119140625,
        66.11080932617188,
        388.89404296875,
        400.6398620605469
      ],
      "bbox_yolo": [
        0.48891887068748474,
        0.3646489679813385,
        0.23745612800121307,
        0.522701621055603
      ],
      "bbox_width_px": 151.971923828125,
      "bbox_height_px": 334.529052734375
    },
    {
      "detection_id": 1,
      "class_name": "sailboat",
      "yolo_class_id": 8,
      "confidence": 0.5101576447486877,
      "bbox_xyxy": [
        432.9600830078125,
        119.70588684082031,
        583.5931396484375,
        388.28155517578125
      ],
      "bbox_yolo": [
        0.7941821813583374,
        0.39686518907546997,
        0.2353641539812088,
        0.41964951157569885
      ],
      "bbox_width_px": 150.633056640625,
      "bbox_height_px": 268.57568359375
    },
    {
      "detection_id": 2,
      "class_name": "sailboat",
      "yolo_class_id": 8,
      "confidence": 0.5484480261802673,
      "bbox_xyxy": [
        30.046730041503906,
        97.16813659667969,
        192.4534912109375,
        390.352294921875
      ],
      "bbox_yolo": [
        0.17382828891277313,
        0.3808753490447998,
        0.25376057624816895,
        0.45810022950172424
      ],
      "bbox_width_px": 162.40676879882812,
      "bbox_height_px": 293.18414306640625
    }
  ]
}