{
  "index": 5364,
  "dataframe_iter_index": 5364,
  "image_path": "./datasets/sFERNANDO_FLUX29B/images/5364.png",
  "image_width": 640,
  "image_height": 640,
  "ground_truth_class": "sailboat",
  "grounding_prompt": "boat",
  "timestamp": "2026-05-04T21:07:11.808848",
  "num_detections": 2,
  "detections": [
    {
      "detection_id": 0,
      "class_name": "sailboat",
      "yolo_class_id": 8,
      "confidence": 0.6172482371330261,
      "bbox_xyxy": [
        268.0609436035156,
        169.47264099121094,
        389.1978454589844,
        416.65008544921875
      ],
      "bbox_yolo": [
        0.5134834051132202,
        0.45790839195251465,
        0.18927641212940216,
        0.3862147629261017
      ],
      "bbox_width_px": 121.13690185546875,
      "bbox_height_px": 247.1774444580078
    },
    {
      "detection_id": 1,
      "class_name": "sailboat",
      "yolo_class_id": 8,
      "confidence": 0.3670727014541626,
      "bbox_xyxy": [
        0.034621238708496094,
        384.7388610839844,
        30.845291137695312,
        407.7220153808594
      ],
      "bbox_yolo": [
        0.024124931544065475,
        0.6191100478172302,
        0.04814166948199272,
        0.03591118007898331
      ],
      "bbox_width_px": 30.8106689453125,
      "bbox_height_px": 22.983154296875
    }
  ]
}