{
  "index": 5406,
  "dataframe_iter_index": 5406,
  "image_path": "./datasets/sFERNANDO_FLUX29B/images/5406.png",
  "image_width": 640,
  "image_height": 640,
  "ground_truth_class": "passenger ship",
  "grounding_prompt": "boat",
  "timestamp": "2026-05-04T21:07:59.610399",
  "num_detections": 3,
  "detections": [
    {
      "detection_id": 0,
      "class_name": "passenger ship",
      "yolo_class_id": 6,
      "confidence": 0.7073123455047607,
      "bbox_xyxy": [
        249.66354370117188,
        232.62860107421875,
        381.2532653808594,
        413.35125732421875
      ],
      "bbox_yolo": [
        0.49290376901626587,
        0.5046717524528503,
        0.20560893416404724,
        0.282379150390625
      ],
      "bbox_width_px": 131.5897216796875,
      "bbox_height_px": 180.72265625
    },
    {
      "detection_id": 1,
      "class_name": "passenger ship",
      "yolo_class_id": 6,
      "confidence": 0.7392879724502563,
      "bbox_xyxy": [
        19.7388916015625,
        266.2728271484375,
        214.00103759765625,
        402.40179443359375
      ],
      "bbox_yolo": [
        0.18260931968688965,
        0.5224020481109619,
        0.303534597158432,
        0.21270151436328888
      ],
      "bbox_width_px": 194.26214599609375,
      "bbox_height_px": 136.12896728515625
    },
    {
      "detection_id": 2,
      "class_name": "passenger ship",
      "yolo_class_id": 6,
      "confidence": 0.6706465482711792,
      "bbox_xyxy": [
        436.5849914550781,
        262.54266357421875,
        605.5084228515625,
        404.4427490234375
      ],
      "bbox_yolo": [
        0.8141354322433472,
        0.52108234167099,
        0.2639428675174713,
        0.22171887755393982
      ],
      "bbox_width_px": 168.92343139648438,
      "bbox_height_px": 141.90008544921875
    }
  ]
}