{
  "index": 552,
  "dataframe_iter_index": 552,
  "image_path": "./datasets/sFERNANDO_FLUX29B/images/552.png",
  "image_width": 640,
  "image_height": 640,
  "ground_truth_class": "tugboat",
  "grounding_prompt": "boat",
  "timestamp": "2026-05-04T19:30:42.370534",
  "num_detections": 1,
  "detections": [
    {
      "detection_id": 0,
      "class_name": "tugboat",
      "yolo_class_id": 11,
      "confidence": 0.3808884620666504,
      "bbox_xyxy": [
        237.20379638671875,
        188.9628448486328,
        409.3773193359375,
        376.985107421875
      ],
      "bbox_yolo": [
        0.5051414966583252,
        0.44214683771133423,
        0.2690211236476898,
        0.2937847971916199
      ],
      "bbox_width_px": 172.17352294921875,
      "bbox_height_px": 188.0222625732422
    }
  ]
}