{
  "index": 553,
  "dataframe_iter_index": 553,
  "image_path": "./datasets/sFERNANDO_FLUX29B/images/553.png",
  "image_width": 640,
  "image_height": 640,
  "ground_truth_class": "tugboat",
  "grounding_prompt": "boat",
  "timestamp": "2026-05-04T19:30:43.505132",
  "num_detections": 2,
  "detections": [
    {
      "detection_id": 0,
      "class_name": "tugboat",
      "yolo_class_id": 11,
      "confidence": 0.8437228202819824,
      "bbox_xyxy": [
        317.6856689453125,
        220.59732055664062,
        513.3236083984375,
        373.0358581542969
      ],
      "bbox_yolo": [
        0.6492260098457336,
        0.4637759327888489,
        0.30568426847457886,
        0.23818521201610565
      ],
      "bbox_width_px": 195.637939453125,
      "bbox_height_px": 152.43853759765625
    },
    {
      "detection_id": 1,
      "class_name": "tugboat",
      "yolo_class_id": 11,
      "confidence": 0.8411538600921631,
      "bbox_xyxy": [
        99.34233856201172,
        212.80206298828125,
        268.39788818359375,
        384.635009765625
      ],
      "bbox_yolo": [
        0.2872970700263977,
        0.4667477011680603,
        0.2641492784023285,
        0.26848897337913513
      ],
      "bbox_width_px": 169.0555419921875,
      "bbox_height_px": 171.83294677734375
    }
  ]
}