{
  "index": 5531,
  "dataframe_iter_index": 5531,
  "image_path": "./datasets/sFERNANDO_FLUX29B/images/5531.png",
  "image_width": 640,
  "image_height": 640,
  "ground_truth_class": "passenger ship",
  "grounding_prompt": "boat",
  "timestamp": "2026-05-04T21:10:21.654858",
  "num_detections": 1,
  "detections": [
    {
      "detection_id": 0,
      "class_name": "passenger ship",
      "yolo_class_id": 6,
      "confidence": 0.7391354441642761,
      "bbox_xyxy": [
        94.16024780273438,
        181.33078002929688,
        477.8698425292969,
        533.9739990234375
      ],
      "bbox_yolo": [
        0.44689851999282837,
        0.5588318705558777,
        0.5995462536811829,
        0.5510050058364868
      ],
      "bbox_width_px": 383.7095947265625,
      "bbox_height_px": 352.6432189941406
    }
  ]
}