{
  "index": 5551,
  "dataframe_iter_index": 5551,
  "image_path": "./datasets/sFERNANDO_FLUX29B/images/5551.png",
  "image_width": 640,
  "image_height": 640,
  "ground_truth_class": "passenger ship",
  "grounding_prompt": "boat",
  "timestamp": "2026-05-04T21:10:44.016810",
  "num_detections": 1,
  "detections": [
    {
      "detection_id": 0,
      "class_name": "passenger ship",
      "yolo_class_id": 6,
      "confidence": 0.9231720566749573,
      "bbox_xyxy": [
        188.40402221679688,
        196.15704345703125,
        537.745361328125,
        499.33740234375
      ],
      "bbox_yolo": [
        0.567304253578186,
        0.5433550477027893,
        0.5458458662033081,
        0.4737192988395691
      ],
      "bbox_width_px": 349.3413391113281,
      "bbox_height_px": 303.18035888671875
    }
  ]
}