{
  "index": 5556,
  "dataframe_iter_index": 5556,
  "image_path": "./datasets/sFERNANDO_FLUX29B/images/5556.png",
  "image_width": 640,
  "image_height": 640,
  "ground_truth_class": "passenger ship",
  "grounding_prompt": "boat",
  "timestamp": "2026-05-04T21:10:49.566012",
  "num_detections": 1,
  "detections": [
    {
      "detection_id": 0,
      "class_name": "passenger ship",
      "yolo_class_id": 6,
      "confidence": 0.8426495790481567,
      "bbox_xyxy": [
        101.33464050292969,
        193.26890563964844,
        470.63360595703125,
        507.3365478515625
      ],
      "bbox_yolo": [
        0.4468502104282379,
        0.5473480224609375,
        0.5770295858383179,
        0.4907306730747223
      ],
      "bbox_width_px": 369.2989501953125,
      "bbox_height_px": 314.067626953125
    }
  ]
}