{
  "index": 5557,
  "dataframe_iter_index": 5557,
  "image_path": "./datasets/sFERNANDO_FLUX29B/images/5557.png",
  "image_width": 640,
  "image_height": 640,
  "ground_truth_class": "passenger ship",
  "grounding_prompt": "boat",
  "timestamp": "2026-05-04T21:10:50.696431",
  "num_detections": 2,
  "detections": [
    {
      "detection_id": 0,
      "class_name": "passenger ship",
      "yolo_class_id": 6,
      "confidence": 0.7924985289573669,
      "bbox_xyxy": [
        339.7162170410156,
        252.6399688720703,
        546.6802978515625,
        383.43634033203125
      ],
      "bbox_yolo": [
        0.6924972534179688,
        0.49693459272384644,
        0.32338136434555054,
        0.20436933636665344
      ],
      "bbox_width_px": 206.96408081054688,
      "bbox_height_px": 130.79637145996094
    },
    {
      "detection_id": 1,
      "class_name": "passenger ship",
      "yolo_class_id": 6,
      "confidence": 0.8155447840690613,
      "bbox_xyxy": [
        83.03410339355469,
        246.61415100097656,
        258.10614013671875,
        377.425537109375
      ],
      "bbox_yolo": [
        0.2665158212184906,
        0.48753100633621216,
        0.2735500633716583,
        0.20439279079437256
      ],
      "bbox_width_px": 175.07203674316406,
      "bbox_height_px": 130.81138610839844
    }
  ]
}