{
  "index": 5628,
  "dataframe_iter_index": 5628,
  "image_path": "./datasets/sFERNANDO_FLUX29B/images/5628.png",
  "image_width": 640,
  "image_height": 640,
  "ground_truth_class": "passenger ship",
  "grounding_prompt": "boat",
  "timestamp": "2026-05-04T21:12:10.095809",
  "num_detections": 1,
  "detections": [
    {
      "detection_id": 0,
      "class_name": "passenger ship",
      "yolo_class_id": 6,
      "confidence": 0.9115802049636841,
      "bbox_xyxy": [
        278.1993103027344,
        406.0560607910156,
        518.9805908203125,
        527.9581298828125
      ],
      "bbox_yolo": [
        0.6227968335151672,
        0.7296985387802124,
        0.3762207627296448,
        0.19047197699546814
      ],
      "bbox_width_px": 240.78128051757812,
      "bbox_height_px": 121.90206909179688
    }
  ]
}