{
  "index": 5645,
  "dataframe_iter_index": 5645,
  "image_path": "./datasets/sFERNANDO_FLUX29B/images/5645.png",
  "image_width": 640,
  "image_height": 640,
  "ground_truth_class": "passenger ship",
  "grounding_prompt": "boat",
  "timestamp": "2026-05-04T21:12:29.078915",
  "num_detections": 2,
  "detections": [
    {
      "detection_id": 0,
      "class_name": "passenger ship",
      "yolo_class_id": 6,
      "confidence": 0.8248261213302612,
      "bbox_xyxy": [
        337.72589111328125,
        235.38894653320312,
        565.8419799804688,
        378.1108703613281
      ],
      "bbox_yolo": [
        0.7059124112129211,
        0.4792967438697815,
        0.35643139481544495,
        0.22300300002098083
      ],
      "bbox_width_px": 228.1160888671875,
      "bbox_height_px": 142.721923828125
    },
    {
      "detection_id": 1,
      "class_name": "passenger ship",
      "yolo_class_id": 6,
      "confidence": 0.8301234841346741,
      "bbox_xyxy": [
        82.63685607910156,
        227.69442749023438,
        254.91200256347656,
        374.0059509277344
      ],
      "bbox_yolo": [
        0.26371005177497864,
        0.47007840871810913,
        0.26917991042137146,
        0.2286117523908615
      ],
      "bbox_width_px": 172.275146484375,
      "bbox_height_px": 146.3115234375
    }
  ]
}