{
  "index": 5648,
  "dataframe_iter_index": 5648,
  "image_path": "./datasets/sFERNANDO_FLUX29B/images/5648.png",
  "image_width": 640,
  "image_height": 640,
  "ground_truth_class": "passenger ship",
  "grounding_prompt": "boat",
  "timestamp": "2026-05-04T21:12:32.408295",
  "num_detections": 1,
  "detections": [
    {
      "detection_id": 0,
      "class_name": "passenger ship",
      "yolo_class_id": 6,
      "confidence": 0.9240025281906128,
      "bbox_xyxy": [
        245.8053436279297,
        235.68832397460938,
        480.9578857421875,
        365.2621154785156
      ],
      "bbox_yolo": [
        0.567783772945404,
        0.46949252486228943,
        0.3674258589744568,
        0.20245905220508575
      ],
      "bbox_width_px": 235.1525421142578,
      "bbox_height_px": 129.57379150390625
    }
  ]
}