{
  "index": 5717,
  "dataframe_iter_index": 5717,
  "image_path": "./datasets/sFERNANDO_FLUX29B/images/5717.png",
  "image_width": 640,
  "image_height": 640,
  "ground_truth_class": "passenger ship",
  "grounding_prompt": "boat",
  "timestamp": "2026-05-04T21:13:49.489647",
  "num_detections": 2,
  "detections": [
    {
      "detection_id": 0,
      "class_name": "passenger ship",
      "yolo_class_id": 6,
      "confidence": 0.7965929508209229,
      "bbox_xyxy": [
        95.43826293945312,
        270.0965881347656,
        273.1000671386719,
        367.4384460449219
      ],
      "bbox_yolo": [
        0.2879205644130707,
        0.4980742335319519,
        0.2775965631008148,
        0.15209665894508362
      ],
      "bbox_width_px": 177.66180419921875,
      "bbox_height_px": 97.34185791015625
    },
    {
      "detection_id": 1,
      "class_name": "passenger ship",
      "yolo_class_id": 6,
      "confidence": 0.7580561637878418,
      "bbox_xyxy": [
        360.7796630859375,
        259.71533203125,
        551.3409423828125,
        368.42864990234375
      ],
      "bbox_yolo": [
        0.712594211101532,
        0.4907374978065491,
        0.2977519929409027,
        0.16986456513404846
      ],
      "bbox_width_px": 190.561279296875,
      "bbox_height_px": 108.71331787109375
    }
  ]
}