{
  "index": 5737,
  "dataframe_iter_index": 5737,
  "image_path": "./datasets/sFERNANDO_FLUX29B/images/5737.png",
  "image_width": 640,
  "image_height": 640,
  "ground_truth_class": "passenger ship",
  "grounding_prompt": "boat",
  "timestamp": "2026-05-04T21:14:11.798693",
  "num_detections": 2,
  "detections": [
    {
      "detection_id": 0,
      "class_name": "passenger ship",
      "yolo_class_id": 6,
      "confidence": 0.8106949925422668,
      "bbox_xyxy": [
        291.1285400390625,
        241.61166381835938,
        568.5031127929688,
        362.0538024902344
      ],
      "bbox_yolo": [
        0.6715872287750244,
        0.47161364555358887,
        0.4333977699279785,
        0.18819084763526917
      ],
      "bbox_width_px": 277.37457275390625,
      "bbox_height_px": 120.442138671875
    },
    {
      "detection_id": 1,
      "class_name": "passenger ship",
      "yolo_class_id": 6,
      "confidence": 0.8399203419685364,
      "bbox_xyxy": [
        79.9058837890625,
        211.25778198242188,
        240.02029418945312,
        377.0242614746094
      ],
      "bbox_yolo": [
        0.2499423325061798,
        0.45959535241127014,
        0.2501787543296814,
        0.2590101361274719
      ],
      "bbox_width_px": 160.11441040039062,
      "bbox_height_px": 165.7664794921875
    }
  ]
}