{
  "index": 5787,
  "dataframe_iter_index": 5787,
  "image_path": "./datasets/sFERNANDO_FLUX29B/images/5787.png",
  "image_width": 640,
  "image_height": 640,
  "ground_truth_class": "passenger ship",
  "grounding_prompt": "boat",
  "timestamp": "2026-05-04T21:15:07.856028",
  "num_detections": 1,
  "detections": [
    {
      "detection_id": 0,
      "class_name": "passenger ship",
      "yolo_class_id": 6,
      "confidence": 0.9234947562217712,
      "bbox_xyxy": [
        244.20481872558594,
        195.50930786132812,
        499.006103515625,
        377.6981506347656
      ],
      "bbox_yolo": [
        0.5806335210800171,
        0.4478183388710022,
        0.398127019405365,
        0.28467005491256714
      ],
      "bbox_width_px": 254.80128479003906,
      "bbox_height_px": 182.1888427734375
    }
  ]
}