{
  "index": 5844,
  "dataframe_iter_index": 5844,
  "image_path": "./datasets/sFERNANDO_FLUX29B/images/5844.png",
  "image_width": 640,
  "image_height": 640,
  "ground_truth_class": "passenger ship",
  "grounding_prompt": "boat",
  "timestamp": "2026-05-04T21:16:11.695617",
  "num_detections": 1,
  "detections": [
    {
      "detection_id": 0,
      "class_name": "passenger ship",
      "yolo_class_id": 6,
      "confidence": 0.9263142943382263,
      "bbox_xyxy": [
        149.56103515625,
        207.67601013183594,
        477.3677978515625,
        423.8402099609375
      ],
      "bbox_yolo": [
        0.48978814482688904,
        0.4933720529079437,
        0.5121980905532837,
        0.33775657415390015
      ],
      "bbox_width_px": 327.8067626953125,
      "bbox_height_px": 216.16419982910156
    }
  ]
}