{
  "index": 5846,
  "dataframe_iter_index": 5846,
  "image_path": "./datasets/sFERNANDO_FLUX29B/images/5846.png",
  "image_width": 640,
  "image_height": 640,
  "ground_truth_class": "passenger ship",
  "grounding_prompt": "boat",
  "timestamp": "2026-05-04T21:16:14.000172",
  "num_detections": 3,
  "detections": [
    {
      "detection_id": 0,
      "class_name": "passenger ship",
      "yolo_class_id": 6,
      "confidence": 0.596675455570221,
      "bbox_xyxy": [
        425.6519470214844,
        265.168701171875,
        520.1336059570312,
        334.71478271484375
      ],
      "bbox_yolo": [
        0.7388949394226074,
        0.468658983707428,
        0.147627592086792,
        0.10866574943065643
      ],
      "bbox_width_px": 94.48165893554688,
      "bbox_height_px": 69.54608154296875
    },
    {
      "detection_id": 1,
      "class_name": "passenger ship",
      "yolo_class_id": 6,
      "confidence": 0.4175484776496887,
      "bbox_xyxy": [
        106.49756622314453,
        265.3063659667969,
        228.09747314453125,
        336.2667541503906
      ],
      "bbox_yolo": [
        0.2614023685455322,
        0.4699789881706238,
        0.18999984860420227,
        0.11087560653686523
      ],
      "bbox_width_px": 121.59990692138672,
      "bbox_height_px": 70.96038818359375
    },
    {
      "detection_id": 2,
      "class_name": "passenger ship",
      "yolo_class_id": 6,
      "confidence": 0.386896014213562,
      "bbox_xyxy": [
        247.10382080078125,
        199.894775390625,
        386.07666015625,
        390.3277587890625
      ],
      "bbox_yolo": [
        0.4946722388267517,
        0.4611113667488098,
        0.21714505553245544,
        0.29755154252052307
      ],
      "bbox_width_px": 138.97283935546875,
      "bbox_height_px": 190.4329833984375
    }
  ]
}