{
  "index": 588,
  "dataframe_iter_index": 588,
  "image_path": "./datasets/sFERNANDO_FLUX29B/images/588.png",
  "image_width": 640,
  "image_height": 640,
  "ground_truth_class": "tugboat",
  "grounding_prompt": "boat",
  "timestamp": "2026-05-04T19:31:22.620421",
  "num_detections": 1,
  "detections": [
    {
      "detection_id": 0,
      "class_name": "tugboat",
      "yolo_class_id": 11,
      "confidence": 0.9555508494377136,
      "bbox_xyxy": [
        204.25099182128906,
        201.28903198242188,
        419.31689453125,
        416.8887023925781
      ],
      "bbox_yolo": [
        0.48716241121292114,
        0.4829513430595398,
        0.3360404670238495,
        0.33687448501586914
      ],
      "bbox_width_px": 215.06590270996094,
      "bbox_height_px": 215.59967041015625
    }
  ]
}