{
  "index": 5943,
  "dataframe_iter_index": 5943,
  "image_path": "./datasets/sFERNANDO_FLUX29B/images/5943.png",
  "image_width": 640,
  "image_height": 640,
  "ground_truth_class": "passenger ship",
  "grounding_prompt": "boat",
  "timestamp": "2026-05-04T21:18:02.769517",
  "num_detections": 1,
  "detections": [
    {
      "detection_id": 0,
      "class_name": "passenger ship",
      "yolo_class_id": 6,
      "confidence": 0.9292224645614624,
      "bbox_xyxy": [
        247.07235717773438,
        277.7734375,
        400.9555358886719,
        379.177490234375
      ],
      "bbox_yolo": [
        0.5062717795372009,
        0.5132429003715515,
        0.24044246971607208,
        0.15844383835792542
      ],
      "bbox_width_px": 153.8831787109375,
      "bbox_height_px": 101.404052734375
    }
  ]
}