{
  "index": 5954,
  "dataframe_iter_index": 5954,
  "image_path": "./datasets/sFERNANDO_FLUX29B/images/5954.png",
  "image_width": 640,
  "image_height": 640,
  "ground_truth_class": "passenger ship",
  "grounding_prompt": "boat",
  "timestamp": "2026-05-04T21:18:15.198105",
  "num_detections": 3,
  "detections": [
    {
      "detection_id": 0,
      "class_name": "passenger ship",
      "yolo_class_id": 6,
      "confidence": 0.7663928270339966,
      "bbox_xyxy": [
        248.65142822265625,
        196.96533203125,
        385.9005126953125,
        388.14501953125
      ],
      "bbox_yolo": [
        0.49574369192123413,
        0.4571174681186676,
        0.21445170044898987,
        0.29871827363967896
      ],
      "bbox_width_px": 137.24908447265625,
      "bbox_height_px": 191.1796875
    },
    {
      "detection_id": 1,
      "class_name": "passenger ship",
      "yolo_class_id": 6,
      "confidence": 0.7853733897209167,
      "bbox_xyxy": [
        41.964378356933594,
        231.89932250976562,
        211.84121704101562,
        373.2377014160156
      ],
      "bbox_yolo": [
        0.19828562438488007,
        0.4727632999420166,
        0.26543253660202026,
        0.2208412140607834
      ],
      "bbox_width_px": 169.8768310546875,
      "bbox_height_px": 141.33837890625
    },
    {
      "detection_id": 2,
      "class_name": "passenger ship",
      "yolo_class_id": 6,
      "confidence": 0.757860541343689,
      "bbox_xyxy": [
        428.13519287109375,
        223.8949737548828,
        542.8919677734375,
        378.55126953125
      ],
      "bbox_yolo": [
        0.7586149573326111,
        0.47066110372543335,
        0.1793074607849121,
        0.24165046215057373
      ],
      "bbox_width_px": 114.75677490234375,
      "bbox_height_px": 154.6562957763672
    }
  ]
}