{
  "index": 5999,
  "dataframe_iter_index": 5999,
  "image_path": "./datasets/sFERNANDO_FLUX29B/images/5999.png",
  "image_width": 640,
  "image_height": 640,
  "ground_truth_class": "passenger ship",
  "grounding_prompt": "boat",
  "timestamp": "2026-05-04T21:19:05.680973",
  "num_detections": 1,
  "detections": [
    {
      "detection_id": 0,
      "class_name": "passenger ship",
      "yolo_class_id": 6,
      "confidence": 0.9495832324028015,
      "bbox_xyxy": [
        205.74488830566406,
        236.46493530273438,
        478.2269287109375,
        414.2848205566406
      ],
      "bbox_yolo": [
        0.5343529582023621,
        0.5083982348442078,
        0.4257532060146332,
        0.27784356474876404
      ],
      "bbox_width_px": 272.4820556640625,
      "bbox_height_px": 177.81988525390625
    }
  ]
}