{
  "index": 6032,
  "dataframe_iter_index": 6032,
  "image_path": "./datasets/sFERNANDO_FLUX29B/images/6032.png",
  "image_width": 640,
  "image_height": 640,
  "ground_truth_class": "passenger ship",
  "grounding_prompt": "boat",
  "timestamp": "2026-05-04T21:19:42.422863",
  "num_detections": 1,
  "detections": [
    {
      "detection_id": 0,
      "class_name": "passenger ship",
      "yolo_class_id": 6,
      "confidence": 0.91571444272995,
      "bbox_xyxy": [
        115.25984191894531,
        208.50558471679688,
        487.80181884765625,
        466.2934875488281
      ],
      "bbox_yolo": [
        0.47114190459251404,
        0.5271867513656616,
        0.5820968747138977,
        0.4027935862541199
      ],
      "bbox_width_px": 372.5419921875,
      "bbox_height_px": 257.78790283203125
    }
  ]
}