{
  "index": 6113,
  "dataframe_iter_index": 6113,
  "image_path": "./datasets/sFERNANDO_FLUX29B/images/6113.png",
  "image_width": 640,
  "image_height": 640,
  "ground_truth_class": "passenger ship",
  "grounding_prompt": "boat",
  "timestamp": "2026-05-04T21:21:12.803498",
  "num_detections": 2,
  "detections": [
    {
      "detection_id": 0,
      "class_name": "passenger ship",
      "yolo_class_id": 6,
      "confidence": 0.8330634832382202,
      "bbox_xyxy": [
        24.143356323242188,
        221.30209350585938,
        323.91253662109375,
        419.9649353027344
      ],
      "bbox_yolo": [
        0.2719186842441559,
        0.5009898543357849,
        0.4683893322944641,
        0.31041067838668823
      ],
      "bbox_width_px": 299.7691650390625,
      "bbox_height_px": 198.662841796875
    },
    {
      "detection_id": 1,
      "class_name": "passenger ship",
      "yolo_class_id": 6,
      "confidence": 0.7974270582199097,
      "bbox_xyxy": [
        332.3043212890625,
        254.36834716796875,
        605.1389770507812,
        390.09027099609375
      ],
      "bbox_yolo": [
        0.7323775887489319,
        0.5034832954406738,
        0.4263041615486145,
        0.21206550300121307
      ],
      "bbox_width_px": 272.83465576171875,
      "bbox_height_px": 135.721923828125
    }
  ]
}