{
  "index": 6147,
  "dataframe_iter_index": 6147,
  "image_path": "./datasets/sFERNANDO_FLUX29B/images/6147.png",
  "image_width": 640,
  "image_height": 640,
  "ground_truth_class": "industrial ship",
  "grounding_prompt": "boat",
  "timestamp": "2026-05-04T21:21:51.058131",
  "num_detections": 1,
  "detections": [
    {
      "detection_id": 0,
      "class_name": "industrial ship",
      "yolo_class_id": 3,
      "confidence": 0.8196120262145996,
      "bbox_xyxy": [
        116.44879150390625,
        204.7512664794922,
        502.31927490234375,
        521.814208984375
      ],
      "bbox_yolo": [
        0.48341256380081177,
        0.5676292777061462,
        0.6029226183891296,
        0.49541082978248596
      ],
      "bbox_width_px": 385.8704833984375,
      "bbox_height_px": 317.06292724609375
    }
  ]
}