{
  "index": 6165,
  "dataframe_iter_index": 6165,
  "image_path": "./datasets/sFERNANDO_FLUX29B/images/6165.png",
  "image_width": 640,
  "image_height": 640,
  "ground_truth_class": "industrial ship",
  "grounding_prompt": "boat",
  "timestamp": "2026-05-04T21:22:11.321230",
  "num_detections": 1,
  "detections": [
    {
      "detection_id": 0,
      "class_name": "industrial ship",
      "yolo_class_id": 3,
      "confidence": 0.7577372789382935,
      "bbox_xyxy": [
        36.55784606933594,
        236.2173309326172,
        452.2928466796875,
        524.2010498046875
      ],
      "bbox_yolo": [
        0.3819146156311035,
        0.5940768718719482,
        0.6495859026908875,
        0.44997453689575195
      ],
      "bbox_width_px": 415.7349853515625,
      "bbox_height_px": 287.98370361328125
    }
  ]
}