{
  "index": 6179,
  "dataframe_iter_index": 6179,
  "image_path": "./datasets/sFERNANDO_FLUX29B/images/6179.png",
  "image_width": 640,
  "image_height": 640,
  "ground_truth_class": "industrial ship",
  "grounding_prompt": "boat",
  "timestamp": "2026-05-04T21:22:27.074526",
  "num_detections": 1,
  "detections": [
    {
      "detection_id": 0,
      "class_name": "industrial ship",
      "yolo_class_id": 3,
      "confidence": 0.8687634468078613,
      "bbox_xyxy": [
        0.16107177734375,
        195.52613830566406,
        415.39288330078125,
        521.2488403320312
      ],
      "bbox_yolo": [
        0.3246515393257141,
        0.5599804520606995,
        0.6487997174263,
        0.5089417695999146
      ],
      "bbox_width_px": 415.2318115234375,
      "bbox_height_px": 325.72271728515625
    }
  ]
}