{
  "index": 6184,
  "dataframe_iter_index": 6184,
  "image_path": "./datasets/sFERNANDO_FLUX29B/images/6184.png",
  "image_width": 640,
  "image_height": 640,
  "ground_truth_class": "industrial ship",
  "grounding_prompt": "boat",
  "timestamp": "2026-05-04T21:22:32.672938",
  "num_detections": 1,
  "detections": [
    {
      "detection_id": 0,
      "class_name": "industrial ship",
      "yolo_class_id": 3,
      "confidence": 0.7837635278701782,
      "bbox_xyxy": [
        99.17864990234375,
        191.11093139648438,
        447.1929931640625,
        517.150146484375
      ],
      "bbox_yolo": [
        0.42685285210609436,
        0.5533289909362793,
        0.5437723994255066,
        0.5094362497329712
      ],
      "bbox_width_px": 348.01434326171875,
      "bbox_height_px": 326.0392150878906
    }
  ]
}