{
  "index": 6200,
  "dataframe_iter_index": 6200,
  "image_path": "./datasets/sFERNANDO_FLUX29B/images/6200.png",
  "image_width": 640,
  "image_height": 640,
  "ground_truth_class": "industrial ship",
  "grounding_prompt": "boat",
  "timestamp": "2026-05-04T21:22:50.503373",
  "num_detections": 1,
  "detections": [
    {
      "detection_id": 0,
      "class_name": "industrial ship",
      "yolo_class_id": 3,
      "confidence": 0.8469377160072327,
      "bbox_xyxy": [
        0.1956787109375,
        196.21934509277344,
        431.388671875,
        524.8968505859375
      ],
      "bbox_yolo": [
        0.33717527985572815,
        0.563372015953064,
        0.6737390756607056,
        0.513558566570282
      ],
      "bbox_width_px": 431.1929931640625,
      "bbox_height_px": 328.677490234375
    }
  ]
}