{
  "index": 6212,
  "dataframe_iter_index": 6212,
  "image_path": "./datasets/sFERNANDO_FLUX29B/images/6212.png",
  "image_width": 640,
  "image_height": 640,
  "ground_truth_class": "industrial ship",
  "grounding_prompt": "boat",
  "timestamp": "2026-05-04T21:23:04.106395",
  "num_detections": 1,
  "detections": [
    {
      "detection_id": 0,
      "class_name": "industrial ship",
      "yolo_class_id": 3,
      "confidence": 0.8553681969642639,
      "bbox_xyxy": [
        103.18177795410156,
        197.0142822265625,
        544.4226684570312,
        473.750732421875
      ],
      "bbox_yolo": [
        0.5059409737586975,
        0.5240351557731628,
        0.6894389390945435,
        0.4324007034301758
      ],
      "bbox_width_px": 441.24090576171875,
      "bbox_height_px": 276.7364501953125
    }
  ]
}