{
  "index": 6243,
  "dataframe_iter_index": 6243,
  "image_path": "./datasets/sFERNANDO_FLUX29B/images/6243.png",
  "image_width": 640,
  "image_height": 640,
  "ground_truth_class": "industrial ship",
  "grounding_prompt": "boat",
  "timestamp": "2026-05-04T21:23:39.480878",
  "num_detections": 1,
  "detections": [
    {
      "detection_id": 0,
      "class_name": "industrial ship",
      "yolo_class_id": 3,
      "confidence": 0.8407877087593079,
      "bbox_xyxy": [
        24.10797119140625,
        206.36032104492188,
        575.5784301757812,
        529.2696533203125
      ],
      "bbox_yolo": [
        0.46850499510765076,
        0.5747109651565552,
        0.861672580242157,
        0.5045458078384399
      ],
      "bbox_width_px": 551.470458984375,
      "bbox_height_px": 322.9093322753906
    }
  ]
}