{
  "index": 6248,
  "dataframe_iter_index": 6248,
  "image_path": "./datasets/sFERNANDO_FLUX29B/images/6248.png",
  "image_width": 640,
  "image_height": 640,
  "ground_truth_class": "industrial ship",
  "grounding_prompt": "boat",
  "timestamp": "2026-05-04T21:23:45.078056",
  "num_detections": 2,
  "detections": [
    {
      "detection_id": 0,
      "class_name": "industrial ship",
      "yolo_class_id": 3,
      "confidence": 0.8188493251800537,
      "bbox_xyxy": [
        141.078857421875,
        125.18972778320312,
        456.9718017578125,
        509.8571472167969
      ],
      "bbox_yolo": [
        0.4672270715236664,
        0.4961303770542145,
        0.49358272552490234,
        0.6010428667068481
      ],
      "bbox_width_px": 315.8929443359375,
      "bbox_height_px": 384.66741943359375
    },
    {
      "detection_id": 1,
      "class_name": "industrial ship",
      "yolo_class_id": 3,
      "confidence": 0.4041842818260193,
      "bbox_xyxy": [
        450.9651184082031,
        414.8080139160156,
        505.2286682128906,
        442.4582824707031
      ],
      "bbox_yolo": [
        0.7470263838768005,
        0.669739305973053,
        0.0847867950797081,
        0.04320354387164116
      ],
      "bbox_width_px": 54.2635498046875,
      "bbox_height_px": 27.6502685546875
    }
  ]
}