{
  "index": 627,
  "dataframe_iter_index": 627,
  "image_path": "./datasets/sFERNANDO_FLUX29B/images/627.png",
  "image_width": 640,
  "image_height": 640,
  "ground_truth_class": "tugboat",
  "grounding_prompt": "boat",
  "timestamp": "2026-05-04T19:32:06.391378",
  "num_detections": 1,
  "detections": [
    {
      "detection_id": 0,
      "class_name": "tugboat",
      "yolo_class_id": 11,
      "confidence": 0.9438281655311584,
      "bbox_xyxy": [
        212.32278442382812,
        190.29824829101562,
        401.2417907714844,
        400.8832702636719
      ],
      "bbox_yolo": [
        0.4793473184108734,
        0.4618605673313141,
        0.29518595337867737,
        0.3290390968322754
      ],
      "bbox_width_px": 188.91900634765625,
      "bbox_height_px": 210.58502197265625
    }
  ]
}