{
  "index": 6279,
  "dataframe_iter_index": 6279,
  "image_path": "./datasets/sFERNANDO_FLUX29B/images/6279.png",
  "image_width": 640,
  "image_height": 640,
  "ground_truth_class": "industrial ship",
  "grounding_prompt": "boat",
  "timestamp": "2026-05-04T21:24:20.038322",
  "num_detections": 4,
  "detections": [
    {
      "detection_id": 0,
      "class_name": "industrial ship",
      "yolo_class_id": 3,
      "confidence": 0.3832346200942993,
      "bbox_xyxy": [
        -0.098358154296875,
        387.12158203125,
        168.1656494140625,
        503.35015869140625
      ],
      "bbox_yolo": [
        0.13130256533622742,
        0.6956810355186462,
        0.2629125118255615,
        0.18160715699195862
      ],
      "bbox_width_px": 168.26400756835938,
      "bbox_height_px": 116.22857666015625
    },
    {
      "detection_id": 1,
      "class_name": "industrial ship",
      "yolo_class_id": 3,
      "confidence": 0.4129250645637512,
      "bbox_xyxy": [
        578.6824951171875,
        421.5616455078125,
        639.9163818359375,
        498.18621826171875
      ],
      "bbox_yolo": [
        0.9520303606987,
        0.7185530066490173,
        0.095677949488163,
        0.11972589790821075
      ],
      "bbox_width_px": 61.23388671875,
      "bbox_height_px": 76.62457275390625
    },
    {
      "detection_id": 2,
      "class_name": "industrial ship",
      "yolo_class_id": 3,
      "confidence": 0.3952738046646118,
      "bbox_xyxy": [
        461.2476806640625,
        387.407470703125,
        519.5537719726562,
        481.98828125
      ],
      "bbox_yolo": [
        0.7662511467933655,
        0.6792154312133789,
        0.09110327064990997,
        0.14778251945972443
      ],
      "bbox_width_px": 58.30609130859375,
      "bbox_height_px": 94.580810546875
    },
    {
      "detection_id": 3,
      "class_name": "industrial ship",
      "yolo_class_id": 3,
      "confidence": 0.41784122586250305,
      "bbox_xyxy": [
        148.36203002929688,
        185.2325439453125,
        496.9786071777344,
        516.6653442382812
      ],
      "bbox_yolo": [
        0.5041723847389221,
        0.5483577251434326,
        0.5447133779525757,
        0.5178637504577637
      ],
      "bbox_width_px": 348.6165771484375,
      "bbox_height_px": 331.43280029296875
    }
  ]
}