{
  "index": 6287,
  "dataframe_iter_index": 6287,
  "image_path": "./datasets/sFERNANDO_FLUX29B/images/6287.png",
  "image_width": 640,
  "image_height": 640,
  "ground_truth_class": "industrial ship",
  "grounding_prompt": "boat",
  "timestamp": "2026-05-04T21:24:28.988949",
  "num_detections": 1,
  "detections": [
    {
      "detection_id": 0,
      "class_name": "industrial ship",
      "yolo_class_id": 3,
      "confidence": 0.8030189871788025,
      "bbox_xyxy": [
        0.312713623046875,
        189.88180541992188,
        480.0643615722656,
        537.1470947265625
      ],
      "bbox_yolo": [
        0.37529459595680237,
        0.5679913759231567,
        0.7496119737625122,
        0.542602002620697
      ],
      "bbox_width_px": 479.75164794921875,
      "bbox_height_px": 347.2652893066406
    }
  ]
}