{
  "index": 6299,
  "dataframe_iter_index": 6299,
  "image_path": "./datasets/sFERNANDO_FLUX29B/images/6299.png",
  "image_width": 640,
  "image_height": 640,
  "ground_truth_class": "industrial ship",
  "grounding_prompt": "boat",
  "timestamp": "2026-05-04T21:24:42.549797",
  "num_detections": 1,
  "detections": [
    {
      "detection_id": 0,
      "class_name": "industrial ship",
      "yolo_class_id": 3,
      "confidence": 0.7624477744102478,
      "bbox_xyxy": [
        0.6929168701171875,
        136.25936889648438,
        480.09368896484375,
        542.9456787109375
      ],
      "bbox_yolo": [
        0.37561455368995667,
        0.5306289792060852,
        0.7490636706352234,
        0.6354473829269409
      ],
      "bbox_width_px": 479.4007568359375,
      "bbox_height_px": 406.6863098144531
    }
  ]
}