{
  "index": 631,
  "dataframe_iter_index": 631,
  "image_path": "./datasets/sFERNANDO_FLUX29B/images/631.png",
  "image_width": 640,
  "image_height": 640,
  "ground_truth_class": "tugboat",
  "grounding_prompt": "boat",
  "timestamp": "2026-05-04T19:32:10.843070",
  "num_detections": 1,
  "detections": [
    {
      "detection_id": 0,
      "class_name": "tugboat",
      "yolo_class_id": 11,
      "confidence": 0.9239485263824463,
      "bbox_xyxy": [
        211.30093383789062,
        198.91384887695312,
        409.6380920410156,
        419.2748718261719
      ],
      "bbox_yolo": [
        0.4851086139678955,
        0.48295992612838745,
        0.30990180373191833,
        0.3443140983581543
      ],
      "bbox_width_px": 198.337158203125,
      "bbox_height_px": 220.36102294921875
    }
  ]
}