{
  "index": 634,
  "dataframe_iter_index": 634,
  "image_path": "./datasets/sFERNANDO_FLUX29B/images/634.png",
  "image_width": 640,
  "image_height": 640,
  "ground_truth_class": "tugboat",
  "grounding_prompt": "boat",
  "timestamp": "2026-05-04T19:32:14.229386",
  "num_detections": 3,
  "detections": [
    {
      "detection_id": 0,
      "class_name": "tugboat",
      "yolo_class_id": 11,
      "confidence": 0.7347540855407715,
      "bbox_xyxy": [
        99.34149169921875,
        254.3870086669922,
        196.9183349609375,
        366.4632568359375
      ],
      "bbox_yolo": [
        0.23145298659801483,
        0.48503929376602173,
        0.15246382355690002,
        0.17511913180351257
      ],
      "bbox_width_px": 97.57684326171875,
      "bbox_height_px": 112.07624816894531
    },
    {
      "detection_id": 1,
      "class_name": "tugboat",
      "yolo_class_id": 11,
      "confidence": 0.6978586912155151,
      "bbox_xyxy": [
        390.0967102050781,
        275.9629821777344,
        528.6209716796875,
        357.2786560058594
      ],
      "bbox_yolo": [
        0.7177481651306152,
        0.4947200417518616,
        0.21644416451454163,
        0.12705573439598083
      ],
      "bbox_width_px": 138.52426147460938,
      "bbox_height_px": 81.315673828125
    },
    {
      "detection_id": 2,
      "class_name": "tugboat",
      "yolo_class_id": 11,
      "confidence": 0.4390978515148163,
      "bbox_xyxy": [
        235.99533081054688,
        267.0261535644531,
        391.9344787597656,
        375.0674743652344
      ],
      "bbox_yolo": [
        0.49057015776634216,
        0.5016356706619263,
        0.24365492165088654,
        0.16881456971168518
      ],
      "bbox_width_px": 155.93914794921875,
      "bbox_height_px": 108.04132080078125
    }
  ]
}