{
  "index": 6346,
  "dataframe_iter_index": 6346,
  "image_path": "./datasets/sFERNANDO_FLUX29B/images/6346.png",
  "image_width": 640,
  "image_height": 640,
  "ground_truth_class": "industrial ship",
  "grounding_prompt": "boat",
  "timestamp": "2026-05-04T21:25:35.206360",
  "num_detections": 3,
  "detections": [
    {
      "detection_id": 0,
      "class_name": "industrial ship",
      "yolo_class_id": 3,
      "confidence": 0.717624306678772,
      "bbox_xyxy": [
        251.93809509277344,
        216.27540588378906,
        385.3447265625,
        371.92156982421875
      ],
      "bbox_yolo": [
        0.49787721037864685,
        0.4595288634300232,
        0.20844785869121552,
        0.24319712817668915
      ],
      "bbox_width_px": 133.40663146972656,
      "bbox_height_px": 155.6461639404297
    },
    {
      "detection_id": 1,
      "class_name": "industrial ship",
      "yolo_class_id": 3,
      "confidence": 0.6916953921318054,
      "bbox_xyxy": [
        429.28948974609375,
        229.53086853027344,
        562.37890625,
        366.92730712890625
      ],
      "bbox_yolo": [
        0.7747409343719482,
        0.46598297357559204,
        0.20795221626758575,
        0.214681938290596
      ],
      "bbox_width_px": 133.08941650390625,
      "bbox_height_px": 137.3964385986328
    },
    {
      "detection_id": 2,
      "class_name": "industrial ship",
      "yolo_class_id": 3,
      "confidence": 0.7816760540008545,
      "bbox_xyxy": [
        84.94282531738281,
        210.86061096191406,
        207.84886169433594,
        371.6627197265625
      ],
      "bbox_yolo": [
        0.2287435084581375,
        0.4550963342189789,
        0.19204068183898926,
        0.25125330686569214
      ],
      "bbox_width_px": 122.90603637695312,
      "bbox_height_px": 160.80210876464844
    }
  ]
}