{
  "index": 6379,
  "dataframe_iter_index": 6379,
  "image_path": "./datasets/sFERNANDO_FLUX29B/images/6379.png",
  "image_width": 640,
  "image_height": 640,
  "ground_truth_class": "industrial ship",
  "grounding_prompt": "boat",
  "timestamp": "2026-05-04T21:26:11.968477",
  "num_detections": 1,
  "detections": [
    {
      "detection_id": 0,
      "class_name": "industrial ship",
      "yolo_class_id": 3,
      "confidence": 0.9061538577079773,
      "bbox_xyxy": [
        161.1771697998047,
        226.07955932617188,
        501.743896484375,
        528.4664306640625
      ],
      "bbox_yolo": [
        0.5179070830345154,
        0.5894891023635864,
        0.5321354866027832,
        0.4724794924259186
      ],
      "bbox_width_px": 340.56671142578125,
      "bbox_height_px": 302.3868713378906
    }
  ]
}