{
  "index": 6389,
  "dataframe_iter_index": 6389,
  "image_path": "./datasets/sFERNANDO_FLUX29B/images/6389.png",
  "image_width": 640,
  "image_height": 640,
  "ground_truth_class": "industrial ship",
  "grounding_prompt": "boat",
  "timestamp": "2026-05-04T21:26:23.060881",
  "num_detections": 2,
  "detections": [
    {
      "detection_id": 0,
      "class_name": "industrial ship",
      "yolo_class_id": 3,
      "confidence": 0.8072107434272766,
      "bbox_xyxy": [
        155.96954345703125,
        287.0924987792969,
        307.2275085449219,
        368.0978088378906
      ],
      "bbox_yolo": [
        0.36187270283699036,
        0.5118674039840698,
        0.23634056746959686,
        0.12657079100608826
      ],
      "bbox_width_px": 151.25796508789062,
      "bbox_height_px": 81.00531005859375
    },
    {
      "detection_id": 1,
      "class_name": "industrial ship",
      "yolo_class_id": 3,
      "confidence": 0.8049905300140381,
      "bbox_xyxy": [
        338.5681457519531,
        284.5483703613281,
        490.4916076660156,
        371.9596862792969
      ],
      "bbox_yolo": [
        0.6477029323577881,
        0.5128968954086304,
        0.23738041520118713,
        0.1365801841020584
      ],
      "bbox_width_px": 151.9234619140625,
      "bbox_height_px": 87.41131591796875
    }
  ]
}