{
  "index": 6410,
  "dataframe_iter_index": 6410,
  "image_path": "./datasets/sFERNANDO_FLUX29B/images/6410.png",
  "image_width": 640,
  "image_height": 640,
  "ground_truth_class": "industrial ship",
  "grounding_prompt": "boat",
  "timestamp": "2026-05-04T21:26:46.530888",
  "num_detections": 3,
  "detections": [
    {
      "detection_id": 0,
      "class_name": "industrial ship",
      "yolo_class_id": 3,
      "confidence": 0.8132120966911316,
      "bbox_xyxy": [
        82.35971069335938,
        256.2053527832031,
        204.48141479492188,
        367.8843688964844
      ],
      "bbox_yolo": [
        0.22409462928771973,
        0.4875701069831848,
        0.19081516563892365,
        0.17449846863746643
      ],
      "bbox_width_px": 122.1217041015625,
      "bbox_height_px": 111.67901611328125
    },
    {
      "detection_id": 1,
      "class_name": "industrial ship",
      "yolo_class_id": 3,
      "confidence": 0.7991110682487488,
      "bbox_xyxy": [
        251.1270751953125,
        258.1515197753906,
        386.17510986328125,
        374.1919250488281
      ],
      "bbox_yolo": [
        0.4978923201560974,
        0.4940183162689209,
        0.2110125571489334,
        0.18131312727928162
      ],
      "bbox_width_px": 135.04803466796875,
      "bbox_height_px": 116.0404052734375
    },
    {
      "detection_id": 2,
      "class_name": "industrial ship",
      "yolo_class_id": 3,
      "confidence": 0.6450598835945129,
      "bbox_xyxy": [
        435.1624755859375,
        275.50299072265625,
        563.3196411132812,
        351.90093994140625
      ],
      "bbox_yolo": [
        0.7800641655921936,
        0.4901593327522278,
        0.20024557411670685,
        0.11937179416418076
      ],
      "bbox_width_px": 128.15716552734375,
      "bbox_height_px": 76.39794921875
    }
  ]
}