{
  "index": 6418,
  "dataframe_iter_index": 6418,
  "image_path": "./datasets/sFERNANDO_FLUX29B/images/6418.png",
  "image_width": 640,
  "image_height": 640,
  "ground_truth_class": "industrial ship",
  "grounding_prompt": "boat",
  "timestamp": "2026-05-04T21:26:55.462332",
  "num_detections": 3,
  "detections": [
    {
      "detection_id": 0,
      "class_name": "industrial ship",
      "yolo_class_id": 3,
      "confidence": 0.811306893825531,
      "bbox_xyxy": [
        81.87008666992188,
        258.16815185546875,
        200.10916137695312,
        367.4171142578125
      ],
      "bbox_yolo": [
        0.22029629349708557,
        0.488738477230072,
        0.1847485601902008,
        0.1707015037536621
      ],
      "bbox_width_px": 118.23907470703125,
      "bbox_height_px": 109.24896240234375
    },
    {
      "detection_id": 1,
      "class_name": "industrial ship",
      "yolo_class_id": 3,
      "confidence": 0.7660712599754333,
      "bbox_xyxy": [
        248.20364379882812,
        260.4581298828125,
        385.8168029785156,
        375.5634765625
      ],
      "bbox_yolo": [
        0.49532848596572876,
        0.49689188599586487,
        0.2150205671787262,
        0.17985209822654724
      ],
      "bbox_width_px": 137.6131591796875,
      "bbox_height_px": 115.1053466796875
    },
    {
      "detection_id": 2,
      "class_name": "industrial ship",
      "yolo_class_id": 3,
      "confidence": 0.5967175960540771,
      "bbox_xyxy": [
        433.1711120605469,
        281.3469543457031,
        561.7403564453125,
        355.0701599121094
      ],
      "bbox_yolo": [
        0.7772746086120605,
        0.4972008764743805,
        0.2008894383907318,
        0.11519251018762589
      ],
      "bbox_width_px": 128.56924438476562,
      "bbox_height_px": 73.72320556640625
    }
  ]
}