{
  "index": 6466,
  "dataframe_iter_index": 6466,
  "image_path": "./datasets/sFERNANDO_FLUX29B/images/6466.png",
  "image_width": 640,
  "image_height": 640,
  "ground_truth_class": "industrial ship",
  "grounding_prompt": "boat",
  "timestamp": "2026-05-04T21:27:49.177504",
  "num_detections": 3,
  "detections": [
    {
      "detection_id": 0,
      "class_name": "industrial ship",
      "yolo_class_id": 3,
      "confidence": 0.8001513481140137,
      "bbox_xyxy": [
        57.512420654296875,
        262.1065368652344,
        198.86080932617188,
        373.3924255371094
      ],
      "bbox_yolo": [
        0.20029158890247345,
        0.49648356437683105,
        0.22085686028003693,
        0.17388419806957245
      ],
      "bbox_width_px": 141.348388671875,
      "bbox_height_px": 111.285888671875
    },
    {
      "detection_id": 1,
      "class_name": "industrial ship",
      "yolo_class_id": 3,
      "confidence": 0.6318334937095642,
      "bbox_xyxy": [
        246.95700073242188,
        276.6701354980469,
        383.5118103027344,
        368.2886047363281
      ],
      "bbox_yolo": [
        0.4925537705421448,
        0.5038740038871765,
        0.21336689591407776,
        0.1431538611650467
      ],
      "bbox_width_px": 136.5548095703125,
      "bbox_height_px": 91.61846923828125
    },
    {
      "detection_id": 2,
      "class_name": "industrial ship",
      "yolo_class_id": 3,
      "confidence": 0.6353187561035156,
      "bbox_xyxy": [
        427.3840637207031,
        294.13336181640625,
        585.83154296875,
        361.01690673828125
      ],
      "bbox_yolo": [
        0.7915746569633484,
        0.5118361711502075,
        0.24757418036460876,
        0.10450553894042969
      ],
      "bbox_width_px": 158.44747924804688,
      "bbox_height_px": 66.883544921875
    }
  ]
}