{
  "index": 6480,
  "dataframe_iter_index": 6480,
  "image_path": "./datasets/sFERNANDO_FLUX29B/images/6480.png",
  "image_width": 640,
  "image_height": 640,
  "ground_truth_class": "industrial ship",
  "grounding_prompt": "boat",
  "timestamp": "2026-05-04T21:28:04.718811",
  "num_detections": 1,
  "detections": [
    {
      "detection_id": 0,
      "class_name": "industrial ship",
      "yolo_class_id": 3,
      "confidence": 0.8845611214637756,
      "bbox_xyxy": [
        128.29620361328125,
        193.44573974609375,
        453.4444580078125,
        507.98602294921875
      ],
      "bbox_yolo": [
        0.45448487997055054,
        0.547993540763855,
        0.5080441236495972,
        0.49146920442581177
      ],
      "bbox_width_px": 325.14825439453125,
      "bbox_height_px": 314.540283203125
    }
  ]
}