{
  "index": 6492,
  "dataframe_iter_index": 6492,
  "image_path": "./datasets/sFERNANDO_FLUX29B/images/6492.png",
  "image_width": 640,
  "image_height": 640,
  "ground_truth_class": "industrial ship",
  "grounding_prompt": "boat",
  "timestamp": "2026-05-04T21:28:18.100543",
  "num_detections": 1,
  "detections": [
    {
      "detection_id": 0,
      "class_name": "industrial ship",
      "yolo_class_id": 3,
      "confidence": 0.8964934945106506,
      "bbox_xyxy": [
        108.62525939941406,
        270.31201171875,
        518.0313720703125,
        376.947509765625
      ],
      "bbox_yolo": [
        0.48957547545433044,
        0.505671501159668,
        0.6396970748901367,
        0.1666179597377777
      ],
      "bbox_width_px": 409.4061279296875,
      "bbox_height_px": 106.635498046875
    }
  ]
}