{
  "index": 6495,
  "dataframe_iter_index": 6495,
  "image_path": "./datasets/sFERNANDO_FLUX29B/images/6495.png",
  "image_width": 640,
  "image_height": 640,
  "ground_truth_class": "industrial ship",
  "grounding_prompt": "boat",
  "timestamp": "2026-05-04T21:28:21.462309",
  "num_detections": 1,
  "detections": [
    {
      "detection_id": 0,
      "class_name": "industrial ship",
      "yolo_class_id": 3,
      "confidence": 0.9168956875801086,
      "bbox_xyxy": [
        145.43057250976562,
        265.5901184082031,
        487.6051940917969,
        409.7772521972656
      ],
      "bbox_yolo": [
        0.4945591986179352,
        0.5276307463645935,
        0.5346478223800659,
        0.2252923995256424
      ],
      "bbox_width_px": 342.17462158203125,
      "bbox_height_px": 144.1871337890625
    }
  ]
}