{
  "index": 6498,
  "dataframe_iter_index": 6498,
  "image_path": "./datasets/sFERNANDO_FLUX29B/images/6498.png",
  "image_width": 640,
  "image_height": 640,
  "ground_truth_class": "industrial ship",
  "grounding_prompt": "boat",
  "timestamp": "2026-05-04T21:28:24.837857",
  "num_detections": 3,
  "detections": [
    {
      "detection_id": 0,
      "class_name": "industrial ship",
      "yolo_class_id": 3,
      "confidence": 0.830872118473053,
      "bbox_xyxy": [
        33.96336364746094,
        259.78240966796875,
        205.24708557128906,
        384.95111083984375
      ],
      "bbox_yolo": [
        0.18688316643238068,
        0.5036980509757996,
        0.26763081550598145,
        0.19557610154151917
      ],
      "bbox_width_px": 171.28372192382812,
      "bbox_height_px": 125.168701171875
    },
    {
      "detection_id": 1,
      "class_name": "industrial ship",
      "yolo_class_id": 3,
      "confidence": 0.75603187084198,
      "bbox_xyxy": [
        429.05950927734375,
        281.9941101074219,
        597.3683471679688,
        376.9386901855469
      ],
      "bbox_yolo": [
        0.8018967509269714,
        0.5147912502288818,
        0.2629825472831726,
        0.14835090935230255
      ],
      "bbox_width_px": 168.308837890625,
      "bbox_height_px": 94.944580078125
    },
    {
      "detection_id": 2,
      "class_name": "industrial ship",
      "yolo_class_id": 3,
      "confidence": 0.7240911722183228,
      "bbox_xyxy": [
        248.12246704101562,
        275.28857421875,
        385.5615539550781,
        377.14093017578125
      ],
      "bbox_yolo": [
        0.4950656294822693,
        0.5097105503082275,
        0.2147485762834549,
        0.1591443121433258
      ],
      "bbox_width_px": 137.4390869140625,
      "bbox_height_px": 101.85235595703125
    }
  ]
}