{
  "index": 6503,
  "dataframe_iter_index": 6503,
  "image_path": "./datasets/sFERNANDO_FLUX29B/images/6503.png",
  "image_width": 640,
  "image_height": 640,
  "ground_truth_class": "industrial ship",
  "grounding_prompt": "boat",
  "timestamp": "2026-05-04T21:28:30.370467",
  "num_detections": 1,
  "detections": [
    {
      "detection_id": 0,
      "class_name": "industrial ship",
      "yolo_class_id": 3,
      "confidence": 0.5000705122947693,
      "bbox_xyxy": [
        203.614990234375,
        266.2947082519531,
        456.224609375,
        398.5440979003906
      ],
      "bbox_yolo": [
        0.5154997110366821,
        0.5194053053855896,
        0.3947025239467621,
        0.20663967728614807
      ],
      "bbox_width_px": 252.609619140625,
      "bbox_height_px": 132.2493896484375
    }
  ]
}