{
  "index": 6537,
  "dataframe_iter_index": 6537,
  "image_path": "./datasets/sFERNANDO_FLUX29B/images/6537.png",
  "image_width": 640,
  "image_height": 640,
  "ground_truth_class": "industrial ship",
  "grounding_prompt": "boat",
  "timestamp": "2026-05-04T21:29:08.510503",
  "num_detections": 2,
  "detections": [
    {
      "detection_id": 0,
      "class_name": "industrial ship",
      "yolo_class_id": 3,
      "confidence": 0.8531801700592041,
      "bbox_xyxy": [
        81.98258209228516,
        224.73794555664062,
        264.80517578125,
        380.2264099121094
      ],
      "bbox_yolo": [
        0.27092793583869934,
        0.4726284146308899,
        0.2856603264808655,
        0.24295072257518768
      ],
      "bbox_width_px": 182.82260131835938,
      "bbox_height_px": 155.48846435546875
    },
    {
      "detection_id": 1,
      "class_name": "industrial ship",
      "yolo_class_id": 3,
      "confidence": 0.7866613864898682,
      "bbox_xyxy": [
        338.8790283203125,
        250.08251953125,
        565.2169189453125,
        372.4715576171875
      ],
      "bbox_yolo": [
        0.7063249349594116,
        0.48637038469314575,
        0.3536529541015625,
        0.19123287498950958
      ],
      "bbox_width_px": 226.337890625,
      "bbox_height_px": 122.3890380859375
    }
  ]
}