{
  "index": 656,
  "dataframe_iter_index": 656,
  "image_path": "./datasets/sFERNANDO_FLUX29B/images/656.png",
  "image_width": 640,
  "image_height": 640,
  "ground_truth_class": "tugboat",
  "grounding_prompt": "boat",
  "timestamp": "2026-05-04T19:32:38.710739",
  "num_detections": 1,
  "detections": [
    {
      "detection_id": 0,
      "class_name": "tugboat",
      "yolo_class_id": 11,
      "confidence": 0.897447407245636,
      "bbox_xyxy": [
        189.21067810058594,
        209.2908935546875,
        451.48089599609375,
        432.3720703125
      ],
      "bbox_yolo": [
        0.5005403161048889,
        0.5012992024421692,
        0.40979719161987305,
        0.3485643267631531
      ],
      "bbox_width_px": 262.27020263671875,
      "bbox_height_px": 223.0811767578125
    }
  ]
}