{
  "index": 6572,
  "dataframe_iter_index": 6572,
  "image_path": "./datasets/sFERNANDO_FLUX29B/images/6572.png",
  "image_width": 640,
  "image_height": 640,
  "ground_truth_class": "industrial ship",
  "grounding_prompt": "boat",
  "timestamp": "2026-05-04T21:29:47.533428",
  "num_detections": 1,
  "detections": [
    {
      "detection_id": 0,
      "class_name": "industrial ship",
      "yolo_class_id": 3,
      "confidence": 0.942258894443512,
      "bbox_xyxy": [
        187.48745727539062,
        190.23583984375,
        480.6555480957031,
        472.40509033203125
      ],
      "bbox_yolo": [
        0.521986722946167,
        0.5176882147789001,
        0.4580751359462738,
        0.440889447927475
      ],
      "bbox_width_px": 293.1680908203125,
      "bbox_height_px": 282.16925048828125
    }
  ]
}