{
  "index": 6576,
  "dataframe_iter_index": 6576,
  "image_path": "./datasets/sFERNANDO_FLUX29B/images/6576.png",
  "image_width": 640,
  "image_height": 640,
  "ground_truth_class": "industrial ship",
  "grounding_prompt": "boat",
  "timestamp": "2026-05-04T21:29:52.035909",
  "num_detections": 1,
  "detections": [
    {
      "detection_id": 0,
      "class_name": "industrial ship",
      "yolo_class_id": 3,
      "confidence": 0.9059092402458191,
      "bbox_xyxy": [
        119.76119995117188,
        206.73193359375,
        479.3230285644531,
        452.63214111328125
      ],
      "bbox_yolo": [
        0.468034565448761,
        0.5151281952857971,
        0.5618153810501099,
        0.38421908020973206
      ],
      "bbox_width_px": 359.56182861328125,
      "bbox_height_px": 245.90020751953125
    }
  ]
}