{
  "index": 6583,
  "dataframe_iter_index": 6583,
  "image_path": "./datasets/sFERNANDO_FLUX29B/images/6583.png",
  "image_width": 640,
  "image_height": 640,
  "ground_truth_class": "industrial ship",
  "grounding_prompt": "boat",
  "timestamp": "2026-05-04T21:29:59.855000",
  "num_detections": 1,
  "detections": [
    {
      "detection_id": 0,
      "class_name": "industrial ship",
      "yolo_class_id": 3,
      "confidence": 0.7131651639938354,
      "bbox_xyxy": [
        145.0086669921875,
        212.82716369628906,
        454.3297119140625,
        432.2054443359375
      ],
      "bbox_yolo": [
        0.4682331085205078,
        0.5039317011833191,
        0.4833141267299652,
        0.3427785634994507
      ],
      "bbox_width_px": 309.321044921875,
      "bbox_height_px": 219.37828063964844
    }
  ]
}