{
  "index": 6634,
  "dataframe_iter_index": 6634,
  "image_path": "./datasets/sFERNANDO_FLUX29B/images/6634.png",
  "image_width": 640,
  "image_height": 640,
  "ground_truth_class": "industrial ship",
  "grounding_prompt": "boat",
  "timestamp": "2026-05-04T21:30:56.901161",
  "num_detections": 3,
  "detections": [
    {
      "detection_id": 0,
      "class_name": "industrial ship",
      "yolo_class_id": 3,
      "confidence": 0.8177720904350281,
      "bbox_xyxy": [
        30.765792846679688,
        160.86175537109375,
        239.72779846191406,
        486.16680908203125
      ],
      "bbox_yolo": [
        0.2113231122493744,
        0.5054910778999329,
        0.32650312781333923,
        0.5082891583442688
      ],
      "bbox_width_px": 208.96200561523438,
      "bbox_height_px": 325.3050537109375
    },
    {
      "detection_id": 1,
      "class_name": "industrial ship",
      "yolo_class_id": 3,
      "confidence": 0.8196336627006531,
      "bbox_xyxy": [
        230.95455932617188,
        189.9121551513672,
        395.2163391113281,
        471.37823486328125
      ],
      "bbox_yolo": [
        0.4891960024833679,
        0.516633152961731,
        0.25665903091430664,
        0.4397907257080078
      ],
      "bbox_width_px": 164.26177978515625,
      "bbox_height_px": 281.466064453125
    },
    {
      "detection_id": 2,
      "class_name": "industrial ship",
      "yolo_class_id": 3,
      "confidence": 0.6883789300918579,
      "bbox_xyxy": [
        439.23150634765625,
        142.19931030273438,
        561.5056762695312,
        347.9685974121094
      ],
      "bbox_yolo": [
        0.7818259000778198,
        0.38294368982315063,
        0.1910533905029297,
        0.3215145170688629
      ],
      "bbox_width_px": 122.274169921875,
      "bbox_height_px": 205.769287109375
    }
  ]
}