{
  "index": 6666,
  "dataframe_iter_index": 6666,
  "image_path": "./datasets/sFERNANDO_FLUX29B/images/6666.png",
  "image_width": 640,
  "image_height": 640,
  "ground_truth_class": "industrial ship",
  "grounding_prompt": "boat",
  "timestamp": "2026-05-04T21:31:32.710740",
  "num_detections": 3,
  "detections": [
    {
      "detection_id": 0,
      "class_name": "industrial ship",
      "yolo_class_id": 3,
      "confidence": 0.7526491284370422,
      "bbox_xyxy": [
        432.0373229980469,
        231.41897583007812,
        560.6725463867188,
        361.0102844238281
      ],
      "bbox_yolo": [
        0.7755545377731323,
        0.4628353714942932,
        0.20099253952503204,
        0.20248642563819885
      ],
      "bbox_width_px": 128.63522338867188,
      "bbox_height_px": 129.59130859375
    },
    {
      "detection_id": 1,
      "class_name": "industrial ship",
      "yolo_class_id": 3,
      "confidence": 0.7801031470298767,
      "bbox_xyxy": [
        253.23631286621094,
        195.919921875,
        393.4285888671875,
        371.89886474609375
      ],
      "bbox_yolo": [
        0.5052069425582886,
        0.44360843300819397,
        0.21905043721199036,
        0.27496710419654846
      ],
      "bbox_width_px": 140.19227600097656,
      "bbox_height_px": 175.97894287109375
    },
    {
      "detection_id": 2,
      "class_name": "industrial ship",
      "yolo_class_id": 3,
      "confidence": 0.8037399649620056,
      "bbox_xyxy": [
        80.73811340332031,
        211.3700714111328,
        209.35853576660156,
        366.6505126953125
      ],
      "bbox_yolo": [
        0.22663800418376923,
        0.4515785574913025,
        0.2009694129228592,
        0.24262568354606628
      ],
      "bbox_width_px": 128.62042236328125,
      "bbox_height_px": 155.2804412841797
    }
  ]
}