{
  "index": 6668,
  "dataframe_iter_index": 6668,
  "image_path": "./datasets/sFERNANDO_FLUX29B/images/6668.png",
  "image_width": 640,
  "image_height": 640,
  "ground_truth_class": "industrial ship",
  "grounding_prompt": "boat",
  "timestamp": "2026-05-04T21:31:34.888778",
  "num_detections": 1,
  "detections": [
    {
      "detection_id": 0,
      "class_name": "industrial ship",
      "yolo_class_id": 3,
      "confidence": 0.7702655792236328,
      "bbox_xyxy": [
        143.2830352783203,
        236.38458251953125,
        488.12286376953125,
        414.81658935546875
      ],
      "bbox_yolo": [
        0.4932858347892761,
        0.5087509155273438,
        0.5388122797012329,
        0.27880001068115234
      ],
      "bbox_width_px": 344.83984375,
      "bbox_height_px": 178.4320068359375
    }
  ]
}