{
  "index": 6675,
  "dataframe_iter_index": 6675,
  "image_path": "./datasets/sFERNANDO_FLUX29B/images/6675.png",
  "image_width": 640,
  "image_height": 640,
  "ground_truth_class": "industrial ship",
  "grounding_prompt": "boat",
  "timestamp": "2026-05-04T21:31:42.732568",
  "num_detections": 1,
  "detections": [
    {
      "detection_id": 0,
      "class_name": "industrial ship",
      "yolo_class_id": 3,
      "confidence": 0.8459292054176331,
      "bbox_xyxy": [
        104.49197387695312,
        191.89492797851562,
        535.181640625,
        424.3833923339844
      ],
      "bbox_yolo": [
        0.4997449815273285,
        0.48146742582321167,
        0.6729525923728943,
        0.36326321959495544
      ],
      "bbox_width_px": 430.6896667480469,
      "bbox_height_px": 232.48846435546875
    }
  ]
}