{
  "index": 6685,
  "dataframe_iter_index": 6685,
  "image_path": "./datasets/sFERNANDO_FLUX29B/images/6685.png",
  "image_width": 640,
  "image_height": 640,
  "ground_truth_class": "industrial ship",
  "grounding_prompt": "boat",
  "timestamp": "2026-05-04T21:31:53.871875",
  "num_detections": 2,
  "detections": [
    {
      "detection_id": 0,
      "class_name": "industrial ship",
      "yolo_class_id": 3,
      "confidence": 0.8751218914985657,
      "bbox_xyxy": [
        82.20618438720703,
        214.55413818359375,
        241.45956420898438,
        334.78131103515625
      ],
      "bbox_yolo": [
        0.2528638541698456,
        0.42916831374168396,
        0.24883341789245605,
        0.18785496056079865
      ],
      "bbox_width_px": 159.25338745117188,
      "bbox_height_px": 120.2271728515625
    },
    {
      "detection_id": 1,
      "class_name": "industrial ship",
      "yolo_class_id": 3,
      "confidence": 0.869899332523346,
      "bbox_xyxy": [
        321.20794677734375,
        233.88818359375,
        554.4109497070312,
        341.23602294921875
      ],
      "bbox_yolo": [
        0.684077262878418,
        0.44931578636169434,
        0.3643797039985657,
        0.16773100197315216
      ],
      "bbox_width_px": 233.2030029296875,
      "bbox_height_px": 107.34783935546875
    }
  ]
}