{
  "index": 6694,
  "dataframe_iter_index": 6694,
  "image_path": "./datasets/sFERNANDO_FLUX29B/images/6694.png",
  "image_width": 640,
  "image_height": 640,
  "ground_truth_class": "industrial ship",
  "grounding_prompt": "boat",
  "timestamp": "2026-05-04T21:32:03.946773",
  "num_detections": 3,
  "detections": [
    {
      "detection_id": 0,
      "class_name": "industrial ship",
      "yolo_class_id": 3,
      "confidence": 0.7967500686645508,
      "bbox_xyxy": [
        89.97654724121094,
        270.7127380371094,
        198.31214904785156,
        367.2175598144531
      ],
      "bbox_yolo": [
        0.2252255380153656,
        0.4983830451965332,
        0.16927437484264374,
        0.1507887840270996
      ],
      "bbox_width_px": 108.33560180664062,
      "bbox_height_px": 96.50482177734375
    },
    {
      "detection_id": 1,
      "class_name": "industrial ship",
      "yolo_class_id": 3,
      "confidence": 0.6241496205329895,
      "bbox_xyxy": [
        428.9604187011719,
        287.06195068359375,
        559.3047485351562,
        360.16607666015625
      ],
      "bbox_yolo": [
        0.7720821499824524,
        0.5056468844413757,
        0.20366302132606506,
        0.11422519385814667
      ],
      "bbox_width_px": 130.34432983398438,
      "bbox_height_px": 73.1041259765625
    },
    {
      "detection_id": 2,
      "class_name": "industrial ship",
      "yolo_class_id": 3,
      "confidence": 0.8177021741867065,
      "bbox_xyxy": [
        247.4446258544922,
        270.4543762207031,
        386.0999755859375,
        371.0827331542969
      ],
      "bbox_yolo": [
        0.49495673179626465,
        0.5012008547782898,
        0.21664898097515106,
        0.15723180770874023
      ],
      "bbox_width_px": 138.6553497314453,
      "bbox_height_px": 100.62835693359375
    }
  ]
}