{
  "index": 6696,
  "dataframe_iter_index": 6696,
  "image_path": "./datasets/sFERNANDO_FLUX29B/images/6696.png",
  "image_width": 640,
  "image_height": 640,
  "ground_truth_class": "industrial ship",
  "grounding_prompt": "boat",
  "timestamp": "2026-05-04T21:32:06.117826",
  "num_detections": 1,
  "detections": [
    {
      "detection_id": 0,
      "class_name": "industrial ship",
      "yolo_class_id": 3,
      "confidence": 0.9259384870529175,
      "bbox_xyxy": [
        144.91018676757812,
        190.3451385498047,
        459.8504333496094,
        435.29986572265625
      ],
      "bbox_yolo": [
        0.4724692404270172,
        0.48878517746925354,
        0.49209412932395935,
        0.3827417492866516
      ],
      "bbox_width_px": 314.94024658203125,
      "bbox_height_px": 244.95472717285156
    }
  ]
}