{
  "index": 671,
  "dataframe_iter_index": 671,
  "image_path": "./datasets/sFERNANDO_FLUX29B/images/671.png",
  "image_width": 640,
  "image_height": 640,
  "ground_truth_class": "tugboat",
  "grounding_prompt": "boat",
  "timestamp": "2026-05-04T19:32:55.463745",
  "num_detections": 1,
  "detections": [
    {
      "detection_id": 0,
      "class_name": "tugboat",
      "yolo_class_id": 11,
      "confidence": 0.8622204065322876,
      "bbox_xyxy": [
        138.05682373046875,
        322.28607177734375,
        386.51568603515625,
        453.73309326171875
      ],
      "bbox_yolo": [
        0.4098222851753235,
        0.6062649488449097,
        0.3882169723510742,
        0.2053859680891037
      ],
      "bbox_width_px": 248.4588623046875,
      "bbox_height_px": 131.447021484375
    }
  ]
}