{
  "index": 6711,
  "dataframe_iter_index": 6711,
  "image_path": "./datasets/sFERNANDO_FLUX29B/images/6711.png",
  "image_width": 640,
  "image_height": 640,
  "ground_truth_class": "industrial ship",
  "grounding_prompt": "boat",
  "timestamp": "2026-05-04T21:32:22.874190",
  "num_detections": 1,
  "detections": [
    {
      "detection_id": 0,
      "class_name": "industrial ship",
      "yolo_class_id": 3,
      "confidence": 0.9274569749832153,
      "bbox_xyxy": [
        207.384521484375,
        209.74111938476562,
        399.6168212890625,
        409.4728698730469
      ],
      "bbox_yolo": [
        0.47421979904174805,
        0.48376092314720154,
        0.3003629744052887,
        0.31208086013793945
      ],
      "bbox_width_px": 192.2322998046875,
      "bbox_height_px": 199.73175048828125
    }
  ]
}