{
  "index": 6742,
  "dataframe_iter_index": 6742,
  "image_path": "./datasets/sFERNANDO_FLUX29B/images/6742.png",
  "image_width": 640,
  "image_height": 640,
  "ground_truth_class": "industrial ship",
  "grounding_prompt": "boat",
  "timestamp": "2026-05-04T21:32:57.497575",
  "num_detections": 3,
  "detections": [
    {
      "detection_id": 0,
      "class_name": "industrial ship",
      "yolo_class_id": 3,
      "confidence": 0.801950216293335,
      "bbox_xyxy": [
        251.7277069091797,
        214.04202270507812,
        380.63848876953125,
        387.1468811035156
      ],
      "bbox_yolo": [
        0.49403610825538635,
        0.4696788191795349,
        0.20142309367656708,
        0.2704763412475586
      ],
      "bbox_width_px": 128.91078186035156,
      "bbox_height_px": 173.1048583984375
    },
    {
      "detection_id": 1,
      "class_name": "industrial ship",
      "yolo_class_id": 3,
      "confidence": 0.7818731665611267,
      "bbox_xyxy": [
        93.14163970947266,
        263.8043518066406,
        211.95635986328125,
        369.6720275878906
      ],
      "bbox_yolo": [
        0.238357812166214,
        0.49490341544151306,
        0.18564799427986145,
        0.16541823744773865
      ],
      "bbox_width_px": 118.8147201538086,
      "bbox_height_px": 105.86767578125
    },
    {
      "detection_id": 2,
      "class_name": "industrial ship",
      "yolo_class_id": 3,
      "confidence": 0.7211442589759827,
      "bbox_xyxy": [
        432.2061767578125,
        274.8631896972656,
        510.355712890625,
        366.1944274902344
      ],
      "bbox_yolo": [
        0.7363764643669128,
        0.5008262395858765,
        0.12210865318775177,
        0.1427050530910492
      ],
      "bbox_width_px": 78.1495361328125,
      "bbox_height_px": 91.33123779296875
    }
  ]
}