{
  "index": 6786,
  "dataframe_iter_index": 6786,
  "image_path": "./datasets/sFERNANDO_FLUX29B/images/6786.png",
  "image_width": 640,
  "image_height": 640,
  "ground_truth_class": "industrial ship",
  "grounding_prompt": "boat",
  "timestamp": "2026-05-04T21:33:46.634732",
  "num_detections": 3,
  "detections": [
    {
      "detection_id": 0,
      "class_name": "industrial ship",
      "yolo_class_id": 3,
      "confidence": 0.6717290878295898,
      "bbox_xyxy": [
        26.607589721679688,
        260.0738830566406,
        256.22662353515625,
        453.7557067871094
      ],
      "bbox_yolo": [
        0.2209642380475998,
        0.5576793551445007,
        0.3587797284126282,
        0.3026278614997864
      ],
      "bbox_width_px": 229.61903381347656,
      "bbox_height_px": 193.68182373046875
    },
    {
      "detection_id": 1,
      "class_name": "industrial ship",
      "yolo_class_id": 3,
      "confidence": 0.6058168411254883,
      "bbox_xyxy": [
        432.1314697265625,
        285.047607421875,
        607.960205078125,
        430.426513671875
      ],
      "bbox_yolo": [
        0.81257164478302,
        0.5589641332626343,
        0.27473241090774536,
        0.22715453803539276
      ],
      "bbox_width_px": 175.8287353515625,
      "bbox_height_px": 145.37890625
    },
    {
      "detection_id": 2,
      "class_name": "industrial ship",
      "yolo_class_id": 3,
      "confidence": 0.47398996353149414,
      "bbox_xyxy": [
        238.38394165039062,
        224.313232421875,
        503.8834533691406,
        460.9373779296875
      ],
      "bbox_yolo": [
        0.5798963904380798,
        0.5353520512580872,
        0.41484299302101135,
        0.36972522735595703
      ],
      "bbox_width_px": 265.49951171875,
      "bbox_height_px": 236.6241455078125
    }
  ]
}