{
  "index": 6839,
  "dataframe_iter_index": 6839,
  "image_path": "./datasets/sFERNANDO_FLUX29B/images/6839.png",
  "image_width": 640,
  "image_height": 640,
  "ground_truth_class": "industrial ship",
  "grounding_prompt": "boat",
  "timestamp": "2026-05-04T21:34:45.357739",
  "num_detections": 1,
  "detections": [
    {
      "detection_id": 0,
      "class_name": "industrial ship",
      "yolo_class_id": 3,
      "confidence": 0.8899939656257629,
      "bbox_xyxy": [
        120.72846984863281,
        210.81410217285156,
        499.4522705078125,
        510.0118408203125
      ],
      "bbox_yolo": [
        0.4845162034034729,
        0.5631452798843384,
        0.5917559862136841,
        0.46749648451805115
      ],
      "bbox_width_px": 378.72381591796875,
      "bbox_height_px": 299.19775390625
    }
  ]
}