{
  "index": 6846,
  "dataframe_iter_index": 6846,
  "image_path": "./datasets/sFERNANDO_FLUX29B/images/6846.png",
  "image_width": 640,
  "image_height": 640,
  "ground_truth_class": "industrial ship",
  "grounding_prompt": "boat",
  "timestamp": "2026-05-04T21:34:53.140883",
  "num_detections": 3,
  "detections": [
    {
      "detection_id": 0,
      "class_name": "industrial ship",
      "yolo_class_id": 3,
      "confidence": 0.7495653033256531,
      "bbox_xyxy": [
        366.0816955566406,
        404.78546142578125,
        591.5904541015625,
        526.4517211914062
      ],
      "bbox_yolo": [
        0.7481813430786133,
        0.7275290489196777,
        0.3523574471473694,
        0.19010353088378906
      ],
      "bbox_width_px": 225.50875854492188,
      "bbox_height_px": 121.666259765625
    },
    {
      "detection_id": 1,
      "class_name": "industrial ship",
      "yolo_class_id": 3,
      "confidence": 0.670105516910553,
      "bbox_xyxy": [
        25.877029418945312,
        392.08099365234375,
        191.00025939941406,
        517.0816040039062
      ],
      "bbox_yolo": [
        0.16943538188934326,
        0.7102832794189453,
        0.2580050528049469,
        0.1953134536743164
      ],
      "bbox_width_px": 165.12322998046875,
      "bbox_height_px": 125.0006103515625
    },
    {
      "detection_id": 2,
      "class_name": "industrial ship",
      "yolo_class_id": 3,
      "confidence": 0.4438604712486267,
      "bbox_xyxy": [
        183.097412109375,
        409.74359130859375,
        272.26446533203125,
        492.29876708984375
      ],
      "bbox_yolo": [
        0.3557514548301697,
        0.7047206163406372,
        0.13932351768016815,
        0.1289924681186676
      ],
      "bbox_width_px": 89.16705322265625,
      "bbox_height_px": 82.55517578125
    }
  ]
}