{
  "index": 6862,
  "dataframe_iter_index": 6862,
  "image_path": "./datasets/sFERNANDO_FLUX29B/images/6862.png",
  "image_width": 640,
  "image_height": 640,
  "ground_truth_class": "industrial ship",
  "grounding_prompt": "boat",
  "timestamp": "2026-05-04T21:35:11.121818",
  "num_detections": 3,
  "detections": [
    {
      "detection_id": 0,
      "class_name": "industrial ship",
      "yolo_class_id": 3,
      "confidence": 0.7574084997177124,
      "bbox_xyxy": [
        23.40528106689453,
        211.9117431640625,
        230.13143920898438,
        516.5548095703125
      ],
      "bbox_yolo": [
        0.1980755627155304,
        0.5691145062446594,
        0.3230096399784088,
        0.47600477933883667
      ],
      "bbox_width_px": 206.72616577148438,
      "bbox_height_px": 304.64306640625
    },
    {
      "detection_id": 1,
      "class_name": "industrial ship",
      "yolo_class_id": 3,
      "confidence": 0.7404058575630188,
      "bbox_xyxy": [
        220.5473175048828,
        191.16848754882812,
        412.500244140625,
        530.0311279296875
      ],
      "bbox_yolo": [
        0.494568407535553,
        0.5634371638298035,
        0.2999264597892761,
        0.5294728875160217
      ],
      "bbox_width_px": 191.9529266357422,
      "bbox_height_px": 338.8626403808594
    },
    {
      "detection_id": 2,
      "class_name": "industrial ship",
      "yolo_class_id": 3,
      "confidence": 0.6764428615570068,
      "bbox_xyxy": [
        409.58636474609375,
        280.60986328125,
        599.7338256835938,
        504.53912353515625
      ],
      "bbox_yolo": [
        0.7885314226150513,
        0.6133976578712463,
        0.2971054017543793,
        0.34988945722579956
      ],
      "bbox_width_px": 190.1474609375,
      "bbox_height_px": 223.92926025390625
    }
  ]
}