{
  "index": 6905,
  "dataframe_iter_index": 6905,
  "image_path": "./datasets/sFERNANDO_FLUX29B/images/6905.png",
  "image_width": 640,
  "image_height": 640,
  "ground_truth_class": "industrial ship",
  "grounding_prompt": "boat",
  "timestamp": "2026-05-04T21:35:59.427220",
  "num_detections": 2,
  "detections": [
    {
      "detection_id": 0,
      "class_name": "industrial ship",
      "yolo_class_id": 3,
      "confidence": 0.8249905109405518,
      "bbox_xyxy": [
        49.63435363769531,
        233.50515747070312,
        306.52337646484375,
        412.0182189941406
      ],
      "bbox_yolo": [
        0.27824822068214417,
        0.5043151378631592,
        0.40138912200927734,
        0.27892667055130005
      ],
      "bbox_width_px": 256.8890380859375,
      "bbox_height_px": 178.5130615234375
    },
    {
      "detection_id": 1,
      "class_name": "industrial ship",
      "yolo_class_id": 3,
      "confidence": 0.8120009303092957,
      "bbox_xyxy": [
        341.1962585449219,
        264.32940673828125,
        589.1727294921875,
        409.61541748046875
      ],
      "bbox_yolo": [
        0.7268508076667786,
        0.5265194177627563,
        0.387463241815567,
        0.2270093858242035
      ],
      "bbox_width_px": 247.97647094726562,
      "bbox_height_px": 145.2860107421875
    }
  ]
}