{
  "index": 6930,
  "dataframe_iter_index": 6930,
  "image_path": "./datasets/sFERNANDO_FLUX29B/images/6930.png",
  "image_width": 640,
  "image_height": 640,
  "ground_truth_class": "cruise ship",
  "grounding_prompt": "boat",
  "timestamp": "2026-05-04T21:36:27.584757",
  "num_detections": 3,
  "detections": [
    {
      "detection_id": 0,
      "class_name": "cruise ship",
      "yolo_class_id": 0,
      "confidence": 0.6267961263656616,
      "bbox_xyxy": [
        436.716064453125,
        231.60427856445312,
        589.855224609375,
        397.2506408691406
      ],
      "bbox_yolo": [
        0.8020088076591492,
        0.49129289388656616,
        0.23927994072437286,
        0.2588224411010742
      ],
      "bbox_width_px": 153.13916015625,
      "bbox_height_px": 165.6463623046875
    },
    {
      "detection_id": 1,
      "class_name": "cruise ship",
      "yolo_class_id": 0,
      "confidence": 0.6308502554893494,
      "bbox_xyxy": [
        35.223846435546875,
        224.06668090820312,
        230.65170288085938,
        396.8465270996094
      ],
      "bbox_yolo": [
        0.20771527290344238,
        0.48508843779563904,
        0.3053560256958008,
        0.26996850967407227
      ],
      "bbox_width_px": 195.4278564453125,
      "bbox_height_px": 172.77984619140625
    },
    {
      "detection_id": 2,
      "class_name": "cruise ship",
      "yolo_class_id": 0,
      "confidence": 0.5242522358894348,
      "bbox_xyxy": [
        253.919921875,
        222.19137573242188,
        389.0963134765625,
        399.9855041503906
      ],
      "bbox_yolo": [
        0.5023564100265503,
        0.4860756993293762,
        0.2112131118774414,
        0.27780333161354065
      ],
      "bbox_width_px": 135.1763916015625,
      "bbox_height_px": 177.79412841796875
    }
  ]
}