{
  "index": 6932,
  "dataframe_iter_index": 6932,
  "image_path": "./datasets/sFERNANDO_FLUX29B/images/6932.png",
  "image_width": 640,
  "image_height": 640,
  "ground_truth_class": "cruise ship",
  "grounding_prompt": "boat",
  "timestamp": "2026-05-04T21:36:29.756245",
  "num_detections": 1,
  "detections": [
    {
      "detection_id": 0,
      "class_name": "cruise ship",
      "yolo_class_id": 0,
      "confidence": 0.7999312877655029,
      "bbox_xyxy": [
        60.38850402832031,
        161.21749877929688,
        493.76513671875,
        479.0680236816406
      ],
      "bbox_yolo": [
        0.4329325258731842,
        0.5002230405807495,
        0.6771510243415833,
        0.49664145708084106
      ],
      "bbox_width_px": 433.37664794921875,
      "bbox_height_px": 317.85052490234375
    }
  ]
}