{
  "index": 7027,
  "dataframe_iter_index": 7027,
  "image_path": "./datasets/sFERNANDO_FLUX29B/images/7027.png",
  "image_width": 640,
  "image_height": 640,
  "ground_truth_class": "cruise ship",
  "grounding_prompt": "boat",
  "timestamp": "2026-05-04T21:38:17.598865",
  "num_detections": 1,
  "detections": [
    {
      "detection_id": 0,
      "class_name": "cruise ship",
      "yolo_class_id": 0,
      "confidence": 0.6906028985977173,
      "bbox_xyxy": [
        58.81001281738281,
        193.86923217773438,
        539.7539672851562,
        474.9304504394531
      ],
      "bbox_yolo": [
        0.4676280915737152,
        0.5224997401237488,
        0.7514749765396118,
        0.4391581416130066
      ],
      "bbox_width_px": 480.9439697265625,
      "bbox_height_px": 281.06121826171875
    }
  ]
}