{
  "index": 7059,
  "dataframe_iter_index": 7059,
  "image_path": "./datasets/sFERNANDO_FLUX29B/images/7059.png",
  "image_width": 640,
  "image_height": 640,
  "ground_truth_class": "cruise ship",
  "grounding_prompt": "boat",
  "timestamp": "2026-05-04T21:38:53.536036",
  "num_detections": 1,
  "detections": [
    {
      "detection_id": 0,
      "class_name": "cruise ship",
      "yolo_class_id": 0,
      "confidence": 0.6847707033157349,
      "bbox_xyxy": [
        47.42161560058594,
        117.54508972167969,
        552.1507568359375,
        518.3428344726562
      ],
      "bbox_yolo": [
        0.46841591596603394,
        0.4967874586582184,
        0.78863924741745,
        0.626246452331543
      ],
      "bbox_width_px": 504.7291259765625,
      "bbox_height_px": 400.7977294921875
    }
  ]
}