{
  "index": 7095,
  "dataframe_iter_index": 7095,
  "image_path": "./datasets/sFERNANDO_FLUX29B/images/7095.png",
  "image_width": 640,
  "image_height": 640,
  "ground_truth_class": "cruise ship",
  "grounding_prompt": "boat",
  "timestamp": "2026-05-04T21:39:33.768363",
  "num_detections": 1,
  "detections": [
    {
      "detection_id": 0,
      "class_name": "cruise ship",
      "yolo_class_id": 0,
      "confidence": 0.8816014528274536,
      "bbox_xyxy": [
        106.002685546875,
        217.98065185546875,
        536.3555908203125,
        372.3883056640625
      ],
      "bbox_yolo": [
        0.5018423795700073,
        0.4612257480621338,
        0.6724264025688171,
        0.24126195907592773
      ],
      "bbox_width_px": 430.3529052734375,
      "bbox_height_px": 154.40765380859375
    }
  ]
}