{
  "index": 7111,
  "dataframe_iter_index": 7111,
  "image_path": "./datasets/sFERNANDO_FLUX29B/images/7111.png",
  "image_width": 640,
  "image_height": 640,
  "ground_truth_class": "cruise ship",
  "grounding_prompt": "boat",
  "timestamp": "2026-05-04T21:39:51.700447",
  "num_detections": 1,
  "detections": [
    {
      "detection_id": 0,
      "class_name": "cruise ship",
      "yolo_class_id": 0,
      "confidence": 0.9027769565582275,
      "bbox_xyxy": [
        88.45103454589844,
        260.4424743652344,
        555.1680908203125,
        374.0429992675781
      ],
      "bbox_yolo": [
        0.5028274655342102,
        0.49569177627563477,
        0.7292453646659851,
        0.17750081419944763
      ],
      "bbox_width_px": 466.717041015625,
      "bbox_height_px": 113.60052490234375
    }
  ]
}