{
  "index": 7118,
  "dataframe_iter_index": 7118,
  "image_path": "./datasets/sFERNANDO_FLUX29B/images/7118.png",
  "image_width": 640,
  "image_height": 640,
  "ground_truth_class": "cruise ship",
  "grounding_prompt": "boat",
  "timestamp": "2026-05-04T21:39:59.554865",
  "num_detections": 3,
  "detections": [
    {
      "detection_id": 0,
      "class_name": "cruise ship",
      "yolo_class_id": 0,
      "confidence": 0.7286034226417542,
      "bbox_xyxy": [
        49.4329833984375,
        217.15911865234375,
        233.98544311523438,
        366.50494384765625
      ],
      "bbox_yolo": [
        0.22142064571380615,
        0.4559875428676605,
        0.2883632183074951,
        0.23335285484790802
      ],
      "bbox_width_px": 184.55245971679688,
      "bbox_height_px": 149.3458251953125
    },
    {
      "detection_id": 1,
      "class_name": "cruise ship",
      "yolo_class_id": 0,
      "confidence": 0.6406600475311279,
      "bbox_xyxy": [
        427.7440185546875,
        235.5950927734375,
        568.921142578125,
        358.87640380859375
      ],
      "bbox_yolo": [
        0.7786446809768677,
        0.46443086862564087,
        0.22058925032615662,
        0.19262704253196716
      ],
      "bbox_width_px": 141.1771240234375,
      "bbox_height_px": 123.28131103515625
    },
    {
      "detection_id": 2,
      "class_name": "cruise ship",
      "yolo_class_id": 0,
      "confidence": 0.609354555606842,
      "bbox_xyxy": [
        251.18600463867188,
        193.009033203125,
        400.4454650878906,
        361.23431396484375
      ],
      "bbox_yolo": [
        0.509087085723877,
        0.43300262093544006,
        0.23321790993213654,
        0.2628520131111145
      ],
      "bbox_width_px": 149.25946044921875,
      "bbox_height_px": 168.22528076171875
    }
  ]
}