{
  "index": 714,
  "dataframe_iter_index": 714,
  "image_path": "./datasets/sFERNANDO_FLUX29B/images/714.png",
  "image_width": 640,
  "image_height": 640,
  "ground_truth_class": "tugboat",
  "grounding_prompt": "boat",
  "timestamp": "2026-05-04T19:33:43.405232",
  "num_detections": 3,
  "detections": [
    {
      "detection_id": 0,
      "class_name": "tugboat",
      "yolo_class_id": 11,
      "confidence": 0.7389500141143799,
      "bbox_xyxy": [
        391.15472412109375,
        193.77630615234375,
        592.7847290039062,
        428.4283447265625
      ],
      "bbox_yolo": [
        0.7687026858329773,
        0.48609739542007446,
        0.31504687666893005,
        0.3666438162326813
      ],
      "bbox_width_px": 201.6300048828125,
      "bbox_height_px": 234.65203857421875
    },
    {
      "detection_id": 1,
      "class_name": "tugboat",
      "yolo_class_id": 11,
      "confidence": 0.7062141299247742,
      "bbox_xyxy": [
        190.48284912109375,
        172.43655395507812,
        456.93353271484375,
        451.6075744628906
      ],
      "bbox_yolo": [
        0.5057940483093262,
        0.48753446340560913,
        0.41632920503616333,
        0.436204731464386
      ],
      "bbox_width_px": 266.45068359375,
      "bbox_height_px": 279.1710205078125
    },
    {
      "detection_id": 2,
      "class_name": "tugboat",
      "yolo_class_id": 11,
      "confidence": 0.5145148634910583,
      "bbox_xyxy": [
        15.111701965332031,
        153.89976501464844,
        216.36611938476562,
        449.34100341796875
      ],
      "bbox_yolo": [
        0.18084204196929932,
        0.47128185629844666,
        0.31446003913879395,
        0.46162691712379456
      ],
      "bbox_width_px": 201.25442504882812,
      "bbox_height_px": 295.44122314453125
    }
  ]
}