{
  "index": 716,
  "dataframe_iter_index": 716,
  "image_path": "./datasets/sFERNANDO_FLUX29B/images/716.png",
  "image_width": 640,
  "image_height": 640,
  "ground_truth_class": "tugboat",
  "grounding_prompt": "boat",
  "timestamp": "2026-05-04T19:33:45.583265",
  "num_detections": 1,
  "detections": [
    {
      "detection_id": 0,
      "class_name": "tugboat",
      "yolo_class_id": 11,
      "confidence": 0.9455230832099915,
      "bbox_xyxy": [
        165.09959411621094,
        191.55499267578125,
        456.2427978515625,
        463.10113525390625
      ],
      "bbox_yolo": [
        0.485423743724823,
        0.5114501118659973,
        0.4549112319946289,
        0.42429083585739136
      ],
      "bbox_width_px": 291.1431884765625,
      "bbox_height_px": 271.546142578125
    }
  ]
}