{
  "index": 7198,
  "dataframe_iter_index": 7198,
  "image_path": "./datasets/sFERNANDO_FLUX29B/images/7198.png",
  "image_width": 640,
  "image_height": 640,
  "ground_truth_class": "cruise ship",
  "grounding_prompt": "boat",
  "timestamp": "2026-05-04T21:41:29.137563",
  "num_detections": 3,
  "detections": [
    {
      "detection_id": 0,
      "class_name": "cruise ship",
      "yolo_class_id": 0,
      "confidence": 0.7262640595436096,
      "bbox_xyxy": [
        43.67736053466797,
        269.9764099121094,
        199.57672119140625,
        368.2466125488281
      ],
      "bbox_yolo": [
        0.19004225730895996,
        0.4986117482185364,
        0.2435927391052246,
        0.15354719758033752
      ],
      "bbox_width_px": 155.89935302734375,
      "bbox_height_px": 98.27020263671875
    },
    {
      "detection_id": 1,
      "class_name": "cruise ship",
      "yolo_class_id": 0,
      "confidence": 0.681570291519165,
      "bbox_xyxy": [
        251.7586212158203,
        276.32879638671875,
        383.38958740234375,
        360.2952880859375
      ],
      "bbox_yolo": [
        0.4962095320224762,
        0.49736255407333374,
        0.20567338168621063,
        0.13119764626026154
      ],
      "bbox_width_px": 131.63096618652344,
      "bbox_height_px": 83.96649169921875
    },
    {
      "detection_id": 2,
      "class_name": "cruise ship",
      "yolo_class_id": 0,
      "confidence": 0.7240532040596008,
      "bbox_xyxy": [
        437.559814453125,
        285.5189208984375,
        585.6624755859375,
        352.55694580078125
      ],
      "bbox_yolo": [
        0.7993924021720886,
        0.49849677085876465,
        0.231410413980484,
        0.10474691540002823
      ],
      "bbox_width_px": 148.1026611328125,
      "bbox_height_px": 67.03802490234375
    }
  ]
}