{
  "index": 7218,
  "dataframe_iter_index": 7218,
  "image_path": "./datasets/sFERNANDO_FLUX29B/images/7218.png",
  "image_width": 640,
  "image_height": 640,
  "ground_truth_class": "cruise ship",
  "grounding_prompt": "boat",
  "timestamp": "2026-05-04T21:41:51.519738",
  "num_detections": 3,
  "detections": [
    {
      "detection_id": 0,
      "class_name": "cruise ship",
      "yolo_class_id": 0,
      "confidence": 0.7290769815444946,
      "bbox_xyxy": [
        71.64901733398438,
        234.70208740234375,
        215.38613891601562,
        354.010498046875
      ],
      "bbox_yolo": [
        0.22424621880054474,
        0.45993170142173767,
        0.2245892584323883,
        0.18641939759254456
      ],
      "bbox_width_px": 143.73712158203125,
      "bbox_height_px": 119.30841064453125
    },
    {
      "detection_id": 1,
      "class_name": "cruise ship",
      "yolo_class_id": 0,
      "confidence": 0.696692943572998,
      "bbox_xyxy": [
        440.1292724609375,
        239.06129455566406,
        565.5857543945312,
        347.59454345703125
      ],
      "bbox_yolo": [
        0.785714864730835,
        0.4583248496055603,
        0.1960257589817047,
        0.16958320140838623
      ],
      "bbox_width_px": 125.45648193359375,
      "bbox_height_px": 108.53324890136719
    },
    {
      "detection_id": 2,
      "class_name": "cruise ship",
      "yolo_class_id": 0,
      "confidence": 0.7196978330612183,
      "bbox_xyxy": [
        265.9764709472656,
        240.322265625,
        377.2781677246094,
        383.020751953125
      ],
      "bbox_yolo": [
        0.5025426745414734,
        0.4869867265224457,
        0.17390890419483185,
        0.22296638786792755
      ],
      "bbox_width_px": 111.30169677734375,
      "bbox_height_px": 142.698486328125
    }
  ]
}