{
  "index": 7227,
  "dataframe_iter_index": 7227,
  "image_path": "./datasets/sFERNANDO_FLUX29B/images/7227.png",
  "image_width": 640,
  "image_height": 640,
  "ground_truth_class": "cruise ship",
  "grounding_prompt": "boat",
  "timestamp": "2026-05-04T21:42:01.525234",
  "num_detections": 1,
  "detections": [
    {
      "detection_id": 0,
      "class_name": "cruise ship",
      "yolo_class_id": 0,
      "confidence": 0.7560119032859802,
      "bbox_xyxy": [
        95.70191955566406,
        63.81315612792969,
        556.0250854492188,
        516.60595703125
      ],
      "bbox_yolo": [
        0.5091617107391357,
        0.4534524381160736,
        0.7192549705505371,
        0.7074887156486511
      ],
      "bbox_width_px": 460.32318115234375,
      "bbox_height_px": 452.79278564453125
    }
  ]
}