{
  "index": 724,
  "dataframe_iter_index": 724,
  "image_path": "./datasets/sFERNANDO_FLUX29B/images/724.png",
  "image_width": 640,
  "image_height": 640,
  "ground_truth_class": "tugboat",
  "grounding_prompt": "boat",
  "timestamp": "2026-05-04T19:33:54.513038",
  "num_detections": 1,
  "detections": [
    {
      "detection_id": 0,
      "class_name": "tugboat",
      "yolo_class_id": 11,
      "confidence": 0.9522350430488586,
      "bbox_xyxy": [
        215.41416931152344,
        272.117431640625,
        395.36639404296875,
        385.152099609375
      ],
      "bbox_yolo": [
        0.477172315120697,
        0.5134918093681335,
        0.2811753451824188,
        0.17661666870117188
      ],
      "bbox_width_px": 179.9522247314453,
      "bbox_height_px": 113.03466796875
    }
  ]
}