{
  "index": 7244,
  "dataframe_iter_index": 7244,
  "image_path": "./datasets/sFERNANDO_FLUX29B/images/7244.png",
  "image_width": 640,
  "image_height": 640,
  "ground_truth_class": "cruise ship",
  "grounding_prompt": "boat",
  "timestamp": "2026-05-04T21:42:20.447004",
  "num_detections": 1,
  "detections": [
    {
      "detection_id": 0,
      "class_name": "cruise ship",
      "yolo_class_id": 0,
      "confidence": 0.9016491174697876,
      "bbox_xyxy": [
        135.995361328125,
        201.9589080810547,
        567.285400390625,
        379.14361572265625
      ],
      "bbox_yolo": [
        0.5494381189346313,
        0.45398634672164917,
        0.6738907098770142,
        0.2768511176109314
      ],
      "bbox_width_px": 431.2900390625,
      "bbox_height_px": 177.18470764160156
    }
  ]
}