{
  "index": 7251,
  "dataframe_iter_index": 7251,
  "image_path": "./datasets/sFERNANDO_FLUX29B/images/7251.png",
  "image_width": 640,
  "image_height": 640,
  "ground_truth_class": "cruise ship",
  "grounding_prompt": "boat",
  "timestamp": "2026-05-04T21:42:28.298606",
  "num_detections": 1,
  "detections": [
    {
      "detection_id": 0,
      "class_name": "cruise ship",
      "yolo_class_id": 0,
      "confidence": 0.9462265968322754,
      "bbox_xyxy": [
        123.85958862304688,
        198.82095336914062,
        518.4234619140625,
        428.2615051269531
      ],
      "bbox_yolo": [
        0.5017836689949036,
        0.4899081587791443,
        0.616506040096283,
        0.3585008680820465
      ],
      "bbox_width_px": 394.5638732910156,
      "bbox_height_px": 229.4405517578125
    }
  ]
}