{
  "index": 7252,
  "dataframe_iter_index": 7252,
  "image_path": "./datasets/sFERNANDO_FLUX29B/images/7252.png",
  "image_width": 640,
  "image_height": 640,
  "ground_truth_class": "cruise ship",
  "grounding_prompt": "boat",
  "timestamp": "2026-05-04T21:42:29.387329",
  "num_detections": 1,
  "detections": [
    {
      "detection_id": 0,
      "class_name": "cruise ship",
      "yolo_class_id": 0,
      "confidence": 0.7270867824554443,
      "bbox_xyxy": [
        238.3624267578125,
        226.98370361328125,
        472.4395751953125,
        370.3209228515625
      ],
      "bbox_yolo": [
        0.5553140640258789,
        0.4666442275047302,
        0.36574554443359375,
        0.2239644080400467
      ],
      "bbox_width_px": 234.0771484375,
      "bbox_height_px": 143.33721923828125
    }
  ]
}