{
  "index": 7263,
  "dataframe_iter_index": 7263,
  "image_path": "./datasets/sFERNANDO_FLUX29B/images/7263.png",
  "image_width": 640,
  "image_height": 640,
  "ground_truth_class": "cruise ship",
  "grounding_prompt": "boat",
  "timestamp": "2026-05-04T21:42:41.691594",
  "num_detections": 1,
  "detections": [
    {
      "detection_id": 0,
      "class_name": "cruise ship",
      "yolo_class_id": 0,
      "confidence": 0.9225582480430603,
      "bbox_xyxy": [
        100.69425964355469,
        212.59373474121094,
        499.32781982421875,
        377.78472900390625
      ],
      "bbox_yolo": [
        0.4687672555446625,
        0.4612331986427307,
        0.6228649020195007,
        0.2581109404563904
      ],
      "bbox_width_px": 398.633544921875,
      "bbox_height_px": 165.1909942626953
    }
  ]
}