{
  "index": 7275,
  "dataframe_iter_index": 7275,
  "image_path": "./datasets/sFERNANDO_FLUX29B/images/7275.png",
  "image_width": 640,
  "image_height": 640,
  "ground_truth_class": "cruise ship",
  "grounding_prompt": "boat",
  "timestamp": "2026-05-04T21:42:55.292163",
  "num_detections": 1,
  "detections": [
    {
      "detection_id": 0,
      "class_name": "cruise ship",
      "yolo_class_id": 0,
      "confidence": 0.8901118636131287,
      "bbox_xyxy": [
        39.050750732421875,
        151.8560791015625,
        547.0343017578125,
        469.720703125
      ],
      "bbox_yolo": [
        0.457878977060318,
        0.485606849193573,
        0.7937242984771729,
        0.49666348099708557
      ],
      "bbox_width_px": 507.9835510253906,
      "bbox_height_px": 317.8646240234375
    }
  ]
}