{
  "index": 7325,
  "dataframe_iter_index": 7325,
  "image_path": "./datasets/sFERNANDO_FLUX29B/images/7325.png",
  "image_width": 640,
  "image_height": 640,
  "ground_truth_class": "cruise ship",
  "grounding_prompt": "boat",
  "timestamp": "2026-05-04T21:43:51.516532",
  "num_detections": 2,
  "detections": [
    {
      "detection_id": 0,
      "class_name": "cruise ship",
      "yolo_class_id": 0,
      "confidence": 0.7251999378204346,
      "bbox_xyxy": [
        346.1941833496094,
        272.6844177246094,
        581.2999877929688,
        383.6919860839844
      ],
      "bbox_yolo": [
        0.7246047854423523,
        0.5127940773963928,
        0.36735281348228455,
        0.1734493225812912
      ],
      "bbox_width_px": 235.10580444335938,
      "bbox_height_px": 111.007568359375
    },
    {
      "detection_id": 1,
      "class_name": "cruise ship",
      "yolo_class_id": 0,
      "confidence": 0.7213958501815796,
      "bbox_xyxy": [
        35.418434143066406,
        270.8783264160156,
        255.71148681640625,
        381.9845275878906
      ],
      "bbox_yolo": [
        0.22744524478912354,
        0.5100491046905518,
        0.34420791268348694,
        0.17360344529151917
      ],
      "bbox_width_px": 220.29306030273438,
      "bbox_height_px": 111.106201171875
    }
  ]
}