{
  "index": 7332,
  "dataframe_iter_index": 7332,
  "image_path": "./datasets/sFERNANDO_FLUX29B/images/7332.png",
  "image_width": 640,
  "image_height": 640,
  "ground_truth_class": "cruise ship",
  "grounding_prompt": "boat",
  "timestamp": "2026-05-04T21:43:59.364336",
  "num_detections": 1,
  "detections": [
    {
      "detection_id": 0,
      "class_name": "cruise ship",
      "yolo_class_id": 0,
      "confidence": 0.9403188824653625,
      "bbox_xyxy": [
        248.03431701660156,
        294.3426513671875,
        387.232421875,
        376.2657470703125
      ],
      "bbox_yolo": [
        0.49630212783813477,
        0.523912787437439,
        0.21749703586101532,
        0.12800483405590057
      ],
      "bbox_width_px": 139.19810485839844,
      "bbox_height_px": 81.923095703125
    }
  ]
}