{
  "index": 7364,
  "dataframe_iter_index": 7364,
  "image_path": "./datasets/sFERNANDO_FLUX29B/images/7364.png",
  "image_width": 640,
  "image_height": 640,
  "ground_truth_class": "cruise ship",
  "grounding_prompt": "boat",
  "timestamp": "2026-05-04T21:44:35.213159",
  "num_detections": 1,
  "detections": [
    {
      "detection_id": 0,
      "class_name": "cruise ship",
      "yolo_class_id": 0,
      "confidence": 0.9097036123275757,
      "bbox_xyxy": [
        247.57241821289062,
        242.9747314453125,
        479.3276672363281,
        365.1004638671875
      ],
      "bbox_yolo": [
        0.5678907036781311,
        0.47505873441696167,
        0.36211758852005005,
        0.19082145392894745
      ],
      "bbox_width_px": 231.7552490234375,
      "bbox_height_px": 122.125732421875
    }
  ]
}