{
  "index": 7372,
  "dataframe_iter_index": 7372,
  "image_path": "./datasets/sFERNANDO_FLUX29B/images/7372.png",
  "image_width": 640,
  "image_height": 640,
  "ground_truth_class": "cruise ship",
  "grounding_prompt": "boat",
  "timestamp": "2026-05-04T21:44:44.149103",
  "num_detections": 1,
  "detections": [
    {
      "detection_id": 0,
      "class_name": "cruise ship",
      "yolo_class_id": 0,
      "confidence": 0.7545137405395508,
      "bbox_xyxy": [
        236.57821655273438,
        235.212158203125,
        473.2593688964844,
        373.60955810546875
      ],
      "bbox_yolo": [
        0.5545606017112732,
        0.47564196586608887,
        0.36981430649757385,
        0.21624593436717987
      ],
      "bbox_width_px": 236.68115234375,
      "bbox_height_px": 138.39739990234375
    }
  ]
}