{
  "index": 7397,
  "dataframe_iter_index": 7397,
  "image_path": "./datasets/sFERNANDO_FLUX29B/images/7397.png",
  "image_width": 640,
  "image_height": 640,
  "ground_truth_class": "cruise ship",
  "grounding_prompt": "boat",
  "timestamp": "2026-05-04T21:45:12.210388",
  "num_detections": 2,
  "detections": [
    {
      "detection_id": 0,
      "class_name": "cruise ship",
      "yolo_class_id": 0,
      "confidence": 0.8189399242401123,
      "bbox_xyxy": [
        52.051239013671875,
        181.54649353027344,
        308.3021240234375,
        457.57672119140625
      ],
      "bbox_yolo": [
        0.2815260589122772,
        0.4993150234222412,
        0.40039199590682983,
        0.4312972128391266
      ],
      "bbox_width_px": 256.2508850097656,
      "bbox_height_px": 276.03021240234375
    },
    {
      "detection_id": 1,
      "class_name": "cruise ship",
      "yolo_class_id": 0,
      "confidence": 0.6331343054771423,
      "bbox_xyxy": [
        359.8811340332031,
        218.00445556640625,
        572.0487060546875,
        381.29119873046875
      ],
      "bbox_yolo": [
        0.7280701398849487,
        0.4681997299194336,
        0.33151182532310486,
        0.25513553619384766
      ],
      "bbox_width_px": 212.16757202148438,
      "bbox_height_px": 163.2867431640625
    }
  ]
}