{
  "index": 74,
  "dataframe_iter_index": 74,
  "image_path": "./datasets/sFERNANDO_FLUX29B/images/74.png",
  "image_width": 640,
  "image_height": 640,
  "ground_truth_class": "tugboat",
  "grounding_prompt": "boat",
  "timestamp": "2026-05-04T19:21:46.214047",
  "num_detections": 3,
  "detections": [
    {
      "detection_id": 0,
      "class_name": "tugboat",
      "yolo_class_id": 11,
      "confidence": 0.776380717754364,
      "bbox_xyxy": [
        0.8596572875976562,
        160.84359741210938,
        231.91650390625,
        453.1286315917969
      ],
      "bbox_yolo": [
        0.18185636401176453,
        0.4796658158302307,
        0.3610263466835022,
        0.4566953778266907
      ],
      "bbox_width_px": 231.05685424804688,
      "bbox_height_px": 292.2850341796875
    },
    {
      "detection_id": 1,
      "class_name": "tugboat",
      "yolo_class_id": 11,
      "confidence": 0.781553328037262,
      "bbox_xyxy": [
        430.30078125,
        201.12107849121094,
        600.378173828125,
        421.774169921875
      ],
      "bbox_yolo": [
        0.8052179217338562,
        0.4866369366645813,
        0.26574593782424927,
        0.3447704613208771
      ],
      "bbox_width_px": 170.077392578125,
      "bbox_height_px": 220.65309143066406
    },
    {
      "detection_id": 2,
      "class_name": "tugboat",
      "yolo_class_id": 11,
      "confidence": 0.7776663899421692,
      "bbox_xyxy": [
        210.22328186035156,
        175.33029174804688,
        442.78460693359375,
        451.0937194824219
      ],
      "bbox_yolo": [
        0.5101624131202698,
        0.48939377069473267,
        0.36337706446647644,
        0.4308803677558899
      ],
      "bbox_width_px": 232.5613250732422,
      "bbox_height_px": 275.763427734375
    }
  ]
}