{
  "index": 7403,
  "dataframe_iter_index": 7403,
  "image_path": "./datasets/sFERNANDO_FLUX29B/images/7403.png",
  "image_width": 640,
  "image_height": 640,
  "ground_truth_class": "cruise ship",
  "grounding_prompt": "boat",
  "timestamp": "2026-05-04T21:45:18.910848",
  "num_detections": 1,
  "detections": [
    {
      "detection_id": 0,
      "class_name": "cruise ship",
      "yolo_class_id": 0,
      "confidence": 0.7825478911399841,
      "bbox_xyxy": [
        87.2265625,
        147.63107299804688,
        469.7469482421875,
        437.5269470214844
      ],
      "bbox_yolo": [
        0.43513554334640503,
        0.45715469121932983,
        0.5976880788803101,
        0.45296230912208557
      ],
      "bbox_width_px": 382.5203857421875,
      "bbox_height_px": 289.8958740234375
    }
  ]
}