{
  "index": 7412,
  "dataframe_iter_index": 7412,
  "image_path": "./datasets/sFERNANDO_FLUX29B/images/7412.png",
  "image_width": 640,
  "image_height": 640,
  "ground_truth_class": "cruise ship",
  "grounding_prompt": "boat",
  "timestamp": "2026-05-04T21:45:29.015426",
  "num_detections": 1,
  "detections": [
    {
      "detection_id": 0,
      "class_name": "cruise ship",
      "yolo_class_id": 0,
      "confidence": 0.9171381592750549,
      "bbox_xyxy": [
        244.26638793945312,
        206.23959350585938,
        397.7974548339844,
        425.3548889160156
      ],
      "bbox_yolo": [
        0.5016123652458191,
        0.4934331774711609,
        0.23989228904247284,
        0.34236764907836914
      ],
      "bbox_width_px": 153.53106689453125,
      "bbox_height_px": 219.11529541015625
    }
  ]
}