{
  "index": 7414,
  "dataframe_iter_index": 7414,
  "image_path": "./datasets/sFERNANDO_FLUX29B/images/7414.png",
  "image_width": 640,
  "image_height": 640,
  "ground_truth_class": "cruise ship",
  "grounding_prompt": "boat",
  "timestamp": "2026-05-04T21:45:31.303046",
  "num_detections": 3,
  "detections": [
    {
      "detection_id": 0,
      "class_name": "cruise ship",
      "yolo_class_id": 0,
      "confidence": 0.7020817399024963,
      "bbox_xyxy": [
        43.63890075683594,
        215.2626495361328,
        228.2684783935547,
        407.84283447265625
      ],
      "bbox_yolo": [
        0.21242764592170715,
        0.4868011474609375,
        0.28848370909690857,
        0.30090653896331787
      ],
      "bbox_width_px": 184.62957763671875,
      "bbox_height_px": 192.58018493652344
    },
    {
      "detection_id": 1,
      "class_name": "cruise ship",
      "yolo_class_id": 0,
      "confidence": 0.6736047267913818,
      "bbox_xyxy": [
        249.48695373535156,
        216.85256958007812,
        391.42578125,
        425.4773864746094
      ],
      "bbox_yolo": [
        0.500713050365448,
        0.5018202662467957,
        0.22177942097187042,
        0.32597628235816956
      ],
      "bbox_width_px": 141.93882751464844,
      "bbox_height_px": 208.62481689453125
    },
    {
      "detection_id": 2,
      "class_name": "cruise ship",
      "yolo_class_id": 0,
      "confidence": 0.6297942996025085,
      "bbox_xyxy": [
        432.4456787109375,
        229.91741943359375,
        568.1823120117188,
        395.72149658203125
      ],
      "bbox_yolo": [
        0.7817406058311462,
        0.4887804090976715,
        0.21208849549293518,
        0.25906887650489807
      ],
      "bbox_width_px": 135.73663330078125,
      "bbox_height_px": 165.8040771484375
    }
  ]
}