{
  "index": 7419,
  "dataframe_iter_index": 7419,
  "image_path": "./datasets/sFERNANDO_FLUX29B/images/7419.png",
  "image_width": 640,
  "image_height": 640,
  "ground_truth_class": "cruise ship",
  "grounding_prompt": "boat",
  "timestamp": "2026-05-04T21:45:36.902987",
  "num_detections": 1,
  "detections": [
    {
      "detection_id": 0,
      "class_name": "cruise ship",
      "yolo_class_id": 0,
      "confidence": 0.9093061089515686,
      "bbox_xyxy": [
        100.78890991210938,
        165.22427368164062,
        470.1526184082031,
        428.3037414550781
      ],
      "bbox_yolo": [
        0.4460480809211731,
        0.463693767786026,
        0.5771307945251465,
        0.41106167435646057
      ],
      "bbox_width_px": 369.36370849609375,
      "bbox_height_px": 263.0794677734375
    }
  ]
}