{
  "index": 7428,
  "dataframe_iter_index": 7428,
  "image_path": "./datasets/sFERNANDO_FLUX29B/images/7428.png",
  "image_width": 640,
  "image_height": 640,
  "ground_truth_class": "cruise ship",
  "grounding_prompt": "boat",
  "timestamp": "2026-05-04T21:45:47.008185",
  "num_detections": 1,
  "detections": [
    {
      "detection_id": 0,
      "class_name": "cruise ship",
      "yolo_class_id": 0,
      "confidence": 0.9503580331802368,
      "bbox_xyxy": [
        244.84725952148438,
        279.8338928222656,
        403.0504455566406,
        347.3661193847656
      ],
      "bbox_yolo": [
        0.5061700940132141,
        0.49000000953674316,
        0.24719247221946716,
        0.10551910102367401
      ],
      "bbox_width_px": 158.20318603515625,
      "bbox_height_px": 67.5322265625
    }
  ]
}