{
  "index": 7460,
  "dataframe_iter_index": 7460,
  "image_path": "./datasets/sFERNANDO_FLUX29B/images/7460.png",
  "image_width": 640,
  "image_height": 640,
  "ground_truth_class": "cruise ship",
  "grounding_prompt": "boat",
  "timestamp": "2026-05-04T21:46:22.783453",
  "num_detections": 1,
  "detections": [
    {
      "detection_id": 0,
      "class_name": "cruise ship",
      "yolo_class_id": 0,
      "confidence": 0.9471439719200134,
      "bbox_xyxy": [
        248.41049194335938,
        293.3681640625,
        398.1106262207031,
        375.550048828125
      ],
      "bbox_yolo": [
        0.5050946474075317,
        0.5225923657417297,
        0.23390646278858185,
        0.12840919196605682
      ],
      "bbox_width_px": 149.70013427734375,
      "bbox_height_px": 82.181884765625
    }
  ]
}