{
  "index": 7468,
  "dataframe_iter_index": 7468,
  "image_path": "./datasets/sFERNANDO_FLUX29B/images/7468.png",
  "image_width": 640,
  "image_height": 640,
  "ground_truth_class": "cruise ship",
  "grounding_prompt": "boat",
  "timestamp": "2026-05-04T21:46:31.750368",
  "num_detections": 1,
  "detections": [
    {
      "detection_id": 0,
      "class_name": "cruise ship",
      "yolo_class_id": 0,
      "confidence": 0.8022521138191223,
      "bbox_xyxy": [
        74.88746643066406,
        104.57415771484375,
        537.9439697265625,
        531.8580322265625
      ],
      "bbox_yolo": [
        0.4787745475769043,
        0.49721264839172363,
        0.7235258221626282,
        0.6676310300827026
      ],
      "bbox_width_px": 463.0565185546875,
      "bbox_height_px": 427.28387451171875
    }
  ]
}