{
  "index": 7476,
  "dataframe_iter_index": 7476,
  "image_path": "./datasets/sFERNANDO_FLUX29B/images/7476.png",
  "image_width": 640,
  "image_height": 640,
  "ground_truth_class": "cruise ship",
  "grounding_prompt": "boat",
  "timestamp": "2026-05-04T21:46:40.654780",
  "num_detections": 1,
  "detections": [
    {
      "detection_id": 0,
      "class_name": "cruise ship",
      "yolo_class_id": 0,
      "confidence": 0.9481809139251709,
      "bbox_xyxy": [
        248.18331909179688,
        321.2840576171875,
        391.9629211425781,
        371.27203369140625
      ],
      "bbox_yolo": [
        0.5001142621040344,
        0.5410594344139099,
        0.2246556282043457,
        0.07810620963573456
      ],
      "bbox_width_px": 143.77960205078125,
      "bbox_height_px": 49.98797607421875
    }
  ]
}