{
  "index": 7479,
  "dataframe_iter_index": 7479,
  "image_path": "./datasets/sFERNANDO_FLUX29B/images/7479.png",
  "image_width": 640,
  "image_height": 640,
  "ground_truth_class": "cruise ship",
  "grounding_prompt": "boat",
  "timestamp": "2026-05-04T21:46:44.018892",
  "num_detections": 1,
  "detections": [
    {
      "detection_id": 0,
      "class_name": "cruise ship",
      "yolo_class_id": 0,
      "confidence": 0.9451049566268921,
      "bbox_xyxy": [
        224.56961059570312,
        245.37095642089844,
        472.4751892089844,
        392.40625
      ],
      "bbox_yolo": [
        0.54456627368927,
        0.4982634484767914,
        0.38735246658325195,
        0.2297426462173462
      ],
      "bbox_width_px": 247.90557861328125,
      "bbox_height_px": 147.03529357910156
    }
  ]
}