{
  "index": 7502,
  "dataframe_iter_index": 7502,
  "image_path": "./datasets/sFERNANDO_FLUX29B/images/7502.png",
  "image_width": 640,
  "image_height": 640,
  "ground_truth_class": "cruise ship",
  "grounding_prompt": "boat",
  "timestamp": "2026-05-04T21:47:09.806284",
  "num_detections": 3,
  "detections": [
    {
      "detection_id": 0,
      "class_name": "cruise ship",
      "yolo_class_id": 0,
      "confidence": 0.7536178827285767,
      "bbox_xyxy": [
        80.50048828125,
        260.599609375,
        218.86593627929688,
        372.96697998046875
      ],
      "bbox_yolo": [
        0.23388001322746277,
        0.49497389793395996,
        0.21619601547718048,
        0.17557401955127716
      ],
      "bbox_width_px": 138.36544799804688,
      "bbox_height_px": 112.36737060546875
    },
    {
      "detection_id": 1,
      "class_name": "cruise ship",
      "yolo_class_id": 0,
      "confidence": 0.7041404247283936,
      "bbox_xyxy": [
        271.26043701171875,
        257.34515380859375,
        371.70489501953125,
        377.7047119140625
      ],
      "bbox_yolo": [
        0.5023166537284851,
        0.4961327016353607,
        0.15694446861743927,
        0.18806180357933044
      ],
      "bbox_width_px": 100.4444580078125,
      "bbox_height_px": 120.35955810546875
    },
    {
      "detection_id": 2,
      "class_name": "cruise ship",
      "yolo_class_id": 0,
      "confidence": 0.6727566719055176,
      "bbox_xyxy": [
        434.014404296875,
        260.4190673828125,
        556.6090087890625,
        378.10919189453125
      ],
      "bbox_yolo": [
        0.7739245295524597,
        0.4988501965999603,
        0.19155406951904297,
        0.18389081954956055
      ],
      "bbox_width_px": 122.5946044921875,
      "bbox_height_px": 117.69012451171875
    }
  ]
}