{
  "index": 7541,
  "dataframe_iter_index": 7541,
  "image_path": "./datasets/sFERNANDO_FLUX29B/images/7541.png",
  "image_width": 640,
  "image_height": 640,
  "ground_truth_class": "cruise ship",
  "grounding_prompt": "boat",
  "timestamp": "2026-05-04T21:47:53.402816",
  "num_detections": 2,
  "detections": [
    {
      "detection_id": 0,
      "class_name": "cruise ship",
      "yolo_class_id": 0,
      "confidence": 0.7147114872932434,
      "bbox_xyxy": [
        106.06898498535156,
        251.6700897216797,
        226.4096221923828,
        378.22808837890625
      ],
      "bbox_yolo": [
        0.2597489058971405,
        0.49210795760154724,
        0.18803223967552185,
        0.1977468729019165
      ],
      "bbox_width_px": 120.34063720703125,
      "bbox_height_px": 126.55799865722656
    },
    {
      "detection_id": 1,
      "class_name": "cruise ship",
      "yolo_class_id": 0,
      "confidence": 0.7224489450454712,
      "bbox_xyxy": [
        326.77911376953125,
        265.4825134277344,
        521.96533203125,
        372.4519958496094
      ],
      "bbox_yolo": [
        0.6630815863609314,
        0.49838632345199585,
        0.30497846007347107,
        0.16713981330394745
      ],
      "bbox_width_px": 195.18621826171875,
      "bbox_height_px": 106.969482421875
    }
  ]
}