{
  "index": 7584,
  "dataframe_iter_index": 7584,
  "image_path": "./datasets/sFERNANDO_FLUX29B/images/7584.png",
  "image_width": 640,
  "image_height": 640,
  "ground_truth_class": "cruise ship",
  "grounding_prompt": "boat",
  "timestamp": "2026-05-04T21:48:41.667337",
  "num_detections": 1,
  "detections": [
    {
      "detection_id": 0,
      "class_name": "cruise ship",
      "yolo_class_id": 0,
      "confidence": 0.8139508962631226,
      "bbox_xyxy": [
        184.70787048339844,
        239.12120056152344,
        540.0283203125,
        404.73260498046875
      ],
      "bbox_yolo": [
        0.5662001371383667,
        0.5030108094215393,
        0.5551881790161133,
        0.2587678134441376
      ],
      "bbox_width_px": 355.3204345703125,
      "bbox_height_px": 165.6114044189453
    }
  ]
}