{
  "index": 7591,
  "dataframe_iter_index": 7591,
  "image_path": "./datasets/sFERNANDO_FLUX29B/images/7591.png",
  "image_width": 640,
  "image_height": 640,
  "ground_truth_class": "cruise ship",
  "grounding_prompt": "boat",
  "timestamp": "2026-05-04T21:48:49.518020",
  "num_detections": 1,
  "detections": [
    {
      "detection_id": 0,
      "class_name": "cruise ship",
      "yolo_class_id": 0,
      "confidence": 0.7580212950706482,
      "bbox_xyxy": [
        8.174942016601562,
        324.9859924316406,
        321.638427734375,
        513.3632202148438
      ],
      "bbox_yolo": [
        0.257666677236557,
        0.6549603343009949,
        0.48978671431541443,
        0.2943394184112549
      ],
      "bbox_width_px": 313.4635009765625,
      "bbox_height_px": 188.37722778320312
    }
  ]
}