{
  "index": 7642,
  "dataframe_iter_index": 7642,
  "image_path": "./datasets/sFERNANDO_FLUX29B/images/7642.png",
  "image_width": 640,
  "image_height": 640,
  "ground_truth_class": "cruise ship",
  "grounding_prompt": "boat",
  "timestamp": "2026-05-04T21:49:46.399170",
  "num_detections": 3,
  "detections": [
    {
      "detection_id": 0,
      "class_name": "cruise ship",
      "yolo_class_id": 0,
      "confidence": 0.7095181941986084,
      "bbox_xyxy": [
        252.39158630371094,
        252.22291564941406,
        373.4086608886719,
        400.19781494140625
      ],
      "bbox_yolo": [
        0.4889064431190491,
        0.5097036957740784,
        0.18908917903900146,
        0.23121078312397003
      ],
      "bbox_width_px": 121.01707458496094,
      "bbox_height_px": 147.9748992919922
    },
    {
      "detection_id": 1,
      "class_name": "cruise ship",
      "yolo_class_id": 0,
      "confidence": 0.7193814516067505,
      "bbox_xyxy": [
        437.57598876953125,
        258.69110107421875,
        577.4015502929688,
        399.64959716796875
      ],
      "bbox_yolo": [
        0.792951226234436,
        0.51432865858078,
        0.21847744286060333,
        0.22024765610694885
      ],
      "bbox_width_px": 139.8255615234375,
      "bbox_height_px": 140.95849609375
    },
    {
      "detection_id": 2,
      "class_name": "cruise ship",
      "yolo_class_id": 0,
      "confidence": 0.7796369194984436,
      "bbox_xyxy": [
        33.89765930175781,
        255.68411254882812,
        211.0054473876953,
        392.5168762207031
      ],
      "bbox_yolo": [
        0.19133055210113525,
        0.5064070224761963,
        0.2767309248447418,
        0.21380119025707245
      ],
      "bbox_width_px": 177.1077880859375,
      "bbox_height_px": 136.832763671875
    }
  ]
}