{
  "index": 7643,
  "dataframe_iter_index": 7643,
  "image_path": "./datasets/sFERNANDO_FLUX29B/images/7643.png",
  "image_width": 640,
  "image_height": 640,
  "ground_truth_class": "cruise ship",
  "grounding_prompt": "boat",
  "timestamp": "2026-05-04T21:49:47.486278",
  "num_detections": 1,
  "detections": [
    {
      "detection_id": 0,
      "class_name": "cruise ship",
      "yolo_class_id": 0,
      "confidence": 0.9205284118652344,
      "bbox_xyxy": [
        203.4929656982422,
        134.85198974609375,
        526.9385375976562,
        443.029541015625
      ],
      "bbox_yolo": [
        0.5706496238708496,
        0.45146995782852173,
        0.5053836703300476,
        0.4815274178981781
      ],
      "bbox_width_px": 323.445556640625,
      "bbox_height_px": 308.17755126953125
    }
  ]
}