{
  "index": 7663,
  "dataframe_iter_index": 7663,
  "image_path": "./datasets/sFERNANDO_FLUX29B/images/7663.png",
  "image_width": 640,
  "image_height": 640,
  "ground_truth_class": "cruise ship",
  "grounding_prompt": "boat",
  "timestamp": "2026-05-04T21:50:10.133786",
  "num_detections": 1,
  "detections": [
    {
      "detection_id": 0,
      "class_name": "cruise ship",
      "yolo_class_id": 0,
      "confidence": 0.9144243597984314,
      "bbox_xyxy": [
        144.4950408935547,
        151.63539123535156,
        518.0758056640625,
        464.3111572265625
      ],
      "bbox_yolo": [
        0.5176334977149963,
        0.4812082350254059,
        0.5837199091911316,
        0.488555908203125
      ],
      "bbox_width_px": 373.58074951171875,
      "bbox_height_px": 312.67578125
    }
  ]
}