{
  "index": 7667,
  "dataframe_iter_index": 7667,
  "image_path": "./datasets/sFERNANDO_FLUX29B/images/7667.png",
  "image_width": 640,
  "image_height": 640,
  "ground_truth_class": "cruise ship",
  "grounding_prompt": "boat",
  "timestamp": "2026-05-04T21:50:14.600754",
  "num_detections": 1,
  "detections": [
    {
      "detection_id": 0,
      "class_name": "cruise ship",
      "yolo_class_id": 0,
      "confidence": 0.9471729397773743,
      "bbox_xyxy": [
        122.453125,
        219.7631072998047,
        513.4290771484375,
        427.26385498046875
      ],
      "bbox_yolo": [
        0.49678295850753784,
        0.5054898262023926,
        0.6108999252319336,
        0.3242199122905731
      ],
      "bbox_width_px": 390.9759521484375,
      "bbox_height_px": 207.50074768066406
    }
  ]
}