{
  "index": 7680,
  "dataframe_iter_index": 7680,
  "image_path": "./datasets/sFERNANDO_FLUX29B/images/7680.png",
  "image_width": 640,
  "image_height": 640,
  "ground_truth_class": "fishing boat",
  "grounding_prompt": "boat",
  "timestamp": "2026-05-04T21:50:29.319522",
  "num_detections": 3,
  "detections": [
    {
      "detection_id": 0,
      "class_name": "fishing boat",
      "yolo_class_id": 1,
      "confidence": 0.7985610365867615,
      "bbox_xyxy": [
        192.93682861328125,
        193.85211181640625,
        461.16217041015625,
        467.59014892578125
      ],
      "bbox_yolo": [
        0.5110148191452026,
        0.516751766204834,
        0.41910210251808167,
        0.4277156889438629
      ],
      "bbox_width_px": 268.225341796875,
      "bbox_height_px": 273.738037109375
    },
    {
      "detection_id": 1,
      "class_name": "fishing boat",
      "yolo_class_id": 1,
      "confidence": 0.5926480889320374,
      "bbox_xyxy": [
        429.96331787109375,
        304.68310546875,
        509.38690185546875,
        377.51727294921875
      ],
      "bbox_yolo": [
        0.733867347240448,
        0.532969057559967,
        0.12409935146570206,
        0.11380338668823242
      ],
      "bbox_width_px": 79.423583984375,
      "bbox_height_px": 72.83416748046875
    },
    {
      "detection_id": 2,
      "class_name": "fishing boat",
      "yolo_class_id": 1,
      "confidence": 0.4726087152957916,
      "bbox_xyxy": [
        526.9795532226562,
        306.51751708984375,
        590.6893920898438,
        375.733154296875
      ],
      "bbox_yolo": [
        0.8731788396835327,
        0.533008337020874,
        0.09954662621021271,
        0.10814943164587021
      ],
      "bbox_width_px": 63.7098388671875,
      "bbox_height_px": 69.21563720703125
    }
  ]
}