{
  "index": 7684,
  "dataframe_iter_index": 7684,
  "image_path": "./datasets/sFERNANDO_FLUX29B/images/7684.png",
  "image_width": 640,
  "image_height": 640,
  "ground_truth_class": "fishing boat",
  "grounding_prompt": "boat",
  "timestamp": "2026-05-04T21:50:33.903995",
  "num_detections": 1,
  "detections": [
    {
      "detection_id": 0,
      "class_name": "fishing boat",
      "yolo_class_id": 1,
      "confidence": 0.8339582681655884,
      "bbox_xyxy": [
        167.60556030273438,
        157.5631866455078,
        402.6571960449219,
        421.69927978515625
      ],
      "bbox_yolo": [
        0.44551777839660645,
        0.4525488018989563,
        0.3672681748867035,
        0.4127126634120941
      ],
      "bbox_width_px": 235.0516357421875,
      "bbox_height_px": 264.1361083984375
    }
  ]
}