{
  "index": 7690,
  "dataframe_iter_index": 7690,
  "image_path": "./datasets/sFERNANDO_FLUX29B/images/7690.png",
  "image_width": 640,
  "image_height": 640,
  "ground_truth_class": "fishing boat",
  "grounding_prompt": "boat",
  "timestamp": "2026-05-04T21:50:40.864300",
  "num_detections": 3,
  "detections": [
    {
      "detection_id": 0,
      "class_name": "fishing boat",
      "yolo_class_id": 1,
      "confidence": 0.7961524724960327,
      "bbox_xyxy": [
        27.877395629882812,
        160.11465454101562,
        243.4402313232422,
        472.9081115722656
      ],
      "bbox_yolo": [
        0.21196690201759338,
        0.494549036026001,
        0.3368169367313385,
        0.4887397885322571
      ],
      "bbox_width_px": 215.56283569335938,
      "bbox_height_px": 312.79345703125
    },
    {
      "detection_id": 1,
      "class_name": "fishing boat",
      "yolo_class_id": 1,
      "confidence": 0.7978186011314392,
      "bbox_xyxy": [
        437.6243896484375,
        185.42547607421875,
        581.3848876953125,
        431.78924560546875
      ],
      "bbox_yolo": [
        0.7961009740829468,
        0.4821990132331848,
        0.22462578117847443,
        0.3849433958530426
      ],
      "bbox_width_px": 143.760498046875,
      "bbox_height_px": 246.36376953125
    },
    {
      "detection_id": 2,
      "class_name": "fishing boat",
      "yolo_class_id": 1,
      "confidence": 0.764837384223938,
      "bbox_xyxy": [
        225.7010498046875,
        161.6109619140625,
        402.1568603515625,
        464.20416259765625
      ],
      "bbox_yolo": [
        0.49051398038864136,
        0.4889180660247803,
        0.27571219205856323,
        0.4728018641471863
      ],
      "bbox_width_px": 176.455810546875,
      "bbox_height_px": 302.59320068359375
    }
  ]
}