{
  "index": 7700,
  "dataframe_iter_index": 7700,
  "image_path": "./datasets/sFERNANDO_FLUX29B/images/7700.png",
  "image_width": 640,
  "image_height": 640,
  "ground_truth_class": "fishing boat",
  "grounding_prompt": "boat",
  "timestamp": "2026-05-04T21:50:52.262981",
  "num_detections": 1,
  "detections": [
    {
      "detection_id": 0,
      "class_name": "fishing boat",
      "yolo_class_id": 1,
      "confidence": 0.893198549747467,
      "bbox_xyxy": [
        186.79249572753906,
        162.4738006591797,
        404.252685546875,
        467.18084716796875
      ],
      "bbox_yolo": [
        0.4617540240287781,
        0.4919176995754242,
        0.3397815525531769,
        0.476104736328125
      ],
      "bbox_width_px": 217.46018981933594,
      "bbox_height_px": 304.70703125
    }
  ]
}