{
  "index": 7775,
  "dataframe_iter_index": 7775,
  "image_path": "./datasets/sFERNANDO_FLUX29B/images/7775.png",
  "image_width": 640,
  "image_height": 640,
  "ground_truth_class": "fishing boat",
  "grounding_prompt": "boat",
  "timestamp": "2026-05-04T21:52:19.254230",
  "num_detections": 3,
  "detections": [
    {
      "detection_id": 0,
      "class_name": "fishing boat",
      "yolo_class_id": 1,
      "confidence": 0.5341852903366089,
      "bbox_xyxy": [
        529.7186279296875,
        271.3263854980469,
        600.4093017578125,
        385.1841735839844
      ],
      "bbox_yolo": [
        0.8829124569892883,
        0.512898862361908,
        0.11045417934656143,
        0.17790278792381287
      ],
      "bbox_width_px": 70.690673828125,
      "bbox_height_px": 113.8577880859375
    },
    {
      "detection_id": 1,
      "class_name": "fishing boat",
      "yolo_class_id": 1,
      "confidence": 0.3841189444065094,
      "bbox_xyxy": [
        0.15663909912109375,
        341.9590148925781,
        214.17459106445312,
        473.7516784667969
      ],
      "bbox_yolo": [
        0.1674462854862213,
        0.6372739672660828,
        0.33440303802490234,
        0.20592603087425232
      ],
      "bbox_width_px": 214.0179443359375,
      "bbox_height_px": 131.79266357421875
    },
    {
      "detection_id": 2,
      "class_name": "fishing boat",
      "yolo_class_id": 1,
      "confidence": 0.3925703465938568,
      "bbox_xyxy": [
        600.580078125,
        296.3057861328125,
        639.9068603515625,
        381.21014404296875
      ],
      "bbox_yolo": [
        0.9691303968429565,
        0.5293093323707581,
        0.061448097229003906,
        0.1326630562543869
      ],
      "bbox_width_px": 39.3267822265625,
      "bbox_height_px": 84.90435791015625
    }
  ]
}