{
  "index": 7810,
  "dataframe_iter_index": 7810,
  "image_path": "./datasets/sFERNANDO_FLUX29B/images/7810.png",
  "image_width": 640,
  "image_height": 640,
  "ground_truth_class": "fishing boat",
  "grounding_prompt": "boat",
  "timestamp": "2026-05-04T21:52:58.682710",
  "num_detections": 4,
  "detections": [
    {
      "detection_id": 0,
      "class_name": "fishing boat",
      "yolo_class_id": 1,
      "confidence": 0.7579815983772278,
      "bbox_xyxy": [
        236.97866821289062,
        191.2572479248047,
        396.8512268066406,
        500.1563720703125
      ],
      "bbox_yolo": [
        0.49517959356307983,
        0.5401669144630432,
        0.2498008757829666,
        0.482654869556427
      ],
      "bbox_width_px": 159.87255859375,
      "bbox_height_px": 308.89910888671875
    },
    {
      "detection_id": 1,
      "class_name": "fishing boat",
      "yolo_class_id": 1,
      "confidence": 0.7571194767951965,
      "bbox_xyxy": [
        424.85986328125,
        212.90402221679688,
        613.7354736328125,
        495.7363586425781
      ],
      "bbox_yolo": [
        0.8114026188850403,
        0.5536252856254578,
        0.29511815309524536,
        0.4419255256652832
      ],
      "bbox_width_px": 188.8756103515625,
      "bbox_height_px": 282.83233642578125
    },
    {
      "detection_id": 2,
      "class_name": "fishing boat",
      "yolo_class_id": 1,
      "confidence": 0.7761401534080505,
      "bbox_xyxy": [
        19.60113525390625,
        184.30528259277344,
        230.18873596191406,
        493.17730712890625
      ],
      "bbox_yolo": [
        0.19514833390712738,
        0.5292832851409912,
        0.32904312014579773,
        0.4826125204563141
      ],
      "bbox_width_px": 210.5876007080078,
      "bbox_height_px": 308.87200927734375
    },
    {
      "detection_id": 3,
      "class_name": "fishing boat",
      "yolo_class_id": 1,
      "confidence": 0.425200879573822,
      "bbox_xyxy": [
        -0.0057621002197265625,
        376.53564453125,
        53.4892578125,
        484.95367431640625
      ],
      "bbox_yolo": [
        0.041783981025218964,
        0.6730385422706604,
        0.0835859626531601,
        0.16940316557884216
      ],
      "bbox_width_px": 53.495018005371094,
      "bbox_height_px": 108.41802978515625
    }
  ]
}