{
  "index": 7834,
  "dataframe_iter_index": 7834,
  "image_path": "./datasets/sFERNANDO_FLUX29B/images/7834.png",
  "image_width": 640,
  "image_height": 640,
  "ground_truth_class": "fishing boat",
  "grounding_prompt": "boat",
  "timestamp": "2026-05-04T21:53:26.380350",
  "num_detections": 3,
  "detections": [
    {
      "detection_id": 0,
      "class_name": "fishing boat",
      "yolo_class_id": 1,
      "confidence": 0.7703661322593689,
      "bbox_xyxy": [
        230.06044006347656,
        186.01168823242188,
        393.8052978515625,
        501.8562927246094
      ],
      "bbox_yolo": [
        0.48739510774612427,
        0.5373968482017517,
        0.2558513283729553,
        0.4935072064399719
      ],
      "bbox_width_px": 163.74485778808594,
      "bbox_height_px": 315.8446044921875
    },
    {
      "detection_id": 1,
      "class_name": "fishing boat",
      "yolo_class_id": 1,
      "confidence": 0.7749759554862976,
      "bbox_xyxy": [
        420.3624572753906,
        198.8549346923828,
        608.4694213867188,
        507.93896484375
      ],
      "bbox_yolo": [
        0.8037749528884888,
        0.5521827340126038,
        0.29391711950302124,
        0.4829438328742981
      ],
      "bbox_width_px": 188.10696411132812,
      "bbox_height_px": 309.08404541015625
    },
    {
      "detection_id": 2,
      "class_name": "fishing boat",
      "yolo_class_id": 1,
      "confidence": 0.7592524886131287,
      "bbox_xyxy": [
        29.725753784179688,
        187.23577880859375,
        231.4341583251953,
        497.8106689453125
      ],
      "bbox_yolo": [
        0.20403118431568146,
        0.5351925492286682,
        0.31516939401626587,
        0.4852732717990875
      ],
      "bbox_width_px": 201.70840454101562,
      "bbox_height_px": 310.57489013671875
    }
  ]
}