{
  "index": 7840,
  "dataframe_iter_index": 7840,
  "image_path": "./datasets/sFERNANDO_FLUX29B/images/7840.png",
  "image_width": 640,
  "image_height": 640,
  "ground_truth_class": "fishing boat",
  "grounding_prompt": "boat",
  "timestamp": "2026-05-04T21:53:33.335877",
  "num_detections": 1,
  "detections": [
    {
      "detection_id": 0,
      "class_name": "fishing boat",
      "yolo_class_id": 1,
      "confidence": 0.8559404015541077,
      "bbox_xyxy": [
        146.84706115722656,
        247.57113647460938,
        451.39630126953125,
        497.6150817871094
      ],
      "bbox_yolo": [
        0.46737760305404663,
        0.5821767449378967,
        0.475858211517334,
        0.39069366455078125
      ],
      "bbox_width_px": 304.54925537109375,
      "bbox_height_px": 250.0439453125
    }
  ]
}