{
  "index": 7860,
  "dataframe_iter_index": 7860,
  "image_path": "./datasets/sFERNANDO_FLUX29B/images/7860.png",
  "image_width": 640,
  "image_height": 640,
  "ground_truth_class": "fishing boat",
  "grounding_prompt": "boat",
  "timestamp": "2026-05-04T21:53:55.667266",
  "num_detections": 1,
  "detections": [
    {
      "detection_id": 0,
      "class_name": "fishing boat",
      "yolo_class_id": 1,
      "confidence": 0.943324863910675,
      "bbox_xyxy": [
        203.11138916015625,
        219.674072265625,
        401.70892333984375,
        419.11474609375
      ],
      "bbox_yolo": [
        0.47251588106155396,
        0.4990537762641907,
        0.31030863523483276,
        0.31162604689598083
      ],
      "bbox_width_px": 198.5975341796875,
      "bbox_height_px": 199.440673828125
    }
  ]
}