{
  "index": 7876,
  "dataframe_iter_index": 7876,
  "image_path": "./datasets/sFERNANDO_FLUX29B/images/7876.png",
  "image_width": 640,
  "image_height": 640,
  "ground_truth_class": "fishing boat",
  "grounding_prompt": "boat",
  "timestamp": "2026-05-04T21:54:13.651987",
  "num_detections": 1,
  "detections": [
    {
      "detection_id": 0,
      "class_name": "fishing boat",
      "yolo_class_id": 1,
      "confidence": 0.9138548374176025,
      "bbox_xyxy": [
        243.03353881835938,
        193.79518127441406,
        403.4476623535156,
        383.2132568359375
      ],
      "bbox_yolo": [
        0.5050634145736694,
        0.45078784227371216,
        0.25064706802368164,
        0.2959657311439514
      ],
      "bbox_width_px": 160.41412353515625,
      "bbox_height_px": 189.41807556152344
    }
  ]
}