{
  "index": 795,
  "dataframe_iter_index": 795,
  "image_path": "./datasets/sFERNANDO_FLUX29B/images/795.png",
  "image_width": 640,
  "image_height": 640,
  "ground_truth_class": "small boat",
  "grounding_prompt": "boat",
  "timestamp": "2026-05-04T19:35:16.831513",
  "num_detections": 1,
  "detections": [
    {
      "detection_id": 0,
      "class_name": "small boat",
      "yolo_class_id": 9,
      "confidence": 0.4522693157196045,
      "bbox_xyxy": [
        183.52220153808594,
        231.13449096679688,
        386.506103515625,
        410.9444274902344
      ],
      "bbox_yolo": [
        0.44533461332321167,
        0.5016241669654846,
        0.31716233491897583,
        0.2809530198574066
      ],
      "bbox_width_px": 202.98390197753906,
      "bbox_height_px": 179.8099365234375
    }
  ]
}