{
  "index": 8,
  "dataframe_iter_index": 8,
  "image_path": "./datasets/sFERNANDO_FLUX29B/images/8.png",
  "image_width": 640,
  "image_height": 640,
  "ground_truth_class": "tugboat",
  "grounding_prompt": "boat",
  "timestamp": "2026-05-04T19:20:31.251279",
  "num_detections": 1,
  "detections": [
    {
      "detection_id": 0,
      "class_name": "tugboat",
      "yolo_class_id": 11,
      "confidence": 0.908373236656189,
      "bbox_xyxy": [
        140.96766662597656,
        142.8639678955078,
        458.857666015625,
        466.31982421875
      ],
      "bbox_yolo": [
        0.46861353516578674,
        0.4759248197078705,
        0.4967031478881836,
        0.5053998231887817
      ],
      "bbox_width_px": 317.8900146484375,
      "bbox_height_px": 323.45587158203125
    }
  ]
}