{
  "index": 8038,
  "dataframe_iter_index": 8038,
  "image_path": "./datasets/sFERNANDO_FLUX29B/images/8038.png",
  "image_width": 640,
  "image_height": 640,
  "ground_truth_class": "fishing boat",
  "grounding_prompt": "boat",
  "timestamp": "2026-05-04T21:57:15.072294",
  "num_detections": 3,
  "detections": [
    {
      "detection_id": 0,
      "class_name": "fishing boat",
      "yolo_class_id": 1,
      "confidence": 0.5666419863700867,
      "bbox_xyxy": [
        249.32553100585938,
        259.80853271484375,
        392.7249450683594,
        380.18548583984375
      ],
      "bbox_yolo": [
        0.5016019344329834,
        0.49999532103538513,
        0.22406157851219177,
        0.18808898329734802
      ],
      "bbox_width_px": 143.3994140625,
      "bbox_height_px": 120.376953125
    },
    {
      "detection_id": 1,
      "class_name": "fishing boat",
      "yolo_class_id": 1,
      "confidence": 0.7221027612686157,
      "bbox_xyxy": [
        435.96514892578125,
        275.93707275390625,
        554.0261840820312,
        375.2379150390625
      ],
      "bbox_yolo": [
        0.7734307050704956,
        0.5087304711341858,
        0.18447037041187286,
        0.15515756607055664
      ],
      "bbox_width_px": 118.06103515625,
      "bbox_height_px": 99.30084228515625
    },
    {
      "detection_id": 2,
      "class_name": "fishing boat",
      "yolo_class_id": 1,
      "confidence": 0.5204203128814697,
      "bbox_xyxy": [
        48.3419189453125,
        257.85333251953125,
        201.7469482421875,
        372.41558837890625
      ],
      "bbox_yolo": [
        0.19538192451000214,
        0.49239760637283325,
        0.23969535529613495,
        0.1790035218000412
      ],
      "bbox_width_px": 153.405029296875,
      "bbox_height_px": 114.562255859375
    }
  ]
}