{
  "index": 8046,
  "dataframe_iter_index": 8046,
  "image_path": "./datasets/sFERNANDO_FLUX29B/images/8046.png",
  "image_width": 640,
  "image_height": 640,
  "ground_truth_class": "fishing boat",
  "grounding_prompt": "boat",
  "timestamp": "2026-05-04T21:57:24.155289",
  "num_detections": 3,
  "detections": [
    {
      "detection_id": 0,
      "class_name": "fishing boat",
      "yolo_class_id": 1,
      "confidence": 0.6139232516288757,
      "bbox_xyxy": [
        245.1191864013672,
        258.6467590332031,
        387.4730224609375,
        382.4921569824219
      ],
      "bbox_yolo": [
        0.49421268701553345,
        0.500889778137207,
        0.2224278748035431,
        0.19350843131542206
      ],
      "bbox_width_px": 142.3538360595703,
      "bbox_height_px": 123.84539794921875
    },
    {
      "detection_id": 1,
      "class_name": "fishing boat",
      "yolo_class_id": 1,
      "confidence": 0.6577377319335938,
      "bbox_xyxy": [
        50.75007629394531,
        221.81857299804688,
        203.89401245117188,
        373.3673400878906
      ],
      "bbox_yolo": [
        0.1989406943321228,
        0.4649890065193176,
        0.23928740620613098,
        0.23679494857788086
      ],
      "bbox_width_px": 153.14393615722656,
      "bbox_height_px": 151.54876708984375
    },
    {
      "detection_id": 2,
      "class_name": "fishing boat",
      "yolo_class_id": 1,
      "confidence": 0.70262211561203,
      "bbox_xyxy": [
        431.1503601074219,
        271.4045104980469,
        569.0294189453125,
        381.0698547363281
      ],
      "bbox_yolo": [
        0.7813904881477356,
        0.5097455978393555,
        0.21543602645397186,
        0.1713521033525467
      ],
      "bbox_width_px": 137.87905883789062,
      "bbox_height_px": 109.66534423828125
    }
  ]
}