{
  "index": 8064,
  "dataframe_iter_index": 8064,
  "image_path": "./datasets/sFERNANDO_FLUX29B/images/8064.png",
  "image_width": 640,
  "image_height": 640,
  "ground_truth_class": "fishing boat",
  "grounding_prompt": "boat",
  "timestamp": "2026-05-04T21:57:44.859150",
  "num_detections": 1,
  "detections": [
    {
      "detection_id": 0,
      "class_name": "fishing boat",
      "yolo_class_id": 1,
      "confidence": 0.8797377943992615,
      "bbox_xyxy": [
        205.33221435546875,
        140.15328979492188,
        454.1171875,
        452.0015563964844
      ],
      "bbox_yolo": [
        0.515194833278656,
        0.46262097358703613,
        0.38872653245925903,
        0.48726290464401245
      ],
      "bbox_width_px": 248.78497314453125,
      "bbox_height_px": 311.8482666015625
    }
  ]
}