{
  "index": 8066,
  "dataframe_iter_index": 8066,
  "image_path": "./datasets/sFERNANDO_FLUX29B/images/8066.png",
  "image_width": 640,
  "image_height": 640,
  "ground_truth_class": "fishing boat",
  "grounding_prompt": "boat",
  "timestamp": "2026-05-04T21:57:47.157460",
  "num_detections": 3,
  "detections": [
    {
      "detection_id": 0,
      "class_name": "fishing boat",
      "yolo_class_id": 1,
      "confidence": 0.6693757772445679,
      "bbox_xyxy": [
        30.609725952148438,
        257.74224853515625,
        202.8983917236328,
        395.9010009765625
      ],
      "bbox_yolo": [
        0.18242821097373962,
        0.5106588006019592,
        0.26920104026794434,
        0.21587304770946503
      ],
      "bbox_width_px": 172.28866577148438,
      "bbox_height_px": 138.15875244140625
    },
    {
      "detection_id": 1,
      "class_name": "fishing boat",
      "yolo_class_id": 1,
      "confidence": 0.4556284248828888,
      "bbox_xyxy": [
        243.286865234375,
        194.48953247070312,
        386.1239013671875,
        409.0721740722656
      ],
      "bbox_yolo": [
        0.49172717332839966,
        0.47153258323669434,
        0.22318287193775177,
        0.33528536558151245
      ],
      "bbox_width_px": 142.8370361328125,
      "bbox_height_px": 214.5826416015625
    },
    {
      "detection_id": 2,
      "class_name": "fishing boat",
      "yolo_class_id": 1,
      "confidence": 0.4044716954231262,
      "bbox_xyxy": [
        431.808349609375,
        209.22320556640625,
        597.2542724609375,
        407.69512939453125
      ],
      "bbox_yolo": [
        0.8039551973342896,
        0.4819674491882324,
        0.25850924849510193,
        0.3101123869419098
      ],
      "bbox_width_px": 165.4459228515625,
      "bbox_height_px": 198.471923828125
    }
  ]
}