{
  "index": 8090,
  "dataframe_iter_index": 8090,
  "image_path": "./datasets/sFERNANDO_FLUX29B/images/8090.png",
  "image_width": 640,
  "image_height": 640,
  "ground_truth_class": "fishing boat",
  "grounding_prompt": "boat",
  "timestamp": "2026-05-04T21:58:13.972055",
  "num_detections": 3,
  "detections": [
    {
      "detection_id": 0,
      "class_name": "fishing boat",
      "yolo_class_id": 1,
      "confidence": 0.5399869680404663,
      "bbox_xyxy": [
        76.02896118164062,
        193.07781982421875,
        195.71377563476562,
        370.57696533203125
      ],
      "bbox_yolo": [
        0.21229901909828186,
        0.4403553009033203,
        0.18700751662254333,
        0.27734240889549255
      ],
      "bbox_width_px": 119.684814453125,
      "bbox_height_px": 177.4991455078125
    },
    {
      "detection_id": 1,
      "class_name": "fishing boat",
      "yolo_class_id": 1,
      "confidence": 0.4082653224468231,
      "bbox_xyxy": [
        434.0489196777344,
        267.151123046875,
        564.1375732421875,
        375.74163818359375
      ],
      "bbox_yolo": [
        0.779833197593689,
        0.5022599697113037,
        0.203263521194458,
        0.16967268288135529
      ],
      "bbox_width_px": 130.08865356445312,
      "bbox_height_px": 108.59051513671875
    },
    {
      "detection_id": 2,
      "class_name": "fishing boat",
      "yolo_class_id": 1,
      "confidence": 0.4743093252182007,
      "bbox_xyxy": [
        247.62400817871094,
        197.82806396484375,
        384.389892578125,
        375.63336181640625
      ],
      "bbox_yolo": [
        0.493760883808136,
        0.4480167329311371,
        0.21369668841362,
        0.27782076597213745
      ],
      "bbox_width_px": 136.76588439941406,
      "bbox_height_px": 177.8052978515625
    }
  ]
}