{
  "index": 8094,
  "dataframe_iter_index": 8094,
  "image_path": "./datasets/sFERNANDO_FLUX29B/images/8094.png",
  "image_width": 640,
  "image_height": 640,
  "ground_truth_class": "fishing boat",
  "grounding_prompt": "boat",
  "timestamp": "2026-05-04T21:58:18.473695",
  "num_detections": 3,
  "detections": [
    {
      "detection_id": 0,
      "class_name": "fishing boat",
      "yolo_class_id": 1,
      "confidence": 0.7127639055252075,
      "bbox_xyxy": [
        264.9767761230469,
        191.7724609375,
        377.1650085449219,
        371.137451171875
      ],
      "bbox_yolo": [
        0.5016732811927795,
        0.4397733807563782,
        0.17529411613941193,
        0.28025779128074646
      ],
      "bbox_width_px": 112.188232421875,
      "bbox_height_px": 179.364990234375
    },
    {
      "detection_id": 1,
      "class_name": "fishing boat",
      "yolo_class_id": 1,
      "confidence": 0.697765052318573,
      "bbox_xyxy": [
        80.95887756347656,
        186.78421020507812,
        199.79151916503906,
        369.2319030761719
      ],
      "bbox_yolo": [
        0.21933624148368835,
        0.43438759446144104,
        0.18567600846290588,
        0.28507453203201294
      ],
      "bbox_width_px": 118.8326416015625,
      "bbox_height_px": 182.44769287109375
    },
    {
      "detection_id": 2,
      "class_name": "fishing boat",
      "yolo_class_id": 1,
      "confidence": 0.492052286863327,
      "bbox_xyxy": [
        432.9653625488281,
        203.2785186767578,
        564.630126953125,
        366.85675048828125
      ],
      "bbox_yolo": [
        0.779371440410614,
        0.44541817903518677,
        0.20572619140148163,
        0.2555909752845764
      ],
      "bbox_width_px": 131.66476440429688,
      "bbox_height_px": 163.57823181152344
    }
  ]
}