{
  "index": 8124,
  "dataframe_iter_index": 8124,
  "image_path": "./datasets/sFERNANDO_FLUX29B/images/8124.png",
  "image_width": 640,
  "image_height": 640,
  "ground_truth_class": "fishing boat",
  "grounding_prompt": "boat",
  "timestamp": "2026-05-04T21:58:52.271538",
  "num_detections": 1,
  "detections": [
    {
      "detection_id": 0,
      "class_name": "fishing boat",
      "yolo_class_id": 1,
      "confidence": 0.9147842526435852,
      "bbox_xyxy": [
        219.92665100097656,
        189.00135803222656,
        403.6568603515625,
        427.59356689453125
      ],
      "bbox_yolo": [
        0.4871746003627777,
        0.48171478509902954,
        0.2870784401893616,
        0.3728003203868866
      ],
      "bbox_width_px": 183.73020935058594,
      "bbox_height_px": 238.5922088623047
    }
  ]
}