{
  "index": 8143,
  "dataframe_iter_index": 8143,
  "image_path": "./datasets/sFERNANDO_FLUX29B/images/8143.png",
  "image_width": 640,
  "image_height": 640,
  "ground_truth_class": "fishing boat",
  "grounding_prompt": "boat",
  "timestamp": "2026-05-04T21:59:13.835485",
  "num_detections": 1,
  "detections": [
    {
      "detection_id": 0,
      "class_name": "fishing boat",
      "yolo_class_id": 1,
      "confidence": 0.8570958375930786,
      "bbox_xyxy": [
        185.20323181152344,
        88.220947265625,
        410.164794921875,
        461.22222900390625
      ],
      "bbox_yolo": [
        0.4651312828063965,
        0.4292524755001068,
        0.3515024483203888,
        0.5828145146369934
      ],
      "bbox_width_px": 224.96156311035156,
      "bbox_height_px": 373.00128173828125
    }
  ]
}