{
  "index": 8155,
  "dataframe_iter_index": 8155,
  "image_path": "./datasets/sFERNANDO_FLUX29B/images/8155.png",
  "image_width": 640,
  "image_height": 640,
  "ground_truth_class": "fishing boat",
  "grounding_prompt": "boat",
  "timestamp": "2026-05-04T21:59:27.255310",
  "num_detections": 1,
  "detections": [
    {
      "detection_id": 0,
      "class_name": "fishing boat",
      "yolo_class_id": 1,
      "confidence": 0.8660681843757629,
      "bbox_xyxy": [
        134.9166717529297,
        101.97053527832031,
        453.63360595703125,
        473.55902099609375
      ],
      "bbox_yolo": [
        0.4598049223423004,
        0.449632465839386,
        0.49799519777297974,
        0.5806070566177368
      ],
      "bbox_width_px": 318.7169189453125,
      "bbox_height_px": 371.5885009765625
    }
  ]
}