{
  "index": 8158,
  "dataframe_iter_index": 8158,
  "image_path": "./datasets/sFERNANDO_FLUX29B/images/8158.png",
  "image_width": 640,
  "image_height": 640,
  "ground_truth_class": "fishing boat",
  "grounding_prompt": "boat",
  "timestamp": "2026-05-04T21:59:30.661860",
  "num_detections": 3,
  "detections": [
    {
      "detection_id": 0,
      "class_name": "fishing boat",
      "yolo_class_id": 1,
      "confidence": 0.797516405582428,
      "bbox_xyxy": [
        35.71803283691406,
        161.6803741455078,
        216.44244384765625,
        398.23779296875
      ],
      "bbox_yolo": [
        0.19700036942958832,
        0.437436044216156,
        0.28238189220428467,
        0.3696209788322449
      ],
      "bbox_width_px": 180.7244110107422,
      "bbox_height_px": 236.5574188232422
    },
    {
      "detection_id": 1,
      "class_name": "fishing boat",
      "yolo_class_id": 1,
      "confidence": 0.7349146604537964,
      "bbox_xyxy": [
        244.22305297851562,
        184.0693359375,
        383.0241394042969,
        414.05804443359375
      ],
      "bbox_yolo": [
        0.49003687500953674,
        0.46728700399398804,
        0.21687670052051544,
        0.3593573570251465
      ],
      "bbox_width_px": 138.80108642578125,
      "bbox_height_px": 229.98870849609375
    },
    {
      "detection_id": 2,
      "class_name": "fishing boat",
      "yolo_class_id": 1,
      "confidence": 0.47428035736083984,
      "bbox_xyxy": [
        434.52288818359375,
        204.58682250976562,
        564.8164672851562,
        387.2116394042969
      ],
      "bbox_yolo": [
        0.7807338833808899,
        0.4623425602912903,
        0.2035837173461914,
        0.2853512763977051
      ],
      "bbox_width_px": 130.2935791015625,
      "bbox_height_px": 182.62481689453125
    }
  ]
}