{
  "index": 8196,
  "dataframe_iter_index": 8196,
  "image_path": "./datasets/sFERNANDO_FLUX29B/images/8196.png",
  "image_width": 640,
  "image_height": 640,
  "ground_truth_class": "fishing boat",
  "grounding_prompt": "boat",
  "timestamp": "2026-05-04T22:00:13.985030",
  "num_detections": 1,
  "detections": [
    {
      "detection_id": 0,
      "class_name": "fishing boat",
      "yolo_class_id": 1,
      "confidence": 0.9136825203895569,
      "bbox_xyxy": [
        206.15142822265625,
        166.65040588378906,
        405.99005126953125,
        427.01849365234375
      ],
      "bbox_yolo": [
        0.47823554277420044,
        0.46380382776260376,
        0.3122478425502777,
        0.40682515501976013
      ],
      "bbox_width_px": 199.838623046875,
      "bbox_height_px": 260.36810302734375
    }
  ]
}