{
  "index": 8214,
  "dataframe_iter_index": 8214,
  "image_path": "./datasets/sFERNANDO_FLUX29B/images/8214.png",
  "image_width": 640,
  "image_height": 640,
  "ground_truth_class": "fishing boat",
  "grounding_prompt": "boat",
  "timestamp": "2026-05-04T22:00:34.501499",
  "num_detections": 3,
  "detections": [
    {
      "detection_id": 0,
      "class_name": "fishing boat",
      "yolo_class_id": 1,
      "confidence": 0.7073183655738831,
      "bbox_xyxy": [
        252.7996368408203,
        233.54153442382812,
        382.128662109375,
        380.0767517089844
      ],
      "bbox_yolo": [
        0.49603772163391113,
        0.4793892800807953,
        0.20207659900188446,
        0.2289612740278244
      ],
      "bbox_width_px": 129.3290252685547,
      "bbox_height_px": 146.53521728515625
    },
    {
      "detection_id": 1,
      "class_name": "fishing boat",
      "yolo_class_id": 1,
      "confidence": 0.6597061157226562,
      "bbox_xyxy": [
        432.0257873535156,
        257.1517333984375,
        546.4912719726562,
        372.065185546875
      ],
      "bbox_yolo": [
        0.7644664645195007,
        0.4915757179260254,
        0.17885231971740723,
        0.17955227196216583
      ],
      "bbox_width_px": 114.46548461914062,
      "bbox_height_px": 114.9134521484375
    },
    {
      "detection_id": 2,
      "class_name": "fishing boat",
      "yolo_class_id": 1,
      "confidence": 0.7050116658210754,
      "bbox_xyxy": [
        92.58123779296875,
        237.2105712890625,
        202.24285888671875,
        367.04742431640625
      ],
      "bbox_yolo": [
        0.23033133149147034,
        0.47207656502723694,
        0.1713462769985199,
        0.20287008583545685
      ],
      "bbox_width_px": 109.66162109375,
      "bbox_height_px": 129.83685302734375
    }
  ]
}