{
  "index": 8240,
  "dataframe_iter_index": 8240,
  "image_path": "./datasets/sFERNANDO_FLUX29B/images/8240.png",
  "image_width": 640,
  "image_height": 640,
  "ground_truth_class": "fishing boat",
  "grounding_prompt": "boat",
  "timestamp": "2026-05-04T22:01:03.985690",
  "num_detections": 1,
  "detections": [
    {
      "detection_id": 0,
      "class_name": "fishing boat",
      "yolo_class_id": 1,
      "confidence": 0.5553312301635742,
      "bbox_xyxy": [
        204.02716064453125,
        243.26712036132812,
        403.51177978515625,
        430.9134826660156
      ],
      "bbox_yolo": [
        0.47463980317115784,
        0.5267035961151123,
        0.3116947114467621,
        0.2931974530220032
      ],
      "bbox_width_px": 199.484619140625,
      "bbox_height_px": 187.6463623046875
    }
  ]
}