{
  "index": 8251,
  "dataframe_iter_index": 8251,
  "image_path": "./datasets/sFERNANDO_FLUX29B/images/8251.png",
  "image_width": 640,
  "image_height": 640,
  "ground_truth_class": "fishing boat",
  "grounding_prompt": "boat",
  "timestamp": "2026-05-04T22:01:16.550793",
  "num_detections": 1,
  "detections": [
    {
      "detection_id": 0,
      "class_name": "fishing boat",
      "yolo_class_id": 1,
      "confidence": 0.9393044710159302,
      "bbox_xyxy": [
        202.91195678710938,
        180.6934356689453,
        403.2189025878906,
        433.3958740234375
      ],
      "bbox_yolo": [
        0.4735397398471832,
        0.47975724935531616,
        0.3129796087741852,
        0.394847571849823
      ],
      "bbox_width_px": 200.30694580078125,
      "bbox_height_px": 252.7024383544922
    }
  ]
}