{
  "index": 8275,
  "dataframe_iter_index": 8275,
  "image_path": "./datasets/sFERNANDO_FLUX29B/images/8275.png",
  "image_width": 640,
  "image_height": 640,
  "ground_truth_class": "fishing boat",
  "grounding_prompt": "boat",
  "timestamp": "2026-05-04T22:01:43.859428",
  "num_detections": 1,
  "detections": [
    {
      "detection_id": 0,
      "class_name": "fishing boat",
      "yolo_class_id": 1,
      "confidence": 0.8807233572006226,
      "bbox_xyxy": [
        256.14764404296875,
        251.99172973632812,
        401.45904541015625,
        379.2720642089844
      ],
      "bbox_yolo": [
        0.513755202293396,
        0.49317485094070435,
        0.2270490676164627,
        0.1988755166530609
      ],
      "bbox_width_px": 145.3114013671875,
      "bbox_height_px": 127.28033447265625
    }
  ]
}