{
  "index": 8365,
  "dataframe_iter_index": 8365,
  "image_path": "./datasets/sFERNANDO_FLUX29B/images/8365.png",
  "image_width": 640,
  "image_height": 640,
  "ground_truth_class": "fishing boat",
  "grounding_prompt": "boat",
  "timestamp": "2026-05-04T22:03:25.466697",
  "num_detections": 2,
  "detections": [
    {
      "detection_id": 0,
      "class_name": "fishing boat",
      "yolo_class_id": 1,
      "confidence": 0.790520966053009,
      "bbox_xyxy": [
        52.24479675292969,
        257.9592590332031,
        254.7307586669922,
        519.53662109375
      ],
      "bbox_yolo": [
        0.23982465267181396,
        0.6074186563491821,
        0.31638431549072266,
        0.40871462225914
      ],
      "bbox_width_px": 202.4859619140625,
      "bbox_height_px": 261.5773620605469
    },
    {
      "detection_id": 1,
      "class_name": "fishing boat",
      "yolo_class_id": 1,
      "confidence": 0.8343786597251892,
      "bbox_xyxy": [
        359.9649963378906,
        260.755615234375,
        571.1841430664062,
        528.7139282226562
      ],
      "bbox_yolo": [
        0.7274602651596069,
        0.6167730689048767,
        0.3300299048423767,
        0.41868487000465393
      ],
      "bbox_width_px": 211.21914672851562,
      "bbox_height_px": 267.95831298828125
    }
  ]
}