{
  "index": 8368,
  "dataframe_iter_index": 8368,
  "image_path": "./datasets/sFERNANDO_FLUX29B/images/8368.png",
  "image_width": 640,
  "image_height": 640,
  "ground_truth_class": "fishing boat",
  "grounding_prompt": "boat",
  "timestamp": "2026-05-04T22:03:28.841319",
  "num_detections": 1,
  "detections": [
    {
      "detection_id": 0,
      "class_name": "fishing boat",
      "yolo_class_id": 1,
      "confidence": 0.5094449520111084,
      "bbox_xyxy": [
        144.07200622558594,
        253.227783203125,
        452.8436279296875,
        527.7996826171875
      ],
      "bbox_yolo": [
        0.4663403630256653,
        0.6101776957511902,
        0.48245564103126526,
        0.4290185868740082
      ],
      "bbox_width_px": 308.7716064453125,
      "bbox_height_px": 274.5718994140625
    }
  ]
}