{
  "index": 8376,
  "dataframe_iter_index": 8376,
  "image_path": "./datasets/sFERNANDO_FLUX29B/images/8376.png",
  "image_width": 640,
  "image_height": 640,
  "ground_truth_class": "fishing boat",
  "grounding_prompt": "boat",
  "timestamp": "2026-05-04T22:03:37.770691",
  "num_detections": 1,
  "detections": [
    {
      "detection_id": 0,
      "class_name": "fishing boat",
      "yolo_class_id": 1,
      "confidence": 0.9237239956855774,
      "bbox_xyxy": [
        133.50677490234375,
        289.21978759765625,
        455.01446533203125,
        518.8016967773438
      ],
      "bbox_yolo": [
        0.459782212972641,
        0.6312667727470398,
        0.5023557543754578,
        0.3587217330932617
      ],
      "bbox_width_px": 321.5076904296875,
      "bbox_height_px": 229.5819091796875
    }
  ]
}