{
  "index": 8388,
  "dataframe_iter_index": 8388,
  "image_path": "./datasets/sFERNANDO_FLUX29B/images/8388.png",
  "image_width": 640,
  "image_height": 640,
  "ground_truth_class": "fishing boat",
  "grounding_prompt": "boat",
  "timestamp": "2026-05-04T22:03:51.343119",
  "num_detections": 1,
  "detections": [
    {
      "detection_id": 0,
      "class_name": "fishing boat",
      "yolo_class_id": 1,
      "confidence": 0.9023475646972656,
      "bbox_xyxy": [
        189.1917724609375,
        151.96946716308594,
        396.6710205078125,
        434.9818115234375
      ],
      "bbox_yolo": [
        0.4577053189277649,
        0.4585556983947754,
        0.3241863250732422,
        0.4422067701816559
      ],
      "bbox_width_px": 207.479248046875,
      "bbox_height_px": 283.0123291015625
    }
  ]
}