{
  "index": 8416,
  "dataframe_iter_index": 8416,
  "image_path": "./datasets/sFERNANDO_FLUX29B/images/8416.png",
  "image_width": 640,
  "image_height": 640,
  "ground_truth_class": "fishing boat",
  "grounding_prompt": "boat",
  "timestamp": "2026-05-04T22:04:22.694072",
  "num_detections": 1,
  "detections": [
    {
      "detection_id": 0,
      "class_name": "fishing boat",
      "yolo_class_id": 1,
      "confidence": 0.419103741645813,
      "bbox_xyxy": [
        198.78030395507812,
        43.36676025390625,
        415.7914733886719,
        467.33843994140625
      ],
      "bbox_yolo": [
        0.48013418912887573,
        0.39898842573165894,
        0.33907994627952576,
        0.6624557375907898
      ],
      "bbox_width_px": 217.01116943359375,
      "bbox_height_px": 423.9716796875
    }
  ]
}