{
  "index": 8463,
  "dataframe_iter_index": 8463,
  "image_path": "./datasets/sFERNANDO_FLUX29B/images/8463.png",
  "image_width": 640,
  "image_height": 640,
  "ground_truth_class": "human powered boat",
  "grounding_prompt": "boat",
  "timestamp": "2026-05-04T22:05:18.674608",
  "num_detections": 4,
  "detections": [
    {
      "detection_id": 0,
      "class_name": "human powered boat",
      "yolo_class_id": 2,
      "confidence": 0.7789129614830017,
      "bbox_xyxy": [
        138.8432159423828,
        385.9842224121094,
        452.55010986328125,
        481.1496887207031
      ],
      "bbox_yolo": [
        0.46202602982521057,
        0.6774483919143677,
        0.4901670515537262,
        0.14869603514671326
      ],
      "bbox_width_px": 313.7069091796875,
      "bbox_height_px": 95.16546630859375
    },
    {
      "detection_id": 1,
      "class_name": "human powered boat",
      "yolo_class_id": 2,
      "confidence": 0.5478415489196777,
      "bbox_xyxy": [
        572.7967529296875,
        309.59326171875,
        639.824951171875,
        358.786376953125
      ],
      "bbox_yolo": [
        0.9473606944084167,
        0.5221716165542603,
        0.10473155975341797,
        0.07686424255371094
      ],
      "bbox_width_px": 67.0281982421875,
      "bbox_height_px": 49.193115234375
    },
    {
      "detection_id": 2,
      "class_name": "human powered boat",
      "yolo_class_id": 2,
      "confidence": 0.45108386874198914,
      "bbox_xyxy": [
        13.735649108886719,
        344.2583923339844,
        88.92940521240234,
        358.9532775878906
      ],
      "bbox_yolo": [
        0.08020707219839096,
        0.5493841171264648,
        0.1174902468919754,
        0.022960757836699486
      ],
      "bbox_width_px": 75.19375610351562,
      "bbox_height_px": 14.69488525390625
    },
    {
      "detection_id": 3,
      "class_name": "human powered boat",
      "yolo_class_id": 2,
      "confidence": 0.4199041724205017,
      "bbox_xyxy": [
        0.14623260498046875,
        329.5251770019531,
        147.47381591796875,
        391.5904235839844
      ],
      "bbox_yolo": [
        0.11532817035913467,
        0.5633715391159058,
        0.23019933700561523,
        0.09697695076465607
      ],
      "bbox_width_px": 147.32757568359375,
      "bbox_height_px": 62.06524658203125
    }
  ]
}