{
  "index": 8473,
  "dataframe_iter_index": 8473,
  "image_path": "./datasets/sFERNANDO_FLUX29B/images/8473.png",
  "image_width": 640,
  "image_height": 640,
  "ground_truth_class": "human powered boat",
  "grounding_prompt": "boat",
  "timestamp": "2026-05-04T22:05:30.649090",
  "num_detections": 4,
  "detections": [
    {
      "detection_id": 0,
      "class_name": "human powered boat",
      "yolo_class_id": 2,
      "confidence": 0.7096577882766724,
      "bbox_xyxy": [
        328.01416015625,
        344.0754089355469,
        508.8603515625,
        384.8277893066406
      ],
      "bbox_yolo": [
        0.6538082361221313,
        0.569455623626709,
        0.2825721800327301,
        0.06367559731006622
      ],
      "bbox_width_px": 180.84619140625,
      "bbox_height_px": 40.75238037109375
    },
    {
      "detection_id": 1,
      "class_name": "human powered boat",
      "yolo_class_id": 2,
      "confidence": 0.7518191337585449,
      "bbox_xyxy": [
        44.28221130371094,
        371.0245666503906,
        314.9307861328125,
        462.7755432128906
      ],
      "bbox_yolo": [
        0.28063517808914185,
        0.6514063477516174,
        0.4228883683681488,
        0.143360897898674
      ],
      "bbox_width_px": 270.6485595703125,
      "bbox_height_px": 91.7509765625
    },
    {
      "detection_id": 2,
      "class_name": "human powered boat",
      "yolo_class_id": 2,
      "confidence": 0.35515296459198,
      "bbox_xyxy": [
        371.2553405761719,
        299.24005126953125,
        407.1571350097656,
        316.0416259765625
      ],
      "bbox_yolo": [
        0.6081347465515137,
        0.48068881034851074,
        0.056096553802490234,
        0.02625245973467827
      ],
      "bbox_width_px": 35.90179443359375,
      "bbox_height_px": 16.80157470703125
    },
    {
      "detection_id": 3,
      "class_name": "human powered boat",
      "yolo_class_id": 2,
      "confidence": 0.36444157361984253,
      "bbox_xyxy": [
        97.58158111572266,
        305.4482421875,
        254.74737548828125,
        333.69873046875
      ],
      "bbox_yolo": [
        0.2752569913864136,
        0.49933356046676636,
        0.245571568608284,
        0.044141389429569244
      ],
      "bbox_width_px": 157.16580200195312,
      "bbox_height_px": 28.25048828125
    }
  ]
}