{
  "index": 8530,
  "dataframe_iter_index": 8530,
  "image_path": "./datasets/sFERNANDO_FLUX29B/images/8530.png",
  "image_width": 640,
  "image_height": 640,
  "ground_truth_class": "human powered boat",
  "grounding_prompt": "boat",
  "timestamp": "2026-05-04T22:06:39.070749",
  "num_detections": 3,
  "detections": [
    {
      "detection_id": 0,
      "class_name": "human powered boat",
      "yolo_class_id": 2,
      "confidence": 0.5525875091552734,
      "bbox_xyxy": [
        24.282974243164062,
        292.3854675292969,
        208.8661651611328,
        422.6205749511719
      ],
      "bbox_yolo": [
        0.1821477711200714,
        0.5585984587669373,
        0.2884112298488617,
        0.20349235832691193
      ],
      "bbox_width_px": 184.58319091796875,
      "bbox_height_px": 130.235107421875
    },
    {
      "detection_id": 1,
      "class_name": "human powered boat",
      "yolo_class_id": 2,
      "confidence": 0.5698876976966858,
      "bbox_xyxy": [
        236.6404266357422,
        299.1853332519531,
        392.70050048828125,
        430.0588073730469
      ],
      "bbox_yolo": [
        0.4916726052761078,
        0.5697219967842102,
        0.24384386837482452,
        0.2044897973537445
      ],
      "bbox_width_px": 156.06007385253906,
      "bbox_height_px": 130.87347412109375
    },
    {
      "detection_id": 2,
      "class_name": "human powered boat",
      "yolo_class_id": 2,
      "confidence": 0.5175670981407166,
      "bbox_xyxy": [
        427.0744323730469,
        301.49676513671875,
        591.5792236328125,
        406.17791748046875
      ],
      "bbox_yolo": [
        0.7958232164382935,
        0.5528708696365356,
        0.25703874230384827,
        0.1635642945766449
      ],
      "bbox_width_px": 164.50479125976562,
      "bbox_height_px": 104.68115234375
    }
  ]
}