{
  "index": 8566,
  "dataframe_iter_index": 8566,
  "image_path": "./datasets/sFERNANDO_FLUX29B/images/8566.png",
  "image_width": 640,
  "image_height": 640,
  "ground_truth_class": "human powered boat",
  "grounding_prompt": "boat",
  "timestamp": "2026-05-04T22:07:20.165237",
  "num_detections": 3,
  "detections": [
    {
      "detection_id": 0,
      "class_name": "human powered boat",
      "yolo_class_id": 2,
      "confidence": 0.786274790763855,
      "bbox_xyxy": [
        238.59405517578125,
        338.6058044433594,
        394.68572998046875,
        437.2507629394531
      ],
      "bbox_yolo": [
        0.49474984407424927,
        0.6061379313468933,
        0.24389323592185974,
        0.15413275361061096
      ],
      "bbox_width_px": 156.0916748046875,
      "bbox_height_px": 98.64495849609375
    },
    {
      "detection_id": 1,
      "class_name": "human powered boat",
      "yolo_class_id": 2,
      "confidence": 0.7642362713813782,
      "bbox_xyxy": [
        385.0428771972656,
        342.5311584472656,
        584.8696899414062,
        408.8650817871094
      ],
      "bbox_yolo": [
        0.7577441930770874,
        0.5870283246040344,
        0.3122293949127197,
        0.10364675521850586
      ],
      "bbox_width_px": 199.82681274414062,
      "bbox_height_px": 66.33392333984375
    },
    {
      "detection_id": 2,
      "class_name": "human powered boat",
      "yolo_class_id": 2,
      "confidence": 0.8057754039764404,
      "bbox_xyxy": [
        41.84678649902344,
        346.57720947265625,
        229.48387145996094,
        447.82354736328125
      ],
      "bbox_yolo": [
        0.21197707951068878,
        0.6206256151199341,
        0.29318293929100037,
        0.15819740295410156
      ],
      "bbox_width_px": 187.6370849609375,
      "bbox_height_px": 101.246337890625
    }
  ]
}