{
  "index": 8618,
  "dataframe_iter_index": 8618,
  "image_path": "./datasets/sFERNANDO_FLUX29B/images/8618.png",
  "image_width": 640,
  "image_height": 640,
  "ground_truth_class": "human powered boat",
  "grounding_prompt": "boat",
  "timestamp": "2026-05-04T22:08:21.305292",
  "num_detections": 3,
  "detections": [
    {
      "detection_id": 0,
      "class_name": "human powered boat",
      "yolo_class_id": 2,
      "confidence": 0.7674001455307007,
      "bbox_xyxy": [
        29.402000427246094,
        322.0338439941406,
        201.99349975585938,
        425.0787048339844
      ],
      "bbox_yolo": [
        0.18077774345874786,
        0.5836817026138306,
        0.2696742117404938,
        0.1610075980424881
      ],
      "bbox_width_px": 172.59149169921875,
      "bbox_height_px": 103.04486083984375
    },
    {
      "detection_id": 1,
      "class_name": "human powered boat",
      "yolo_class_id": 2,
      "confidence": 0.778631329536438,
      "bbox_xyxy": [
        247.9896240234375,
        302.8697204589844,
        377.7979736328125,
        431.2233581542969
      ],
      "bbox_yolo": [
        0.48889654874801636,
        0.5735102295875549,
        0.20282554626464844,
        0.2005525529384613
      ],
      "bbox_width_px": 129.808349609375,
      "bbox_height_px": 128.3536376953125
    },
    {
      "detection_id": 2,
      "class_name": "human powered boat",
      "yolo_class_id": 2,
      "confidence": 0.7673494815826416,
      "bbox_xyxy": [
        427.65875244140625,
        321.1668395996094,
        594.554931640625,
        414.3354187011719
      ],
      "bbox_yolo": [
        0.798604428768158,
        0.5746111273765564,
        0.26077526807785034,
        0.14557591080665588
      ],
      "bbox_width_px": 166.89617919921875,
      "bbox_height_px": 93.1685791015625
    }
  ]
}