{
  "index": 8619,
  "dataframe_iter_index": 8619,
  "image_path": "./datasets/sFERNANDO_FLUX29B/images/8619.png",
  "image_width": 640,
  "image_height": 640,
  "ground_truth_class": "human powered boat",
  "grounding_prompt": "boat",
  "timestamp": "2026-05-04T22:08:22.389035",
  "num_detections": 1,
  "detections": [
    {
      "detection_id": 0,
      "class_name": "human powered boat",
      "yolo_class_id": 2,
      "confidence": 0.9472090005874634,
      "bbox_xyxy": [
        139.13819885253906,
        278.0381774902344,
        475.34979248046875,
        408.4430236816406
      ],
      "bbox_yolo": [
        0.48006874322891235,
        0.5363134145736694,
        0.525330662727356,
        0.20375756919384003
      ],
      "bbox_width_px": 336.21160888671875,
      "bbox_height_px": 130.40484619140625
    }
  ]
}