{
  "index": 8627,
  "dataframe_iter_index": 8627,
  "image_path": "./datasets/sFERNANDO_FLUX29B/images/8627.png",
  "image_width": 640,
  "image_height": 640,
  "ground_truth_class": "human powered boat",
  "grounding_prompt": "boat",
  "timestamp": "2026-05-04T22:08:31.374366",
  "num_detections": 1,
  "detections": [
    {
      "detection_id": 0,
      "class_name": "human powered boat",
      "yolo_class_id": 2,
      "confidence": 0.936214029788971,
      "bbox_xyxy": [
        182.87136840820312,
        325.8283386230469,
        461.8725891113281,
        429.5628356933594
      ],
      "bbox_yolo": [
        0.5037062168121338,
        0.5901493430137634,
        0.43593940138816833,
        0.1620851457118988
      ],
      "bbox_width_px": 279.001220703125,
      "bbox_height_px": 103.7344970703125
    }
  ]
}