{
  "index": 8628,
  "dataframe_iter_index": 8628,
  "image_path": "./datasets/sFERNANDO_FLUX29B/images/8628.png",
  "image_width": 640,
  "image_height": 640,
  "ground_truth_class": "human powered boat",
  "grounding_prompt": "boat",
  "timestamp": "2026-05-04T22:08:32.457967",
  "num_detections": 1,
  "detections": [
    {
      "detection_id": 0,
      "class_name": "human powered boat",
      "yolo_class_id": 2,
      "confidence": 0.9548936486244202,
      "bbox_xyxy": [
        201.58494567871094,
        303.02593994140625,
        399.81231689453125,
        424.11468505859375
      ],
      "bbox_yolo": [
        0.4698416292667389,
        0.5680786371231079,
        0.30973026156425476,
        0.18920116126537323
      ],
      "bbox_width_px": 198.2273712158203,
      "bbox_height_px": 121.0887451171875
    }
  ]
}