{
  "index": 8632,
  "dataframe_iter_index": 8632,
  "image_path": "./datasets/sFERNANDO_FLUX29B/images/8632.png",
  "image_width": 640,
  "image_height": 640,
  "ground_truth_class": "human powered boat",
  "grounding_prompt": "boat",
  "timestamp": "2026-05-04T22:08:36.908320",
  "num_detections": 1,
  "detections": [
    {
      "detection_id": 0,
      "class_name": "human powered boat",
      "yolo_class_id": 2,
      "confidence": 0.939798891544342,
      "bbox_xyxy": [
        46.2392578125,
        311.228759765625,
        483.1029052734375,
        507.476318359375
      ],
      "bbox_yolo": [
        0.4135485589504242,
        0.6396133303642273,
        0.6825994253158569,
        0.3066368103027344
      ],
      "bbox_width_px": 436.8636474609375,
      "bbox_height_px": 196.24755859375
    }
  ]
}