{
  "index": 866,
  "dataframe_iter_index": 866,
  "image_path": "./datasets/sFERNANDO_FLUX29B/images/866.png",
  "image_width": 640,
  "image_height": 640,
  "ground_truth_class": "small boat",
  "grounding_prompt": "boat",
  "timestamp": "2026-05-04T19:36:42.117268",
  "num_detections": 4,
  "detections": [
    {
      "detection_id": 0,
      "class_name": "small boat",
      "yolo_class_id": 9,
      "confidence": 0.8182187080383301,
      "bbox_xyxy": [
        404.30938720703125,
        310.22314453125,
        590.3592529296875,
        477.046875
      ],
      "bbox_yolo": [
        0.7770848870277405,
        0.615054726600647,
        0.2907029092311859,
        0.2606620788574219
      ],
      "bbox_width_px": 186.04986572265625,
      "bbox_height_px": 166.82373046875
    },
    {
      "detection_id": 1,
      "class_name": "small boat",
      "yolo_class_id": 9,
      "confidence": 0.8251141309738159,
      "bbox_xyxy": [
        28.386505126953125,
        311.6876220703125,
        237.49847412109375,
        480.69244384765625
      ],
      "bbox_yolo": [
        0.20772263407707214,
        0.6190469264984131,
        0.3267374634742737,
        0.2640700340270996
      ],
      "bbox_width_px": 209.11196899414062,
      "bbox_height_px": 169.00482177734375
    },
    {
      "detection_id": 2,
      "class_name": "small boat",
      "yolo_class_id": 9,
      "confidence": 0.8427494764328003,
      "bbox_xyxy": [
        231.8629150390625,
        307.64520263671875,
        405.95562744140625,
        477.37078857421875
      ],
      "bbox_yolo": [
        0.49829572439193726,
        0.6132937669754028,
        0.2720198631286621,
        0.2651962339878082
      ],
      "bbox_width_px": 174.09271240234375,
      "bbox_height_px": 169.7255859375
    },
    {
      "detection_id": 3,
      "class_name": "small boat",
      "yolo_class_id": 9,
      "confidence": 0.4247695803642273,
      "bbox_xyxy": [
        236.73773193359375,
        183.09811401367188,
        245.87179565429688,
        190.02899169921875
      ],
      "bbox_yolo": [
        0.3770386874675751,
        0.2915055453777313,
        0.014271974563598633,
        0.010829496197402477
      ],
      "bbox_width_px": 9.134063720703125,
      "bbox_height_px": 6.930877685546875
    }
  ]
}