{
  "index": 8666,
  "dataframe_iter_index": 8666,
  "image_path": "./datasets/sFERNANDO_FLUX29B/images/8666.png",
  "image_width": 640,
  "image_height": 640,
  "ground_truth_class": "human powered boat",
  "grounding_prompt": "boat",
  "timestamp": "2026-05-04T22:09:15.019562",
  "num_detections": 3,
  "detections": [
    {
      "detection_id": 0,
      "class_name": "human powered boat",
      "yolo_class_id": 2,
      "confidence": 0.725016176700592,
      "bbox_xyxy": [
        203.9896697998047,
        334.1104431152344,
        390.4432373046875,
        391.0315246582031
      ],
      "bbox_yolo": [
        0.4644007086753845,
        0.566517174243927,
        0.29133370518684387,
        0.08893918991088867
      ],
      "bbox_width_px": 186.4535675048828,
      "bbox_height_px": 56.92108154296875
    },
    {
      "detection_id": 1,
      "class_name": "human powered boat",
      "yolo_class_id": 2,
      "confidence": 0.7474912405014038,
      "bbox_xyxy": [
        400.93499755859375,
        331.5065612792969,
        554.9395751953125,
        388.3085021972656
      ],
      "bbox_yolo": [
        0.7467769980430603,
        0.5623555183410645,
        0.24063214659690857,
        0.08875302970409393
      ],
      "bbox_width_px": 154.00457763671875,
      "bbox_height_px": 56.80194091796875
    },
    {
      "detection_id": 2,
      "class_name": "human powered boat",
      "yolo_class_id": 2,
      "confidence": 0.7957020998001099,
      "bbox_xyxy": [
        47.411529541015625,
        323.09722900390625,
        230.77203369140625,
        366.1763916015625
      ],
      "bbox_yolo": [
        0.2173309028148651,
        0.5384950041770935,
        0.2865007817745209,
        0.06731119006872177
      ],
      "bbox_width_px": 183.36050415039062,
      "bbox_height_px": 43.07916259765625
    }
  ]
}