{
  "index": 8712,
  "dataframe_iter_index": 8712,
  "image_path": "./datasets/sFERNANDO_FLUX29B/images/8712.png",
  "image_width": 640,
  "image_height": 640,
  "ground_truth_class": "human powered boat",
  "grounding_prompt": "boat",
  "timestamp": "2026-05-04T22:10:06.412985",
  "num_detections": 1,
  "detections": [
    {
      "detection_id": 0,
      "class_name": "human powered boat",
      "yolo_class_id": 2,
      "confidence": 0.5048124194145203,
      "bbox_xyxy": [
        164.2197723388672,
        299.6988830566406,
        415.08782958984375,
        413.4836120605469
      ],
      "bbox_yolo": [
        0.45258408784866333,
        0.5571738481521606,
        0.3919813334941864,
        0.177788645029068
      ],
      "bbox_width_px": 250.86805725097656,
      "bbox_height_px": 113.78472900390625
    }
  ]
}