{
  "index": 8727,
  "dataframe_iter_index": 8727,
  "image_path": "./datasets/sFERNANDO_FLUX29B/images/8727.png",
  "image_width": 640,
  "image_height": 640,
  "ground_truth_class": "human powered boat",
  "grounding_prompt": "boat",
  "timestamp": "2026-05-04T22:10:23.291845",
  "num_detections": 1,
  "detections": [
    {
      "detection_id": 0,
      "class_name": "human powered boat",
      "yolo_class_id": 2,
      "confidence": 0.9098818898200989,
      "bbox_xyxy": [
        234.98480224609375,
        298.2443542480469,
        406.376220703125,
        383.1992492675781
      ],
      "bbox_yolo": [
        0.5010632872581482,
        0.5323778390884399,
        0.2677990794181824,
        0.1327420175075531
      ],
      "bbox_width_px": 171.39141845703125,
      "bbox_height_px": 84.95489501953125
    }
  ]
}