{
  "index": 8734,
  "dataframe_iter_index": 8734,
  "image_path": "./datasets/sFERNANDO_FLUX29B/images/8734.png",
  "image_width": 640,
  "image_height": 640,
  "ground_truth_class": "human powered boat",
  "grounding_prompt": "boat",
  "timestamp": "2026-05-04T22:10:31.105751",
  "num_detections": 3,
  "detections": [
    {
      "detection_id": 0,
      "class_name": "human powered boat",
      "yolo_class_id": 2,
      "confidence": 0.7248838543891907,
      "bbox_xyxy": [
        433.3803405761719,
        313.0597229003906,
        571.4050903320312,
        381.1032409667969
      ],
      "bbox_yolo": [
        0.7849885821342468,
        0.5423148274421692,
        0.21566367149353027,
        0.10631799697875977
      ],
      "bbox_width_px": 138.02474975585938,
      "bbox_height_px": 68.04351806640625
    },
    {
      "detection_id": 1,
      "class_name": "human powered boat",
      "yolo_class_id": 2,
      "confidence": 0.5791451334953308,
      "bbox_xyxy": [
        35.469444274902344,
        334.3475341796875,
        195.46990966796875,
        377.37274169921875
      ],
      "bbox_yolo": [
        0.180421382188797,
        0.5560314655303955,
        0.2500007152557373,
        0.06722688674926758
      ],
      "bbox_width_px": 160.00045776367188,
      "bbox_height_px": 43.02520751953125
    },
    {
      "detection_id": 2,
      "class_name": "human powered boat",
      "yolo_class_id": 2,
      "confidence": 0.45064184069633484,
      "bbox_xyxy": [
        231.77195739746094,
        294.66119384765625,
        382.8287353515625,
        377.704833984375
      ],
      "bbox_yolo": [
        0.480156809091568,
        0.5252859592437744,
        0.23602621257305145,
        0.12975569069385529
      ],
      "bbox_width_px": 151.05677795410156,
      "bbox_height_px": 83.04364013671875
    }
  ]
}