{
  "index": 8738,
  "dataframe_iter_index": 8738,
  "image_path": "./datasets/sFERNANDO_FLUX29B/images/8738.png",
  "image_width": 640,
  "image_height": 640,
  "ground_truth_class": "human powered boat",
  "grounding_prompt": "boat",
  "timestamp": "2026-05-04T22:10:35.585066",
  "num_detections": 3,
  "detections": [
    {
      "detection_id": 0,
      "class_name": "human powered boat",
      "yolo_class_id": 2,
      "confidence": 0.554957389831543,
      "bbox_xyxy": [
        34.449737548828125,
        268.68682861328125,
        206.6505889892578,
        375.55816650390625
      ],
      "bbox_yolo": [
        0.18835963308811188,
        0.5033164024353027,
        0.2690638303756714,
        0.16698646545410156
      ],
      "bbox_width_px": 172.2008514404297,
      "bbox_height_px": 106.871337890625
    },
    {
      "detection_id": 1,
      "class_name": "human powered boat",
      "yolo_class_id": 2,
      "confidence": 0.4615800380706787,
      "bbox_xyxy": [
        244.5667724609375,
        273.6231994628906,
        371.010009765625,
        380.9323425292969
      ],
      "bbox_yolo": [
        0.48091936111450195,
        0.5113714933395386,
        0.19756755232810974,
        0.16767053306102753
      ],
      "bbox_width_px": 126.4432373046875,
      "bbox_height_px": 107.30914306640625
    },
    {
      "detection_id": 2,
      "class_name": "human powered boat",
      "yolo_class_id": 2,
      "confidence": 0.44454431533813477,
      "bbox_xyxy": [
        434.0481262207031,
        276.6468200683594,
        549.765625,
        377.1020202636719
      ],
      "bbox_yolo": [
        0.7686044573783875,
        0.5107412934303284,
        0.18080858886241913,
        0.15696124732494354
      ],
      "bbox_width_px": 115.71749877929688,
      "bbox_height_px": 100.4552001953125
    }
  ]
}