{
  "index": 8743,
  "dataframe_iter_index": 8743,
  "image_path": "./datasets/sFERNANDO_FLUX29B/images/8743.png",
  "image_width": 640,
  "image_height": 640,
  "ground_truth_class": "human powered boat",
  "grounding_prompt": "boat",
  "timestamp": "2026-05-04T22:10:41.118668",
  "num_detections": 1,
  "detections": [
    {
      "detection_id": 0,
      "class_name": "human powered boat",
      "yolo_class_id": 2,
      "confidence": 0.9163239598274231,
      "bbox_xyxy": [
        241.68418884277344,
        306.13507080078125,
        402.888671875,
        374.90118408203125
      ],
      "bbox_yolo": [
        0.5035725831985474,
        0.5320595502853394,
        0.25188201665878296,
        0.107447050511837
      ],
      "bbox_width_px": 161.20448303222656,
      "bbox_height_px": 68.76611328125
    }
  ]
}