{
  "index": 8755,
  "dataframe_iter_index": 8755,
  "image_path": "./datasets/sFERNANDO_FLUX29B/images/8755.png",
  "image_width": 640,
  "image_height": 640,
  "ground_truth_class": "human powered boat",
  "grounding_prompt": "boat",
  "timestamp": "2026-05-04T22:10:54.618894",
  "num_detections": 1,
  "detections": [
    {
      "detection_id": 0,
      "class_name": "human powered boat",
      "yolo_class_id": 2,
      "confidence": 0.43007776141166687,
      "bbox_xyxy": [
        243.27606201171875,
        304.94989013671875,
        404.237060546875,
        373.03594970703125
      ],
      "bbox_yolo": [
        0.5058696269989014,
        0.5296764373779297,
        0.25150156021118164,
        0.10638447105884552
      ],
      "bbox_width_px": 160.96099853515625,
      "bbox_height_px": 68.0860595703125
    }
  ]
}