{
  "index": 8767,
  "dataframe_iter_index": 8767,
  "image_path": "./datasets/sFERNANDO_FLUX29B/images/8767.png",
  "image_width": 640,
  "image_height": 640,
  "ground_truth_class": "human powered boat",
  "grounding_prompt": "boat",
  "timestamp": "2026-05-04T22:11:08.009125",
  "num_detections": 1,
  "detections": [
    {
      "detection_id": 0,
      "class_name": "human powered boat",
      "yolo_class_id": 2,
      "confidence": 0.9318714737892151,
      "bbox_xyxy": [
        210.7218780517578,
        303.9405517578125,
        393.52593994140625,
        386.881103515625
      ],
      "bbox_yolo": [
        0.4720686078071594,
        0.539704442024231,
        0.28563135862350464,
        0.1295946091413498
      ],
      "bbox_width_px": 182.80406188964844,
      "bbox_height_px": 82.9405517578125
    }
  ]
}