{
  "index": 877,
  "dataframe_iter_index": 877,
  "image_path": "./datasets/sFERNANDO_FLUX29B/images/877.png",
  "image_width": 640,
  "image_height": 640,
  "ground_truth_class": "small boat",
  "grounding_prompt": "boat",
  "timestamp": "2026-05-04T19:36:54.673934",
  "num_detections": 2,
  "detections": [
    {
      "detection_id": 0,
      "class_name": "small boat",
      "yolo_class_id": 9,
      "confidence": 0.755456268787384,
      "bbox_xyxy": [
        348.1685791015625,
        334.85406494140625,
        490.4271240234375,
        412.11920166015625
      ],
      "bbox_yolo": [
        0.6551529169082642,
        0.5835728645324707,
        0.22227898240089417,
        0.12072677910327911
      ],
      "bbox_width_px": 142.258544921875,
      "bbox_height_px": 77.26513671875
    },
    {
      "detection_id": 1,
      "class_name": "small boat",
      "yolo_class_id": 9,
      "confidence": 0.7874830365180969,
      "bbox_xyxy": [
        161.8603515625,
        335.9598083496094,
        360.733154296875,
        462.0322570800781
      ],
      "bbox_yolo": [
        0.40827617049217224,
        0.6234313249588013,
        0.310738742351532,
        0.19698819518089294
      ],
      "bbox_width_px": 198.872802734375,
      "bbox_height_px": 126.07244873046875
    }
  ]
}