{
  "index": 8782,
  "dataframe_iter_index": 8782,
  "image_path": "./datasets/sFERNANDO_FLUX29B/images/8782.png",
  "image_width": 640,
  "image_height": 640,
  "ground_truth_class": "human powered boat",
  "grounding_prompt": "boat",
  "timestamp": "2026-05-04T22:11:24.877041",
  "num_detections": 3,
  "detections": [
    {
      "detection_id": 0,
      "class_name": "human powered boat",
      "yolo_class_id": 2,
      "confidence": 0.7876074910163879,
      "bbox_xyxy": [
        234.37118530273438,
        305.1755676269531,
        369.1530456542969,
        397.7823181152344
      ],
      "bbox_yolo": [
        0.4715033173561096,
        0.5491858720779419,
        0.21059665083885193,
        0.14469805359840393
      ],
      "bbox_width_px": 134.7818603515625,
      "bbox_height_px": 92.60675048828125
    },
    {
      "detection_id": 1,
      "class_name": "human powered boat",
      "yolo_class_id": 2,
      "confidence": 0.7811516523361206,
      "bbox_xyxy": [
        34.665504455566406,
        318.0408935546875,
        203.86407470703125,
        390.0286865234375
      ],
      "bbox_yolo": [
        0.1863512247800827,
        0.5531793832778931,
        0.2643727660179138,
        0.11248092353343964
      ],
      "bbox_width_px": 169.19857788085938,
      "bbox_height_px": 71.98779296875
    },
    {
      "detection_id": 2,
      "class_name": "human powered boat",
      "yolo_class_id": 2,
      "confidence": 0.7770623564720154,
      "bbox_xyxy": [
        428.7723388671875,
        323.2340393066406,
        579.7081909179688,
        399.8311462402344
      ],
      "bbox_yolo": [
        0.7878754138946533,
        0.5648946762084961,
        0.23583726584911346,
        0.11968298256397247
      ],
      "bbox_width_px": 150.93585205078125,
      "bbox_height_px": 76.59710693359375
    }
  ]
}