{
  "index": 8815,
  "dataframe_iter_index": 8815,
  "image_path": "./datasets/sFERNANDO_FLUX29B/images/8815.png",
  "image_width": 640,
  "image_height": 640,
  "ground_truth_class": "human powered boat",
  "grounding_prompt": "boat",
  "timestamp": "2026-05-04T22:12:01.941006",
  "num_detections": 1,
  "detections": [
    {
      "detection_id": 0,
      "class_name": "human powered boat",
      "yolo_class_id": 2,
      "confidence": 0.8122689723968506,
      "bbox_xyxy": [
        205.95315551757812,
        346.98394775390625,
        400.7300720214844,
        461.67901611328125
      ],
      "bbox_yolo": [
        0.47397127747535706,
        0.6317679286003113,
        0.3043389320373535,
        0.17921105027198792
      ],
      "bbox_width_px": 194.77691650390625,
      "bbox_height_px": 114.695068359375
    }
  ]
}