{
  "index": 8816,
  "dataframe_iter_index": 8816,
  "image_path": "./datasets/sFERNANDO_FLUX29B/images/8816.png",
  "image_width": 640,
  "image_height": 640,
  "ground_truth_class": "human powered boat",
  "grounding_prompt": "boat",
  "timestamp": "2026-05-04T22:12:03.026075",
  "num_detections": 1,
  "detections": [
    {
      "detection_id": 0,
      "class_name": "human powered boat",
      "yolo_class_id": 2,
      "confidence": 0.9581835865974426,
      "bbox_xyxy": [
        202.0659942626953,
        301.3576354980469,
        398.10107421875,
        423.9900207519531
      ],
      "bbox_yolo": [
        0.4688805043697357,
        0.5666778683662415,
        0.30630481243133545,
        0.191613107919693
      ],
      "bbox_width_px": 196.0350799560547,
      "bbox_height_px": 122.63238525390625
    }
  ]
}