{
  "index": 8837,
  "dataframe_iter_index": 8837,
  "image_path": "./datasets/sFERNANDO_FLUX29B/images/8837.png",
  "image_width": 640,
  "image_height": 640,
  "ground_truth_class": "human powered boat",
  "grounding_prompt": "boat",
  "timestamp": "2026-05-04T22:12:26.568698",
  "num_detections": 3,
  "detections": [
    {
      "detection_id": 0,
      "class_name": "human powered boat",
      "yolo_class_id": 2,
      "confidence": 0.7448110580444336,
      "bbox_xyxy": [
        330.85858154296875,
        349.7918395996094,
        490.2904052734375,
        373.6683044433594
      ],
      "bbox_yolo": [
        0.6415226459503174,
        0.5652032494544983,
        0.24911221861839294,
        0.037306975573301315
      ],
      "bbox_width_px": 159.43182373046875,
      "bbox_height_px": 23.87646484375
    },
    {
      "detection_id": 1,
      "class_name": "human powered boat",
      "yolo_class_id": 2,
      "confidence": 0.8059403300285339,
      "bbox_xyxy": [
        147.654052734375,
        352.2293395996094,
        323.07110595703125,
        374.7782287597656
      ],
      "bbox_yolo": [
        0.3677540421485901,
        0.5679746866226196,
        0.27408915758132935,
        0.03523264080286026
      ],
      "bbox_width_px": 175.41705322265625,
      "bbox_height_px": 22.54888916015625
    },
    {
      "detection_id": 2,
      "class_name": "human powered boat",
      "yolo_class_id": 2,
      "confidence": 0.6287779211997986,
      "bbox_xyxy": [
        168.83018493652344,
        319.60009765625,
        208.03135681152344,
        326.1146240234375
      ],
      "bbox_yolo": [
        0.29442307353019714,
        0.5044646263122559,
        0.06125183030962944,
        0.010178947821259499
      ],
      "bbox_width_px": 39.201171875,
      "bbox_height_px": 6.5145263671875
    }
  ]
}