{
  "index": 8843,
  "dataframe_iter_index": 8843,
  "image_path": "./datasets/sFERNANDO_FLUX29B/images/8843.png",
  "image_width": 640,
  "image_height": 640,
  "ground_truth_class": "human powered boat",
  "grounding_prompt": "boat",
  "timestamp": "2026-05-04T22:12:33.256880",
  "num_detections": 1,
  "detections": [
    {
      "detection_id": 0,
      "class_name": "human powered boat",
      "yolo_class_id": 2,
      "confidence": 0.6383064389228821,
      "bbox_xyxy": [
        113.83383178710938,
        236.7616729736328,
        449.8045959472656,
        528.6583862304688
      ],
      "bbox_yolo": [
        0.440342515707016,
        0.5979844331741333,
        0.5249543190002441,
        0.4560886323451996
      ],
      "bbox_width_px": 335.97076416015625,
      "bbox_height_px": 291.896728515625
    }
  ]
}