{
  "index": 885,
  "dataframe_iter_index": 885,
  "image_path": "./datasets/sFERNANDO_FLUX29B/images/885.png",
  "image_width": 640,
  "image_height": 640,
  "ground_truth_class": "small boat",
  "grounding_prompt": "boat",
  "timestamp": "2026-05-04T19:37:03.660039",
  "num_detections": 2,
  "detections": [
    {
      "detection_id": 0,
      "class_name": "small boat",
      "yolo_class_id": 9,
      "confidence": 0.6287906765937805,
      "bbox_xyxy": [
        334.266357421875,
        342.9197998046875,
        485.15692138671875,
        406.50897216796875
      ],
      "bbox_yolo": [
        0.6401744484901428,
        0.5854912400245667,
        0.23576650023460388,
        0.09935808181762695
      ],
      "bbox_width_px": 150.89056396484375,
      "bbox_height_px": 63.58917236328125
    },
    {
      "detection_id": 1,
      "class_name": "small boat",
      "yolo_class_id": 9,
      "confidence": 0.41321873664855957,
      "bbox_xyxy": [
        111.61552429199219,
        290.92083740234375,
        315.068603515625,
        465.24090576171875
      ],
      "bbox_yolo": [
        0.33334699273109436,
        0.5907513499259949,
        0.31789544224739075,
        0.27237510681152344
      ],
      "bbox_width_px": 203.4530792236328,
      "bbox_height_px": 174.320068359375
    }
  ]
}