{
  "index": 8850,
  "dataframe_iter_index": 8850,
  "image_path": "./datasets/sFERNANDO_FLUX29B/images/8850.png",
  "image_width": 640,
  "image_height": 640,
  "ground_truth_class": "human powered boat",
  "grounding_prompt": "boat",
  "timestamp": "2026-05-04T22:12:41.088027",
  "num_detections": 3,
  "detections": [
    {
      "detection_id": 0,
      "class_name": "human powered boat",
      "yolo_class_id": 2,
      "confidence": 0.7455871105194092,
      "bbox_xyxy": [
        33.78184509277344,
        337.2691345214844,
        192.6124725341797,
        389.9243469238281
      ],
      "bbox_yolo": [
        0.17687055468559265,
        0.5681198835372925,
        0.2481728494167328,
        0.08227376639842987
      ],
      "bbox_width_px": 158.83062744140625,
      "bbox_height_px": 52.65521240234375
    },
    {
      "detection_id": 1,
      "class_name": "human powered boat",
      "yolo_class_id": 2,
      "confidence": 0.5746106505393982,
      "bbox_xyxy": [
        247.3468475341797,
        306.484130859375,
        401.37353515625,
        392.87371826171875
      ],
      "bbox_yolo": [
        0.5068128108978271,
        0.5463733077049255,
        0.2406667023897171,
        0.13498373329639435
      ],
      "bbox_width_px": 154.0266876220703,
      "bbox_height_px": 86.38958740234375
    },
    {
      "detection_id": 2,
      "class_name": "human powered boat",
      "yolo_class_id": 2,
      "confidence": 0.6628928780555725,
      "bbox_xyxy": [
        431.1490783691406,
        340.3657531738281,
        562.5582275390625,
        381.6177673339844
      ],
      "bbox_yolo": [
        0.7763338088989258,
        0.5640496015548706,
        0.20532679557800293,
        0.0644562691450119
      ],
      "bbox_width_px": 131.40914916992188,
      "bbox_height_px": 41.25201416015625
    }
  ]
}