{
  "index": 8857,
  "dataframe_iter_index": 8857,
  "image_path": "./datasets/sFERNANDO_FLUX29B/images/8857.png",
  "image_width": 640,
  "image_height": 640,
  "ground_truth_class": "human powered boat",
  "grounding_prompt": "boat",
  "timestamp": "2026-05-04T22:12:48.869625",
  "num_detections": 2,
  "detections": [
    {
      "detection_id": 0,
      "class_name": "human powered boat",
      "yolo_class_id": 2,
      "confidence": 0.8491600155830383,
      "bbox_xyxy": [
        333.8147277832031,
        348.3409423828125,
        492.4844665527344,
        377.35003662109375
      ],
      "bbox_yolo": [
        0.6455462574958801,
        0.5669460892677307,
        0.24792146682739258,
        0.04532670974731445
      ],
      "bbox_width_px": 158.66973876953125,
      "bbox_height_px": 29.00909423828125
    },
    {
      "detection_id": 1,
      "class_name": "human powered boat",
      "yolo_class_id": 2,
      "confidence": 0.8442822098731995,
      "bbox_xyxy": [
        139.389404296875,
        336.4755859375,
        283.3292236328125,
        370.6395263671875
      ],
      "bbox_yolo": [
        0.3302489221096039,
        0.5524336695671082,
        0.22490596771240234,
        0.05338115617632866
      ],
      "bbox_width_px": 143.9398193359375,
      "bbox_height_px": 34.1639404296875
    }
  ]
}