{
  "index": 8883,
  "dataframe_iter_index": 8883,
  "image_path": "./datasets/sFERNANDO_FLUX29B/images/8883.png",
  "image_width": 640,
  "image_height": 640,
  "ground_truth_class": "human powered boat",
  "grounding_prompt": "boat",
  "timestamp": "2026-05-04T22:13:18.068963",
  "num_detections": 1,
  "detections": [
    {
      "detection_id": 0,
      "class_name": "human powered boat",
      "yolo_class_id": 2,
      "confidence": 0.4795364439487457,
      "bbox_xyxy": [
        207.85079956054688,
        346.8944396972656,
        392.4574279785156,
        432.1340026855469
      ],
      "bbox_yolo": [
        0.4689908027648926,
        0.6086159944534302,
        0.28844785690307617,
        0.13318681716918945
      ],
      "bbox_width_px": 184.60662841796875,
      "bbox_height_px": 85.23956298828125
    }
  ]
}