{
  "index": 894,
  "dataframe_iter_index": 894,
  "image_path": "./datasets/sFERNANDO_FLUX29B/images/894.png",
  "image_width": 640,
  "image_height": 640,
  "ground_truth_class": "small boat",
  "grounding_prompt": "boat",
  "timestamp": "2026-05-04T19:37:13.948158",
  "num_detections": 3,
  "detections": [
    {
      "detection_id": 0,
      "class_name": "small boat",
      "yolo_class_id": 9,
      "confidence": 0.876814603805542,
      "bbox_xyxy": [
        246.9503631591797,
        257.205322265625,
        383.10009765625,
        416.95758056640625
      ],
      "bbox_yolo": [
        0.4922269284725189,
        0.5266897678375244,
        0.21273395419120789,
        0.24961289763450623
      ],
      "bbox_width_px": 136.1497344970703,
      "bbox_height_px": 159.75225830078125
    },
    {
      "detection_id": 1,
      "class_name": "small boat",
      "yolo_class_id": 9,
      "confidence": 0.8742288947105408,
      "bbox_xyxy": [
        38.250511169433594,
        245.0810089111328,
        223.13613891601562,
        418.50201416015625
      ],
      "bbox_yolo": [
        0.20420832931995392,
        0.5184242129325867,
        0.288883775472641,
        0.27097031474113464
      ],
      "bbox_width_px": 184.8856201171875,
      "bbox_height_px": 173.42100524902344
    },
    {
      "detection_id": 2,
      "class_name": "small boat",
      "yolo_class_id": 9,
      "confidence": 0.8460826873779297,
      "bbox_xyxy": [
        429.2056884765625,
        261.0225830078125,
        580.1505126953125,
        424.42333984375
      ],
      "bbox_yolo": [
        0.7885595560073853,
        0.5355046391487122,
        0.23585128784179688,
        0.2553136944770813
      ],
      "bbox_width_px": 150.94482421875,
      "bbox_height_px": 163.4007568359375
    }
  ]
}