{
  "index": 895,
  "dataframe_iter_index": 895,
  "image_path": "./datasets/sFERNANDO_FLUX29B/images/895.png",
  "image_width": 640,
  "image_height": 640,
  "ground_truth_class": "small boat",
  "grounding_prompt": "boat",
  "timestamp": "2026-05-04T19:37:15.079112",
  "num_detections": 1,
  "detections": [
    {
      "detection_id": 0,
      "class_name": "small boat",
      "yolo_class_id": 9,
      "confidence": 0.43087685108184814,
      "bbox_xyxy": [
        184.2841796875,
        344.4600830078125,
        380.28912353515625,
        504.7109375
      ],
      "bbox_yolo": [
        0.44107288122177124,
        0.6634148359298706,
        0.3062577247619629,
        0.25039196014404297
      ],
      "bbox_width_px": 196.00494384765625,
      "bbox_height_px": 160.2508544921875
    }
  ]
}