{
  "index": 8973,
  "dataframe_iter_index": 8973,
  "image_path": "./datasets/sFERNANDO_FLUX29B/images/8973.png",
  "image_width": 640,
  "image_height": 640,
  "ground_truth_class": "human powered boat",
  "grounding_prompt": "boat",
  "timestamp": "2026-05-04T22:14:59.198647",
  "num_detections": 2,
  "detections": [
    {
      "detection_id": 0,
      "class_name": "human powered boat",
      "yolo_class_id": 2,
      "confidence": 0.8661963939666748,
      "bbox_xyxy": [
        118.43565368652344,
        357.6743469238281,
        320.2071533203125,
        391.8220520019531
      ],
      "bbox_yolo": [
        0.3426896929740906,
        0.5855440497398376,
        0.31526798009872437,
        0.05335579067468643
      ],
      "bbox_width_px": 201.77149963378906,
      "bbox_height_px": 34.147705078125
    },
    {
      "detection_id": 1,
      "class_name": "human powered boat",
      "yolo_class_id": 2,
      "confidence": 0.7892574071884155,
      "bbox_xyxy": [
        332.8331298828125,
        352.0331115722656,
        496.22412109375,
        375.4419860839844
      ],
      "bbox_yolo": [
        0.6477009654045105,
        0.5683399438858032,
        0.2552984356880188,
        0.036576367914676666
      ],
      "bbox_width_px": 163.3909912109375,
      "bbox_height_px": 23.40887451171875
    }
  ]
}