{
  "index": 9001,
  "dataframe_iter_index": 9001,
  "image_path": "./datasets/sFERNANDO_FLUX29B/images/9001.png",
  "image_width": 640,
  "image_height": 640,
  "ground_truth_class": "human powered boat",
  "grounding_prompt": "boat",
  "timestamp": "2026-05-04T22:15:30.581568",
  "num_detections": 2,
  "detections": [
    {
      "detection_id": 0,
      "class_name": "human powered boat",
      "yolo_class_id": 2,
      "confidence": 0.8280931115150452,
      "bbox_xyxy": [
        145.67141723632812,
        373.0719299316406,
        312.9505615234375,
        442.8331604003906
      ],
      "bbox_yolo": [
        0.3582984209060669,
        0.6374258399009705,
        0.2613736689090729,
        0.10900191962718964
      ],
      "bbox_width_px": 167.27914428710938,
      "bbox_height_px": 69.76123046875
    },
    {
      "detection_id": 1,
      "class_name": "human powered boat",
      "yolo_class_id": 2,
      "confidence": 0.824343204498291,
      "bbox_xyxy": [
        331.3787841796875,
        336.5464172363281,
        499.78326416015625,
        384.4709777832031
      ],
      "bbox_yolo": [
        0.649345338344574,
        0.5632948279380798,
        0.2631320059299469,
        0.0748821273446083
      ],
      "bbox_width_px": 168.40447998046875,
      "bbox_height_px": 47.924560546875
    }
  ]
}