{
  "index": 9012,
  "dataframe_iter_index": 9012,
  "image_path": "./datasets/sFERNANDO_FLUX29B/images/9012.png",
  "image_width": 640,
  "image_height": 640,
  "ground_truth_class": "human powered boat",
  "grounding_prompt": "boat",
  "timestamp": "2026-05-04T22:15:42.847770",
  "num_detections": 1,
  "detections": [
    {
      "detection_id": 0,
      "class_name": "human powered boat",
      "yolo_class_id": 2,
      "confidence": 0.8991585373878479,
      "bbox_xyxy": [
        209.60824584960938,
        300.7225646972656,
        391.0854187011719,
        418.7294616699219
      ],
      "bbox_yolo": [
        0.46929192543029785,
        0.5620719194412231,
        0.28355807065963745,
        0.1843857765197754
      ],
      "bbox_width_px": 181.4771728515625,
      "bbox_height_px": 118.00689697265625
    }
  ]
}