{
  "index": 9038,
  "dataframe_iter_index": 9038,
  "image_path": "./datasets/sFERNANDO_FLUX29B/images/9038.png",
  "image_width": 640,
  "image_height": 640,
  "ground_truth_class": "human powered boat",
  "grounding_prompt": "boat",
  "timestamp": "2026-05-04T22:16:12.047386",
  "num_detections": 3,
  "detections": [
    {
      "detection_id": 0,
      "class_name": "human powered boat",
      "yolo_class_id": 2,
      "confidence": 0.7757312655448914,
      "bbox_xyxy": [
        46.96174621582031,
        341.4587097167969,
        251.2694549560547,
        453.1877746582031
      ],
      "bbox_yolo": [
        0.23299312591552734,
        0.6208175420761108,
        0.3192307949066162,
        0.17457666993141174
      ],
      "bbox_width_px": 204.30770874023438,
      "bbox_height_px": 111.72906494140625
    },
    {
      "detection_id": 1,
      "class_name": "human powered boat",
      "yolo_class_id": 2,
      "confidence": 0.8000074625015259,
      "bbox_xyxy": [
        229.69174194335938,
        352.06500244140625,
        387.0347595214844,
        504.18890380859375
      ],
      "bbox_yolo": [
        0.4818175733089447,
        0.6689483523368835,
        0.24584846198558807,
        0.23769359290599823
      ],
      "bbox_width_px": 157.343017578125,
      "bbox_height_px": 152.1239013671875
    },
    {
      "detection_id": 2,
      "class_name": "human powered boat",
      "yolo_class_id": 2,
      "confidence": 0.7364524006843567,
      "bbox_xyxy": [
        387.7089538574219,
        339.544677734375,
        568.249267578125,
        425.1036376953125
      ],
      "bbox_yolo": [
        0.7468423843383789,
        0.5973814725875854,
        0.28209424018859863,
        0.1336858719587326
      ],
      "bbox_width_px": 180.54031372070312,
      "bbox_height_px": 85.5589599609375
    }
  ]
}