{
  "index": 9079,
  "dataframe_iter_index": 9079,
  "image_path": "./datasets/sFERNANDO_FLUX29B/images/9079.png",
  "image_width": 640,
  "image_height": 640,
  "ground_truth_class": "human powered boat",
  "grounding_prompt": "boat",
  "timestamp": "2026-05-04T22:16:57.911379",
  "num_detections": 1,
  "detections": [
    {
      "detection_id": 0,
      "class_name": "human powered boat",
      "yolo_class_id": 2,
      "confidence": 0.9400538206100464,
      "bbox_xyxy": [
        122.42802429199219,
        345.8182373046875,
        401.12493896484375,
        469.161376953125
      ],
      "bbox_yolo": [
        0.40902575850486755,
        0.636702835559845,
        0.43546390533447266,
        0.19272366166114807
      ],
      "bbox_width_px": 278.6968994140625,
      "bbox_height_px": 123.3431396484375
    }
  ]
}