{
  "index": 9114,
  "dataframe_iter_index": 9114,
  "image_path": "./datasets/sFERNANDO_FLUX29B/images/9114.png",
  "image_width": 640,
  "image_height": 640,
  "ground_truth_class": "human powered boat",
  "grounding_prompt": "boat",
  "timestamp": "2026-05-04T22:17:37.172416",
  "num_detections": 3,
  "detections": [
    {
      "detection_id": 0,
      "class_name": "human powered boat",
      "yolo_class_id": 2,
      "confidence": 0.8182801604270935,
      "bbox_xyxy": [
        208.60385131835938,
        306.1012268066406,
        374.5694274902344,
        401.9261779785156
      ],
      "bbox_yolo": [
        0.4556041359901428,
        0.5531464219093323,
        0.2593212127685547,
        0.1497264802455902
      ],
      "bbox_width_px": 165.965576171875,
      "bbox_height_px": 95.824951171875
    },
    {
      "detection_id": 1,
      "class_name": "human powered boat",
      "yolo_class_id": 2,
      "confidence": 0.7750129103660583,
      "bbox_xyxy": [
        408.9862365722656,
        304.88433837890625,
        554.232666015625,
        403.1668701171875
      ],
      "bbox_yolo": [
        0.7525147199630737,
        0.5531650185585022,
        0.22694754600524902,
        0.15356644988059998
      ],
      "bbox_width_px": 145.24642944335938,
      "bbox_height_px": 98.28253173828125
    },
    {
      "detection_id": 2,
      "class_name": "human powered boat",
      "yolo_class_id": 2,
      "confidence": 0.8068528175354004,
      "bbox_xyxy": [
        32.578582763671875,
        300.30560302734375,
        204.6180419921875,
        387.38702392578125
      ],
      "bbox_yolo": [
        0.18530985713005066,
        0.5372598767280579,
        0.2688116431236267,
        0.13606472313404083
      ],
      "bbox_width_px": 172.03945922851562,
      "bbox_height_px": 87.0814208984375
    }
  ]
}