{
  "index": 9140,
  "dataframe_iter_index": 9140,
  "image_path": "./datasets/sFERNANDO_FLUX29B/images/9140.png",
  "image_width": 640,
  "image_height": 640,
  "ground_truth_class": "human powered boat",
  "grounding_prompt": "boat",
  "timestamp": "2026-05-04T22:18:06.196081",
  "num_detections": 1,
  "detections": [
    {
      "detection_id": 0,
      "class_name": "human powered boat",
      "yolo_class_id": 2,
      "confidence": 0.9329658150672913,
      "bbox_xyxy": [
        137.07302856445312,
        437.4673156738281,
        357.60870361328125,
        528.3510131835938
      ],
      "bbox_yolo": [
        0.38647010922431946,
        0.7545455694198608,
        0.3445869982242584,
        0.1420057713985443
      ],
      "bbox_width_px": 220.53567504882812,
      "bbox_height_px": 90.88369750976562
    }
  ]
}