{
  "index": 9152,
  "dataframe_iter_index": 9152,
  "image_path": "./datasets/sFERNANDO_FLUX29B/images/9152.png",
  "image_width": 640,
  "image_height": 640,
  "ground_truth_class": "human powered boat",
  "grounding_prompt": "boat",
  "timestamp": "2026-05-04T22:18:19.618800",
  "num_detections": 3,
  "detections": [
    {
      "detection_id": 0,
      "class_name": "human powered boat",
      "yolo_class_id": 2,
      "confidence": 0.747707724571228,
      "bbox_xyxy": [
        143.78875732421875,
        392.1473083496094,
        454.34271240234375,
        465.4560852050781
      ],
      "bbox_yolo": [
        0.4672902226448059,
        0.6700026392936707,
        0.48524054884910583,
        0.11454496532678604
      ],
      "bbox_width_px": 310.553955078125,
      "bbox_height_px": 73.30877685546875
    },
    {
      "detection_id": 1,
      "class_name": "human powered boat",
      "yolo_class_id": 2,
      "confidence": 0.35392531752586365,
      "bbox_xyxy": [
        3.2665252685546875,
        335.6957702636719,
        148.36770629882812,
        375.8382873535156
      ],
      "bbox_yolo": [
        0.11846424639225006,
        0.5558859705924988,
        0.22672060132026672,
        0.06272268295288086
      ],
      "bbox_width_px": 145.10118103027344,
      "bbox_height_px": 40.14251708984375
    },
    {
      "detection_id": 2,
      "class_name": "human powered boat",
      "yolo_class_id": 2,
      "confidence": 0.39083197712898254,
      "bbox_xyxy": [
        582.9901733398438,
        334.9041442871094,
        639.9810180664062,
        361.2110290527344
      ],
      "bbox_yolo": [
        0.9554462432861328,
        0.5438399910926819,
        0.08904819190502167,
        0.041104506701231
      ],
      "bbox_width_px": 56.9908447265625,
      "bbox_height_px": 26.306884765625
    }
  ]
}