{
  "index": 9157,
  "dataframe_iter_index": 9157,
  "image_path": "./datasets/sFERNANDO_FLUX29B/images/9157.png",
  "image_width": 640,
  "image_height": 640,
  "ground_truth_class": "human powered boat",
  "grounding_prompt": "boat",
  "timestamp": "2026-05-04T22:18:25.212515",
  "num_detections": 2,
  "detections": [
    {
      "detection_id": 0,
      "class_name": "human powered boat",
      "yolo_class_id": 2,
      "confidence": 0.8040894269943237,
      "bbox_xyxy": [
        334.6551208496094,
        362.98895263671875,
        455.0273742675781,
        386.164794921875
      ],
      "bbox_yolo": [
        0.6169394254684448,
        0.5852763652801514,
        0.18808165192604065,
        0.0362122543156147
      ],
      "bbox_width_px": 120.37225341796875,
      "bbox_height_px": 23.17584228515625
    },
    {
      "detection_id": 1,
      "class_name": "human powered boat",
      "yolo_class_id": 2,
      "confidence": 0.8825752139091492,
      "bbox_xyxy": [
        124.81732177734375,
        401.5821533203125,
        332.73895263671875,
        466.9664306640625
      ],
      "bbox_yolo": [
        0.35746583342552185,
        0.678553581237793,
        0.3248775601387024,
        0.1021629348397255
      ],
      "bbox_width_px": 207.921630859375,
      "bbox_height_px": 65.38427734375
    }
  ]
}