{
  "index": 9162,
  "dataframe_iter_index": 9162,
  "image_path": "./datasets/sFERNANDO_FLUX29B/images/9162.png",
  "image_width": 640,
  "image_height": 640,
  "ground_truth_class": "human powered boat",
  "grounding_prompt": "boat",
  "timestamp": "2026-05-04T22:18:30.939952",
  "num_detections": 3,
  "detections": [
    {
      "detection_id": 0,
      "class_name": "human powered boat",
      "yolo_class_id": 2,
      "confidence": 0.782778263092041,
      "bbox_xyxy": [
        49.592811584472656,
        363.0520324707031,
        224.59616088867188,
        482.8787536621094
      ],
      "bbox_yolo": [
        0.2142101228237152,
        0.6608834266662598,
        0.27344274520874023,
        0.1872292459011078
      ],
      "bbox_width_px": 175.00335693359375,
      "bbox_height_px": 119.82672119140625
    },
    {
      "detection_id": 1,
      "class_name": "human powered boat",
      "yolo_class_id": 2,
      "confidence": 0.8032106757164001,
      "bbox_xyxy": [
        229.42323303222656,
        364.8096923828125,
        385.04901123046875,
        481.3133544921875
      ],
      "bbox_yolo": [
        0.48005643486976624,
        0.6610336303710938,
        0.2431652843952179,
        0.18203696608543396
      ],
      "bbox_width_px": 155.6257781982422,
      "bbox_height_px": 116.503662109375
    },
    {
      "detection_id": 2,
      "class_name": "human powered boat",
      "yolo_class_id": 2,
      "confidence": 0.7687427997589111,
      "bbox_xyxy": [
        356.36083984375,
        341.1796569824219,
        591.4256591796875,
        418.3323059082031
      ],
      "bbox_yolo": [
        0.7404581904411316,
        0.5933687090873718,
        0.3672887682914734,
        0.12055101245641708
      ],
      "bbox_width_px": 235.0648193359375,
      "bbox_height_px": 77.15264892578125
    }
  ]
}