{
  "index": 9163,
  "dataframe_iter_index": 9163,
  "image_path": "./datasets/sFERNANDO_FLUX29B/images/9163.png",
  "image_width": 640,
  "image_height": 640,
  "ground_truth_class": "human powered boat",
  "grounding_prompt": "boat",
  "timestamp": "2026-05-04T22:18:32.027042",
  "num_detections": 1,
  "detections": [
    {
      "detection_id": 0,
      "class_name": "human powered boat",
      "yolo_class_id": 2,
      "confidence": 0.7134167551994324,
      "bbox_xyxy": [
        128.07521057128906,
        341.40863037109375,
        451.6461181640625,
        481.17041015625
      ],
      "bbox_yolo": [
        0.4529072642326355,
        0.6426398754119873,
        0.5055795907974243,
        0.21837778389453888
      ],
      "bbox_width_px": 323.5709228515625,
      "bbox_height_px": 139.76177978515625
    }
  ]
}