{
  "index": 9168,
  "dataframe_iter_index": 9168,
  "image_path": "./datasets/sFERNANDO_FLUX29B/images/9168.png",
  "image_width": 640,
  "image_height": 640,
  "ground_truth_class": "human powered boat",
  "grounding_prompt": "boat",
  "timestamp": "2026-05-04T22:18:37.852523",
  "num_detections": 3,
  "detections": [
    {
      "detection_id": 0,
      "class_name": "human powered boat",
      "yolo_class_id": 2,
      "confidence": 0.7261356115341187,
      "bbox_xyxy": [
        196.8524932861328,
        301.40789794921875,
        404.479248046875,
        446.49090576171875
      ],
      "bbox_yolo": [
        0.46979039907455444,
        0.584295928478241,
        0.3244168162345886,
        0.22669219970703125
      ],
      "bbox_width_px": 207.6267547607422,
      "bbox_height_px": 145.0830078125
    },
    {
      "detection_id": 1,
      "class_name": "human powered boat",
      "yolo_class_id": 2,
      "confidence": 0.5975037813186646,
      "bbox_xyxy": [
        134.05435180664062,
        267.29693603515625,
        239.18817138671875,
        327.9508056640625
      ],
      "bbox_yolo": [
        0.2915957272052765,
        0.4650372862815857,
        0.16427159309387207,
        0.09477166831493378
      ],
      "bbox_width_px": 105.13381958007812,
      "bbox_height_px": 60.65386962890625
    },
    {
      "detection_id": 2,
      "class_name": "human powered boat",
      "yolo_class_id": 2,
      "confidence": 0.6054719686508179,
      "bbox_xyxy": [
        21.587535858154297,
        276.9161071777344,
        126.58378601074219,
        330.8918151855469
      ],
      "bbox_yolo": [
        0.11575885117053986,
        0.4748499393463135,
        0.16405662894248962,
        0.08433704078197479
      ],
      "bbox_width_px": 104.99624633789062,
      "bbox_height_px": 53.9757080078125
    }
  ]
}