{
  "index": 9175,
  "dataframe_iter_index": 9175,
  "image_path": "./datasets/sFERNANDO_FLUX29B/images/9175.png",
  "image_width": 640,
  "image_height": 640,
  "ground_truth_class": "human powered boat",
  "grounding_prompt": "boat",
  "timestamp": "2026-05-04T22:18:45.762840",
  "num_detections": 1,
  "detections": [
    {
      "detection_id": 0,
      "class_name": "human powered boat",
      "yolo_class_id": 2,
      "confidence": 0.9516071081161499,
      "bbox_xyxy": [
        133.35397338867188,
        350.901123046875,
        396.2375183105469,
        466.3126220703125
      ],
      "bbox_yolo": [
        0.41374334692955017,
        0.6384482383728027,
        0.41075554490089417,
        0.18033047020435333
      ],
      "bbox_width_px": 262.883544921875,
      "bbox_height_px": 115.4114990234375
    }
  ]
}