{
  "index": 932,
  "dataframe_iter_index": 932,
  "image_path": "./datasets/sFERNANDO_FLUX29B/images/932.png",
  "image_width": 640,
  "image_height": 640,
  "ground_truth_class": "small boat",
  "grounding_prompt": "boat",
  "timestamp": "2026-05-04T19:37:59.201493",
  "num_detections": 1,
  "detections": [
    {
      "detection_id": 0,
      "class_name": "small boat",
      "yolo_class_id": 9,
      "confidence": 0.9267852902412415,
      "bbox_xyxy": [
        199.3964080810547,
        295.1703796386719,
        410.248291015625,
        503.9477844238281
      ],
      "bbox_yolo": [
        0.476284921169281,
        0.624311089515686,
        0.32945606112480164,
        0.3262147009372711
      ],
      "bbox_width_px": 210.8518829345703,
      "bbox_height_px": 208.77740478515625
    }
  ]
}