{
  "index": 948,
  "dataframe_iter_index": 948,
  "image_path": "./datasets/sFERNANDO_FLUX29B/images/948.png",
  "image_width": 640,
  "image_height": 640,
  "ground_truth_class": "small boat",
  "grounding_prompt": "boat",
  "timestamp": "2026-05-04T19:38:17.086212",
  "num_detections": 1,
  "detections": [
    {
      "detection_id": 0,
      "class_name": "small boat",
      "yolo_class_id": 9,
      "confidence": 0.8573837280273438,
      "bbox_xyxy": [
        144.05667114257812,
        329.236328125,
        407.7314147949219,
        475.1510009765625
      ],
      "bbox_yolo": [
        0.43108445405960083,
        0.6284276247024536,
        0.41199177503585815,
        0.22799167037010193
      ],
      "bbox_width_px": 263.67474365234375,
      "bbox_height_px": 145.9146728515625
    }
  ]
}