{
  "index": 952,
  "dataframe_iter_index": 952,
  "image_path": "./datasets/sFERNANDO_FLUX29B/images/952.png",
  "image_width": 640,
  "image_height": 640,
  "ground_truth_class": "small boat",
  "grounding_prompt": "boat",
  "timestamp": "2026-05-04T19:38:21.544925",
  "num_detections": 1,
  "detections": [
    {
      "detection_id": 0,
      "class_name": "small boat",
      "yolo_class_id": 9,
      "confidence": 0.9571399688720703,
      "bbox_xyxy": [
        203.29147338867188,
        287.0002746582031,
        464.9355163574219,
        517.1665649414062
      ],
      "bbox_yolo": [
        0.5220523476600647,
        0.6282553672790527,
        0.4088188111782074,
        0.3596348166465759
      ],
      "bbox_width_px": 261.64404296875,
      "bbox_height_px": 230.16629028320312
    }
  ]
}