{
  "index": 958,
  "dataframe_iter_index": 958,
  "image_path": "./datasets/sFERNANDO_FLUX29B/images/958.png",
  "image_width": 640,
  "image_height": 640,
  "ground_truth_class": "small boat",
  "grounding_prompt": "boat",
  "timestamp": "2026-05-04T19:38:28.332222",
  "num_detections": 3,
  "detections": [
    {
      "detection_id": 0,
      "class_name": "small boat",
      "yolo_class_id": 9,
      "confidence": 0.8352559804916382,
      "bbox_xyxy": [
        275.2183532714844,
        295.2421569824219,
        377.6820983886719,
        375.5768127441406
      ],
      "bbox_yolo": [
        0.510078489780426,
        0.524077296257019,
        0.160099595785141,
        0.1255228966474533
      ],
      "bbox_width_px": 102.4637451171875,
      "bbox_height_px": 80.33465576171875
    },
    {
      "detection_id": 1,
      "class_name": "small boat",
      "yolo_class_id": 9,
      "confidence": 0.8206344842910767,
      "bbox_xyxy": [
        82.78736877441406,
        299.2796936035156,
        207.2693328857422,
        374.4189758300781
      ],
      "bbox_yolo": [
        0.2266068011522293,
        0.5263270735740662,
        0.1945030689239502,
        0.11740513145923615
      ],
      "bbox_width_px": 124.48196411132812,
      "bbox_height_px": 75.1392822265625
    },
    {
      "detection_id": 2,
      "class_name": "small boat",
      "yolo_class_id": 9,
      "confidence": 0.8098616600036621,
      "bbox_xyxy": [
        431.0267028808594,
        283.0428161621094,
        563.0736694335938,
        367.7912902832031
      ],
      "bbox_yolo": [
        0.7766408920288086,
        0.5084641575813293,
        0.20632338523864746,
        0.13241949677467346
      ],
      "bbox_width_px": 132.04696655273438,
      "bbox_height_px": 84.74847412109375
    }
  ]
}