{
  "index": 970,
  "dataframe_iter_index": 970,
  "image_path": "./datasets/sFERNANDO_FLUX29B/images/970.png",
  "image_width": 640,
  "image_height": 640,
  "ground_truth_class": "small boat",
  "grounding_prompt": "boat",
  "timestamp": "2026-05-04T19:38:41.796025",
  "num_detections": 3,
  "detections": [
    {
      "detection_id": 0,
      "class_name": "small boat",
      "yolo_class_id": 9,
      "confidence": 0.7546828985214233,
      "bbox_xyxy": [
        390.4610290527344,
        281.32061767578125,
        544.3626708984375,
        378.01141357421875
      ],
      "bbox_yolo": [
        0.7303310632705688,
        0.5151031613349915,
        0.24047131836414337,
        0.15107937157154083
      ],
      "bbox_width_px": 153.90164184570312,
      "bbox_height_px": 96.6907958984375
    },
    {
      "detection_id": 1,
      "class_name": "small boat",
      "yolo_class_id": 9,
      "confidence": 0.7163610458374023,
      "bbox_xyxy": [
        89.14994049072266,
        280.23980712890625,
        225.95645141601562,
        351.187744140625
      ],
      "bbox_yolo": [
        0.24617686867713928,
        0.49330276250839233,
        0.21376018226146698,
        0.11085615307092667
      ],
      "bbox_width_px": 136.8065185546875,
      "bbox_height_px": 70.94793701171875
    },
    {
      "detection_id": 2,
      "class_name": "small boat",
      "yolo_class_id": 9,
      "confidence": 0.49826866388320923,
      "bbox_xyxy": [
        243.2056884765625,
        294.3912658691406,
        372.1400146484375,
        363.8180236816406
      ],
      "bbox_yolo": [
        0.4807388186454773,
        0.5142260193824768,
        0.2014598846435547,
        0.10847930610179901
      ],
      "bbox_width_px": 128.934326171875,
      "bbox_height_px": 69.4267578125
    }
  ]
}