{
  "index": 992,
  "dataframe_iter_index": 992,
  "image_path": "./datasets/sFERNANDO_FLUX29B/images/992.png",
  "image_width": 640,
  "image_height": 640,
  "ground_truth_class": "small boat",
  "grounding_prompt": "boat",
  "timestamp": "2026-05-04T19:39:06.510021",
  "num_detections": 1,
  "detections": [
    {
      "detection_id": 0,
      "class_name": "small boat",
      "yolo_class_id": 9,
      "confidence": 0.895914614200592,
      "bbox_xyxy": [
        238.96670532226562,
        302.40997314453125,
        371.9818420410156,
        378.83685302734375
      ],
      "bbox_yolo": [
        0.47730356454849243,
        0.5322240591049194,
        0.20783615112304688,
        0.11941699683666229
      ],
      "bbox_width_px": 133.01513671875,
      "bbox_height_px": 76.4268798828125
    }
  ]
}