{
  "index": 10042,
  "dataframe_iter_index": 10042,
  "image_path": "./datasets/sVOC_FLUXFP8/images/10042.png",
  "image_width": 640,
  "image_height": 640,
  "ground_truth_class": "horse",
  "grounding_prompt": "horse",
  "timestamp": "2026-05-22T13:41:06.994851",
  "num_detections": 4,
  "detections": [
    {
      "detection_id": 0,
      "class_name": "horse",
      "yolo_class_id": 12,
      "confidence": 0.8861048817634583,
      "bbox_xyxy": [
        119.35198974609375,
        221.98292541503906,
        259.17840576171875,
        566.6504516601562
      ],
      "bbox_yolo": [
        0.29572686553001404,
        0.6161198019981384,
        0.21847876906394958,
        0.5385430455207825
      ],
      "bbox_width_px": 139.826416015625,
      "bbox_height_px": 344.66754150390625
    },
    {
      "detection_id": 1,
      "class_name": "horse",
      "yolo_class_id": 12,
      "confidence": 0.8598173260688782,
      "bbox_xyxy": [
        434.01953125,
        234.61961364746094,
        570.2297973632812,
        537.7203979492188
      ],
      "bbox_yolo": [
        0.7845697999000549,
        0.603390634059906,
        0.21282854676246643,
        0.4735949635505676
      ],
      "bbox_width_px": 136.21026611328125,
      "bbox_height_px": 303.10076904296875
    },
    {
      "detection_id": 2,
      "class_name": "horse",
      "yolo_class_id": 12,
      "confidence": 0.8488785624504089,
      "bbox_xyxy": [
        260.5206298828125,
        220.58377075195312,
        449.294677734375,
        547.016845703125
      ],
      "bbox_yolo": [
        0.5545431971549988,
        0.599687933921814,
        0.2949594557285309,
        0.5100516676902771
      ],
      "bbox_width_px": 188.7740478515625,
      "bbox_height_px": 326.4330749511719
    },
    {
      "detection_id": 3,
      "class_name": "horse",
      "yolo_class_id": 12,
      "confidence": 0.3790304660797119,
      "bbox_xyxy": [
        0.013876914978027344,
        344.6996765136719,
        12.243623733520508,
        367.8066711425781
      ],
      "bbox_yolo": [
        0.009576172567903996,
        0.5566455721855164,
        0.019108979031443596,
        0.036104679107666016
      ],
      "bbox_width_px": 12.22974681854248,
      "bbox_height_px": 23.10699462890625
    }
  ]
}