{
  "index": 10059,
  "dataframe_iter_index": 10059,
  "image_path": "./datasets/sVOC_FLUXFP8/images/10059.png",
  "image_width": 640,
  "image_height": 640,
  "ground_truth_class": "horse",
  "grounding_prompt": "horse",
  "timestamp": "2026-05-22T13:41:30.908309",
  "num_detections": 1,
  "detections": [
    {
      "detection_id": 0,
      "class_name": "horse",
      "yolo_class_id": 12,
      "confidence": 0.9754546880722046,
      "bbox_xyxy": [
        124.1602783203125,
        258.97833251953125,
        448.61163330078125,
        545.8416748046875
      ],
      "bbox_yolo": [
        0.4474780559539795,
        0.6287656426429749,
        0.5069552659988403,
        0.4482239782810211
      ],
      "bbox_width_px": 324.45135498046875,
      "bbox_height_px": 286.86334228515625
    }
  ]
}