{
  "index": 10110,
  "dataframe_iter_index": 10110,
  "image_path": "./datasets/sVOC_FLUXFP8/images/10110.png",
  "image_width": 640,
  "image_height": 640,
  "ground_truth_class": "horse",
  "grounding_prompt": "horse",
  "timestamp": "2026-05-22T13:42:42.729365",
  "num_detections": 3,
  "detections": [
    {
      "detection_id": 0,
      "class_name": "horse",
      "yolo_class_id": 12,
      "confidence": 0.866814911365509,
      "bbox_xyxy": [
        88.53559875488281,
        144.51644897460938,
        260.4010009765625,
        587.5076904296875
      ],
      "bbox_yolo": [
        0.2726067006587982,
        0.5718938708305359,
        0.268539696931839,
        0.6921738386154175
      ],
      "bbox_width_px": 171.8654022216797,
      "bbox_height_px": 442.9912414550781
    },
    {
      "detection_id": 1,
      "class_name": "horse",
      "yolo_class_id": 12,
      "confidence": 0.8099130392074585,
      "bbox_xyxy": [
        402.87554931640625,
        144.18759155273438,
        570.3129272460938,
        580.474853515625
      ],
      "bbox_yolo": [
        0.7603034973144531,
        0.5661425590515137,
        0.2616209089756012,
        0.6816988587379456
      ],
      "bbox_width_px": 167.4373779296875,
      "bbox_height_px": 436.2872619628906
    },
    {
      "detection_id": 2,
      "class_name": "horse",
      "yolo_class_id": 12,
      "confidence": 0.4761132001876831,
      "bbox_xyxy": [
        250.21498107910156,
        162.8113250732422,
        420.38250732421875,
        579.9224853515625
      ],
      "bbox_yolo": [
        0.5239042639732361,
        0.5802608132362366,
        0.26588675379753113,
        0.6517361402511597
      ],
      "bbox_width_px": 170.1675262451172,
      "bbox_height_px": 417.11114501953125
    }
  ]
}