{
  "index": 10114,
  "dataframe_iter_index": 10114,
  "image_path": "./datasets/sVOC_FLUXFP8/images/10114.png",
  "image_width": 640,
  "image_height": 640,
  "ground_truth_class": "horse",
  "grounding_prompt": "horse",
  "timestamp": "2026-05-22T13:42:48.266440",
  "num_detections": 3,
  "detections": [
    {
      "detection_id": 0,
      "class_name": "horse",
      "yolo_class_id": 12,
      "confidence": 0.8164736032485962,
      "bbox_xyxy": [
        384.2580871582031,
        122.15139770507812,
        639.761962890625,
        639.3511962890625
      ],
      "bbox_yolo": [
        0.8000156283378601,
        0.5949238538742065,
        0.39922481775283813,
        0.8081247210502625
      ],
      "bbox_width_px": 255.50387573242188,
      "bbox_height_px": 517.1998291015625
    },
    {
      "detection_id": 1,
      "class_name": "horse",
      "yolo_class_id": 12,
      "confidence": 0.8064018487930298,
      "bbox_xyxy": [
        57.224342346191406,
        131.3653106689453,
        235.75201416015625,
        632.8580932617188
      ],
      "bbox_yolo": [
        0.22888776659965515,
        0.5970495343208313,
        0.278949499130249,
        0.7835825085639954
      ],
      "bbox_width_px": 178.52767944335938,
      "bbox_height_px": 501.4927978515625
    },
    {
      "detection_id": 2,
      "class_name": "horse",
      "yolo_class_id": 12,
      "confidence": 0.8168248534202576,
      "bbox_xyxy": [
        228.09219360351562,
        85.04641723632812,
        405.0952453613281,
        638.4129638671875
      ],
      "bbox_yolo": [
        0.49467769265174866,
        0.5652025938034058,
        0.276567280292511,
        0.8646352887153625
      ],
      "bbox_width_px": 177.0030517578125,
      "bbox_height_px": 553.3665771484375
    }
  ]
}