{
  "index": 10175,
  "dataframe_iter_index": 10175,
  "image_path": "./datasets/sVOC_FLUXFP8/images/10175.png",
  "image_width": 640,
  "image_height": 640,
  "ground_truth_class": "horse",
  "grounding_prompt": "horse",
  "timestamp": "2026-05-22T13:44:14.869608",
  "num_detections": 1,
  "detections": [
    {
      "detection_id": 0,
      "class_name": "horse",
      "yolo_class_id": 12,
      "confidence": 0.9782522320747375,
      "bbox_xyxy": [
        123.47305297851562,
        184.1727752685547,
        533.181884765625,
        592.7227172851562
      ],
      "bbox_yolo": [
        0.513011634349823,
        0.6069496273994446,
        0.6401700377464294,
        0.6383592486381531
      ],
      "bbox_width_px": 409.7088317871094,
      "bbox_height_px": 408.5499267578125
    }
  ]
}