{
  "index": 1018,
  "dataframe_iter_index": 1018,
  "image_path": "./datasets/sVOC_FLUXFP8/images/1018.png",
  "image_width": 640,
  "image_height": 640,
  "ground_truth_class": "bicycle",
  "grounding_prompt": "bicycle",
  "timestamp": "2026-05-22T10:25:20.719316",
  "num_detections": 3,
  "detections": [
    {
      "detection_id": 0,
      "class_name": "bicycle",
      "yolo_class_id": 1,
      "confidence": 0.8173491358757019,
      "bbox_xyxy": [
        276.27484130859375,
        322.25262451171875,
        372.24658203125,
        413.62200927734375
      ],
      "bbox_yolo": [
        0.5066573619842529,
        0.5749020576477051,
        0.1499558389186859,
        0.14276465773582458
      ],
      "bbox_width_px": 95.97174072265625,
      "bbox_height_px": 91.369384765625
    },
    {
      "detection_id": 1,
      "class_name": "bicycle",
      "yolo_class_id": 1,
      "confidence": 0.8130710124969482,
      "bbox_xyxy": [
        103.34228515625,
        330.3714294433594,
        224.35226440429688,
        434.2220153808594
      ],
      "bbox_yolo": [
        0.25601136684417725,
        0.5973386168479919,
        0.18907809257507324,
        0.1622665375471115
      ],
      "bbox_width_px": 121.00997924804688,
      "bbox_height_px": 103.8505859375
    },
    {
      "detection_id": 2,
      "class_name": "bicycle",
      "yolo_class_id": 1,
      "confidence": 0.7901897430419922,
      "bbox_xyxy": [
        407.59600830078125,
        333.49639892578125,
        539.1221923828125,
        440.41162109375
      ],
      "bbox_yolo": [
        0.7396236062049866,
        0.6046156287193298,
        0.20550966262817383,
        0.16705504059791565
      ],
      "bbox_width_px": 131.52618408203125,
      "bbox_height_px": 106.91522216796875
    }
  ]
}