{
  "index": 10228,
  "dataframe_iter_index": 10228,
  "image_path": "./datasets/sVOC_FLUXFP8/images/10228.png",
  "image_width": 640,
  "image_height": 640,
  "ground_truth_class": "horse",
  "grounding_prompt": "horse",
  "timestamp": "2026-05-22T13:45:31.307832",
  "num_detections": 1,
  "detections": [
    {
      "detection_id": 0,
      "class_name": "horse",
      "yolo_class_id": 12,
      "confidence": 0.9741772413253784,
      "bbox_xyxy": [
        103.36956787109375,
        177.34048461914062,
        517.5455932617188,
        596.97021484375
      ],
      "bbox_yolo": [
        0.4850899577140808,
        0.6049302220344543,
        0.6471500396728516,
        0.6556714773178101
      ],
      "bbox_width_px": 414.176025390625,
      "bbox_height_px": 419.6297302246094
    }
  ]
}