{
  "index": 10220,
  "dataframe_iter_index": 10220,
  "image_path": "./datasets/sVOC_FLUXFP8/images/10220.png",
  "image_width": 640,
  "image_height": 640,
  "ground_truth_class": "horse",
  "grounding_prompt": "horse",
  "timestamp": "2026-05-22T13:45:20.242617",
  "num_detections": 1,
  "detections": [
    {
      "detection_id": 0,
      "class_name": "horse",
      "yolo_class_id": 12,
      "confidence": 0.9760475158691406,
      "bbox_xyxy": [
        123.96630859375,
        240.32254028320312,
        449.739990234375,
        571.640380859375
      ],
      "bbox_yolo": [
        0.4482080340385437,
        0.6343460083007812,
        0.5090214014053345,
        0.5176841020584106
      ],
      "bbox_width_px": 325.773681640625,
      "bbox_height_px": 331.3178405761719
    }
  ]
}