{
  "index": 10236,
  "dataframe_iter_index": 10236,
  "image_path": "./datasets/sVOC_FLUXFP8/images/10236.png",
  "image_width": 640,
  "image_height": 640,
  "ground_truth_class": "horse",
  "grounding_prompt": "horse",
  "timestamp": "2026-05-22T13:45:42.604349",
  "num_detections": 1,
  "detections": [
    {
      "detection_id": 0,
      "class_name": "horse",
      "yolo_class_id": 12,
      "confidence": 0.9706430435180664,
      "bbox_xyxy": [
        124.01165771484375,
        176.23294067382812,
        527.2435913085938,
        589.861328125
      ],
      "bbox_yolo": [
        0.5087931752204895,
        0.5985110998153687,
        0.6300498843193054,
        0.646294355392456
      ],
      "bbox_width_px": 403.23193359375,
      "bbox_height_px": 413.6283874511719
    }
  ]
}