{
  "index": 10256,
  "dataframe_iter_index": 10256,
  "image_path": "./datasets/sVOC_FLUXFP8/images/10256.png",
  "image_width": 640,
  "image_height": 640,
  "ground_truth_class": "horse",
  "grounding_prompt": "horse",
  "timestamp": "2026-05-22T13:46:11.019617",
  "num_detections": 1,
  "detections": [
    {
      "detection_id": 0,
      "class_name": "horse",
      "yolo_class_id": 12,
      "confidence": 0.9655187129974365,
      "bbox_xyxy": [
        100.37222290039062,
        146.9960479736328,
        526.732421875,
        616.3475341796875
      ],
      "bbox_yolo": [
        0.48992547392845154,
        0.5963621735572815,
        0.6661878228187561,
        0.7333617210388184
      ],
      "bbox_width_px": 426.3601989746094,
      "bbox_height_px": 469.35150146484375
    }
  ]
}