{
  "index": 10269,
  "dataframe_iter_index": 10269,
  "image_path": "./datasets/sVOC_FLUXFP8/images/10269.png",
  "image_width": 640,
  "image_height": 640,
  "ground_truth_class": "horse",
  "grounding_prompt": "horse",
  "timestamp": "2026-05-22T13:46:29.241100",
  "num_detections": 2,
  "detections": [
    {
      "detection_id": 0,
      "class_name": "horse",
      "yolo_class_id": 12,
      "confidence": 0.8882866501808167,
      "bbox_xyxy": [
        339.0061950683594,
        87.07681274414062,
        600.020751953125,
        639.5067138671875
      ],
      "bbox_yolo": [
        0.7336148023605347,
        0.5676433444023132,
        0.4078352451324463,
        0.8631717562675476
      ],
      "bbox_width_px": 261.0145568847656,
      "bbox_height_px": 552.429931640625
    },
    {
      "detection_id": 1,
      "class_name": "horse",
      "yolo_class_id": 12,
      "confidence": 0.8798564672470093,
      "bbox_xyxy": [
        67.39875793457031,
        90.37744140625,
        328.931396484375,
        639.2971801757812
      ],
      "bbox_yolo": [
        0.30963292717933655,
        0.570058286190033,
        0.40864476561546326,
        0.8576871156692505
      ],
      "bbox_width_px": 261.53265380859375,
      "bbox_height_px": 548.9197387695312
    }
  ]
}