{
  "index": 10272,
  "dataframe_iter_index": 10272,
  "image_path": "./datasets/sVOC_FLUXFP8/images/10272.png",
  "image_width": 640,
  "image_height": 640,
  "ground_truth_class": "horse",
  "grounding_prompt": "horse",
  "timestamp": "2026-05-22T13:46:33.425693",
  "num_detections": 1,
  "detections": [
    {
      "detection_id": 0,
      "class_name": "horse",
      "yolo_class_id": 12,
      "confidence": 0.9661630392074585,
      "bbox_xyxy": [
        94.33804321289062,
        160.19476318359375,
        523.0960693359375,
        589.7503051757812
      ],
      "bbox_yolo": [
        0.48237037658691406,
        0.5858945846557617,
        0.6699343919754028,
        0.6711805462837219
      ],
      "bbox_width_px": 428.7580261230469,
      "bbox_height_px": 429.5555419921875
    }
  ]
}