{
  "index": 10271,
  "dataframe_iter_index": 10271,
  "image_path": "./datasets/sVOC_FLUXFP8/images/10271.png",
  "image_width": 640,
  "image_height": 640,
  "ground_truth_class": "horse",
  "grounding_prompt": "horse",
  "timestamp": "2026-05-22T13:46:31.960377",
  "num_detections": 1,
  "detections": [
    {
      "detection_id": 0,
      "class_name": "horse",
      "yolo_class_id": 12,
      "confidence": 0.9288948774337769,
      "bbox_xyxy": [
        135.6056365966797,
        52.014556884765625,
        638.7080688476562,
        639.21142578125
      ],
      "bbox_yolo": [
        0.6049326062202454,
        0.5400202870368958,
        0.786097526550293,
        0.9174951314926147
      ],
      "bbox_width_px": 503.1024169921875,
      "bbox_height_px": 587.1968994140625
    }
  ]
}