{
  "index": 10286,
  "dataframe_iter_index": 10286,
  "image_path": "./datasets/sVOC_FLUXFP8/images/10286.png",
  "image_width": 640,
  "image_height": 640,
  "ground_truth_class": "horse",
  "grounding_prompt": "horse",
  "timestamp": "2026-05-22T13:46:52.993302",
  "num_detections": 3,
  "detections": [
    {
      "detection_id": 0,
      "class_name": "horse",
      "yolo_class_id": 12,
      "confidence": 0.8260425329208374,
      "bbox_xyxy": [
        128.11599731445312,
        161.6109161376953,
        291.2494812011719,
        619.2435302734375
      ],
      "bbox_yolo": [
        0.3276292681694031,
        0.6100425124168396,
        0.2548960745334625,
        0.715050995349884
      ],
      "bbox_width_px": 163.13348388671875,
      "bbox_height_px": 457.63262939453125
    },
    {
      "detection_id": 1,
      "class_name": "horse",
      "yolo_class_id": 12,
      "confidence": 0.8118069171905518,
      "bbox_xyxy": [
        259.9396057128906,
        164.07501220703125,
        425.5148010253906,
        604.3822631835938
      ],
      "bbox_yolo": [
        0.5355112552642822,
        0.6003572344779968,
        0.2587112486362457,
        0.687980055809021
      ],
      "bbox_width_px": 165.5751953125,
      "bbox_height_px": 440.3072509765625
    },
    {
      "detection_id": 2,
      "class_name": "horse",
      "yolo_class_id": 12,
      "confidence": 0.8322178721427917,
      "bbox_xyxy": [
        413.31396484375,
        146.6867218017578,
        612.1640625,
        636.2564086914062
      ],
      "bbox_yolo": [
        0.8011547327041626,
        0.6116743087768555,
        0.3107032775878906,
        0.7649526596069336
      ],
      "bbox_width_px": 198.85009765625,
      "bbox_height_px": 489.5697021484375
    }
  ]
}