{
  "index": 10297,
  "dataframe_iter_index": 10297,
  "image_path": "./datasets/sVOC_FLUXFP8/images/10297.png",
  "image_width": 640,
  "image_height": 640,
  "ground_truth_class": "horse",
  "grounding_prompt": "horse",
  "timestamp": "2026-05-22T13:47:08.473619",
  "num_detections": 2,
  "detections": [
    {
      "detection_id": 0,
      "class_name": "horse",
      "yolo_class_id": 12,
      "confidence": 0.8954265117645264,
      "bbox_xyxy": [
        88.34501647949219,
        88.26840209960938,
        313.617919921875,
        639.1510009765625
      ],
      "bbox_yolo": [
        0.314033567905426,
        0.5682964324951172,
        0.35198891162872314,
        0.8607540130615234
      ],
      "bbox_width_px": 225.2729034423828,
      "bbox_height_px": 550.882568359375
    },
    {
      "detection_id": 1,
      "class_name": "horse",
      "yolo_class_id": 12,
      "confidence": 0.894598126411438,
      "bbox_xyxy": [
        311.330810546875,
        76.43084716796875,
        548.6454467773438,
        639.2081298828125
      ],
      "bbox_yolo": [
        0.6718564629554749,
        0.5590929388999939,
        0.3708041310310364,
        0.8793395161628723
      ],
      "bbox_width_px": 237.31463623046875,
      "bbox_height_px": 562.7772827148438
    }
  ]
}