{
  "index": 10299,
  "dataframe_iter_index": 10299,
  "image_path": "./datasets/sVOC_FLUXFP8/images/10299.png",
  "image_width": 640,
  "image_height": 640,
  "ground_truth_class": "horse",
  "grounding_prompt": "horse",
  "timestamp": "2026-05-22T13:47:11.264904",
  "num_detections": 1,
  "detections": [
    {
      "detection_id": 0,
      "class_name": "horse",
      "yolo_class_id": 12,
      "confidence": 0.9623252153396606,
      "bbox_xyxy": [
        101.93878173828125,
        56.274688720703125,
        468.988037109375,
        639.2958984375
      ],
      "bbox_yolo": [
        0.44603657722473145,
        0.5434144735336304,
        0.573514461517334,
        0.9109706878662109
      ],
      "bbox_width_px": 367.04925537109375,
      "bbox_height_px": 583.021240234375
    }
  ]
}