{
  "index": 10307,
  "dataframe_iter_index": 10307,
  "image_path": "./datasets/sVOC_FLUXFP8/images/10307.png",
  "image_width": 640,
  "image_height": 640,
  "ground_truth_class": "horse",
  "grounding_prompt": "horse",
  "timestamp": "2026-05-22T13:47:22.728958",
  "num_detections": 1,
  "detections": [
    {
      "detection_id": 0,
      "class_name": "horse",
      "yolo_class_id": 12,
      "confidence": 0.973548948764801,
      "bbox_xyxy": [
        90.71377563476562,
        140.196044921875,
        506.3041687011719,
        621.768798828125
      ],
      "bbox_yolo": [
        0.4664202630519867,
        0.5952850580215454,
        0.6493600010871887,
        0.7524574398994446
      ],
      "bbox_width_px": 415.59039306640625,
      "bbox_height_px": 481.57275390625
    }
  ]
}