{
  "index": 10317,
  "dataframe_iter_index": 10317,
  "image_path": "./datasets/sVOC_FLUXFP8/images/10317.png",
  "image_width": 640,
  "image_height": 640,
  "ground_truth_class": "horse",
  "grounding_prompt": "horse",
  "timestamp": "2026-05-22T13:47:36.857237",
  "num_detections": 2,
  "detections": [
    {
      "detection_id": 0,
      "class_name": "horse",
      "yolo_class_id": 12,
      "confidence": 0.8893972635269165,
      "bbox_xyxy": [
        291.04827880859375,
        134.18540954589844,
        504.21234130859375,
        613.718505859375
      ],
      "bbox_yolo": [
        0.6212973594665527,
        0.5842999219894409,
        0.33306884765625,
        0.7492704391479492
      ],
      "bbox_width_px": 213.1640625,
      "bbox_height_px": 479.5330810546875
    },
    {
      "detection_id": 1,
      "class_name": "horse",
      "yolo_class_id": 12,
      "confidence": 0.8920837640762329,
      "bbox_xyxy": [
        118.11422729492188,
        154.99261474609375,
        275.3731994628906,
        616.4176635742188
      ],
      "bbox_yolo": [
        0.3074120581150055,
        0.6026642918586731,
        0.2457171380519867,
        0.7209766507148743
      ],
      "bbox_width_px": 157.25897216796875,
      "bbox_height_px": 461.425048828125
    }
  ]
}