{
  "index": 10323,
  "dataframe_iter_index": 10323,
  "image_path": "./datasets/sVOC_FLUXFP8/images/10323.png",
  "image_width": 640,
  "image_height": 640,
  "ground_truth_class": "horse",
  "grounding_prompt": "horse",
  "timestamp": "2026-05-22T13:47:45.253082",
  "num_detections": 1,
  "detections": [
    {
      "detection_id": 0,
      "class_name": "horse",
      "yolo_class_id": 12,
      "confidence": 0.9699610471725464,
      "bbox_xyxy": [
        125.244873046875,
        172.831787109375,
        522.3333740234375,
        589.677490234375
      ],
      "bbox_yolo": [
        0.5059205293655396,
        0.5957103967666626,
        0.6204507946968079,
        0.6513214111328125
      ],
      "bbox_width_px": 397.0885009765625,
      "bbox_height_px": 416.845703125
    }
  ]
}