{
  "index": 10326,
  "dataframe_iter_index": 10326,
  "image_path": "./datasets/sVOC_FLUXFP8/images/10326.png",
  "image_width": 640,
  "image_height": 640,
  "ground_truth_class": "horse",
  "grounding_prompt": "horse",
  "timestamp": "2026-05-22T13:47:49.301567",
  "num_detections": 3,
  "detections": [
    {
      "detection_id": 0,
      "class_name": "horse",
      "yolo_class_id": 12,
      "confidence": 0.8535961508750916,
      "bbox_xyxy": [
        116.2923583984375,
        195.90724182128906,
        259.002685546875,
        609.6139526367188
      ],
      "bbox_yolo": [
        0.29319924116134644,
        0.6293134093284607,
        0.22298488020896912,
        0.6464167833328247
      ],
      "bbox_width_px": 142.7103271484375,
      "bbox_height_px": 413.70672607421875
    },
    {
      "detection_id": 1,
      "class_name": "horse",
      "yolo_class_id": 12,
      "confidence": 0.8506289720535278,
      "bbox_xyxy": [
        266.2841491699219,
        174.8743133544922,
        418.4945983886719,
        595.1448364257812
      ],
      "bbox_yolo": [
        0.5349833965301514,
        0.6015774607658386,
        0.2378288209438324,
        0.6566726565361023
      ],
      "bbox_width_px": 152.21044921875,
      "bbox_height_px": 420.2705078125
    },
    {
      "detection_id": 2,
      "class_name": "horse",
      "yolo_class_id": 12,
      "confidence": 0.8653860688209534,
      "bbox_xyxy": [
        433.3707275390625,
        174.69573974609375,
        563.2237548828125,
        607.2455444335938
      ],
      "bbox_yolo": [
        0.7785894274711609,
        0.6108916401863098,
        0.2028953582048416,
        0.6758590936660767
      ],
      "bbox_width_px": 129.85302734375,
      "bbox_height_px": 432.5498046875
    }
  ]
}