{
  "index": 10321,
  "dataframe_iter_index": 10321,
  "image_path": "./datasets/sVOC_FLUXFP8/images/10321.png",
  "image_width": 640,
  "image_height": 640,
  "ground_truth_class": "horse",
  "grounding_prompt": "horse",
  "timestamp": "2026-05-22T13:47:42.453413",
  "num_detections": 2,
  "detections": [
    {
      "detection_id": 0,
      "class_name": "horse",
      "yolo_class_id": 12,
      "confidence": 0.877284824848175,
      "bbox_xyxy": [
        306.8049011230469,
        85.75485229492188,
        551.3079833984375,
        639.26513671875
      ],
      "bbox_yolo": [
        0.6704007387161255,
        0.5664218664169312,
        0.3820360600948334,
        0.8648597598075867
      ],
      "bbox_width_px": 244.50308227539062,
      "bbox_height_px": 553.51025390625
    },
    {
      "detection_id": 1,
      "class_name": "horse",
      "yolo_class_id": 12,
      "confidence": 0.8799567818641663,
      "bbox_xyxy": [
        88.85911560058594,
        90.77725219726562,
        313.872314453125,
        639.09326171875
      ],
      "bbox_yolo": [
        0.31463393568992615,
        0.5702112913131714,
        0.3515831232070923,
        0.8567438125610352
      ],
      "bbox_width_px": 225.01319885253906,
      "bbox_height_px": 548.3160400390625
    }
  ]
}