{
  "index": 10349,
  "dataframe_iter_index": 10349,
  "image_path": "./datasets/sVOC_FLUXFP8/images/10349.png",
  "image_width": 640,
  "image_height": 640,
  "ground_truth_class": "horse",
  "grounding_prompt": "horse",
  "timestamp": "2026-05-22T13:48:22.164038",
  "num_detections": 2,
  "detections": [
    {
      "detection_id": 0,
      "class_name": "horse",
      "yolo_class_id": 12,
      "confidence": 0.9019269347190857,
      "bbox_xyxy": [
        293.54437255859375,
        266.91217041015625,
        556.5452270507812,
        604.6698608398438
      ],
      "bbox_yolo": [
        0.6641324758529663,
        0.6809234619140625,
        0.4109388291835785,
        0.5277463793754578
      ],
      "bbox_width_px": 263.0008544921875,
      "bbox_height_px": 337.7576904296875
    },
    {
      "detection_id": 1,
      "class_name": "horse",
      "yolo_class_id": 12,
      "confidence": 0.8958727121353149,
      "bbox_xyxy": [
        114.68008422851562,
        221.01406860351562,
        296.5398864746094,
        627.3519287109375
      ],
      "bbox_yolo": [
        0.3212656080722809,
        0.6627858877182007,
        0.284155935049057,
        0.6349028944969177
      ],
      "bbox_width_px": 181.85980224609375,
      "bbox_height_px": 406.3378601074219
    }
  ]
}