{
  "index": 10352,
  "dataframe_iter_index": 10352,
  "image_path": "./datasets/sVOC_FLUXFP8/images/10352.png",
  "image_width": 640,
  "image_height": 640,
  "ground_truth_class": "horse",
  "grounding_prompt": "horse",
  "timestamp": "2026-05-22T13:48:26.435434",
  "num_detections": 1,
  "detections": [
    {
      "detection_id": 0,
      "class_name": "horse",
      "yolo_class_id": 12,
      "confidence": 0.9709997773170471,
      "bbox_xyxy": [
        107.01223754882812,
        154.24298095703125,
        527.5299072265625,
        589.2957153320312
      ],
      "bbox_yolo": [
        0.4957360327243805,
        0.5808895826339722,
        0.657058835029602,
        0.6797698736190796
      ],
      "bbox_width_px": 420.5176696777344,
      "bbox_height_px": 435.052734375
    }
  ]
}