{
  "index": 104,
  "dataframe_iter_index": 104,
  "image_path": "./datasets/sVOC_FLUXFP8/images/104.png",
  "image_width": 640,
  "image_height": 640,
  "ground_truth_class": "aeroplane",
  "grounding_prompt": "aeroplane",
  "timestamp": "2026-05-22T10:08:00.417011",
  "num_detections": 1,
  "detections": [
    {
      "detection_id": 0,
      "class_name": "aeroplane",
      "yolo_class_id": 0,
      "confidence": 0.9499371647834778,
      "bbox_xyxy": [
        79.91363525390625,
        289.7204895019531,
        619.4561157226562,
        443.1665954589844
      ],
      "bbox_yolo": [
        0.5463826060295105,
        0.5725680589675903,
        0.843035101890564,
        0.23975953459739685
      ],
      "bbox_width_px": 539.54248046875,
      "bbox_height_px": 153.44610595703125
    }
  ]
}