{
  "index": 10406,
  "dataframe_iter_index": 10406,
  "image_path": "./datasets/sVOC_FLUXFP8/images/10406.png",
  "image_width": 640,
  "image_height": 640,
  "ground_truth_class": "motorbike",
  "grounding_prompt": "motorbike",
  "timestamp": "2026-05-22T13:49:42.643794",
  "num_detections": 3,
  "detections": [
    {
      "detection_id": 0,
      "class_name": "motorbike",
      "yolo_class_id": 13,
      "confidence": 0.8297934532165527,
      "bbox_xyxy": [
        442.8139343261719,
        306.4130859375,
        607.7432250976562,
        546.7530517578125
      ],
      "bbox_yolo": [
        0.8207477331161499,
        0.6665360331535339,
        0.2577020227909088,
        0.3755311965942383
      ],
      "bbox_width_px": 164.92929077148438,
      "bbox_height_px": 240.3399658203125
    },
    {
      "detection_id": 1,
      "class_name": "motorbike",
      "yolo_class_id": 13,
      "confidence": 0.8617373704910278,
      "bbox_xyxy": [
        56.71210479736328,
        305.82391357421875,
        230.417236328125,
        541.6683959960938
      ],
      "bbox_yolo": [
        0.22431978583335876,
        0.6621033549308777,
        0.27141427993774414,
        0.3685069978237152
      ],
      "bbox_width_px": 173.70513916015625,
      "bbox_height_px": 235.844482421875
    },
    {
      "detection_id": 2,
      "class_name": "motorbike",
      "yolo_class_id": 13,
      "confidence": 0.8541805148124695,
      "bbox_xyxy": [
        269.12420654296875,
        319.68194580078125,
        415.90655517578125,
        544.5669555664062
      ],
      "bbox_yolo": [
        0.5351802706718445,
        0.6751944422721863,
        0.22934742271900177,
        0.3513828217983246
      ],
      "bbox_width_px": 146.7823486328125,
      "bbox_height_px": 224.885009765625
    }
  ]
}