{
  "index": 10450,
  "dataframe_iter_index": 10450,
  "image_path": "./datasets/sVOC_FLUXFP8/images/10450.png",
  "image_width": 640,
  "image_height": 640,
  "ground_truth_class": "motorbike",
  "grounding_prompt": "motorbike",
  "timestamp": "2026-05-22T13:50:44.751549",
  "num_detections": 3,
  "detections": [
    {
      "detection_id": 0,
      "class_name": "motorbike",
      "yolo_class_id": 13,
      "confidence": 0.8831906318664551,
      "bbox_xyxy": [
        421.199951171875,
        261.3419189453125,
        611.489501953125,
        538.2162475585938
      ],
      "bbox_yolo": [
        0.8067886233329773,
        0.6246548295021057,
        0.2973274290561676,
        0.43261614441871643
      ],
      "bbox_width_px": 190.28955078125,
      "bbox_height_px": 276.87432861328125
    },
    {
      "detection_id": 1,
      "class_name": "motorbike",
      "yolo_class_id": 13,
      "confidence": 0.8829150795936584,
      "bbox_xyxy": [
        77.2586898803711,
        270.67156982421875,
        272.87408447265625,
        532.6659545898438
      ],
      "bbox_yolo": [
        0.27354124188423157,
        0.6276074647903442,
        0.3056490421295166,
        0.4093662202358246
      ],
      "bbox_width_px": 195.61538696289062,
      "bbox_height_px": 261.994384765625
    },
    {
      "detection_id": 2,
      "class_name": "motorbike",
      "yolo_class_id": 13,
      "confidence": 0.8593103885650635,
      "bbox_xyxy": [
        294.25677490234375,
        293.69158935546875,
        415.16552734375,
        461.26617431640625
      ],
      "bbox_yolo": [
        0.5542361736297607,
        0.5898107290267944,
        0.18891993165016174,
        0.2618352770805359
      ],
      "bbox_width_px": 120.90875244140625,
      "bbox_height_px": 167.5745849609375
    }
  ]
}