{
  "index": 10452,
  "dataframe_iter_index": 10452,
  "image_path": "./datasets/sVOC_FLUXFP8/images/10452.png",
  "image_width": 640,
  "image_height": 640,
  "ground_truth_class": "motorbike",
  "grounding_prompt": "motorbike",
  "timestamp": "2026-05-22T13:50:47.445308",
  "num_detections": 1,
  "detections": [
    {
      "detection_id": 0,
      "class_name": "motorbike",
      "yolo_class_id": 13,
      "confidence": 0.9613888263702393,
      "bbox_xyxy": [
        200.86810302734375,
        353.86309814453125,
        358.72650146484375,
        535.6426391601562
      ],
      "bbox_yolo": [
        0.43718329071998596,
        0.694926381111145,
        0.246653750538826,
        0.2840305268764496
      ],
      "bbox_width_px": 157.8583984375,
      "bbox_height_px": 181.779541015625
    }
  ]
}