{
  "index": 10478,
  "dataframe_iter_index": 10478,
  "image_path": "./datasets/sVOC_FLUXFP8/images/10478.png",
  "image_width": 640,
  "image_height": 640,
  "ground_truth_class": "motorbike",
  "grounding_prompt": "motorbike",
  "timestamp": "2026-05-22T13:51:24.163550",
  "num_detections": 3,
  "detections": [
    {
      "detection_id": 0,
      "class_name": "motorbike",
      "yolo_class_id": 13,
      "confidence": 0.8629934787750244,
      "bbox_xyxy": [
        391.6033630371094,
        325.3627624511719,
        586.3876953125,
        557.0543212890625
      ],
      "bbox_yolo": [
        0.7640555500984192,
        0.6893883943557739,
        0.30435052514076233,
        0.36201804876327515
      ],
      "bbox_width_px": 194.78433227539062,
      "bbox_height_px": 231.69155883789062
    },
    {
      "detection_id": 1,
      "class_name": "motorbike",
      "yolo_class_id": 13,
      "confidence": 0.8785926103591919,
      "bbox_xyxy": [
        78.91893005371094,
        303.02471923828125,
        242.7444305419922,
        551.61669921875
      ],
      "bbox_yolo": [
        0.25129950046539307,
        0.6676886081695557,
        0.2559773325920105,
        0.38842496275901794
      ],
      "bbox_width_px": 163.82550048828125,
      "bbox_height_px": 248.59197998046875
    },
    {
      "detection_id": 2,
      "class_name": "motorbike",
      "yolo_class_id": 13,
      "confidence": 0.8597370982170105,
      "bbox_xyxy": [
        273.8539733886719,
        337.1609802246094,
        364.6022033691406,
        537.1915283203125
      ],
      "bbox_yolo": [
        0.49879390001296997,
        0.683087944984436,
        0.1417941153049469,
        0.3125477433204651
      ],
      "bbox_width_px": 90.74822998046875,
      "bbox_height_px": 200.03054809570312
    }
  ]
}