{
  "index": 1049,
  "dataframe_iter_index": 1049,
  "image_path": "./datasets/sVOC_FLUXFP8/images/1049.png",
  "image_width": 640,
  "image_height": 640,
  "ground_truth_class": "bicycle",
  "grounding_prompt": "bicycle",
  "timestamp": "2026-05-22T10:25:55.447494",
  "num_detections": 2,
  "detections": [
    {
      "detection_id": 0,
      "class_name": "bicycle",
      "yolo_class_id": 1,
      "confidence": 0.7871236205101013,
      "bbox_xyxy": [
        351.8060302734375,
        250.72506713867188,
        532.4122314453125,
        540.8048095703125
      ],
      "bbox_yolo": [
        0.6907955408096313,
        0.6183827519416809,
        0.28219717741012573,
        0.45324960350990295
      ],
      "bbox_width_px": 180.606201171875,
      "bbox_height_px": 290.0797424316406
    },
    {
      "detection_id": 1,
      "class_name": "bicycle",
      "yolo_class_id": 1,
      "confidence": 0.8228849172592163,
      "bbox_xyxy": [
        100.9809341430664,
        261.7121887207031,
        271.4716491699219,
        559.095947265625
      ],
      "bbox_yolo": [
        0.2909785807132721,
        0.6412563323974609,
        0.2663917541503906,
        0.4646621346473694
      ],
      "bbox_width_px": 170.49072265625,
      "bbox_height_px": 297.3837585449219
    }
  ]
}