{
  "index": 1052,
  "dataframe_iter_index": 1052,
  "image_path": "./datasets/sVOC_FLUXFP8/images/1052.png",
  "image_width": 640,
  "image_height": 640,
  "ground_truth_class": "bicycle",
  "grounding_prompt": "bicycle",
  "timestamp": "2026-05-22T10:25:58.795967",
  "num_detections": 1,
  "detections": [
    {
      "detection_id": 0,
      "class_name": "bicycle",
      "yolo_class_id": 1,
      "confidence": 0.97359699010849,
      "bbox_xyxy": [
        108.02066040039062,
        222.58709716796875,
        413.5557556152344,
        476.86663818359375
      ],
      "bbox_yolo": [
        0.4074815809726715,
        0.5464482307434082,
        0.4773985743522644,
        0.3973117768764496
      ],
      "bbox_width_px": 305.53509521484375,
      "bbox_height_px": 254.279541015625
    }
  ]
}