{
  "index": 10538,
  "dataframe_iter_index": 10538,
  "image_path": "./datasets/sVOC_FLUXFP8/images/10538.png",
  "image_width": 640,
  "image_height": 640,
  "ground_truth_class": "motorbike",
  "grounding_prompt": "motorbike",
  "timestamp": "2026-05-22T13:52:48.873991",
  "num_detections": 3,
  "detections": [
    {
      "detection_id": 0,
      "class_name": "motorbike",
      "yolo_class_id": 13,
      "confidence": 0.8503016233444214,
      "bbox_xyxy": [
        444.6560974121094,
        269.35906982421875,
        615.873779296875,
        542.5868530273438
      ],
      "bbox_yolo": [
        0.8285390138626099,
        0.6343327760696411,
        0.26752763986587524,
        0.4269184172153473
      ],
      "bbox_width_px": 171.21768188476562,
      "bbox_height_px": 273.227783203125
    },
    {
      "detection_id": 1,
      "class_name": "motorbike",
      "yolo_class_id": 13,
      "confidence": 0.8610226511955261,
      "bbox_xyxy": [
        85.21792602539062,
        260.7567443847656,
        251.08486938476562,
        532.9327392578125
      ],
      "bbox_yolo": [
        0.26273655891418457,
        0.6200698614120483,
        0.2591671049594879,
        0.4252749979496002
      ],
      "bbox_width_px": 165.866943359375,
      "bbox_height_px": 272.1759948730469
    },
    {
      "detection_id": 2,
      "class_name": "motorbike",
      "yolo_class_id": 13,
      "confidence": 0.8492644429206848,
      "bbox_xyxy": [
        281.97027587890625,
        264.6318359375,
        425.74078369140625,
        546.1341552734375
      ],
      "bbox_yolo": [
        0.5528992414474487,
        0.6334109306335449,
        0.22464141249656677,
        0.4398473799228668
      ],
      "bbox_width_px": 143.7705078125,
      "bbox_height_px": 281.5023193359375
    }
  ]
}