{
  "index": 10537,
  "dataframe_iter_index": 10537,
  "image_path": "./datasets/sVOC_FLUXFP8/images/10537.png",
  "image_width": 640,
  "image_height": 640,
  "ground_truth_class": "motorbike",
  "grounding_prompt": "motorbike",
  "timestamp": "2026-05-22T13:52:47.471607",
  "num_detections": 2,
  "detections": [
    {
      "detection_id": 0,
      "class_name": "motorbike",
      "yolo_class_id": 13,
      "confidence": 0.8506511449813843,
      "bbox_xyxy": [
        97.40730285644531,
        293.29364013671875,
        278.38934326171875,
        488.65032958984375
      ],
      "bbox_yolo": [
        0.29359111189842224,
        0.610893726348877,
        0.28278443217277527,
        0.3052448332309723
      ],
      "bbox_width_px": 180.98204040527344,
      "bbox_height_px": 195.356689453125
    },
    {
      "detection_id": 1,
      "class_name": "motorbike",
      "yolo_class_id": 13,
      "confidence": 0.8545867204666138,
      "bbox_xyxy": [
        304.5633239746094,
        294.0613708496094,
        546.8287963867188,
        488.9676818847656
      ],
      "bbox_yolo": [
        0.6651500463485718,
        0.6117414236068726,
        0.3785398006439209,
        0.30454111099243164
      ],
      "bbox_width_px": 242.26547241210938,
      "bbox_height_px": 194.90631103515625
    }
  ]
}