{
  "index": 10578,
  "dataframe_iter_index": 10578,
  "image_path": "./datasets/sVOC_FLUXFP8/images/10578.png",
  "image_width": 640,
  "image_height": 640,
  "ground_truth_class": "motorbike",
  "grounding_prompt": "motorbike",
  "timestamp": "2026-05-22T13:53:45.141097",
  "num_detections": 3,
  "detections": [
    {
      "detection_id": 0,
      "class_name": "motorbike",
      "yolo_class_id": 13,
      "confidence": 0.8711822032928467,
      "bbox_xyxy": [
        449.6509094238281,
        303.753662109375,
        597.8712768554688,
        527.0025024414062
      ],
      "bbox_yolo": [
        0.8183767199516296,
        0.6490282416343689,
        0.23159432411193848,
        0.3488263189792633
      ],
      "bbox_width_px": 148.22036743164062,
      "bbox_height_px": 223.24884033203125
    },
    {
      "detection_id": 1,
      "class_name": "motorbike",
      "yolo_class_id": 13,
      "confidence": 0.8763217926025391,
      "bbox_xyxy": [
        32.624229431152344,
        301.1310729980469,
        255.12445068359375,
        511.9877014160156
      ],
      "bbox_yolo": [
        0.22480365633964539,
        0.6352490186691284,
        0.34765657782554626,
        0.32946348190307617
      ],
      "bbox_width_px": 222.50021362304688,
      "bbox_height_px": 210.85662841796875
    },
    {
      "detection_id": 2,
      "class_name": "motorbike",
      "yolo_class_id": 13,
      "confidence": 0.8407044410705566,
      "bbox_xyxy": [
        307.1327209472656,
        275.6700439453125,
        389.3448181152344,
        400.9681396484375
      ],
      "bbox_yolo": [
        0.5441230535507202,
        0.5286235809326172,
        0.12845639884471893,
        0.1957782804965973
      ],
      "bbox_width_px": 82.21209716796875,
      "bbox_height_px": 125.298095703125
    }
  ]
}