{
  "index": 10600,
  "dataframe_iter_index": 10600,
  "image_path": "./datasets/sVOC_FLUXFP8/images/10600.png",
  "image_width": 640,
  "image_height": 640,
  "ground_truth_class": "motorbike",
  "grounding_prompt": "motorbike",
  "timestamp": "2026-05-22T13:54:16.386128",
  "num_detections": 1,
  "detections": [
    {
      "detection_id": 0,
      "class_name": "motorbike",
      "yolo_class_id": 13,
      "confidence": 0.9573991894721985,
      "bbox_xyxy": [
        96.87944030761719,
        202.19583129882812,
        495.4869384765625,
        491.5148620605469
      ],
      "bbox_yolo": [
        0.4627862572669983,
        0.5419614911079407,
        0.6228241920471191,
        0.4520609974861145
      ],
      "bbox_width_px": 398.60748291015625,
      "bbox_height_px": 289.31903076171875
    }
  ]
}