{
  "index": 10632,
  "dataframe_iter_index": 10632,
  "image_path": "./datasets/sVOC_FLUXFP8/images/10632.png",
  "image_width": 640,
  "image_height": 640,
  "ground_truth_class": "motorbike",
  "grounding_prompt": "motorbike",
  "timestamp": "2026-05-22T13:55:01.305573",
  "num_detections": 1,
  "detections": [
    {
      "detection_id": 0,
      "class_name": "motorbike",
      "yolo_class_id": 13,
      "confidence": 0.9690794944763184,
      "bbox_xyxy": [
        109.01383972167969,
        238.4605712890625,
        440.907470703125,
        524.5235595703125
      ],
      "bbox_yolo": [
        0.4296260476112366,
        0.5960813760757446,
        0.5185837745666504,
        0.44697341322898865
      ],
      "bbox_width_px": 331.89361572265625,
      "bbox_height_px": 286.06298828125
    }
  ]
}