{
  "index": 10663,
  "dataframe_iter_index": 10663,
  "image_path": "./datasets/sVOC_FLUXFP8/images/10663.png",
  "image_width": 640,
  "image_height": 640,
  "ground_truth_class": "motorbike",
  "grounding_prompt": "motorbike",
  "timestamp": "2026-05-22T13:55:44.305313",
  "num_detections": 1,
  "detections": [
    {
      "detection_id": 0,
      "class_name": "motorbike",
      "yolo_class_id": 13,
      "confidence": 0.9618715643882751,
      "bbox_xyxy": [
        198.7963104248047,
        326.87237548828125,
        362.80316162109375,
        583.7179565429688
      ],
      "bbox_yolo": [
        0.43874961137771606,
        0.711398720741272,
        0.2562606930732727,
        0.4013212323188782
      ],
      "bbox_width_px": 164.00685119628906,
      "bbox_height_px": 256.8455810546875
    }
  ]
}