{
  "index": 10689,
  "dataframe_iter_index": 10689,
  "image_path": "./datasets/sVOC_FLUXFP8/images/10689.png",
  "image_width": 640,
  "image_height": 640,
  "ground_truth_class": "motorbike",
  "grounding_prompt": "motorbike",
  "timestamp": "2026-05-22T13:56:21.182042",
  "num_detections": 2,
  "detections": [
    {
      "detection_id": 0,
      "class_name": "motorbike",
      "yolo_class_id": 13,
      "confidence": 0.9008257389068604,
      "bbox_xyxy": [
        80.4593505859375,
        228.66358947753906,
        279.57781982421875,
        540.0488891601562
      ],
      "bbox_yolo": [
        0.2812790274620056,
        0.6005566120147705,
        0.3111225962638855,
        0.4865395426750183
      ],
      "bbox_width_px": 199.11846923828125,
      "bbox_height_px": 311.38531494140625
    },
    {
      "detection_id": 1,
      "class_name": "motorbike",
      "yolo_class_id": 13,
      "confidence": 0.8980762958526611,
      "bbox_xyxy": [
        302.9546813964844,
        268.40789794921875,
        607.1861572265625,
        509.615478515625
      ],
      "bbox_yolo": [
        0.7110475301742554,
        0.6078307628631592,
        0.4753616750240326,
        0.37688684463500977
      ],
      "bbox_width_px": 304.2314758300781,
      "bbox_height_px": 241.20758056640625
    }
  ]
}