{
  "index": 10684,
  "dataframe_iter_index": 10684,
  "image_path": "./datasets/sVOC_FLUXFP8/images/10684.png",
  "image_width": 640,
  "image_height": 640,
  "ground_truth_class": "motorbike",
  "grounding_prompt": "motorbike",
  "timestamp": "2026-05-22T13:56:14.101674",
  "num_detections": 1,
  "detections": [
    {
      "detection_id": 0,
      "class_name": "motorbike",
      "yolo_class_id": 13,
      "confidence": 0.904244065284729,
      "bbox_xyxy": [
        296.5215759277344,
        371.8871765136719,
        366.3785095214844,
        477.2895202636719
      ],
      "bbox_yolo": [
        0.5178906917572021,
        0.6634193062782288,
        0.1091514602303505,
        0.16469116508960724
      ],
      "bbox_width_px": 69.85693359375,
      "bbox_height_px": 105.40234375
    }
  ]
}