{
  "index": 10686,
  "dataframe_iter_index": 10686,
  "image_path": "./datasets/sVOC_FLUXFP8/images/10686.png",
  "image_width": 640,
  "image_height": 640,
  "ground_truth_class": "motorbike",
  "grounding_prompt": "motorbike",
  "timestamp": "2026-05-22T13:56:17.075135",
  "num_detections": 3,
  "detections": [
    {
      "detection_id": 0,
      "class_name": "motorbike",
      "yolo_class_id": 13,
      "confidence": 0.8418324589729309,
      "bbox_xyxy": [
        403.815673828125,
        363.47784423828125,
        472.46722412109375,
        475.96234130859375
      ],
      "bbox_yolo": [
        0.6845960021018982,
        0.6558126211166382,
        0.10726805031299591,
        0.1757570207118988
      ],
      "bbox_width_px": 68.65155029296875,
      "bbox_height_px": 112.4844970703125
    },
    {
      "detection_id": 1,
      "class_name": "motorbike",
      "yolo_class_id": 13,
      "confidence": 0.8495041728019714,
      "bbox_xyxy": [
        134.6743927001953,
        384.9640197753906,
        245.51622009277344,
        563.627197265625
      ],
      "bbox_yolo": [
        0.2970239222049713,
        0.7410868406295776,
        0.17319035530090332,
        0.2791612148284912
      ],
      "bbox_width_px": 110.84182739257812,
      "bbox_height_px": 178.66317749023438
    },
    {
      "detection_id": 2,
      "class_name": "motorbike",
      "yolo_class_id": 13,
      "confidence": 0.8553630709648132,
      "bbox_xyxy": [
        295.2845153808594,
        371.11065673828125,
        386.8028259277344,
        515.0635986328125
      ],
      "bbox_yolo": [
        0.5328807234764099,
        0.692323625087738,
        0.1429973542690277,
        0.22492647171020508
      ],
      "bbox_width_px": 91.518310546875,
      "bbox_height_px": 143.95294189453125
    }
  ]
}