{
  "index": 107,
  "dataframe_iter_index": 107,
  "image_path": "./datasets/sVOC_FLUXFP8/images/107.png",
  "image_width": 640,
  "image_height": 640,
  "ground_truth_class": "aeroplane",
  "grounding_prompt": "aeroplane",
  "timestamp": "2026-05-22T10:08:03.746669",
  "num_detections": 1,
  "detections": [
    {
      "detection_id": 0,
      "class_name": "aeroplane",
      "yolo_class_id": 0,
      "confidence": 0.5218585133552551,
      "bbox_xyxy": [
        369.4499816894531,
        146.71063232421875,
        566.4293212890625,
        287.8021240234375
      ],
      "bbox_yolo": [
        0.7311556935310364,
        0.33946308493614197,
        0.3077802062034607,
        0.22045545279979706
      ],
      "bbox_width_px": 196.97933959960938,
      "bbox_height_px": 141.09149169921875
    }
  ]
}