{
  "index": 10703,
  "dataframe_iter_index": 10703,
  "image_path": "./datasets/sVOC_FLUXFP8/images/10703.png",
  "image_width": 640,
  "image_height": 640,
  "ground_truth_class": "motorbike",
  "grounding_prompt": "motorbike",
  "timestamp": "2026-05-22T13:56:41.185658",
  "num_detections": 1,
  "detections": [
    {
      "detection_id": 0,
      "class_name": "motorbike",
      "yolo_class_id": 13,
      "confidence": 0.9697312712669373,
      "bbox_xyxy": [
        116.44180297851562,
        224.73500061035156,
        415.8576354980469,
        542.7657470703125
      ],
      "bbox_yolo": [
        0.4158589243888855,
        0.5996099710464478,
        0.46783724427223206,
        0.4969230592250824
      ],
      "bbox_width_px": 299.41583251953125,
      "bbox_height_px": 318.03076171875
    }
  ]
}