{
  "index": 10744,
  "dataframe_iter_index": 10744,
  "image_path": "./datasets/sVOC_FLUXFP8/images/10744.png",
  "image_width": 640,
  "image_height": 640,
  "ground_truth_class": "motorbike",
  "grounding_prompt": "motorbike",
  "timestamp": "2026-05-22T13:57:38.772021",
  "num_detections": 1,
  "detections": [
    {
      "detection_id": 0,
      "class_name": "motorbike",
      "yolo_class_id": 13,
      "confidence": 0.9112081527709961,
      "bbox_xyxy": [
        124.72802734375,
        387.7403564453125,
        245.07879638671875,
        580.0415649414062
      ],
      "bbox_yolo": [
        0.2889115810394287,
        0.7560796141624451,
        0.1880480796098709,
        0.30047065019607544
      ],
      "bbox_width_px": 120.35076904296875,
      "bbox_height_px": 192.30120849609375
    }
  ]
}