{
  "index": 10748,
  "dataframe_iter_index": 10748,
  "image_path": "./datasets/sVOC_FLUXFP8/images/10748.png",
  "image_width": 640,
  "image_height": 640,
  "ground_truth_class": "motorbike",
  "grounding_prompt": "motorbike",
  "timestamp": "2026-05-22T13:57:44.299892",
  "num_detections": 1,
  "detections": [
    {
      "detection_id": 0,
      "class_name": "motorbike",
      "yolo_class_id": 13,
      "confidence": 0.8871597051620483,
      "bbox_xyxy": [
        297.6240234375,
        385.663330078125,
        353.23828125,
        477.224365234375
      ],
      "bbox_yolo": [
        0.5084861516952515,
        0.6741310358047485,
        0.08689727634191513,
        0.14306411147117615
      ],
      "bbox_width_px": 55.6142578125,
      "bbox_height_px": 91.56103515625
    }
  ]
}