{
  "index": 10751,
  "dataframe_iter_index": 10751,
  "image_path": "./datasets/sVOC_FLUXFP8/images/10751.png",
  "image_width": 640,
  "image_height": 640,
  "ground_truth_class": "motorbike",
  "grounding_prompt": "motorbike",
  "timestamp": "2026-05-22T13:57:48.418596",
  "num_detections": 1,
  "detections": [
    {
      "detection_id": 0,
      "class_name": "motorbike",
      "yolo_class_id": 13,
      "confidence": 0.9324062466621399,
      "bbox_xyxy": [
        300.32354736328125,
        369.08013916015625,
        390.20538330078125,
        506.60858154296875
      ],
      "bbox_yolo": [
        0.5394757390022278,
        0.6841318011283875,
        0.14044037461280823,
        0.21488818526268005
      ],
      "bbox_width_px": 89.8818359375,
      "bbox_height_px": 137.5284423828125
    }
  ]
}