{
  "index": 10788,
  "dataframe_iter_index": 10788,
  "image_path": "./datasets/sVOC_FLUXFP8/images/10788.png",
  "image_width": 640,
  "image_height": 640,
  "ground_truth_class": "motorbike",
  "grounding_prompt": "motorbike",
  "timestamp": "2026-05-22T13:58:40.405540",
  "num_detections": 1,
  "detections": [
    {
      "detection_id": 0,
      "class_name": "motorbike",
      "yolo_class_id": 13,
      "confidence": 0.9735842347145081,
      "bbox_xyxy": [
        88.451904296875,
        359.46405029296875,
        358.0667724609375,
        568.38232421875
      ],
      "bbox_yolo": [
        0.34884271025657654,
        0.7248799800872803,
        0.42127323150634766,
        0.32643479108810425
      ],
      "bbox_width_px": 269.6148681640625,
      "bbox_height_px": 208.91827392578125
    }
  ]
}