{
  "index": 10784,
  "dataframe_iter_index": 10784,
  "image_path": "./datasets/sVOC_FLUXFP8/images/10784.png",
  "image_width": 640,
  "image_height": 640,
  "ground_truth_class": "motorbike",
  "grounding_prompt": "motorbike",
  "timestamp": "2026-05-22T13:58:34.752896",
  "num_detections": 1,
  "detections": [
    {
      "detection_id": 0,
      "class_name": "motorbike",
      "yolo_class_id": 13,
      "confidence": 0.971194863319397,
      "bbox_xyxy": [
        104.92601776123047,
        350.717041015625,
        321.1628723144531,
        568.07958984375
      ],
      "bbox_yolo": [
        0.33288195729255676,
        0.7178098559379578,
        0.3378700613975525,
        0.33962899446487427
      ],
      "bbox_width_px": 216.23684692382812,
      "bbox_height_px": 217.362548828125
    }
  ]
}