{
  "index": 10783,
  "dataframe_iter_index": 10783,
  "image_path": "./datasets/sVOC_FLUXFP8/images/10783.png",
  "image_width": 640,
  "image_height": 640,
  "ground_truth_class": "motorbike",
  "grounding_prompt": "motorbike",
  "timestamp": "2026-05-22T13:58:33.338346",
  "num_detections": 1,
  "detections": [
    {
      "detection_id": 0,
      "class_name": "motorbike",
      "yolo_class_id": 13,
      "confidence": 0.9204917550086975,
      "bbox_xyxy": [
        132.29397583007812,
        437.8367004394531,
        235.78811645507812,
        557.1361083984375
      ],
      "bbox_yolo": [
        0.28756412863731384,
        0.7773224711418152,
        0.16170959174633026,
        0.18640533089637756
      ],
      "bbox_width_px": 103.494140625,
      "bbox_height_px": 119.29940795898438
    }
  ]
}