{
  "index": 10789,
  "dataframe_iter_index": 10789,
  "image_path": "./datasets/sVOC_FLUXFP8/images/10789.png",
  "image_width": 640,
  "image_height": 640,
  "ground_truth_class": "motorbike",
  "grounding_prompt": "motorbike",
  "timestamp": "2026-05-22T13:58:41.856327",
  "num_detections": 2,
  "detections": [
    {
      "detection_id": 0,
      "class_name": "motorbike",
      "yolo_class_id": 13,
      "confidence": 0.866504430770874,
      "bbox_xyxy": [
        58.588340759277344,
        367.9295959472656,
        309.2530212402344,
        574.1473388671875
      ],
      "bbox_yolo": [
        0.2873760759830475,
        0.7359975576400757,
        0.3916635513305664,
        0.3222152292728424
      ],
      "bbox_width_px": 250.6646728515625,
      "bbox_height_px": 206.21774291992188
    },
    {
      "detection_id": 1,
      "class_name": "motorbike",
      "yolo_class_id": 13,
      "confidence": 0.8704481720924377,
      "bbox_xyxy": [
        333.2147216796875,
        369.39031982421875,
        586.4702758789062,
        539.1325073242188
      ],
      "bbox_yolo": [
        0.7185038924217224,
        0.7097834348678589,
        0.3957118093967438,
        0.2652221620082855
      ],
      "bbox_width_px": 253.25555419921875,
      "bbox_height_px": 169.7421875
    }
  ]
}