{
  "index": 1082,
  "dataframe_iter_index": 1082,
  "image_path": "./datasets/sVOC_FLUXFP8/images/1082.png",
  "image_width": 640,
  "image_height": 640,
  "ground_truth_class": "bicycle",
  "grounding_prompt": "bicycle",
  "timestamp": "2026-05-22T10:26:32.505704",
  "num_detections": 3,
  "detections": [
    {
      "detection_id": 0,
      "class_name": "bicycle",
      "yolo_class_id": 1,
      "confidence": 0.7444941401481628,
      "bbox_xyxy": [
        218.84994506835938,
        409.4931640625,
        292.1385192871094,
        524.3220825195312
      ],
      "bbox_yolo": [
        0.39920973777770996,
        0.729543149471283,
        0.11451339721679688,
        0.17942018806934357
      ],
      "bbox_width_px": 73.28857421875,
      "bbox_height_px": 114.82891845703125
    },
    {
      "detection_id": 1,
      "class_name": "bicycle",
      "yolo_class_id": 1,
      "confidence": 0.7094818949699402,
      "bbox_xyxy": [
        385.1578674316406,
        399.5752258300781,
        447.5241394042969,
        509.4152526855469
      ],
      "bbox_yolo": [
        0.6505328416824341,
        0.710148811340332,
        0.09744729846715927,
        0.1716250479221344
      ],
      "bbox_width_px": 62.36627197265625,
      "bbox_height_px": 109.84002685546875
    },
    {
      "detection_id": 2,
      "class_name": "bicycle",
      "yolo_class_id": 1,
      "confidence": 0.7455748915672302,
      "bbox_xyxy": [
        309.56121826171875,
        404.97186279296875,
        379.84515380859375,
        532.1417846679688
      ],
      "bbox_yolo": [
        0.5385987162590027,
        0.7321200370788574,
        0.10981865227222443,
        0.19870300590991974
      ],
      "bbox_width_px": 70.283935546875,
      "bbox_height_px": 127.169921875
    }
  ]
}