{
  "index": 10839,
  "dataframe_iter_index": 10839,
  "image_path": "./datasets/sVOC_FLUXFP8/images/10839.png",
  "image_width": 640,
  "image_height": 640,
  "ground_truth_class": "motorbike",
  "grounding_prompt": "motorbike",
  "timestamp": "2026-05-22T13:59:52.962389",
  "num_detections": 1,
  "detections": [
    {
      "detection_id": 0,
      "class_name": "motorbike",
      "yolo_class_id": 13,
      "confidence": 0.9642993807792664,
      "bbox_xyxy": [
        93.37699890136719,
        335.28265380859375,
        271.6494140625,
        578.38525390625
      ],
      "bbox_yolo": [
        0.2851769030094147,
        0.7138030529022217,
        0.2785506546497345,
        0.37984782457351685
      ],
      "bbox_width_px": 178.2724151611328,
      "bbox_height_px": 243.10260009765625
    }
  ]
}