{
  "index": 10883,
  "dataframe_iter_index": 10883,
  "image_path": "./datasets/sVOC_FLUXFP8/images/10883.png",
  "image_width": 640,
  "image_height": 640,
  "ground_truth_class": "motorbike",
  "grounding_prompt": "motorbike",
  "timestamp": "2026-05-22T14:00:54.638947",
  "num_detections": 3,
  "detections": [
    {
      "detection_id": 0,
      "class_name": "motorbike",
      "yolo_class_id": 13,
      "confidence": 0.8099451065063477,
      "bbox_xyxy": [
        45.12532043457031,
        200.25189208984375,
        317.8695068359375,
        638.6939086914062
      ],
      "bbox_yolo": [
        0.2835896909236908,
        0.6554263830184937,
        0.42616280913352966,
        0.6850656270980835
      ],
      "bbox_width_px": 272.74420166015625,
      "bbox_height_px": 438.4420166015625
    },
    {
      "detection_id": 1,
      "class_name": "motorbike",
      "yolo_class_id": 13,
      "confidence": 0.5929008722305298,
      "bbox_xyxy": [
        293.5958557128906,
        231.66966247558594,
        607.5826416015625,
        612.8753662109375
      ],
      "bbox_yolo": [
        0.7040456533432007,
        0.6598008275032043,
        0.49060434103012085,
        0.595633864402771
      ],
      "bbox_width_px": 313.9867858886719,
      "bbox_height_px": 381.2056884765625
    },
    {
      "detection_id": 2,
      "class_name": "motorbike",
      "yolo_class_id": 13,
      "confidence": 0.39311835169792175,
      "bbox_xyxy": [
        293.06573486328125,
        250.86183166503906,
        391.77081298828125,
        500.172607421875
      ],
      "bbox_yolo": [
        0.5350285768508911,
        0.5867456197738647,
        0.15422669053077698,
        0.38954809308052063
      ],
      "bbox_width_px": 98.705078125,
      "bbox_height_px": 249.31077575683594
    }
  ]
}