{
  "index": 10909,
  "dataframe_iter_index": 10909,
  "image_path": "./datasets/sVOC_FLUXFP8/images/10909.png",
  "image_width": 640,
  "image_height": 640,
  "ground_truth_class": "motorbike",
  "grounding_prompt": "motorbike",
  "timestamp": "2026-05-22T14:01:31.392466",
  "num_detections": 2,
  "detections": [
    {
      "detection_id": 0,
      "class_name": "motorbike",
      "yolo_class_id": 13,
      "confidence": 0.8516122698783875,
      "bbox_xyxy": [
        214.3870391845703,
        232.28302001953125,
        630.9666137695312,
        588.0016479492188
      ],
      "bbox_yolo": [
        0.6604325175285339,
        0.640847384929657,
        0.6509056091308594,
        0.5558103322982788
      ],
      "bbox_width_px": 416.57958984375,
      "bbox_height_px": 355.7186279296875
    },
    {
      "detection_id": 1,
      "class_name": "motorbike",
      "yolo_class_id": 13,
      "confidence": 0.8164393901824951,
      "bbox_xyxy": [
        25.325241088867188,
        235.11785888671875,
        338.75616455078125,
        572.7975463867188
      ],
      "bbox_yolo": [
        0.2844386100769043,
        0.631183922290802,
        0.48973578214645386,
        0.5276244878768921
      ],
      "bbox_width_px": 313.430908203125,
      "bbox_height_px": 337.6796875
    }
  ]
}