{
  "index": 10917,
  "dataframe_iter_index": 10917,
  "image_path": "./datasets/sVOC_FLUXFP8/images/10917.png",
  "image_width": 640,
  "image_height": 640,
  "ground_truth_class": "motorbike",
  "grounding_prompt": "motorbike",
  "timestamp": "2026-05-22T14:01:42.694008",
  "num_detections": 2,
  "detections": [
    {
      "detection_id": 0,
      "class_name": "motorbike",
      "yolo_class_id": 13,
      "confidence": 0.8876398205757141,
      "bbox_xyxy": [
        19.291854858398438,
        217.44253540039062,
        247.3256072998047,
        593.4710693359375
      ],
      "bbox_yolo": [
        0.20829489827156067,
        0.6335262060165405,
        0.35630273818969727,
        0.5875445604324341
      ],
      "bbox_width_px": 228.03375244140625,
      "bbox_height_px": 376.0285339355469
    },
    {
      "detection_id": 1,
      "class_name": "motorbike",
      "yolo_class_id": 13,
      "confidence": 0.8469483256340027,
      "bbox_xyxy": [
        318.88006591796875,
        241.13894653320312,
        606.4382934570312,
        592.938232421875
      ],
      "bbox_yolo": [
        0.7229049801826477,
        0.6516227722167969,
        0.44930973649024963,
        0.5496863722801208
      ],
      "bbox_width_px": 287.5582275390625,
      "bbox_height_px": 351.7992858886719
    }
  ]
}