{
  "index": 10922,
  "dataframe_iter_index": 10922,
  "image_path": "./datasets/sVOC_FLUXFP8/images/10922.png",
  "image_width": 640,
  "image_height": 640,
  "ground_truth_class": "motorbike",
  "grounding_prompt": "motorbike",
  "timestamp": "2026-05-22T14:01:49.963416",
  "num_detections": 3,
  "detections": [
    {
      "detection_id": 0,
      "class_name": "motorbike",
      "yolo_class_id": 13,
      "confidence": 0.8179774284362793,
      "bbox_xyxy": [
        274.5003662109375,
        346.5527038574219,
        417.3282470703125,
        593.2096557617188
      ],
      "bbox_yolo": [
        0.5404911041259766,
        0.7341893315315247,
        0.22316856682300568,
        0.38540148735046387
      ],
      "bbox_width_px": 142.827880859375,
      "bbox_height_px": 246.65695190429688
    },
    {
      "detection_id": 1,
      "class_name": "motorbike",
      "yolo_class_id": 13,
      "confidence": 0.8180335164070129,
      "bbox_xyxy": [
        448.03594970703125,
        345.51019287109375,
        597.8147583007812,
        595.8569946289062
      ],
      "bbox_yolo": [
        0.8170708417892456,
        0.735443115234375,
        0.2340293824672699,
        0.3911668658256531
      ],
      "bbox_width_px": 149.77880859375,
      "bbox_height_px": 250.3468017578125
    },
    {
      "detection_id": 2,
      "class_name": "motorbike",
      "yolo_class_id": 13,
      "confidence": 0.4303722381591797,
      "bbox_xyxy": [
        88.33604431152344,
        340.30950927734375,
        239.3681182861328,
        591.1363525390625
      ],
      "bbox_yolo": [
        0.25601887702941895,
        0.7276920676231384,
        0.2359876185655594,
        0.3919169306755066
      ],
      "bbox_width_px": 151.03207397460938,
      "bbox_height_px": 250.82684326171875
    }
  ]
}