{
  "index": 10961,
  "dataframe_iter_index": 10961,
  "image_path": "./datasets/sVOC_FLUXFP8/images/10961.png",
  "image_width": 640,
  "image_height": 640,
  "ground_truth_class": "motorbike",
  "grounding_prompt": "motorbike",
  "timestamp": "2026-05-22T14:02:44.956790",
  "num_detections": 2,
  "detections": [
    {
      "detection_id": 0,
      "class_name": "motorbike",
      "yolo_class_id": 13,
      "confidence": 0.8467344045639038,
      "bbox_xyxy": [
        61.35511779785156,
        152.21823120117188,
        304.86444091796875,
        619.918701171875
      ],
      "bbox_yolo": [
        0.2861090302467346,
        0.6032320261001587,
        0.38048332929611206,
        0.7307819724082947
      ],
      "bbox_width_px": 243.5093231201172,
      "bbox_height_px": 467.7004699707031
    },
    {
      "detection_id": 1,
      "class_name": "motorbike",
      "yolo_class_id": 13,
      "confidence": 0.8350176215171814,
      "bbox_xyxy": [
        293.7818298339844,
        145.14678955078125,
        607.5853271484375,
        591.76416015625
      ],
      "bbox_yolo": [
        0.704193115234375,
        0.5757116675376892,
        0.4903179705142975,
        0.697839617729187
      ],
      "bbox_width_px": 313.8034973144531,
      "bbox_height_px": 446.61737060546875
    }
  ]
}