{
  "index": 10974,
  "dataframe_iter_index": 10974,
  "image_path": "./datasets/sVOC_FLUXFP8/images/10974.png",
  "image_width": 640,
  "image_height": 640,
  "ground_truth_class": "motorbike",
  "grounding_prompt": "motorbike",
  "timestamp": "2026-05-22T14:03:03.478045",
  "num_detections": 3,
  "detections": [
    {
      "detection_id": 0,
      "class_name": "motorbike",
      "yolo_class_id": 13,
      "confidence": 0.8268551230430603,
      "bbox_xyxy": [
        32.743377685546875,
        204.4158935546875,
        248.0882568359375,
        573.1802978515625
      ],
      "bbox_yolo": [
        0.21939972043037415,
        0.6074970364570618,
        0.3364763855934143,
        0.5761944055557251
      ],
      "bbox_width_px": 215.34487915039062,
      "bbox_height_px": 368.764404296875
    },
    {
      "detection_id": 1,
      "class_name": "motorbike",
      "yolo_class_id": 13,
      "confidence": 0.8259562849998474,
      "bbox_xyxy": [
        400.49798583984375,
        165.83859252929688,
        630.4136352539062,
        562.2183837890625
      ],
      "bbox_yolo": [
        0.8053997159004211,
        0.5687945485115051,
        0.3592432141304016,
        0.6193434000015259
      ],
      "bbox_width_px": 229.9156494140625,
      "bbox_height_px": 396.3797912597656
    },
    {
      "detection_id": 2,
      "class_name": "motorbike",
      "yolo_class_id": 13,
      "confidence": 0.8227133750915527,
      "bbox_xyxy": [
        205.69557189941406,
        164.12515258789062,
        432.1541748046875,
        563.5386962890625
      ],
      "bbox_yolo": [
        0.4983201026916504,
        0.5684873461723328,
        0.3538415729999542,
        0.6240836381912231
      ],
      "bbox_width_px": 226.45860290527344,
      "bbox_height_px": 399.4135437011719
    }
  ]
}