{
  "index": 10972,
  "dataframe_iter_index": 10972,
  "image_path": "./datasets/sVOC_FLUXFP8/images/10972.png",
  "image_width": 640,
  "image_height": 640,
  "ground_truth_class": "motorbike",
  "grounding_prompt": "motorbike",
  "timestamp": "2026-05-22T14:03:00.626931",
  "num_detections": 1,
  "detections": [
    {
      "detection_id": 0,
      "class_name": "motorbike",
      "yolo_class_id": 13,
      "confidence": 0.9597525596618652,
      "bbox_xyxy": [
        107.75944519042969,
        222.32723999023438,
        416.55340576171875,
        483.7479553222656
      ],
      "bbox_yolo": [
        0.40961942076683044,
        0.5516212582588196,
        0.48249053955078125,
        0.4084698557853699
      ],
      "bbox_width_px": 308.7939453125,
      "bbox_height_px": 261.42071533203125
    }
  ]
}