{
  "index": 10994,
  "dataframe_iter_index": 10994,
  "image_path": "./datasets/sVOC_FLUXFP8/images/10994.png",
  "image_width": 640,
  "image_height": 640,
  "ground_truth_class": "motorbike",
  "grounding_prompt": "motorbike",
  "timestamp": "2026-05-22T14:03:31.904609",
  "num_detections": 3,
  "detections": [
    {
      "detection_id": 0,
      "class_name": "motorbike",
      "yolo_class_id": 13,
      "confidence": 0.843519926071167,
      "bbox_xyxy": [
        49.716453552246094,
        241.6704864501953,
        241.55300903320312,
        550.8901977539062
      ],
      "bbox_yolo": [
        0.22755427658557892,
        0.6191880106925964,
        0.2997446060180664,
        0.4831558167934418
      ],
      "bbox_width_px": 191.8365478515625,
      "bbox_height_px": 309.2197265625
    },
    {
      "detection_id": 1,
      "class_name": "motorbike",
      "yolo_class_id": 13,
      "confidence": 0.8451040983200073,
      "bbox_xyxy": [
        242.77386474609375,
        234.0738525390625,
        431.91998291015625,
        566.2452392578125
      ],
      "bbox_yolo": [
        0.5271045565605164,
        0.6252492666244507,
        0.29554080963134766,
        0.5190178155899048
      ],
      "bbox_width_px": 189.1461181640625,
      "bbox_height_px": 332.17138671875
    },
    {
      "detection_id": 2,
      "class_name": "motorbike",
      "yolo_class_id": 13,
      "confidence": 0.8074800968170166,
      "bbox_xyxy": [
        397.13525390625,
        252.1761016845703,
        612.5865478515625,
        548.4039916992188
      ],
      "bbox_yolo": [
        0.7888451814651489,
        0.6254531741142273,
        0.33664265275001526,
        0.46285611391067505
      ],
      "bbox_width_px": 215.4512939453125,
      "bbox_height_px": 296.2279052734375
    }
  ]
}