{
  "index": 11010,
  "dataframe_iter_index": 11010,
  "image_path": "./datasets/sVOC_FLUXFP8/images/11010.png",
  "image_width": 640,
  "image_height": 640,
  "ground_truth_class": "motorbike",
  "grounding_prompt": "motorbike",
  "timestamp": "2026-05-22T14:03:55.064465",
  "num_detections": 3,
  "detections": [
    {
      "detection_id": 0,
      "class_name": "motorbike",
      "yolo_class_id": 13,
      "confidence": 0.8208019137382507,
      "bbox_xyxy": [
        390.3809814453125,
        264.2188720703125,
        614.2747192382812,
        554.8982543945312
      ],
      "bbox_yolo": [
        0.7848872542381287,
        0.6399352550506592,
        0.34983396530151367,
        0.4541865289211273
      ],
      "bbox_width_px": 223.89373779296875,
      "bbox_height_px": 290.67938232421875
    },
    {
      "detection_id": 1,
      "class_name": "motorbike",
      "yolo_class_id": 13,
      "confidence": 0.8423625230789185,
      "bbox_xyxy": [
        35.630592346191406,
        252.30670166015625,
        261.31488037109375,
        573.7280883789062
      ],
      "bbox_yolo": [
        0.23198863863945007,
        0.6453396677970886,
        0.35263171792030334,
        0.5022209286689758
      ],
      "bbox_width_px": 225.68429565429688,
      "bbox_height_px": 321.42138671875
    },
    {
      "detection_id": 2,
      "class_name": "motorbike",
      "yolo_class_id": 13,
      "confidence": 0.8291528224945068,
      "bbox_xyxy": [
        247.1337127685547,
        255.51498413085938,
        428.76959228515625,
        539.3297119140625
      ],
      "bbox_yolo": [
        0.5280494689941406,
        0.6209724545478821,
        0.28380605578422546,
        0.44346052408218384
      ],
      "bbox_width_px": 181.63587951660156,
      "bbox_height_px": 283.8147277832031
    }
  ]
}