{
  "index": 11017,
  "dataframe_iter_index": 11017,
  "image_path": "./datasets/sVOC_FLUXFP8/images/11017.png",
  "image_width": 640,
  "image_height": 640,
  "ground_truth_class": "motorbike",
  "grounding_prompt": "motorbike",
  "timestamp": "2026-05-22T14:04:04.895219",
  "num_detections": 2,
  "detections": [
    {
      "detection_id": 0,
      "class_name": "motorbike",
      "yolo_class_id": 13,
      "confidence": 0.8664089441299438,
      "bbox_xyxy": [
        53.71531677246094,
        220.1449432373047,
        311.74200439453125,
        573.9925537109375
      ],
      "bbox_yolo": [
        0.2855135500431061,
        0.6204199194908142,
        0.40316668152809143,
        0.5528868436813354
      ],
      "bbox_width_px": 258.02667236328125,
      "bbox_height_px": 353.84759521484375
    },
    {
      "detection_id": 1,
      "class_name": "motorbike",
      "yolo_class_id": 13,
      "confidence": 0.875937283039093,
      "bbox_xyxy": [
        299.4503173828125,
        207.7118682861328,
        622.0633544921875,
        567.1965942382812
      ],
      "bbox_yolo": [
        0.7199325561523438,
        0.6053972244262695,
        0.5040828585624695,
        0.5616949200630188
      ],
      "bbox_width_px": 322.613037109375,
      "bbox_height_px": 359.4847412109375
    }
  ]
}