{
  "index": 11020,
  "dataframe_iter_index": 11020,
  "image_path": "./datasets/sVOC_FLUXFP8/images/11020.png",
  "image_width": 640,
  "image_height": 640,
  "ground_truth_class": "motorbike",
  "grounding_prompt": "motorbike",
  "timestamp": "2026-05-22T14:04:09.147167",
  "num_detections": 1,
  "detections": [
    {
      "detection_id": 0,
      "class_name": "motorbike",
      "yolo_class_id": 13,
      "confidence": 0.9627971649169922,
      "bbox_xyxy": [
        80.41490936279297,
        365.8851318359375,
        268.9347229003906,
        551.9096069335938
      ],
      "bbox_yolo": [
        0.2729294002056122,
        0.7170271277427673,
        0.2945621907711029,
        0.2906632423400879
      ],
      "bbox_width_px": 188.51980590820312,
      "bbox_height_px": 186.02447509765625
    }
  ]
}