{
  "index": 11024,
  "dataframe_iter_index": 11024,
  "image_path": "./datasets/sVOC_FLUXFP8/images/11024.png",
  "image_width": 640,
  "image_height": 640,
  "ground_truth_class": "motorbike",
  "grounding_prompt": "motorbike",
  "timestamp": "2026-05-22T14:04:14.871058",
  "num_detections": 1,
  "detections": [
    {
      "detection_id": 0,
      "class_name": "motorbike",
      "yolo_class_id": 13,
      "confidence": 0.9705433249473572,
      "bbox_xyxy": [
        74.24728393554688,
        214.64865112304688,
        550.09033203125,
        533.08544921875
      ],
      "bbox_yolo": [
        0.48776379227638245,
        0.5841673016548157,
        0.7435047626495361,
        0.49755749106407166
      ],
      "bbox_width_px": 475.8430480957031,
      "bbox_height_px": 318.4367980957031
    }
  ]
}