{
  "index": 11056,
  "dataframe_iter_index": 11056,
  "image_path": "./datasets/sVOC_FLUXFP8/images/11056.png",
  "image_width": 640,
  "image_height": 640,
  "ground_truth_class": "motorbike",
  "grounding_prompt": "motorbike",
  "timestamp": "2026-05-22T14:05:00.004444",
  "num_detections": 1,
  "detections": [
    {
      "detection_id": 0,
      "class_name": "motorbike",
      "yolo_class_id": 13,
      "confidence": 0.9578139185905457,
      "bbox_xyxy": [
        95.99125671386719,
        254.6616668701172,
        388.379638671875,
        573.6096801757812
      ],
      "bbox_yolo": [
        0.3784147799015045,
        0.6470869779586792,
        0.4568568170070648,
        0.49835625290870667
      ],
      "bbox_width_px": 292.38836669921875,
      "bbox_height_px": 318.947998046875
    }
  ]
}