{
  "index": 11054,
  "dataframe_iter_index": 11054,
  "image_path": "./datasets/sVOC_FLUXFP8/images/11054.png",
  "image_width": 640,
  "image_height": 640,
  "ground_truth_class": "motorbike",
  "grounding_prompt": "motorbike",
  "timestamp": "2026-05-22T14:04:57.108401",
  "num_detections": 4,
  "detections": [
    {
      "detection_id": 0,
      "class_name": "motorbike",
      "yolo_class_id": 13,
      "confidence": 0.8605515956878662,
      "bbox_xyxy": [
        302.30242919921875,
        350.5268859863281,
        397.72833251953125,
        516.337890625
      ],
      "bbox_yolo": [
        0.5468990206718445,
        0.6772381067276001,
        0.14910297095775604,
        0.2590796947479248
      ],
      "bbox_width_px": 95.4259033203125,
      "bbox_height_px": 165.81100463867188
    },
    {
      "detection_id": 1,
      "class_name": "motorbike",
      "yolo_class_id": 13,
      "confidence": 0.850139856338501,
      "bbox_xyxy": [
        92.19287109375,
        336.8062438964844,
        239.48614501953125,
        570.0711059570312
      ],
      "bbox_yolo": [
        0.259124219417572,
        0.7084978818893433,
        0.23014573752880096,
        0.36447635293006897
      ],
      "bbox_width_px": 147.29327392578125,
      "bbox_height_px": 233.26486206054688
    },
    {
      "detection_id": 2,
      "class_name": "motorbike",
      "yolo_class_id": 13,
      "confidence": 0.8082687854766846,
      "bbox_xyxy": [
        469.25701904296875,
        354.4996032714844,
        601.4695434570312,
        524.738525390625
      ],
      "bbox_yolo": [
        0.836505115032196,
        0.686904788017273,
        0.20658206939697266,
        0.26599830389022827
      ],
      "bbox_width_px": 132.2125244140625,
      "bbox_height_px": 170.23892211914062
    },
    {
      "detection_id": 3,
      "class_name": "motorbike",
      "yolo_class_id": 13,
      "confidence": 0.5566122531890869,
      "bbox_xyxy": [
        614.12548828125,
        357.95745849609375,
        639.6282958984375,
        449.7664794921875
      ],
      "bbox_yolo": [
        0.9794951677322388,
        0.6310343146324158,
        0.03984813764691353,
        0.14345160126686096
      ],
      "bbox_width_px": 25.5028076171875,
      "bbox_height_px": 91.80902099609375
    }
  ]
}