{
  "index": 11062,
  "dataframe_iter_index": 11062,
  "image_path": "./datasets/sVOC_FLUXFP8/images/11062.png",
  "image_width": 640,
  "image_height": 640,
  "ground_truth_class": "motorbike",
  "grounding_prompt": "motorbike",
  "timestamp": "2026-05-22T14:05:08.363356",
  "num_detections": 4,
  "detections": [
    {
      "detection_id": 0,
      "class_name": "motorbike",
      "yolo_class_id": 13,
      "confidence": 0.8568823933601379,
      "bbox_xyxy": [
        268.1181640625,
        354.5667724609375,
        403.7877197265625,
        585.939208984375
      ],
      "bbox_yolo": [
        0.524926483631134,
        0.7347702980041504,
        0.21198368072509766,
        0.3615194261074066
      ],
      "bbox_width_px": 135.6695556640625,
      "bbox_height_px": 231.3724365234375
    },
    {
      "detection_id": 1,
      "class_name": "motorbike",
      "yolo_class_id": 13,
      "confidence": 0.8610788583755493,
      "bbox_xyxy": [
        91.8783187866211,
        362.05560302734375,
        229.6441650390625,
        591.9915771484375
      ],
      "bbox_yolo": [
        0.2511894404888153,
        0.7453493475914001,
        0.2152591198682785,
        0.3592749536037445
      ],
      "bbox_width_px": 137.76583862304688,
      "bbox_height_px": 229.93597412109375
    },
    {
      "detection_id": 2,
      "class_name": "motorbike",
      "yolo_class_id": 13,
      "confidence": 0.8562058210372925,
      "bbox_xyxy": [
        448.0206298828125,
        355.015625,
        592.5006103515625,
        588.9320068359375
      ],
      "bbox_yolo": [
        0.8129072189331055,
        0.7374590635299683,
        0.22574996948242188,
        0.36549434065818787
      ],
      "bbox_width_px": 144.47998046875,
      "bbox_height_px": 233.9163818359375
    },
    {
      "detection_id": 3,
      "class_name": "motorbike",
      "yolo_class_id": 13,
      "confidence": 0.4084664285182953,
      "bbox_xyxy": [
        617.0466918945312,
        364.78076171875,
        639.6646118164062,
        462.3017578125
      ],
      "bbox_yolo": [
        0.981805682182312,
        0.6461582183837891,
        0.03534049913287163,
        0.15237656235694885
      ],
      "bbox_width_px": 22.617919921875,
      "bbox_height_px": 97.52099609375
    }
  ]
}