{
  "index": 11060,
  "dataframe_iter_index": 11060,
  "image_path": "./datasets/sVOC_FLUXFP8/images/11060.png",
  "image_width": 640,
  "image_height": 640,
  "ground_truth_class": "motorbike",
  "grounding_prompt": "motorbike",
  "timestamp": "2026-05-22T14:05:05.529060",
  "num_detections": 1,
  "detections": [
    {
      "detection_id": 0,
      "class_name": "motorbike",
      "yolo_class_id": 13,
      "confidence": 0.9179738163948059,
      "bbox_xyxy": [
        283.21807861328125,
        414.4244079589844,
        367.8629150390625,
        569.4232177734375
      ],
      "bbox_yolo": [
        0.5086570382118225,
        0.7686309814453125,
        0.13225755095481873,
        0.24218563735485077
      ],
      "bbox_width_px": 84.64483642578125,
      "bbox_height_px": 154.99880981445312
    }
  ]
}