{
  "index": 11086,
  "dataframe_iter_index": 11086,
  "image_path": "./datasets/sVOC_FLUXFP8/images/11086.png",
  "image_width": 640,
  "image_height": 640,
  "ground_truth_class": "motorbike",
  "grounding_prompt": "motorbike",
  "timestamp": "2026-05-22T14:05:42.160375",
  "num_detections": 3,
  "detections": [
    {
      "detection_id": 0,
      "class_name": "motorbike",
      "yolo_class_id": 13,
      "confidence": 0.8665252327919006,
      "bbox_xyxy": [
        55.524818420410156,
        279.8261413574219,
        228.38906860351562,
        540.826904296875
      ],
      "bbox_yolo": [
        0.22180771827697754,
        0.6411352157592773,
        0.2701004147529602,
        0.40781369805336
      ],
      "bbox_width_px": 172.8642578125,
      "bbox_height_px": 261.0007629394531
    },
    {
      "detection_id": 1,
      "class_name": "motorbike",
      "yolo_class_id": 13,
      "confidence": 0.8598951101303101,
      "bbox_xyxy": [
        452.0170593261719,
        295.37066650390625,
        606.03759765625,
        538.722412109375
      ],
      "bbox_yolo": [
        0.8266052007675171,
        0.6516352295875549,
        0.24065709114074707,
        0.3802371025085449
      ],
      "bbox_width_px": 154.02053833007812,
      "bbox_height_px": 243.35174560546875
    },
    {
      "detection_id": 2,
      "class_name": "motorbike",
      "yolo_class_id": 13,
      "confidence": 0.8440097570419312,
      "bbox_xyxy": [
        270.6961669921875,
        287.6687316894531,
        421.47113037109375,
        552.5225830078125
      ],
      "bbox_yolo": [
        0.5407556891441345,
        0.6563994288444519,
        0.23558588325977325,
        0.4138341546058655
      ],
      "bbox_width_px": 150.77496337890625,
      "bbox_height_px": 264.8538513183594
    }
  ]
}