{
  "index": 11096,
  "dataframe_iter_index": 11096,
  "image_path": "./datasets/sVOC_FLUXFP8/images/11096.png",
  "image_width": 640,
  "image_height": 640,
  "ground_truth_class": "motorbike",
  "grounding_prompt": "motorbike",
  "timestamp": "2026-05-22T14:05:56.441875",
  "num_detections": 1,
  "detections": [
    {
      "detection_id": 0,
      "class_name": "motorbike",
      "yolo_class_id": 13,
      "confidence": 0.9636257886886597,
      "bbox_xyxy": [
        150.60043334960938,
        177.3957977294922,
        399.3119812011719,
        499.59564208984375
      ],
      "bbox_yolo": [
        0.42961907386779785,
        0.5288995504379272,
        0.3886117935180664,
        0.5034372210502625
      ],
      "bbox_width_px": 248.7115478515625,
      "bbox_height_px": 322.1998291015625
    }
  ]
}