{
  "index": 11114,
  "dataframe_iter_index": 11114,
  "image_path": "./datasets/sVOC_FLUXFP8/images/11114.png",
  "image_width": 640,
  "image_height": 640,
  "ground_truth_class": "motorbike",
  "grounding_prompt": "motorbike",
  "timestamp": "2026-05-22T14:06:22.048391",
  "num_detections": 3,
  "detections": [
    {
      "detection_id": 0,
      "class_name": "motorbike",
      "yolo_class_id": 13,
      "confidence": 0.8176262974739075,
      "bbox_xyxy": [
        2.9642333984375,
        167.41236877441406,
        374.3634033203125,
        591.1332397460938
      ],
      "bbox_yolo": [
        0.2947872281074524,
        0.5926137566566467,
        0.5803111791610718,
        0.6620638966560364
      ],
      "bbox_width_px": 371.399169921875,
      "bbox_height_px": 423.72088623046875
    },
    {
      "detection_id": 1,
      "class_name": "motorbike",
      "yolo_class_id": 13,
      "confidence": 0.8018326759338379,
      "bbox_xyxy": [
        419.3062744140625,
        176.60336303710938,
        597.3386840820312,
        510.3710021972656
      ],
      "bbox_yolo": [
        0.7942538857460022,
        0.5366986989974976,
        0.2781756520271301,
        0.5215119123458862
      ],
      "bbox_width_px": 178.03240966796875,
      "bbox_height_px": 333.76763916015625
    },
    {
      "detection_id": 2,
      "class_name": "motorbike",
      "yolo_class_id": 13,
      "confidence": 0.7004663348197937,
      "bbox_xyxy": [
        268.6383056640625,
        181.84400939941406,
        448.7269287109375,
        519.8048706054688
      ],
      "bbox_yolo": [
        0.5604416131973267,
        0.5481631755828857,
        0.28138846158981323,
        0.5280638933181763
      ],
      "bbox_width_px": 180.088623046875,
      "bbox_height_px": 337.96087646484375
    }
  ]
}