{
  "index": 11123,
  "dataframe_iter_index": 11123,
  "image_path": "./datasets/sVOC_FLUXFP8/images/11123.png",
  "image_width": 640,
  "image_height": 640,
  "ground_truth_class": "motorbike",
  "grounding_prompt": "motorbike",
  "timestamp": "2026-05-22T14:06:34.848152",
  "num_detections": 1,
  "detections": [
    {
      "detection_id": 0,
      "class_name": "motorbike",
      "yolo_class_id": 13,
      "confidence": 0.938831627368927,
      "bbox_xyxy": [
        140.225830078125,
        195.7021484375,
        403.411376953125,
        578.9434814453125
      ],
      "bbox_yolo": [
        0.4247165620326996,
        0.6051918864250183,
        0.41122740507125854,
        0.5988146066665649
      ],
      "bbox_width_px": 263.185546875,
      "bbox_height_px": 383.2413330078125
    }
  ]
}