{
  "index": 11158,
  "dataframe_iter_index": 11158,
  "image_path": "./datasets/sVOC_FLUXFP8/images/11158.png",
  "image_width": 640,
  "image_height": 640,
  "ground_truth_class": "motorbike",
  "grounding_prompt": "motorbike",
  "timestamp": "2026-05-22T14:07:24.433165",
  "num_detections": 3,
  "detections": [
    {
      "detection_id": 0,
      "class_name": "motorbike",
      "yolo_class_id": 13,
      "confidence": 0.8295714259147644,
      "bbox_xyxy": [
        444.0768737792969,
        354.73583984375,
        611.4003295898438,
        594.9271850585938
      ],
      "bbox_yolo": [
        0.8245915174484253,
        0.7419242262840271,
        0.2614428997039795,
        0.37529897689819336
      ],
      "bbox_width_px": 167.32345581054688,
      "bbox_height_px": 240.19134521484375
    },
    {
      "detection_id": 1,
      "class_name": "motorbike",
      "yolo_class_id": 13,
      "confidence": 0.8588308691978455,
      "bbox_xyxy": [
        86.40425109863281,
        333.53033447265625,
        240.3432159423828,
        595.4065551757812
      ],
      "bbox_yolo": [
        0.25527146458625793,
        0.7257319688796997,
        0.2405296266078949,
        0.4091815948486328
      ],
      "bbox_width_px": 153.93896484375,
      "bbox_height_px": 261.876220703125
    },
    {
      "detection_id": 2,
      "class_name": "motorbike",
      "yolo_class_id": 13,
      "confidence": 0.8571202754974365,
      "bbox_xyxy": [
        269.24774169921875,
        346.2347106933594,
        414.03057861328125,
        594.3817138671875
      ],
      "bbox_yolo": [
        0.5338112115859985,
        0.7348566055297852,
        0.2262231856584549,
        0.3877297043800354
      ],
      "bbox_width_px": 144.7828369140625,
      "bbox_height_px": 248.14700317382812
    }
  ]
}