{
  "index": 11182,
  "dataframe_iter_index": 11182,
  "image_path": "./datasets/sVOC_FLUXFP8/images/11182.png",
  "image_width": 640,
  "image_height": 640,
  "ground_truth_class": "motorbike",
  "grounding_prompt": "motorbike",
  "timestamp": "2026-05-22T14:07:58.899300",
  "num_detections": 3,
  "detections": [
    {
      "detection_id": 0,
      "class_name": "motorbike",
      "yolo_class_id": 13,
      "confidence": 0.8416528701782227,
      "bbox_xyxy": [
        273.4376220703125,
        346.61865234375,
        416.73974609375,
        591.4929809570312
      ],
      "bbox_yolo": [
        0.5392010807991028,
        0.7328997254371643,
        0.22390957176685333,
        0.3826161324977875
      ],
      "bbox_width_px": 143.3021240234375,
      "bbox_height_px": 244.87432861328125
    },
    {
      "detection_id": 1,
      "class_name": "motorbike",
      "yolo_class_id": 13,
      "confidence": 0.7988662123680115,
      "bbox_xyxy": [
        448.260498046875,
        353.520751953125,
        612.158447265625,
        594.938720703125
      ],
      "bbox_yolo": [
        0.8284522891044617,
        0.7409839630126953,
        0.25609055161476135,
        0.37721556425094604
      ],
      "bbox_width_px": 163.89794921875,
      "bbox_height_px": 241.41796875
    },
    {
      "detection_id": 2,
      "class_name": "motorbike",
      "yolo_class_id": 13,
      "confidence": 0.39476945996284485,
      "bbox_xyxy": [
        88.94160461425781,
        338.01251220703125,
        243.77220153808594,
        591.3993530273438
      ],
      "bbox_yolo": [
        0.25993266701698303,
        0.7261030077934265,
        0.24192281067371368,
        0.3959169387817383
      ],
      "bbox_width_px": 154.83059692382812,
      "bbox_height_px": 253.3868408203125
    }
  ]
}