{
  "index": 11192,
  "dataframe_iter_index": 11192,
  "image_path": "./datasets/sVOC_FLUXFP8/images/11192.png",
  "image_width": 640,
  "image_height": 640,
  "ground_truth_class": "motorbike",
  "grounding_prompt": "motorbike",
  "timestamp": "2026-05-22T14:08:12.928255",
  "num_detections": 1,
  "detections": [
    {
      "detection_id": 0,
      "class_name": "motorbike",
      "yolo_class_id": 13,
      "confidence": 0.9242374300956726,
      "bbox_xyxy": [
        92.45826721191406,
        244.20828247070312,
        424.49749755859375,
        590.3140869140625
      ],
      "bbox_yolo": [
        0.40387168526649475,
        0.6519705653190613,
        0.5188113451004028,
        0.540790319442749
      ],
      "bbox_width_px": 332.03924560546875,
      "bbox_height_px": 346.1058044433594
    }
  ]
}