{
  "index": 11198,
  "dataframe_iter_index": 11198,
  "image_path": "./datasets/sVOC_FLUXFP8/images/11198.png",
  "image_width": 640,
  "image_height": 640,
  "ground_truth_class": "motorbike",
  "grounding_prompt": "motorbike",
  "timestamp": "2026-05-22T14:08:21.731431",
  "num_detections": 3,
  "detections": [
    {
      "detection_id": 0,
      "class_name": "motorbike",
      "yolo_class_id": 13,
      "confidence": 0.8521062731742859,
      "bbox_xyxy": [
        37.815406799316406,
        247.61489868164062,
        233.88955688476562,
        584.5792236328125
      ],
      "bbox_yolo": [
        0.21226949989795685,
        0.6501516103744507,
        0.30636587738990784,
        0.526506781578064
      ],
      "bbox_width_px": 196.07415771484375,
      "bbox_height_px": 336.9643249511719
    },
    {
      "detection_id": 1,
      "class_name": "motorbike",
      "yolo_class_id": 13,
      "confidence": 0.8206920623779297,
      "bbox_xyxy": [
        426.5943298339844,
        233.05731201171875,
        622.88671875,
        584.642578125
      ],
      "bbox_yolo": [
        0.8199070692062378,
        0.6388280391693115,
        0.30670684576034546,
        0.5493519902229309
      ],
      "bbox_width_px": 196.29238891601562,
      "bbox_height_px": 351.58526611328125
    },
    {
      "detection_id": 2,
      "class_name": "motorbike",
      "yolo_class_id": 13,
      "confidence": 0.8508843183517456,
      "bbox_xyxy": [
        248.8543701171875,
        239.1940460205078,
        429.57159423828125,
        584.4601440429688
      ],
      "bbox_yolo": [
        0.5300202965736389,
        0.6434798240661621,
        0.2823706567287445,
        0.5394783020019531
      ],
      "bbox_width_px": 180.71722412109375,
      "bbox_height_px": 345.26611328125
    }
  ]
}