{
  "index": 11200,
  "dataframe_iter_index": 11200,
  "image_path": "./datasets/sVOC_FLUXFP8/images/11200.png",
  "image_width": 640,
  "image_height": 640,
  "ground_truth_class": "person",
  "grounding_prompt": "person",
  "timestamp": "2026-05-22T14:08:24.612963",
  "num_detections": 1,
  "detections": [
    {
      "detection_id": 0,
      "class_name": "person",
      "yolo_class_id": 14,
      "confidence": 0.9141793251037598,
      "bbox_xyxy": [
        214.89395141601562,
        228.38369750976562,
        416.8363952636719,
        639.53857421875
      ],
      "bbox_yolo": [
        0.49353933334350586,
        0.678064227104187,
        0.3155350685119629,
        0.6424294710159302
      ],
      "bbox_width_px": 201.94244384765625,
      "bbox_height_px": 411.1548767089844
    }
  ]
}