{
  "index": 11210,
  "dataframe_iter_index": 11210,
  "image_path": "./datasets/sVOC_FLUXFP8/images/11210.png",
  "image_width": 640,
  "image_height": 640,
  "ground_truth_class": "person",
  "grounding_prompt": "person",
  "timestamp": "2026-05-22T14:08:39.337316",
  "num_detections": 3,
  "detections": [
    {
      "detection_id": 0,
      "class_name": "person",
      "yolo_class_id": 14,
      "confidence": 0.8219081163406372,
      "bbox_xyxy": [
        53.36393737792969,
        191.36428833007812,
        245.01869201660156,
        639.40283203125
      ],
      "bbox_yolo": [
        0.2331114262342453,
        0.6490367650985718,
        0.2994605600833893,
        0.700060248374939
      ],
      "bbox_width_px": 191.65475463867188,
      "bbox_height_px": 448.0385437011719
    },
    {
      "detection_id": 1,
      "class_name": "person",
      "yolo_class_id": 14,
      "confidence": 0.8470182418823242,
      "bbox_xyxy": [
        185.2917938232422,
        196.90635681152344,
        439.26837158203125,
        639.6137084960938
      ],
      "bbox_yolo": [
        0.4879376292228699,
        0.6535313129425049,
        0.39683839678764343,
        0.6917302012443542
      ],
      "bbox_width_px": 253.97657775878906,
      "bbox_height_px": 442.70733642578125
    },
    {
      "detection_id": 2,
      "class_name": "person",
      "yolo_class_id": 14,
      "confidence": 0.8157304525375366,
      "bbox_xyxy": [
        383.12432861328125,
        185.66087341308594,
        583.6639404296875,
        639.4801025390625
      ],
      "bbox_yolo": [
        0.7553033232688904,
        0.6446413993835449,
        0.3133431375026703,
        0.7090924978256226
      ],
      "bbox_width_px": 200.53961181640625,
      "bbox_height_px": 453.8192138671875
    }
  ]
}