{
  "index": 11230,
  "dataframe_iter_index": 11230,
  "image_path": "./datasets/sVOC_FLUXFP8/images/11230.png",
  "image_width": 640,
  "image_height": 640,
  "ground_truth_class": "person",
  "grounding_prompt": "person",
  "timestamp": "2026-05-22T14:09:07.995992",
  "num_detections": 3,
  "detections": [
    {
      "detection_id": 0,
      "class_name": "person",
      "yolo_class_id": 14,
      "confidence": 0.8213205933570862,
      "bbox_xyxy": [
        387.50396728515625,
        176.49180603027344,
        615.0632934570312,
        639.2347412109375
      ],
      "bbox_yolo": [
        0.7832556962966919,
        0.637286365032196,
        0.35556143522262573,
        0.7230358123779297
      ],
      "bbox_width_px": 227.559326171875,
      "bbox_height_px": 462.742919921875
    },
    {
      "detection_id": 1,
      "class_name": "person",
      "yolo_class_id": 14,
      "confidence": 0.8051356077194214,
      "bbox_xyxy": [
        13.006782531738281,
        243.28839111328125,
        241.19036865234375,
        639.4298706054688
      ],
      "bbox_yolo": [
        0.19859151542186737,
        0.6896236538887024,
        0.356536865234375,
        0.618971049785614
      ],
      "bbox_width_px": 228.18359375,
      "bbox_height_px": 396.1414794921875
    },
    {
      "detection_id": 2,
      "class_name": "person",
      "yolo_class_id": 14,
      "confidence": 0.8524554967880249,
      "bbox_xyxy": [
        186.03732299804688,
        193.49595642089844,
        491.9246520996094,
        639.455078125
      ],
      "bbox_yolo": [
        0.529657781124115,
        0.6507430076599121,
        0.47794896364212036,
        0.6968110799789429
      ],
      "bbox_width_px": 305.8873291015625,
      "bbox_height_px": 445.9591064453125
    }
  ]
}