{
  "index": 11240,
  "dataframe_iter_index": 11240,
  "image_path": "./datasets/sVOC_FLUXFP8/images/11240.png",
  "image_width": 640,
  "image_height": 640,
  "ground_truth_class": "person",
  "grounding_prompt": "person",
  "timestamp": "2026-05-22T14:09:22.221049",
  "num_detections": 1,
  "detections": [
    {
      "detection_id": 0,
      "class_name": "person",
      "yolo_class_id": 14,
      "confidence": 0.9192289113998413,
      "bbox_xyxy": [
        273.3661193847656,
        253.35658264160156,
        383.9098205566406,
        574.4989013671875
      ],
      "bbox_yolo": [
        0.5134968161582947,
        0.6467620730400085,
        0.17272453010082245,
        0.5017849206924438
      ],
      "bbox_width_px": 110.543701171875,
      "bbox_height_px": 321.142333984375
    }
  ]
}