{
  "index": 1124,
  "dataframe_iter_index": 1124,
  "image_path": "./datasets/sVOC_FLUXFP8/images/1124.png",
  "image_width": 640,
  "image_height": 640,
  "ground_truth_class": "bicycle",
  "grounding_prompt": "bicycle",
  "timestamp": "2026-05-22T10:27:19.279586",
  "num_detections": 1,
  "detections": [
    {
      "detection_id": 0,
      "class_name": "bicycle",
      "yolo_class_id": 1,
      "confidence": 0.9698965549468994,
      "bbox_xyxy": [
        100.08695983886719,
        327.7467956542969,
        271.53656005859375,
        539.0626220703125
      ],
      "bbox_yolo": [
        0.2903308868408203,
        0.6771948933601379,
        0.26789000630378723,
        0.33018097281455994
      ],
      "bbox_width_px": 171.44960021972656,
      "bbox_height_px": 211.31582641601562
    }
  ]
}