{
  "index": 11287,
  "dataframe_iter_index": 11287,
  "image_path": "./datasets/sVOC_FLUXFP8/images/11287.png",
  "image_width": 640,
  "image_height": 640,
  "ground_truth_class": "person",
  "grounding_prompt": "person",
  "timestamp": "2026-05-22T14:10:28.037942",
  "num_detections": 1,
  "detections": [
    {
      "detection_id": 0,
      "class_name": "person",
      "yolo_class_id": 14,
      "confidence": 0.9240774512290955,
      "bbox_xyxy": [
        261.023681640625,
        234.55406188964844,
        383.8038330078125,
        587.22021484375
      ],
      "bbox_yolo": [
        0.5037714838981628,
        0.6420111656188965,
        0.19184398651123047,
        0.5510408282279968
      ],
      "bbox_width_px": 122.7801513671875,
      "bbox_height_px": 352.6661376953125
    }
  ]
}