{
  "index": 11281,
  "dataframe_iter_index": 11281,
  "image_path": "./datasets/sVOC_FLUXFP8/images/11281.png",
  "image_width": 640,
  "image_height": 640,
  "ground_truth_class": "person",
  "grounding_prompt": "person",
  "timestamp": "2026-05-22T14:10:19.491006",
  "num_detections": 1,
  "detections": [
    {
      "detection_id": 0,
      "class_name": "person",
      "yolo_class_id": 14,
      "confidence": 0.9180514812469482,
      "bbox_xyxy": [
        261.8411865234375,
        233.8956756591797,
        384.1695556640625,
        581.7930297851562
      ],
      "bbox_yolo": [
        0.5046958923339844,
        0.6372568011283875,
        0.19113807380199432,
        0.5435895919799805
      ],
      "bbox_width_px": 122.328369140625,
      "bbox_height_px": 347.8973388671875
    }
  ]
}