{
  "index": 11308,
  "dataframe_iter_index": 11308,
  "image_path": "./datasets/sVOC_FLUXFP8/images/11308.png",
  "image_width": 640,
  "image_height": 640,
  "ground_truth_class": "person",
  "grounding_prompt": "person",
  "timestamp": "2026-05-22T14:10:57.251369",
  "num_detections": 1,
  "detections": [
    {
      "detection_id": 0,
      "class_name": "person",
      "yolo_class_id": 14,
      "confidence": 0.919895589351654,
      "bbox_xyxy": [
        302.495849609375,
        291.4219665527344,
        370.529541015625,
        514.3443603515625
      ],
      "bbox_yolo": [
        0.5258010625839233,
        0.6295049786567688,
        0.1063026413321495,
        0.3483162522315979
      ],
      "bbox_width_px": 68.03369140625,
      "bbox_height_px": 222.92239379882812
    }
  ]
}