{
  "index": 11319,
  "dataframe_iter_index": 11319,
  "image_path": "./datasets/sVOC_FLUXFP8/images/11319.png",
  "image_width": 640,
  "image_height": 640,
  "ground_truth_class": "person",
  "grounding_prompt": "person",
  "timestamp": "2026-05-22T14:11:12.923547",
  "num_detections": 1,
  "detections": [
    {
      "detection_id": 0,
      "class_name": "person",
      "yolo_class_id": 14,
      "confidence": 0.9287094473838806,
      "bbox_xyxy": [
        296.2438659667969,
        274.15032958984375,
        384.3293151855469,
        516.9949340820312
      ],
      "bbox_yolo": [
        0.5316978096961975,
        0.6180822253227234,
        0.1376335173845291,
        0.3794446885585785
      ],
      "bbox_width_px": 88.08544921875,
      "bbox_height_px": 242.8446044921875
    }
  ]
}