{
  "index": 11323,
  "dataframe_iter_index": 11323,
  "image_path": "./datasets/sVOC_FLUXFP8/images/11323.png",
  "image_width": 640,
  "image_height": 640,
  "ground_truth_class": "person",
  "grounding_prompt": "person",
  "timestamp": "2026-05-22T14:11:18.559901",
  "num_detections": 1,
  "detections": [
    {
      "detection_id": 0,
      "class_name": "person",
      "yolo_class_id": 14,
      "confidence": 0.9233220815658569,
      "bbox_xyxy": [
        298.3623046875,
        248.14601135253906,
        356.872314453125,
        415.8909912109375
      ],
      "bbox_yolo": [
        0.5119020342826843,
        0.518778920173645,
        0.09142188727855682,
        0.26210153102874756
      ],
      "bbox_width_px": 58.510009765625,
      "bbox_height_px": 167.74497985839844
    }
  ]
}