{
  "index": 11336,
  "dataframe_iter_index": 11336,
  "image_path": "./datasets/sVOC_FLUXFP8/images/11336.png",
  "image_width": 640,
  "image_height": 640,
  "ground_truth_class": "person",
  "grounding_prompt": "person",
  "timestamp": "2026-05-22T14:11:36.425244",
  "num_detections": 1,
  "detections": [
    {
      "detection_id": 0,
      "class_name": "person",
      "yolo_class_id": 14,
      "confidence": 0.9320830702781677,
      "bbox_xyxy": [
        267.3056640625,
        233.2066192626953,
        368.87835693359375,
        551.0543823242188
      ],
      "bbox_yolo": [
        0.4970187544822693,
        0.6127039194107056,
        0.15870733559131622,
        0.49663716554641724
      ],
      "bbox_width_px": 101.57269287109375,
      "bbox_height_px": 317.8477783203125
    }
  ]
}