{
  "index": 11346,
  "dataframe_iter_index": 11346,
  "image_path": "./datasets/sVOC_FLUXFP8/images/11346.png",
  "image_width": 640,
  "image_height": 640,
  "ground_truth_class": "person",
  "grounding_prompt": "person",
  "timestamp": "2026-05-22T14:11:50.704082",
  "num_detections": 3,
  "detections": [
    {
      "detection_id": 0,
      "class_name": "person",
      "yolo_class_id": 14,
      "confidence": 0.8658055067062378,
      "bbox_xyxy": [
        131.41964721679688,
        284.7705078125,
        228.84857177734375,
        544.1446533203125
      ],
      "bbox_yolo": [
        0.2814595401287079,
        0.6475899815559387,
        0.15223269164562225,
        0.40527209639549255
      ],
      "bbox_width_px": 97.42892456054688,
      "bbox_height_px": 259.3741455078125
    },
    {
      "detection_id": 1,
      "class_name": "person",
      "yolo_class_id": 14,
      "confidence": 0.8244832158088684,
      "bbox_xyxy": [
        293.7302551269531,
        291.2197265625,
        376.5712585449219,
        539.8069458007812
      ],
      "bbox_yolo": [
        0.5236730575561523,
        0.6492395997047424,
        0.1294390708208084,
        0.3884175419807434
      ],
      "bbox_width_px": 82.84100341796875,
      "bbox_height_px": 248.58721923828125
    },
    {
      "detection_id": 2,
      "class_name": "person",
      "yolo_class_id": 14,
      "confidence": 0.8055737614631653,
      "bbox_xyxy": [
        362.5843505859375,
        311.553955078125,
        438.56195068359375,
        524.928955078125
      ],
      "bbox_yolo": [
        0.6258955597877502,
        0.6535022854804993,
        0.11871500313282013,
        0.3333984315395355
      ],
      "bbox_width_px": 75.97760009765625,
      "bbox_height_px": 213.375
    }
  ]
}