{
  "index": 1134,
  "dataframe_iter_index": 1134,
  "image_path": "./datasets/sVOC_FLUXFP8/images/1134.png",
  "image_width": 640,
  "image_height": 640,
  "ground_truth_class": "bicycle",
  "grounding_prompt": "bicycle",
  "timestamp": "2026-05-22T10:27:30.529902",
  "num_detections": 3,
  "detections": [
    {
      "detection_id": 0,
      "class_name": "bicycle",
      "yolo_class_id": 1,
      "confidence": 0.8397903442382812,
      "bbox_xyxy": [
        118.55409240722656,
        333.5892639160156,
        251.60948181152344,
        611.8009033203125
      ],
      "bbox_yolo": [
        0.28919029235839844,
        0.7385860681533813,
        0.2078990489244461,
        0.4347056746482849
      ],
      "bbox_width_px": 133.05538940429688,
      "bbox_height_px": 278.2116394042969
    },
    {
      "detection_id": 1,
      "class_name": "bicycle",
      "yolo_class_id": 1,
      "confidence": 0.8515007495880127,
      "bbox_xyxy": [
        381.45184326171875,
        353.32470703125,
        569.1871948242188,
        598.2972412109375
      ],
      "bbox_yolo": [
        0.7426867485046387,
        0.74345463514328,
        0.2933364808559418,
        0.3827695846557617
      ],
      "bbox_width_px": 187.7353515625,
      "bbox_height_px": 244.9725341796875
    },
    {
      "detection_id": 2,
      "class_name": "bicycle",
      "yolo_class_id": 1,
      "confidence": 0.7528802752494812,
      "bbox_xyxy": [
        279.9163818359375,
        365.505615234375,
        367.2662353515625,
        574.0613403320312
      ],
      "bbox_yolo": [
        0.5056114196777344,
        0.7340366840362549,
        0.13648414611816406,
        0.32586830854415894
      ],
      "bbox_width_px": 87.349853515625,
      "bbox_height_px": 208.55572509765625
    }
  ]
}