{
  "index": 11343,
  "dataframe_iter_index": 11343,
  "image_path": "./datasets/sVOC_FLUXFP8/images/11343.png",
  "image_width": 640,
  "image_height": 640,
  "ground_truth_class": "person",
  "grounding_prompt": "person",
  "timestamp": "2026-05-22T14:11:46.502668",
  "num_detections": 4,
  "detections": [
    {
      "detection_id": 0,
      "class_name": "person",
      "yolo_class_id": 14,
      "confidence": 0.8327447772026062,
      "bbox_xyxy": [
        138.7096405029297,
        344.8267517089844,
        213.40953063964844,
        596.8019409179688
      ],
      "bbox_yolo": [
        0.27509310841560364,
        0.7356473803520203,
        0.11671857535839081,
        0.39371123909950256
      ],
      "bbox_width_px": 74.69989013671875,
      "bbox_height_px": 251.97518920898438
    },
    {
      "detection_id": 1,
      "class_name": "person",
      "yolo_class_id": 14,
      "confidence": 0.7938683032989502,
      "bbox_xyxy": [
        310.55828857421875,
        366.33966064453125,
        329.48748779296875,
        416.1663818359375
      ],
      "bbox_yolo": [
        0.5000357627868652,
        0.6113328337669373,
        0.029576873406767845,
        0.07785425335168839
      ],
      "bbox_width_px": 18.92919921875,
      "bbox_height_px": 49.82672119140625
    },
    {
      "detection_id": 2,
      "class_name": "person",
      "yolo_class_id": 14,
      "confidence": 0.7770497798919678,
      "bbox_xyxy": [
        249.39129638671875,
        372.3887634277344,
        272.9237060546875,
        414.8873596191406
      ],
      "bbox_yolo": [
        0.4080585837364197,
        0.615059494972229,
        0.03676939010620117,
        0.0664040595293045
      ],
      "bbox_width_px": 23.53240966796875,
      "bbox_height_px": 42.49859619140625
    },
    {
      "detection_id": 3,
      "class_name": "person",
      "yolo_class_id": 14,
      "confidence": 0.7809507846832275,
      "bbox_xyxy": [
        228.70370483398438,
        371.70367431640625,
        246.52023315429688,
        415.37261962890625
      ],
      "bbox_yolo": [
        0.37126868963241577,
        0.6149033308029175,
        0.02783832512795925,
        0.06823273003101349
      ],
      "bbox_width_px": 17.8165283203125,
      "bbox_height_px": 43.6689453125
    }
  ]
}