{
  "index": 11358,
  "dataframe_iter_index": 11358,
  "image_path": "./datasets/sVOC_FLUXFP8/images/11358.png",
  "image_width": 640,
  "image_height": 640,
  "ground_truth_class": "person",
  "grounding_prompt": "person",
  "timestamp": "2026-05-22T14:12:07.588643",
  "num_detections": 3,
  "detections": [
    {
      "detection_id": 0,
      "class_name": "person",
      "yolo_class_id": 14,
      "confidence": 0.7765828967094421,
      "bbox_xyxy": [
        241.7222442626953,
        373.78155517578125,
        275.50750732421875,
        483.60430908203125
      ],
      "bbox_yolo": [
        0.4040857255458832,
        0.669832706451416,
        0.05278947204351425,
        0.17159804701805115
      ],
      "bbox_width_px": 33.78526306152344,
      "bbox_height_px": 109.82275390625
    },
    {
      "detection_id": 1,
      "class_name": "person",
      "yolo_class_id": 14,
      "confidence": 0.7543919086456299,
      "bbox_xyxy": [
        276.54937744140625,
        375.4477844238281,
        308.12908935546875,
        474.9432067871094
      ],
      "bbox_yolo": [
        0.4567800462245941,
        0.6643679738044739,
        0.0493432991206646,
        0.15546159446239471
      ],
      "bbox_width_px": 31.5797119140625,
      "bbox_height_px": 99.49542236328125
    },
    {
      "detection_id": 2,
      "class_name": "person",
      "yolo_class_id": 14,
      "confidence": 0.7527478337287903,
      "bbox_xyxy": [
        306.21966552734375,
        368.601318359375,
        337.11090087890625,
        472.46405029296875
      ],
      "bbox_yolo": [
        0.5026019811630249,
        0.6570823192596436,
        0.04826755449175835,
        0.16228552162647247
      ],
      "bbox_width_px": 30.8912353515625,
      "bbox_height_px": 103.86273193359375
    }
  ]
}