{
  "index": 11381,
  "dataframe_iter_index": 11381,
  "image_path": "./datasets/sVOC_FLUXFP8/images/11381.png",
  "image_width": 640,
  "image_height": 640,
  "ground_truth_class": "person",
  "grounding_prompt": "person",
  "timestamp": "2026-05-22T14:12:40.093309",
  "num_detections": 1,
  "detections": [
    {
      "detection_id": 0,
      "class_name": "person",
      "yolo_class_id": 14,
      "confidence": 0.903020977973938,
      "bbox_xyxy": [
        303.1016845703125,
        293.8525390625,
        365.049072265625,
        390.36285400390625
      ],
      "bbox_yolo": [
        0.5219928026199341,
        0.5345432758331299,
        0.0967927947640419,
        0.15079736709594727
      ],
      "bbox_width_px": 61.9473876953125,
      "bbox_height_px": 96.51031494140625
    }
  ]
}