{
  "index": 11411,
  "dataframe_iter_index": 11411,
  "image_path": "./datasets/sVOC_FLUXFP8/images/11411.png",
  "image_width": 640,
  "image_height": 640,
  "ground_truth_class": "person",
  "grounding_prompt": "person",
  "timestamp": "2026-05-22T14:13:22.668479",
  "num_detections": 1,
  "detections": [
    {
      "detection_id": 0,
      "class_name": "person",
      "yolo_class_id": 14,
      "confidence": 0.9318662881851196,
      "bbox_xyxy": [
        276.45330810546875,
        282.4936218261719,
        396.4366455078125,
        402.5733947753906
      ],
      "bbox_yolo": [
        0.525695264339447,
        0.5352085828781128,
        0.18747396767139435,
        0.18762464821338654
      ],
      "bbox_width_px": 119.98333740234375,
      "bbox_height_px": 120.07977294921875
    }
  ]
}