{
  "index": 11436,
  "dataframe_iter_index": 11436,
  "image_path": "./datasets/sVOC_FLUXFP8/images/11436.png",
  "image_width": 640,
  "image_height": 640,
  "ground_truth_class": "person",
  "grounding_prompt": "person",
  "timestamp": "2026-05-22T14:13:58.276410",
  "num_detections": 1,
  "detections": [
    {
      "detection_id": 0,
      "class_name": "person",
      "yolo_class_id": 14,
      "confidence": 0.919751763343811,
      "bbox_xyxy": [
        104.87890625,
        44.43988037109375,
        477.17694091796875,
        639.2715454101562
      ],
      "bbox_yolo": [
        0.45473113656044006,
        0.5341495275497437,
        0.5817157030105591,
        0.9294244647026062
      ],
      "bbox_width_px": 372.29803466796875,
      "bbox_height_px": 594.8316650390625
    }
  ]
}