{
  "index": 1143,
  "dataframe_iter_index": 1143,
  "image_path": "./datasets/sVOC_FLUXFP8/images/1143.png",
  "image_width": 640,
  "image_height": 640,
  "ground_truth_class": "bicycle",
  "grounding_prompt": "bicycle",
  "timestamp": "2026-05-22T10:27:40.550545",
  "num_detections": 1,
  "detections": [
    {
      "detection_id": 0,
      "class_name": "bicycle",
      "yolo_class_id": 1,
      "confidence": 0.9701217412948608,
      "bbox_xyxy": [
        61.26953125,
        333.721435546875,
        453.37371826171875,
        598.9613647460938
      ],
      "bbox_yolo": [
        0.4020650386810303,
        0.7286584377288818,
        0.6126627922058105,
        0.4144373834133148
      ],
      "bbox_width_px": 392.10418701171875,
      "bbox_height_px": 265.23992919921875
    }
  ]
}