{
  "index": 11445,
  "dataframe_iter_index": 11445,
  "image_path": "./datasets/sVOC_FLUXFP8/images/11445.png",
  "image_width": 640,
  "image_height": 640,
  "ground_truth_class": "person",
  "grounding_prompt": "person",
  "timestamp": "2026-05-22T14:14:11.048471",
  "num_detections": 2,
  "detections": [
    {
      "detection_id": 0,
      "class_name": "person",
      "yolo_class_id": 14,
      "confidence": 0.8887925148010254,
      "bbox_xyxy": [
        124.09245300292969,
        229.16407775878906,
        270.8135986328125,
        639.6600341796875
      ],
      "bbox_yolo": [
        0.3085203766822815,
        0.6787688136100769,
        0.22925178706645966,
        0.6413999795913696
      ],
      "bbox_width_px": 146.7211456298828,
      "bbox_height_px": 410.4959716796875
    },
    {
      "detection_id": 1,
      "class_name": "person",
      "yolo_class_id": 14,
      "confidence": 0.8282437920570374,
      "bbox_xyxy": [
        290.92584228515625,
        274.143310546875,
        401.04864501953125,
        574.949951171875
      ],
      "bbox_yolo": [
        0.5406050682067871,
        0.6633540987968445,
        0.17206688225269318,
        0.470010370016098
      ],
      "bbox_width_px": 110.122802734375,
      "bbox_height_px": 300.806640625
    }
  ]
}