{
  "index": 11466,
  "dataframe_iter_index": 11466,
  "image_path": "./datasets/sVOC_FLUXFP8/images/11466.png",
  "image_width": 640,
  "image_height": 640,
  "ground_truth_class": "person",
  "grounding_prompt": "person",
  "timestamp": "2026-05-22T14:14:40.385524",
  "num_detections": 3,
  "detections": [
    {
      "detection_id": 0,
      "class_name": "person",
      "yolo_class_id": 14,
      "confidence": 0.847406804561615,
      "bbox_xyxy": [
        125.79600524902344,
        268.6159362792969,
        236.9062957763672,
        587.54248046875
      ],
      "bbox_yolo": [
        0.28336116671562195,
        0.6688737869262695,
        0.17360982298851013,
        0.4983227252960205
      ],
      "bbox_width_px": 111.11029052734375,
      "bbox_height_px": 318.9265441894531
    },
    {
      "detection_id": 1,
      "class_name": "person",
      "yolo_class_id": 14,
      "confidence": 0.8429442048072815,
      "bbox_xyxy": [
        273.1703186035156,
        270.830078125,
        398.2372131347656,
        572.8984375
      ],
      "bbox_yolo": [
        0.5245371460914612,
        0.6591628789901733,
        0.19541701674461365,
        0.47198182344436646
      ],
      "bbox_width_px": 125.06689453125,
      "bbox_height_px": 302.068359375
    },
    {
      "detection_id": 2,
      "class_name": "person",
      "yolo_class_id": 14,
      "confidence": 0.8270943760871887,
      "bbox_xyxy": [
        397.55059814453125,
        281.530517578125,
        503.0911865234375,
        566.9577026367188
      ],
      "bbox_yolo": [
        0.7036263942718506,
        0.6628814339637756,
        0.16490717232227325,
        0.4459799826145172
      ],
      "bbox_width_px": 105.54058837890625,
      "bbox_height_px": 285.42718505859375
    }
  ]
}