{
  "index": 11508,
  "dataframe_iter_index": 11508,
  "image_path": "./datasets/sVOC_FLUXFP8/images/11508.png",
  "image_width": 640,
  "image_height": 640,
  "ground_truth_class": "person",
  "grounding_prompt": "person",
  "timestamp": "2026-05-22T14:15:39.334044",
  "num_detections": 1,
  "detections": [
    {
      "detection_id": 0,
      "class_name": "person",
      "yolo_class_id": 14,
      "confidence": 0.9155351519584656,
      "bbox_xyxy": [
        215.05291748046875,
        269.4091796875,
        440.5595703125,
        639.2709350585938
      ],
      "bbox_yolo": [
        0.5121972560882568,
        0.7099063396453857,
        0.35235413908958435,
        0.577908992767334
      ],
      "bbox_width_px": 225.50665283203125,
      "bbox_height_px": 369.86175537109375
    }
  ]
}