{
  "index": 11553,
  "dataframe_iter_index": 11553,
  "image_path": "./datasets/sVOC_FLUXFP8/images/11553.png",
  "image_width": 640,
  "image_height": 640,
  "ground_truth_class": "person",
  "grounding_prompt": "person",
  "timestamp": "2026-05-22T14:16:42.200709",
  "num_detections": 2,
  "detections": [
    {
      "detection_id": 0,
      "class_name": "person",
      "yolo_class_id": 14,
      "confidence": 0.8717522025108337,
      "bbox_xyxy": [
        248.9747772216797,
        440.55010986328125,
        303.0089416503906,
        603.4352416992188
      ],
      "bbox_yolo": [
        0.43123728036880493,
        0.8156135678291321,
        0.08442838490009308,
        0.25450801849365234
      ],
      "bbox_width_px": 54.03416442871094,
      "bbox_height_px": 162.8851318359375
    },
    {
      "detection_id": 1,
      "class_name": "person",
      "yolo_class_id": 14,
      "confidence": 0.8161618709564209,
      "bbox_xyxy": [
        312.2643737792969,
        449.76763916015625,
        360.3259582519531,
        607.7697143554688
      ],
      "bbox_yolo": [
        0.5254611968994141,
        0.8262010812759399,
        0.07509622722864151,
        0.2468782365322113
      ],
      "bbox_width_px": 48.06158447265625,
      "bbox_height_px": 158.0020751953125
    }
  ]
}