{
  "index": 11562,
  "dataframe_iter_index": 11562,
  "image_path": "./datasets/sVOC_FLUXFP8/images/11562.png",
  "image_width": 640,
  "image_height": 640,
  "ground_truth_class": "person",
  "grounding_prompt": "person",
  "timestamp": "2026-05-22T14:16:55.082542",
  "num_detections": 3,
  "detections": [
    {
      "detection_id": 0,
      "class_name": "person",
      "yolo_class_id": 14,
      "confidence": 0.8336281180381775,
      "bbox_xyxy": [
        309.9869384765625,
        405.76275634765625,
        361.27099609375,
        591.6480712890625
      ],
      "bbox_yolo": [
        0.5244202613830566,
        0.7792271971702576,
        0.08013133704662323,
        0.29044580459594727
      ],
      "bbox_width_px": 51.2840576171875,
      "bbox_height_px": 185.88531494140625
    },
    {
      "detection_id": 1,
      "class_name": "person",
      "yolo_class_id": 14,
      "confidence": 0.8235495090484619,
      "bbox_xyxy": [
        144.50953674316406,
        418.99053955078125,
        204.6542205810547,
        591.4440307617188
      ],
      "bbox_yolo": [
        0.27278417348861694,
        0.7894020080566406,
        0.09397606551647186,
        0.2694585919380188
      ],
      "bbox_width_px": 60.144683837890625,
      "bbox_height_px": 172.4534912109375
    },
    {
      "detection_id": 2,
      "class_name": "person",
      "yolo_class_id": 14,
      "confidence": 0.8147291541099548,
      "bbox_xyxy": [
        219.45916748046875,
        392.7738342285156,
        281.0572204589844,
        594.05712890625
      ],
      "bbox_yolo": [
        0.39102843403816223,
        0.7709616422653198,
        0.09624695777893066,
        0.3145051598548889
      ],
      "bbox_width_px": 61.598052978515625,
      "bbox_height_px": 201.28329467773438
    }
  ]
}