{
  "index": 11573,
  "dataframe_iter_index": 11573,
  "image_path": "./datasets/sVOC_FLUXFP8/images/11573.png",
  "image_width": 640,
  "image_height": 640,
  "ground_truth_class": "person",
  "grounding_prompt": "person",
  "timestamp": "2026-05-22T14:17:10.777773",
  "num_detections": 2,
  "detections": [
    {
      "detection_id": 0,
      "class_name": "person",
      "yolo_class_id": 14,
      "confidence": 0.8465282320976257,
      "bbox_xyxy": [
        333.1846923828125,
        478.51080322265625,
        363.99737548828125,
        564.7540893554688
      ],
      "bbox_yolo": [
        0.544673502445221,
        0.8150507211685181,
        0.04814481735229492,
        0.13475513458251953
      ],
      "bbox_width_px": 30.81268310546875,
      "bbox_height_px": 86.2432861328125
    },
    {
      "detection_id": 1,
      "class_name": "person",
      "yolo_class_id": 14,
      "confidence": 0.8546942472457886,
      "bbox_xyxy": [
        286.9848937988281,
        484.4819641113281,
        319.4109191894531,
        565.7653198242188
      ],
      "bbox_yolo": [
        0.47374671697616577,
        0.8205057382583618,
        0.05066566541790962,
        0.12700524926185608
      ],
      "bbox_width_px": 32.426025390625,
      "bbox_height_px": 81.28335571289062
    }
  ]
}