{
  "index": 11572,
  "dataframe_iter_index": 11572,
  "image_path": "./datasets/sVOC_FLUXFP8/images/11572.png",
  "image_width": 640,
  "image_height": 640,
  "ground_truth_class": "person",
  "grounding_prompt": "person",
  "timestamp": "2026-05-22T14:17:09.381074",
  "num_detections": 1,
  "detections": [
    {
      "detection_id": 0,
      "class_name": "person",
      "yolo_class_id": 14,
      "confidence": 0.9152843952178955,
      "bbox_xyxy": [
        280.4615783691406,
        367.02911376953125,
        362.1531066894531,
        630.9334716796875
      ],
      "bbox_yolo": [
        0.5020427107810974,
        0.7796582579612732,
        0.12764301896095276,
        0.4123505651950836
      ],
      "bbox_width_px": 81.6915283203125,
      "bbox_height_px": 263.90435791015625
    }
  ]
}