{
  "index": 11607,
  "dataframe_iter_index": 11607,
  "image_path": "./datasets/sVOC_FLUXFP8/images/11607.png",
  "image_width": 640,
  "image_height": 640,
  "ground_truth_class": "person",
  "grounding_prompt": "person",
  "timestamp": "2026-05-22T14:17:59.133524",
  "num_detections": 2,
  "detections": [
    {
      "detection_id": 0,
      "class_name": "person",
      "yolo_class_id": 14,
      "confidence": 0.8207066655158997,
      "bbox_xyxy": [
        339.55389404296875,
        476.75177001953125,
        357.05096435546875,
        516.9423217773438
      ],
      "bbox_yolo": [
        0.5442225337028503,
        0.7763234972953796,
        0.02733917161822319,
        0.06279774010181427
      ],
      "bbox_width_px": 17.4970703125,
      "bbox_height_px": 40.1905517578125
    },
    {
      "detection_id": 1,
      "class_name": "person",
      "yolo_class_id": 14,
      "confidence": 0.8134386539459229,
      "bbox_xyxy": [
        489.525634765625,
        473.928466796875,
        521.9622802734375,
        533.0738525390625
      ],
      "bbox_yolo": [
        0.7902249097824097,
        0.7867205739021301,
        0.05068225786089897,
        0.09241466224193573
      ],
      "bbox_width_px": 32.4366455078125,
      "bbox_height_px": 59.1453857421875
    }
  ]
}