{
  "index": 11619,
  "dataframe_iter_index": 11619,
  "image_path": "./datasets/sVOC_FLUXFP8/images/11619.png",
  "image_width": 640,
  "image_height": 640,
  "ground_truth_class": "person",
  "grounding_prompt": "person",
  "timestamp": "2026-05-22T14:18:15.760973",
  "num_detections": 1,
  "detections": [
    {
      "detection_id": 0,
      "class_name": "person",
      "yolo_class_id": 14,
      "confidence": 0.9214805364608765,
      "bbox_xyxy": [
        267.0177001953125,
        237.88330078125,
        501.3909912109375,
        639.5447387695312
      ],
      "bbox_yolo": [
        0.6003192663192749,
        0.6854906678199768,
        0.3662082552909851,
        0.6275960206985474
      ],
      "bbox_width_px": 234.373291015625,
      "bbox_height_px": 401.66143798828125
    }
  ]
}