{
  "index": 11665,
  "dataframe_iter_index": 11665,
  "image_path": "./datasets/sVOC_FLUXFP8/images/11665.png",
  "image_width": 640,
  "image_height": 640,
  "ground_truth_class": "person",
  "grounding_prompt": "person",
  "timestamp": "2026-05-22T14:19:21.227287",
  "num_detections": 1,
  "detections": [
    {
      "detection_id": 0,
      "class_name": "person",
      "yolo_class_id": 14,
      "confidence": 0.9180664420127869,
      "bbox_xyxy": [
        303.7373352050781,
        293.86712646484375,
        365.0204772949219,
        476.59527587890625
      ],
      "bbox_yolo": [
        0.5224670171737671,
        0.6019237637519836,
        0.09575490653514862,
        0.2855127453804016
      ],
      "bbox_width_px": 61.28314208984375,
      "bbox_height_px": 182.7281494140625
    }
  ]
}