{
  "index": 11691,
  "dataframe_iter_index": 11691,
  "image_path": "./datasets/sVOC_FLUXFP8/images/11691.png",
  "image_width": 640,
  "image_height": 640,
  "ground_truth_class": "person",
  "grounding_prompt": "person",
  "timestamp": "2026-05-22T14:19:57.968610",
  "num_detections": 1,
  "detections": [
    {
      "detection_id": 0,
      "class_name": "person",
      "yolo_class_id": 14,
      "confidence": 0.8880575895309448,
      "bbox_xyxy": [
        155.31732177734375,
        187.827880859375,
        474.7645263671875,
        639.2470092773438
      ],
      "bbox_yolo": [
        0.492251455783844,
        0.6461522579193115,
        0.4991362690925598,
        0.7053424119949341
      ],
      "bbox_width_px": 319.44720458984375,
      "bbox_height_px": 451.41912841796875
    }
  ]
}