{
  "index": 11735,
  "dataframe_iter_index": 11735,
  "image_path": "./datasets/sVOC_FLUXFP8/images/11735.png",
  "image_width": 640,
  "image_height": 640,
  "ground_truth_class": "person",
  "grounding_prompt": "person",
  "timestamp": "2026-05-22T14:21:03.374325",
  "num_detections": 4,
  "detections": [
    {
      "detection_id": 0,
      "class_name": "person",
      "yolo_class_id": 14,
      "confidence": 0.8340203166007996,
      "bbox_xyxy": [
        124.520263671875,
        111.88702392578125,
        446.180908203125,
        639.4099731445312
      ],
      "bbox_yolo": [
        0.4458602964878082,
        0.5869507789611816,
        0.5025947690010071,
        0.8242546319961548
      ],
      "bbox_width_px": 321.66064453125,
      "bbox_height_px": 527.52294921875
    },
    {
      "detection_id": 1,
      "class_name": "person",
      "yolo_class_id": 14,
      "confidence": 0.6680362224578857,
      "bbox_xyxy": [
        562.412353515625,
        403.64715576171875,
        609.3985595703125,
        514.3096313476562
      ],
      "bbox_yolo": [
        0.9154772758483887,
        0.7171537280082703,
        0.07341594994068146,
        0.17291012406349182
      ],
      "bbox_width_px": 46.9862060546875,
      "bbox_height_px": 110.6624755859375
    },
    {
      "detection_id": 2,
      "class_name": "person",
      "yolo_class_id": 14,
      "confidence": 0.6297553181648254,
      "bbox_xyxy": [
        620.906494140625,
        401.49969482421875,
        639.8331298828125,
        490.71038818359375
      ],
      "bbox_yolo": [
        0.9849528074264526,
        0.6970391273498535,
        0.029572868719697,
        0.1393917053937912
      ],
      "bbox_width_px": 18.9266357421875,
      "bbox_height_px": 89.210693359375
    },
    {
      "detection_id": 3,
      "class_name": "person",
      "yolo_class_id": 14,
      "confidence": 0.3680674433708191,
      "bbox_xyxy": [
        433.8240966796875,
        390.8786926269531,
        453.04119873046875,
        444.9563903808594
      ],
      "bbox_yolo": [
        0.6928635239601135,
        0.6529961824417114,
        0.030026722699403763,
        0.0844964012503624
      ],
      "bbox_width_px": 19.21710205078125,
      "bbox_height_px": 54.07769775390625
    }
  ]
}