{
  "index": 11742,
  "dataframe_iter_index": 11742,
  "image_path": "./datasets/sVOC_FLUXFP8/images/11742.png",
  "image_width": 640,
  "image_height": 640,
  "ground_truth_class": "person",
  "grounding_prompt": "person",
  "timestamp": "2026-05-22T14:21:13.526007",
  "num_detections": 4,
  "detections": [
    {
      "detection_id": 0,
      "class_name": "person",
      "yolo_class_id": 14,
      "confidence": 0.8273097276687622,
      "bbox_xyxy": [
        390.445068359375,
        175.56375122070312,
        610.456298828125,
        639.2962646484375
      ],
      "bbox_yolo": [
        0.7819541692733765,
        0.6366093754768372,
        0.34376755356788635,
        0.7245820760726929
      ],
      "bbox_width_px": 220.01123046875,
      "bbox_height_px": 463.7325134277344
    },
    {
      "detection_id": 1,
      "class_name": "person",
      "yolo_class_id": 14,
      "confidence": 0.8014923334121704,
      "bbox_xyxy": [
        45.286834716796875,
        233.12632751464844,
        243.04629516601562,
        639.33447265625
      ],
      "bbox_yolo": [
        0.22526025772094727,
        0.6816099882125854,
        0.3089991509914398,
        0.6347001791000366
      ],
      "bbox_width_px": 197.75946044921875,
      "bbox_height_px": 406.2081298828125
    },
    {
      "detection_id": 2,
      "class_name": "person",
      "yolo_class_id": 14,
      "confidence": 0.845587968826294,
      "bbox_xyxy": [
        185.94192504882812,
        192.2362823486328,
        488.9792785644531,
        639.3571166992188
      ],
      "bbox_yolo": [
        0.527282178401947,
        0.649682343006134,
        0.47349587082862854,
        0.6986263394355774
      ],
      "bbox_width_px": 303.037353515625,
      "bbox_height_px": 447.120849609375
    },
    {
      "detection_id": 3,
      "class_name": "person",
      "yolo_class_id": 14,
      "confidence": 0.6362653970718384,
      "bbox_xyxy": [
        615.7180786132812,
        390.3489685058594,
        639.7255249023438,
        491.5272521972656
      ],
      "bbox_yolo": [
        0.9808152914047241,
        0.6889657974243164,
        0.037511635571718216,
        0.15809106826782227
      ],
      "bbox_width_px": 24.0074462890625,
      "bbox_height_px": 101.17828369140625
    }
  ]
}