{
  "index": 11758,
  "dataframe_iter_index": 11758,
  "image_path": "./datasets/sVOC_FLUXFP8/images/11758.png",
  "image_width": 640,
  "image_height": 640,
  "ground_truth_class": "person",
  "grounding_prompt": "person",
  "timestamp": "2026-05-22T14:21:36.962709",
  "num_detections": 3,
  "detections": [
    {
      "detection_id": 0,
      "class_name": "person",
      "yolo_class_id": 14,
      "confidence": 0.8088667392730713,
      "bbox_xyxy": [
        257.5018615722656,
        319.4361267089844,
        398.3290710449219,
        555.897705078125
      ],
      "bbox_yolo": [
        0.5123679041862488,
        0.6838545799255371,
        0.22004251182079315,
        0.3694712221622467
      ],
      "bbox_width_px": 140.82720947265625,
      "bbox_height_px": 236.46157836914062
    },
    {
      "detection_id": 1,
      "class_name": "person",
      "yolo_class_id": 14,
      "confidence": 0.8225788474082947,
      "bbox_xyxy": [
        98.0677490234375,
        309.279296875,
        260.1844482421875,
        555.560791015625
      ],
      "bbox_yolo": [
        0.2798845171928406,
        0.6756563186645508,
        0.2533073425292969,
        0.3848148286342621
      ],
      "bbox_width_px": 162.11669921875,
      "bbox_height_px": 246.281494140625
    },
    {
      "detection_id": 2,
      "class_name": "person",
      "yolo_class_id": 14,
      "confidence": 0.49739858508110046,
      "bbox_xyxy": [
        399.15106201171875,
        348.0752258300781,
        607.48779296875,
        546.5396118164062
      ],
      "bbox_yolo": [
        0.7864366173744202,
        0.6989178657531738,
        0.3255261480808258,
        0.31010061502456665
      ],
      "bbox_width_px": 208.33673095703125,
      "bbox_height_px": 198.46438598632812
    }
  ]
}