{
  "index": 11793,
  "dataframe_iter_index": 11793,
  "image_path": "./datasets/sVOC_FLUXFP8/images/11793.png",
  "image_width": 640,
  "image_height": 640,
  "ground_truth_class": "person",
  "grounding_prompt": "person",
  "timestamp": "2026-05-22T14:22:26.795654",
  "num_detections": 1,
  "detections": [
    {
      "detection_id": 0,
      "class_name": "person",
      "yolo_class_id": 14,
      "confidence": 0.9078486561775208,
      "bbox_xyxy": [
        96.90908813476562,
        43.152618408203125,
        449.8636779785156,
        639.3829345703125
      ],
      "bbox_yolo": [
        0.427166223526001,
        0.5332309007644653,
        0.5514915585517883,
        0.9316099286079407
      ],
      "bbox_width_px": 352.95458984375,
      "bbox_height_px": 596.2303466796875
    }
  ]
}