{
  "index": 11812,
  "dataframe_iter_index": 11812,
  "image_path": "./datasets/sVOC_FLUXFP8/images/11812.png",
  "image_width": 640,
  "image_height": 640,
  "ground_truth_class": "person",
  "grounding_prompt": "person",
  "timestamp": "2026-05-22T14:22:53.504634",
  "num_detections": 1,
  "detections": [
    {
      "detection_id": 0,
      "class_name": "person",
      "yolo_class_id": 14,
      "confidence": 0.9318362474441528,
      "bbox_xyxy": [
        143.87435913085938,
        191.05087280273438,
        512.1168212890625,
        595.921630859375
      ],
      "bbox_yolo": [
        0.5124931335449219,
        0.614822268486023,
        0.5753788352012634,
        0.632610559463501
      ],
      "bbox_width_px": 368.2424621582031,
      "bbox_height_px": 404.8707580566406
    }
  ]
}