{
  "index": 11816,
  "dataframe_iter_index": 11816,
  "image_path": "./datasets/sVOC_FLUXFP8/images/11816.png",
  "image_width": 640,
  "image_height": 640,
  "ground_truth_class": "person",
  "grounding_prompt": "person",
  "timestamp": "2026-05-22T14:22:59.038036",
  "num_detections": 1,
  "detections": [
    {
      "detection_id": 0,
      "class_name": "person",
      "yolo_class_id": 14,
      "confidence": 0.9200803637504578,
      "bbox_xyxy": [
        146.65768432617188,
        231.233154296875,
        509.2591857910156,
        589.23974609375
      ],
      "bbox_yolo": [
        0.5124350786209106,
        0.6409944295883179,
        0.5665648579597473,
        0.5593852996826172
      ],
      "bbox_width_px": 362.60150146484375,
      "bbox_height_px": 358.006591796875
    }
  ]
}