{
  "index": 11833,
  "dataframe_iter_index": 11833,
  "image_path": "./datasets/sVOC_FLUXFP8/images/11833.png",
  "image_width": 640,
  "image_height": 640,
  "ground_truth_class": "person",
  "grounding_prompt": "person",
  "timestamp": "2026-05-22T14:23:23.372866",
  "num_detections": 3,
  "detections": [
    {
      "detection_id": 0,
      "class_name": "person",
      "yolo_class_id": 14,
      "confidence": 0.8651942014694214,
      "bbox_xyxy": [
        461.3353271484375,
        269.8633117675781,
        584.3497314453125,
        609.811767578125
      ],
      "bbox_yolo": [
        0.8169414401054382,
        0.6872461438179016,
        0.19221000373363495,
        0.5311694741249084
      ],
      "bbox_width_px": 123.014404296875,
      "bbox_height_px": 339.9484558105469
    },
    {
      "detection_id": 1,
      "class_name": "person",
      "yolo_class_id": 14,
      "confidence": 0.8666361570358276,
      "bbox_xyxy": [
        100.63629150390625,
        207.14974975585938,
        444.310546875,
        639.456298828125
      ],
      "bbox_yolo": [
        0.42573970556259155,
        0.6614109873771667,
        0.5369910001754761,
        0.675478994846344
      ],
      "bbox_width_px": 343.67425537109375,
      "bbox_height_px": 432.3065490722656
    },
    {
      "detection_id": 2,
      "class_name": "person",
      "yolo_class_id": 14,
      "confidence": 0.718184769153595,
      "bbox_xyxy": [
        381.0330810546875,
        289.57672119140625,
        437.82611083984375,
        475.587158203125
      ],
      "bbox_yolo": [
        0.6397337317466736,
        0.5977842807769775,
        0.08873911201953888,
        0.29064130783081055
      ],
      "bbox_width_px": 56.79302978515625,
      "bbox_height_px": 186.01043701171875
    }
  ]
}