{
  "index": 11834,
  "dataframe_iter_index": 11834,
  "image_path": "./datasets/sVOC_FLUXFP8/images/11834.png",
  "image_width": 640,
  "image_height": 640,
  "ground_truth_class": "person",
  "grounding_prompt": "person",
  "timestamp": "2026-05-22T14:23:24.819771",
  "num_detections": 3,
  "detections": [
    {
      "detection_id": 0,
      "class_name": "person",
      "yolo_class_id": 14,
      "confidence": 0.866174578666687,
      "bbox_xyxy": [
        459.964111328125,
        268.8681640625,
        587.3360595703125,
        592.67138671875
      ],
      "bbox_yolo": [
        0.8182032704353333,
        0.6730777621269226,
        0.1990186721086502,
        0.5059425234794617
      ],
      "bbox_width_px": 127.3719482421875,
      "bbox_height_px": 323.80322265625
    },
    {
      "detection_id": 1,
      "class_name": "person",
      "yolo_class_id": 14,
      "confidence": 0.8509922027587891,
      "bbox_xyxy": [
        111.24178314208984,
        239.43592834472656,
        241.97030639648438,
        590.8552856445312
      ],
      "bbox_yolo": [
        0.2759469449520111,
        0.6486650109291077,
        0.20426329970359802,
        0.5490927696228027
      ],
      "bbox_width_px": 130.728515625,
      "bbox_height_px": 351.41937255859375
    },
    {
      "detection_id": 2,
      "class_name": "person",
      "yolo_class_id": 14,
      "confidence": 0.8610841035842896,
      "bbox_xyxy": [
        282.21612548828125,
        255.65103149414062,
        404.33319091796875,
        586.5926513671875
      ],
      "bbox_yolo": [
        0.5363666415214539,
        0.6580028533935547,
        0.19080790877342224,
        0.5170962810516357
      ],
      "bbox_width_px": 122.1170654296875,
      "bbox_height_px": 330.9416198730469
    }
  ]
}