{
  "index": 11832,
  "dataframe_iter_index": 11832,
  "image_path": "./datasets/sVOC_FLUXFP8/images/11832.png",
  "image_width": 640,
  "image_height": 640,
  "ground_truth_class": "person",
  "grounding_prompt": "person",
  "timestamp": "2026-05-22T14:23:21.861077",
  "num_detections": 1,
  "detections": [
    {
      "detection_id": 0,
      "class_name": "person",
      "yolo_class_id": 14,
      "confidence": 0.9161155223846436,
      "bbox_xyxy": [
        73.116943359375,
        162.11183166503906,
        449.60858154296875,
        639.0853881835938
      ],
      "bbox_yolo": [
        0.40837931632995605,
        0.6259353160858154,
        0.5882681608200073,
        0.7452712059020996
      ],
      "bbox_width_px": 376.49163818359375,
      "bbox_height_px": 476.97357177734375
    }
  ]
}