{
  "index": 11925,
  "dataframe_iter_index": 11925,
  "image_path": "./datasets/sVOC_FLUXFP8/images/11925.png",
  "image_width": 640,
  "image_height": 640,
  "ground_truth_class": "person",
  "grounding_prompt": "person",
  "timestamp": "2026-05-22T14:25:42.281154",
  "num_detections": 2,
  "detections": [
    {
      "detection_id": 0,
      "class_name": "person",
      "yolo_class_id": 14,
      "confidence": 0.8697946071624756,
      "bbox_xyxy": [
        130.89752197265625,
        284.76593017578125,
        228.11935424804688,
        559.3001708984375
      ],
      "bbox_yolo": [
        0.2804819345474243,
        0.6594266295433044,
        0.15190911293029785,
        0.42895975708961487
      ],
      "bbox_width_px": 97.22183227539062,
      "bbox_height_px": 274.53424072265625
    },
    {
      "detection_id": 1,
      "class_name": "person",
      "yolo_class_id": 14,
      "confidence": 0.877281129360199,
      "bbox_xyxy": [
        295.631591796875,
        297.963623046875,
        398.9869384765625,
        558.57373046875
      ],
      "bbox_yolo": [
        0.542670726776123,
        0.6691697835922241,
        0.1614927351474762,
        0.4072032868862152
      ],
      "bbox_width_px": 103.3553466796875,
      "bbox_height_px": 260.610107421875
    }
  ]
}