{
  "index": 1192,
  "dataframe_iter_index": 1192,
  "image_path": "./datasets/sVOC_FLUXFP8/images/1192.png",
  "image_width": 640,
  "image_height": 640,
  "ground_truth_class": "bicycle",
  "grounding_prompt": "bicycle",
  "timestamp": "2026-05-22T10:28:35.536071",
  "num_detections": 1,
  "detections": [
    {
      "detection_id": 0,
      "class_name": "bicycle",
      "yolo_class_id": 1,
      "confidence": 0.932738184928894,
      "bbox_xyxy": [
        127.7435531616211,
        277.514892578125,
        371.71051025390625,
        449.30224609375
      ],
      "bbox_yolo": [
        0.3901984989643097,
        0.5678259134292603,
        0.38119834661483765,
        0.26841774582862854
      ],
      "bbox_width_px": 243.96694946289062,
      "bbox_height_px": 171.787353515625
    }
  ]
}