{
  "index": 11957,
  "dataframe_iter_index": 11957,
  "image_path": "./datasets/sVOC_FLUXFP8/images/11957.png",
  "image_width": 640,
  "image_height": 640,
  "ground_truth_class": "person",
  "grounding_prompt": "person",
  "timestamp": "2026-05-22T14:26:27.432033",
  "num_detections": 2,
  "detections": [
    {
      "detection_id": 0,
      "class_name": "person",
      "yolo_class_id": 14,
      "confidence": 0.8629935383796692,
      "bbox_xyxy": [
        301.8659362792969,
        281.27325439453125,
        394.7258605957031,
        559.8157348632812
      ],
      "bbox_yolo": [
        0.5442123413085938,
        0.6571007966995239,
        0.145093634724617,
        0.4352226257324219
      ],
      "bbox_width_px": 92.85992431640625,
      "bbox_height_px": 278.54248046875
    },
    {
      "detection_id": 1,
      "class_name": "person",
      "yolo_class_id": 14,
      "confidence": 0.8720899820327759,
      "bbox_xyxy": [
        134.7600860595703,
        273.99945068359375,
        243.67225646972656,
        558.1299438476562
      ],
      "bbox_yolo": [
        0.29565027356147766,
        0.6501010656356812,
        0.17017526924610138,
        0.44395390152931213
      ],
      "bbox_width_px": 108.91217041015625,
      "bbox_height_px": 284.1304931640625
    }
  ]
}