{
  "index": 11984,
  "dataframe_iter_index": 11984,
  "image_path": "./datasets/sVOC_FLUXFP8/images/11984.png",
  "image_width": 640,
  "image_height": 640,
  "ground_truth_class": "person",
  "grounding_prompt": "person",
  "timestamp": "2026-05-22T14:27:07.454756",
  "num_detections": 4,
  "detections": [
    {
      "detection_id": 0,
      "class_name": "person",
      "yolo_class_id": 14,
      "confidence": 0.8145714402198792,
      "bbox_xyxy": [
        105.2550048828125,
        45.41009521484375,
        466.873779296875,
        639.2962036132812
      ],
      "bbox_yolo": [
        0.44697561860084534,
        0.5349267721176147,
        0.5650293231010437,
        0.9279470443725586
      ],
      "bbox_width_px": 361.6187744140625,
      "bbox_height_px": 593.8861083984375
    },
    {
      "detection_id": 1,
      "class_name": "person",
      "yolo_class_id": 14,
      "confidence": 0.6144812703132629,
      "bbox_xyxy": [
        467.8005676269531,
        338.94708251953125,
        607.1884765625,
        639.3781127929688
      ],
      "bbox_yolo": [
        0.8398351669311523,
        0.7643165588378906,
        0.21779361367225647,
        0.46942347288131714
      ],
      "bbox_width_px": 139.38790893554688,
      "bbox_height_px": 300.4310302734375
    },
    {
      "detection_id": 2,
      "class_name": "person",
      "yolo_class_id": 14,
      "confidence": 0.44319504499435425,
      "bbox_xyxy": [
        0.1471233367919922,
        383.3978271484375,
        41.44244384765625,
        561.5489501953125
      ],
      "bbox_yolo": [
        0.03249185159802437,
        0.7382396459579468,
        0.06452393531799316,
        0.27836114168167114
      ],
      "bbox_width_px": 41.295318603515625,
      "bbox_height_px": 178.151123046875
    },
    {
      "detection_id": 3,
      "class_name": "person",
      "yolo_class_id": 14,
      "confidence": 0.3764256536960602,
      "bbox_xyxy": [
        46.38368606567383,
        396.6831359863281,
        88.31999206542969,
        563.0999145507812
      ],
      "bbox_yolo": [
        0.10523724555969238,
        0.7498305439949036,
        0.06552547961473465,
        0.260026216506958
      ],
      "bbox_width_px": 41.93630599975586,
      "bbox_height_px": 166.41677856445312
    }
  ]
}