{
  "index": 11991,
  "dataframe_iter_index": 11991,
  "image_path": "./datasets/sVOC_FLUXFP8/images/11991.png",
  "image_width": 640,
  "image_height": 640,
  "ground_truth_class": "person",
  "grounding_prompt": "person",
  "timestamp": "2026-05-22T14:27:17.682715",
  "num_detections": 2,
  "detections": [
    {
      "detection_id": 0,
      "class_name": "person",
      "yolo_class_id": 14,
      "confidence": 0.8841197490692139,
      "bbox_xyxy": [
        148.16114807128906,
        195.7928009033203,
        451.026123046875,
        639.2936401367188
      ],
      "bbox_yolo": [
        0.46811503171920776,
        0.6524112820625305,
        0.47322654724121094,
        0.6929700970649719
      ],
      "bbox_width_px": 302.864990234375,
      "bbox_height_px": 443.5008544921875
    },
    {
      "detection_id": 1,
      "class_name": "person",
      "yolo_class_id": 14,
      "confidence": 0.7590398192405701,
      "bbox_xyxy": [
        568.6817016601562,
        418.691650390625,
        609.1760864257812,
        511.16070556640625
      ],
      "bbox_yolo": [
        0.9202014207839966,
        0.7264471650123596,
        0.06327247619628906,
        0.14448289573192596
      ],
      "bbox_width_px": 40.494384765625,
      "bbox_height_px": 92.46905517578125
    }
  ]
}