{
  "index": 12004,
  "dataframe_iter_index": 12004,
  "image_path": "./datasets/sVOC_FLUXFP8/images/12004.png",
  "image_width": 640,
  "image_height": 640,
  "ground_truth_class": "pottedplant",
  "grounding_prompt": "pottedplant",
  "timestamp": "2026-05-22T14:27:37.320823",
  "num_detections": 1,
  "detections": [
    {
      "detection_id": 0,
      "class_name": "pottedplant",
      "yolo_class_id": 15,
      "confidence": 0.8791221976280212,
      "bbox_xyxy": [
        114.81564331054688,
        161.385986328125,
        425.6769714355469,
        588.53369140625
      ],
      "bbox_yolo": [
        0.4222598671913147,
        0.5858747363090515,
        0.48572081327438354,
        0.6674183011054993
      ],
      "bbox_width_px": 310.861328125,
      "bbox_height_px": 427.147705078125
    }
  ]
}