{
  "index": 12047,
  "dataframe_iter_index": 12047,
  "image_path": "./datasets/sVOC_FLUXFP8/images/12047.png",
  "image_width": 640,
  "image_height": 640,
  "ground_truth_class": "pottedplant",
  "grounding_prompt": "pottedplant",
  "timestamp": "2026-05-22T14:28:38.656825",
  "num_detections": 1,
  "detections": [
    {
      "detection_id": 0,
      "class_name": "pottedplant",
      "yolo_class_id": 15,
      "confidence": 0.8222247362136841,
      "bbox_xyxy": [
        70.87075805664062,
        135.4047088623047,
        522.237060546875,
        601.2929077148438
      ],
      "bbox_yolo": [
        0.46336546540260315,
        0.5755450129508972,
        0.7052598595619202,
        0.7279502749443054
      ],
      "bbox_width_px": 451.3663024902344,
      "bbox_height_px": 465.88818359375
    }
  ]
}