{
  "index": 12070,
  "dataframe_iter_index": 12070,
  "image_path": "./datasets/sVOC_FLUXFP8/images/12070.png",
  "image_width": 640,
  "image_height": 640,
  "ground_truth_class": "pottedplant",
  "grounding_prompt": "pottedplant",
  "timestamp": "2026-05-22T14:29:11.372120",
  "num_detections": 3,
  "detections": [
    {
      "detection_id": 0,
      "class_name": "pottedplant",
      "yolo_class_id": 15,
      "confidence": 0.7849812507629395,
      "bbox_xyxy": [
        80.87004089355469,
        287.3060302734375,
        249.5323028564453,
        565.6935424804688
      ],
      "bbox_yolo": [
        0.258126825094223,
        0.6664059162139893,
        0.2635347843170166,
        0.43498048186302185
      ],
      "bbox_width_px": 168.66226196289062,
      "bbox_height_px": 278.38751220703125
    },
    {
      "detection_id": 1,
      "class_name": "pottedplant",
      "yolo_class_id": 15,
      "confidence": 0.7827905416488647,
      "bbox_xyxy": [
        421.58343505859375,
        344.827880859375,
        557.4535522460938,
        567.2488403320312
      ],
      "bbox_yolo": [
        0.764872670173645,
        0.7125599384307861,
        0.21229705214500427,
        0.3475327491760254
      ],
      "bbox_width_px": 135.8701171875,
      "bbox_height_px": 222.42095947265625
    },
    {
      "detection_id": 2,
      "class_name": "pottedplant",
      "yolo_class_id": 15,
      "confidence": 0.7663258910179138,
      "bbox_xyxy": [
        235.63018798828125,
        262.47320556640625,
        420.562744140625,
        569.3128051757812
      ],
      "bbox_yolo": [
        0.512650728225708,
        0.6498328447341919,
        0.2889571189880371,
        0.47943687438964844
      ],
      "bbox_width_px": 184.93255615234375,
      "bbox_height_px": 306.839599609375
    }
  ]
}