{
  "index": 12096,
  "dataframe_iter_index": 12096,
  "image_path": "./datasets/sVOC_FLUXFP8/images/12096.png",
  "image_width": 640,
  "image_height": 640,
  "ground_truth_class": "pottedplant",
  "grounding_prompt": "pottedplant",
  "timestamp": "2026-05-22T14:29:47.785888",
  "num_detections": 1,
  "detections": [
    {
      "detection_id": 0,
      "class_name": "pottedplant",
      "yolo_class_id": 15,
      "confidence": 0.8782492280006409,
      "bbox_xyxy": [
        233.8838653564453,
        165.0802764892578,
        399.2774658203125,
        516.84814453125
      ],
      "bbox_yolo": [
        0.4946572780609131,
        0.5327565670013428,
        0.2584275007247925,
        0.5496373176574707
      ],
      "bbox_width_px": 165.3936004638672,
      "bbox_height_px": 351.76788330078125
    }
  ]
}