{
  "index": 12106,
  "dataframe_iter_index": 12106,
  "image_path": "./datasets/sVOC_FLUXFP8/images/12106.png",
  "image_width": 640,
  "image_height": 640,
  "ground_truth_class": "pottedplant",
  "grounding_prompt": "pottedplant",
  "timestamp": "2026-05-22T14:30:02.291240",
  "num_detections": 3,
  "detections": [
    {
      "detection_id": 0,
      "class_name": "pottedplant",
      "yolo_class_id": 15,
      "confidence": 0.8074825406074524,
      "bbox_xyxy": [
        42.7501220703125,
        251.8192138671875,
        231.74627685546875,
        615.755859375
      ],
      "bbox_yolo": [
        0.21445031464099884,
        0.677793025970459,
        0.2953065037727356,
        0.568651020526886
      ],
      "bbox_width_px": 188.99615478515625,
      "bbox_height_px": 363.9366455078125
    },
    {
      "detection_id": 1,
      "class_name": "pottedplant",
      "yolo_class_id": 15,
      "confidence": 0.8180544972419739,
      "bbox_xyxy": [
        240.25701904296875,
        214.97628784179688,
        424.32183837890625,
        617.9716796875
      ],
      "bbox_yolo": [
        0.5192022323608398,
        0.6507406234741211,
        0.2876012921333313,
        0.6296802759170532
      ],
      "bbox_width_px": 184.0648193359375,
      "bbox_height_px": 402.9953918457031
    },
    {
      "detection_id": 2,
      "class_name": "pottedplant",
      "yolo_class_id": 15,
      "confidence": 0.8147451877593994,
      "bbox_xyxy": [
        431.8395690917969,
        313.342041015625,
        607.5540161132812,
        617.0034790039062
      ],
      "bbox_yolo": [
        0.8120262026786804,
        0.7268324494361877,
        0.2745538353919983,
        0.47447100281715393
      ],
      "bbox_width_px": 175.71444702148438,
      "bbox_height_px": 303.66143798828125
    }
  ]
}