{
  "index": 12120,
  "dataframe_iter_index": 12120,
  "image_path": "./datasets/sVOC_FLUXFP8/images/12120.png",
  "image_width": 640,
  "image_height": 640,
  "ground_truth_class": "pottedplant",
  "grounding_prompt": "pottedplant",
  "timestamp": "2026-05-22T14:30:22.408324",
  "num_detections": 1,
  "detections": [
    {
      "detection_id": 0,
      "class_name": "pottedplant",
      "yolo_class_id": 15,
      "confidence": 0.8821006417274475,
      "bbox_xyxy": [
        134.8509979248047,
        125.26457214355469,
        485.58221435546875,
        544.0814208984375
      ],
      "bbox_yolo": [
        0.48471346497535706,
        0.5229265689849854,
        0.5480175018310547,
        0.6544013023376465
      ],
      "bbox_width_px": 350.731201171875,
      "bbox_height_px": 418.81683349609375
    }
  ]
}