{
  "index": 12138,
  "dataframe_iter_index": 12138,
  "image_path": "./datasets/sVOC_FLUXFP8/images/12138.png",
  "image_width": 640,
  "image_height": 640,
  "ground_truth_class": "pottedplant",
  "grounding_prompt": "pottedplant",
  "timestamp": "2026-05-22T14:30:47.846123",
  "num_detections": 3,
  "detections": [
    {
      "detection_id": 0,
      "class_name": "pottedplant",
      "yolo_class_id": 15,
      "confidence": 0.8129270672798157,
      "bbox_xyxy": [
        423.8299255371094,
        344.17578125,
        610.714599609375,
        619.17236328125
      ],
      "bbox_yolo": [
        0.8082379102706909,
        0.752615749835968,
        0.29200729727745056,
        0.4296821653842926
      ],
      "bbox_width_px": 186.88467407226562,
      "bbox_height_px": 274.99658203125
    },
    {
      "detection_id": 1,
      "class_name": "pottedplant",
      "yolo_class_id": 15,
      "confidence": 0.8138557076454163,
      "bbox_xyxy": [
        224.14691162109375,
        290.0538330078125,
        442.379638671875,
        619.2420654296875
      ],
      "bbox_yolo": [
        0.5207238793373108,
        0.7103874087333679,
        0.3409886360168457,
        0.5143566131591797
      ],
      "bbox_width_px": 218.23272705078125,
      "bbox_height_px": 329.188232421875
    },
    {
      "detection_id": 2,
      "class_name": "pottedplant",
      "yolo_class_id": 15,
      "confidence": 0.801923930644989,
      "bbox_xyxy": [
        27.35181427001953,
        307.6278076171875,
        234.26321411132812,
        614.957275390625
      ],
      "bbox_yolo": [
        0.20438674092292786,
        0.7207695841789246,
        0.3232990801334381,
        0.4802022874355316
      ],
      "bbox_width_px": 206.91140747070312,
      "bbox_height_px": 307.3294677734375
    }
  ]
}