{
  "index": 12130,
  "dataframe_iter_index": 12130,
  "image_path": "./datasets/sVOC_FLUXFP8/images/12130.png",
  "image_width": 640,
  "image_height": 640,
  "ground_truth_class": "pottedplant",
  "grounding_prompt": "pottedplant",
  "timestamp": "2026-05-22T14:30:36.368960",
  "num_detections": 3,
  "detections": [
    {
      "detection_id": 0,
      "class_name": "pottedplant",
      "yolo_class_id": 15,
      "confidence": 0.7402437329292297,
      "bbox_xyxy": [
        225.20199584960938,
        331.98382568359375,
        412.4364318847656,
        540.0253295898438
      ],
      "bbox_yolo": [
        0.49815502762794495,
        0.6812571287155151,
        0.2925538122653961,
        0.32506483793258667
      ],
      "bbox_width_px": 187.23443603515625,
      "bbox_height_px": 208.04150390625
    },
    {
      "detection_id": 1,
      "class_name": "pottedplant",
      "yolo_class_id": 15,
      "confidence": 0.7675091624259949,
      "bbox_xyxy": [
        85.64452362060547,
        289.0166015625,
        251.9915771484375,
        538.3838500976562
      ],
      "bbox_yolo": [
        0.2637782096862793,
        0.6464065909385681,
        0.2599172592163086,
        0.3896363377571106
      ],
      "bbox_width_px": 166.3470458984375,
      "bbox_height_px": 249.36724853515625
    },
    {
      "detection_id": 2,
      "class_name": "pottedplant",
      "yolo_class_id": 15,
      "confidence": 0.7561789155006409,
      "bbox_xyxy": [
        393.98370361328125,
        349.318603515625,
        573.6224975585938,
        531.8436279296875
      ],
      "bbox_yolo": [
        0.7559423446655273,
        0.6884080171585083,
        0.2806856036186218,
        0.28519535064697266
      ],
      "bbox_width_px": 179.6387939453125,
      "bbox_height_px": 182.5250244140625
    }
  ]
}