{
  "index": 12144,
  "dataframe_iter_index": 12144,
  "image_path": "./datasets/sVOC_FLUXFP8/images/12144.png",
  "image_width": 640,
  "image_height": 640,
  "ground_truth_class": "pottedplant",
  "grounding_prompt": "pottedplant",
  "timestamp": "2026-05-22T14:30:56.350174",
  "num_detections": 1,
  "detections": [
    {
      "detection_id": 0,
      "class_name": "pottedplant",
      "yolo_class_id": 15,
      "confidence": 0.905733048915863,
      "bbox_xyxy": [
        228.89044189453125,
        180.482666015625,
        399.83984375,
        504.362060546875
      ],
      "bbox_yolo": [
        0.49119552969932556,
        0.5350349545478821,
        0.2671084403991699,
        0.5060615539550781
      ],
      "bbox_width_px": 170.94940185546875,
      "bbox_height_px": 323.87939453125
    }
  ]
}