{
  "index": 12155,
  "dataframe_iter_index": 12155,
  "image_path": "./datasets/sVOC_FLUXFP8/images/12155.png",
  "image_width": 640,
  "image_height": 640,
  "ground_truth_class": "pottedplant",
  "grounding_prompt": "pottedplant",
  "timestamp": "2026-05-22T14:31:12.262027",
  "num_detections": 4,
  "detections": [
    {
      "detection_id": 0,
      "class_name": "pottedplant",
      "yolo_class_id": 15,
      "confidence": 0.6117315888404846,
      "bbox_xyxy": [
        25.598739624023438,
        220.04315185546875,
        363.58843994140625,
        607.2908325195312
      ],
      "bbox_yolo": [
        0.3040525019168854,
        0.6463546752929688,
        0.5281088948249817,
        0.6050745248794556
      ],
      "bbox_width_px": 337.98968505859375,
      "bbox_height_px": 387.2476806640625
    },
    {
      "detection_id": 1,
      "class_name": "pottedplant",
      "yolo_class_id": 15,
      "confidence": 0.5182245969772339,
      "bbox_xyxy": [
        2.4170303344726562,
        277.5569152832031,
        90.7202377319336,
        373.5717468261719
      ],
      "bbox_yolo": [
        0.07276348769664764,
        0.5086942911148071,
        0.13797375559806824,
        0.1500231772661209
      ],
      "bbox_width_px": 88.30320739746094,
      "bbox_height_px": 96.01483154296875
    },
    {
      "detection_id": 2,
      "class_name": "pottedplant",
      "yolo_class_id": 15,
      "confidence": 0.4808604121208191,
      "bbox_xyxy": [
        500.5971984863281,
        397.5804443359375,
        639.321533203125,
        556.1057739257812
      ],
      "bbox_yolo": [
        0.8905614614486694,
        0.7450673580169678,
        0.21675677597522736,
        0.24769583344459534
      ],
      "bbox_width_px": 138.72433471679688,
      "bbox_height_px": 158.52532958984375
    },
    {
      "detection_id": 3,
      "class_name": "pottedplant",
      "yolo_class_id": 15,
      "confidence": 0.37865960597991943,
      "bbox_xyxy": [
        280.5865173339844,
        330.3858947753906,
        367.6091613769531,
        419.5197448730469
      ],
      "bbox_yolo": [
        0.506402850151062,
        0.5858637690544128,
        0.13597288727760315,
        0.13927164673805237
      ],
      "bbox_width_px": 87.02264404296875,
      "bbox_height_px": 89.13385009765625
    }
  ]
}