{
  "index": 12158,
  "dataframe_iter_index": 12158,
  "image_path": "./datasets/sVOC_FLUXFP8/images/12158.png",
  "image_width": 640,
  "image_height": 640,
  "ground_truth_class": "pottedplant",
  "grounding_prompt": "pottedplant",
  "timestamp": "2026-05-22T14:31:16.467011",
  "num_detections": 3,
  "detections": [
    {
      "detection_id": 0,
      "class_name": "pottedplant",
      "yolo_class_id": 15,
      "confidence": 0.805012583732605,
      "bbox_xyxy": [
        43.41514587402344,
        267.3641052246094,
        228.34388732910156,
        628.0408935546875
      ],
      "bbox_yolo": [
        0.2123117446899414,
        0.6995351910591125,
        0.28895115852355957,
        0.563557505607605
      ],
      "bbox_width_px": 184.92874145507812,
      "bbox_height_px": 360.6767883300781
    },
    {
      "detection_id": 1,
      "class_name": "pottedplant",
      "yolo_class_id": 15,
      "confidence": 0.7965983748435974,
      "bbox_xyxy": [
        214.31617736816406,
        265.92889404296875,
        449.92547607421875,
        629.4155883789062
      ],
      "bbox_yolo": [
        0.5189387798309326,
        0.6994878649711609,
        0.3681395351886749,
        0.5679479837417603
      ],
      "bbox_width_px": 235.6092987060547,
      "bbox_height_px": 363.4866943359375
    },
    {
      "detection_id": 2,
      "class_name": "pottedplant",
      "yolo_class_id": 15,
      "confidence": 0.8088667392730713,
      "bbox_xyxy": [
        440.4920654296875,
        336.3894958496094,
        613.49853515625,
        621.6903076171875
      ],
      "bbox_yolo": [
        0.8234301805496216,
        0.748499870300293,
        0.27032262086868286,
        0.44578251242637634
      ],
      "bbox_width_px": 173.0064697265625,
      "bbox_height_px": 285.3008117675781
    }
  ]
}