{
  "index": 12157,
  "dataframe_iter_index": 12157,
  "image_path": "./datasets/sVOC_FLUXFP8/images/12157.png",
  "image_width": 640,
  "image_height": 640,
  "ground_truth_class": "pottedplant",
  "grounding_prompt": "pottedplant",
  "timestamp": "2026-05-22T14:31:15.045139",
  "num_detections": 2,
  "detections": [
    {
      "detection_id": 0,
      "class_name": "pottedplant",
      "yolo_class_id": 15,
      "confidence": 0.8237875699996948,
      "bbox_xyxy": [
        79.63927459716797,
        252.55430603027344,
        320.75933837890625,
        635.0475463867188
      ],
      "bbox_yolo": [
        0.3128114342689514,
        0.6934389472007751,
        0.37675008177757263,
        0.59764564037323
      ],
      "bbox_width_px": 241.12005615234375,
      "bbox_height_px": 382.49322509765625
    },
    {
      "detection_id": 1,
      "class_name": "pottedplant",
      "yolo_class_id": 15,
      "confidence": 0.8414499163627625,
      "bbox_xyxy": [
        275.4193420410156,
        280.9550476074219,
        597.280517578125,
        625.5284423828125
      ],
      "bbox_yolo": [
        0.6817967295646667,
        0.7081902623176575,
        0.5029081106185913,
        0.5383959412574768
      ],
      "bbox_width_px": 321.8611755371094,
      "bbox_height_px": 344.5733947753906
    }
  ]
}