{
  "index": 12163,
  "dataframe_iter_index": 12163,
  "image_path": "./datasets/sVOC_FLUXFP8/images/12163.png",
  "image_width": 640,
  "image_height": 640,
  "ground_truth_class": "pottedplant",
  "grounding_prompt": "pottedplant",
  "timestamp": "2026-05-22T14:31:23.544514",
  "num_detections": 1,
  "detections": [
    {
      "detection_id": 0,
      "class_name": "pottedplant",
      "yolo_class_id": 15,
      "confidence": 0.879827618598938,
      "bbox_xyxy": [
        75.55923461914062,
        200.55325317382812,
        400.72174072265625,
        566.791259765625
      ],
      "bbox_yolo": [
        0.3720945119857788,
        0.5994879007339478,
        0.5080664157867432,
        0.5722469091415405
      ],
      "bbox_width_px": 325.1625061035156,
      "bbox_height_px": 366.2380065917969
    }
  ]
}