{
  "index": 12168,
  "dataframe_iter_index": 12168,
  "image_path": "./datasets/sVOC_FLUXFP8/images/12168.png",
  "image_width": 640,
  "image_height": 640,
  "ground_truth_class": "pottedplant",
  "grounding_prompt": "pottedplant",
  "timestamp": "2026-05-22T14:31:30.581923",
  "num_detections": 1,
  "detections": [
    {
      "detection_id": 0,
      "class_name": "pottedplant",
      "yolo_class_id": 15,
      "confidence": 0.879433810710907,
      "bbox_xyxy": [
        192.54676818847656,
        157.91197204589844,
        451.38812255859375,
        485.79644775390625
      ],
      "bbox_yolo": [
        0.5030741095542908,
        0.5028972029685974,
        0.40443962812423706,
        0.5123194456100464
      ],
      "bbox_width_px": 258.84136962890625,
      "bbox_height_px": 327.88446044921875
    }
  ]
}