{
  "index": 12172,
  "dataframe_iter_index": 12172,
  "image_path": "./datasets/sVOC_FLUXFP8/images/12172.png",
  "image_width": 640,
  "image_height": 640,
  "ground_truth_class": "pottedplant",
  "grounding_prompt": "pottedplant",
  "timestamp": "2026-05-22T14:31:36.439806",
  "num_detections": 1,
  "detections": [
    {
      "detection_id": 0,
      "class_name": "pottedplant",
      "yolo_class_id": 15,
      "confidence": 0.8921428918838501,
      "bbox_xyxy": [
        220.62266540527344,
        208.26852416992188,
        402.09649658203125,
        484.9645690917969
      ],
      "bbox_yolo": [
        0.4864993691444397,
        0.5415883660316467,
        0.2835528552532196,
        0.43233758211135864
      ],
      "bbox_width_px": 181.4738311767578,
      "bbox_height_px": 276.696044921875
    }
  ]
}