{
  "index": 12207,
  "dataframe_iter_index": 12207,
  "image_path": "./datasets/sVOC_FLUXFP8/images/12207.png",
  "image_width": 640,
  "image_height": 640,
  "ground_truth_class": "pottedplant",
  "grounding_prompt": "pottedplant",
  "timestamp": "2026-05-22T14:32:26.537189",
  "num_detections": 1,
  "detections": [
    {
      "detection_id": 0,
      "class_name": "pottedplant",
      "yolo_class_id": 15,
      "confidence": 0.8456765413284302,
      "bbox_xyxy": [
        106.73922729492188,
        127.6099853515625,
        491.1169738769531,
        518.7796630859375
      ],
      "bbox_yolo": [
        0.4670751690864563,
        0.504991888999939,
        0.6005902290344238,
        0.611202597618103
      ],
      "bbox_width_px": 384.37774658203125,
      "bbox_height_px": 391.169677734375
    }
  ]
}