{
  "index": 12224,
  "dataframe_iter_index": 12224,
  "image_path": "./datasets/sVOC_FLUXFP8/images/12224.png",
  "image_width": 640,
  "image_height": 640,
  "ground_truth_class": "pottedplant",
  "grounding_prompt": "pottedplant",
  "timestamp": "2026-05-22T14:32:51.099451",
  "num_detections": 1,
  "detections": [
    {
      "detection_id": 0,
      "class_name": "pottedplant",
      "yolo_class_id": 15,
      "confidence": 0.9008099436759949,
      "bbox_xyxy": [
        232.04782104492188,
        194.96575927734375,
        391.2842102050781,
        509.60491943359375
      ],
      "bbox_yolo": [
        0.486978143453598,
        0.5504458546638489,
        0.24880686402320862,
        0.4916236996650696
      ],
      "bbox_width_px": 159.23638916015625,
      "bbox_height_px": 314.63916015625
    }
  ]
}