{
  "index": 12223,
  "dataframe_iter_index": 12223,
  "image_path": "./datasets/sVOC_FLUXFP8/images/12223.png",
  "image_width": 640,
  "image_height": 640,
  "ground_truth_class": "pottedplant",
  "grounding_prompt": "pottedplant",
  "timestamp": "2026-05-22T14:32:49.745095",
  "num_detections": 4,
  "detections": [
    {
      "detection_id": 0,
      "class_name": "pottedplant",
      "yolo_class_id": 15,
      "confidence": 0.7218015789985657,
      "bbox_xyxy": [
        407.1495666503906,
        112.12773895263672,
        511.2059020996094,
        236.999267578125
      ],
      "bbox_yolo": [
        0.7174652218818665,
        0.2727554738521576,
        0.16258803009986877,
        0.19511176645755768
      ],
      "bbox_width_px": 104.05633544921875,
      "bbox_height_px": 124.87152862548828
    },
    {
      "detection_id": 1,
      "class_name": "pottedplant",
      "yolo_class_id": 15,
      "confidence": 0.7380360960960388,
      "bbox_xyxy": [
        96.39093017578125,
        211.4115753173828,
        378.075927734375,
        483.547607421875
      ],
      "bbox_yolo": [
        0.37067723274230957,
        0.5429368615150452,
        0.4401327967643738,
        0.425212562084198
      ],
      "bbox_width_px": 281.68499755859375,
      "bbox_height_px": 272.13604736328125
    },
    {
      "detection_id": 2,
      "class_name": "pottedplant",
      "yolo_class_id": 15,
      "confidence": 0.5250357389450073,
      "bbox_xyxy": [
        413.42193603515625,
        228.5652618408203,
        506.44189453125,
        328.31304931640625
      ],
      "bbox_yolo": [
        0.7186436057090759,
        0.43506115674972534,
        0.14534369111061096,
        0.1558559238910675
      ],
      "bbox_width_px": 93.01995849609375,
      "bbox_height_px": 99.74778747558594
    },
    {
      "detection_id": 3,
      "class_name": "pottedplant",
      "yolo_class_id": 15,
      "confidence": 0.5024396181106567,
      "bbox_xyxy": [
        104.91670989990234,
        456.09979248046875,
        359.0289611816406,
        639.1477661132812
      ],
      "bbox_yolo": [
        0.3624575734138489,
        0.8556621670722961,
        0.3970503807067871,
        0.2860124707221985
      ],
      "bbox_width_px": 254.11224365234375,
      "bbox_height_px": 183.0479736328125
    }
  ]
}