{
  "index": 12240,
  "dataframe_iter_index": 12240,
  "image_path": "./datasets/sVOC_FLUXFP8/images/12240.png",
  "image_width": 640,
  "image_height": 640,
  "ground_truth_class": "pottedplant",
  "grounding_prompt": "pottedplant",
  "timestamp": "2026-05-22T14:33:13.728607",
  "num_detections": 1,
  "detections": [
    {
      "detection_id": 0,
      "class_name": "pottedplant",
      "yolo_class_id": 15,
      "confidence": 0.8899163007736206,
      "bbox_xyxy": [
        119.6812744140625,
        104.03764343261719,
        468.7679443359375,
        578.2597045898438
      ],
      "bbox_yolo": [
        0.459725946187973,
        0.5330448150634766,
        0.5454479455947876,
        0.7409719228744507
      ],
      "bbox_width_px": 349.086669921875,
      "bbox_height_px": 474.2220458984375
    }
  ]
}