{
  "index": 12243,
  "dataframe_iter_index": 12243,
  "image_path": "./datasets/sVOC_FLUXFP8/images/12243.png",
  "image_width": 640,
  "image_height": 640,
  "ground_truth_class": "pottedplant",
  "grounding_prompt": "pottedplant",
  "timestamp": "2026-05-22T14:33:17.998235",
  "num_detections": 1,
  "detections": [
    {
      "detection_id": 0,
      "class_name": "pottedplant",
      "yolo_class_id": 15,
      "confidence": 0.8194283843040466,
      "bbox_xyxy": [
        97.78913879394531,
        132.18162536621094,
        478.28167724609375,
        578.8837280273438
      ],
      "bbox_yolo": [
        0.4500553011894226,
        0.5555198192596436,
        0.5945196151733398,
        0.6979719996452332
      ],
      "bbox_width_px": 380.4925537109375,
      "bbox_height_px": 446.70208740234375
    }
  ]
}