{
  "index": 12294,
  "dataframe_iter_index": 12294,
  "image_path": "./datasets/sVOC_FLUXFP8/images/12294.png",
  "image_width": 640,
  "image_height": 640,
  "ground_truth_class": "pottedplant",
  "grounding_prompt": "pottedplant",
  "timestamp": "2026-05-22T14:34:30.161814",
  "num_detections": 3,
  "detections": [
    {
      "detection_id": 0,
      "class_name": "pottedplant",
      "yolo_class_id": 15,
      "confidence": 0.8084639310836792,
      "bbox_xyxy": [
        423.77490234375,
        347.4052429199219,
        614.1142578125,
        620.2681884765625
      ],
      "bbox_yolo": [
        0.8108509182929993,
        0.7559949159622192,
        0.2974052429199219,
        0.42634835839271545
      ],
      "bbox_width_px": 190.33935546875,
      "bbox_height_px": 272.8629455566406
    },
    {
      "detection_id": 1,
      "class_name": "pottedplant",
      "yolo_class_id": 15,
      "confidence": 0.7949312329292297,
      "bbox_xyxy": [
        218.12513732910156,
        337.5619812011719,
        432.883544921875,
        618.0848388671875
      ],
      "bbox_yolo": [
        0.5086005330085754,
        0.7465990781784058,
        0.33556002378463745,
        0.4383169710636139
      ],
      "bbox_width_px": 214.75840759277344,
      "bbox_height_px": 280.5228576660156
    },
    {
      "detection_id": 2,
      "class_name": "pottedplant",
      "yolo_class_id": 15,
      "confidence": 0.7932021617889404,
      "bbox_xyxy": [
        22.899063110351562,
        371.2834167480469,
        225.028564453125,
        616.8637084960938
      ],
      "bbox_yolo": [
        0.19369345903396606,
        0.7719899415969849,
        0.315827339887619,
        0.38371920585632324
      ],
      "bbox_width_px": 202.12950134277344,
      "bbox_height_px": 245.58029174804688
    }
  ]
}