{
  "index": 12317,
  "dataframe_iter_index": 12317,
  "image_path": "./datasets/sVOC_FLUXFP8/images/12317.png",
  "image_width": 640,
  "image_height": 640,
  "ground_truth_class": "pottedplant",
  "grounding_prompt": "pottedplant",
  "timestamp": "2026-05-22T14:35:02.386829",
  "num_detections": 2,
  "detections": [
    {
      "detection_id": 0,
      "class_name": "pottedplant",
      "yolo_class_id": 15,
      "confidence": 0.8298736214637756,
      "bbox_xyxy": [
        83.36304473876953,
        294.62188720703125,
        332.9557800292969,
        618.4332275390625
      ],
      "bbox_yolo": [
        0.3252490758895874,
        0.7133243083953857,
        0.38998866081237793,
        0.5059552192687988
      ],
      "bbox_width_px": 249.59274291992188,
      "bbox_height_px": 323.81134033203125
    },
    {
      "detection_id": 1,
      "class_name": "pottedplant",
      "yolo_class_id": 15,
      "confidence": 0.7811481952667236,
      "bbox_xyxy": [
        338.92340087890625,
        353.15557861328125,
        557.6533813476562,
        618.1475830078125
      ],
      "bbox_yolo": [
        0.700450599193573,
        0.7588306069374084,
        0.3417655825614929,
        0.41405001282691956
      ],
      "bbox_width_px": 218.72998046875,
      "bbox_height_px": 264.99200439453125
    }
  ]
}