{
  "index": 12326,
  "dataframe_iter_index": 12326,
  "image_path": "./datasets/sVOC_FLUXFP8/images/12326.png",
  "image_width": 640,
  "image_height": 640,
  "ground_truth_class": "pottedplant",
  "grounding_prompt": "pottedplant",
  "timestamp": "2026-05-22T14:35:15.031578",
  "num_detections": 3,
  "detections": [
    {
      "detection_id": 0,
      "class_name": "pottedplant",
      "yolo_class_id": 15,
      "confidence": 0.7905950546264648,
      "bbox_xyxy": [
        215.96725463867188,
        231.34246826171875,
        452.1336364746094,
        614.1305541992188
      ],
      "bbox_yolo": [
        0.521953821182251,
        0.6605257987976074,
        0.36900997161865234,
        0.5981063842773438
      ],
      "bbox_width_px": 236.1663818359375,
      "bbox_height_px": 382.7880859375
    },
    {
      "detection_id": 1,
      "class_name": "pottedplant",
      "yolo_class_id": 15,
      "confidence": 0.7957682013511658,
      "bbox_xyxy": [
        44.49098205566406,
        295.863525390625,
        229.73512268066406,
        612.7570190429688
      ],
      "bbox_yolo": [
        0.21423915028572083,
        0.7098597884178162,
        0.2894439697265625,
        0.49514609575271606
      ],
      "bbox_width_px": 185.244140625,
      "bbox_height_px": 316.89349365234375
    },
    {
      "detection_id": 2,
      "class_name": "pottedplant",
      "yolo_class_id": 15,
      "confidence": 0.7941712737083435,
      "bbox_xyxy": [
        428.3746337890625,
        320.2974853515625,
        604.3299560546875,
        616.0604858398438
      ],
      "bbox_yolo": [
        0.8068004846572876,
        0.7315296530723572,
        0.2749301791191101,
        0.462129682302475
      ],
      "bbox_width_px": 175.955322265625,
      "bbox_height_px": 295.76300048828125
    }
  ]
}