{
  "index": 12324,
  "dataframe_iter_index": 12324,
  "image_path": "./datasets/sVOC_FLUXFP8/images/12324.png",
  "image_width": 640,
  "image_height": 640,
  "ground_truth_class": "pottedplant",
  "grounding_prompt": "pottedplant",
  "timestamp": "2026-05-22T14:35:12.087638",
  "num_detections": 1,
  "detections": [
    {
      "detection_id": 0,
      "class_name": "pottedplant",
      "yolo_class_id": 15,
      "confidence": 0.8317335247993469,
      "bbox_xyxy": [
        106.52041625976562,
        133.55154418945312,
        495.8309020996094,
        638.8427734375
      ],
      "bbox_yolo": [
        0.47058695554733276,
        0.6034330129623413,
        0.6082976460456848,
        0.7895175218582153
      ],
      "bbox_width_px": 389.31048583984375,
      "bbox_height_px": 505.2912292480469
    }
  ]
}