{
  "index": 12363,
  "dataframe_iter_index": 12363,
  "image_path": "./datasets/sVOC_FLUXFP8/images/12363.png",
  "image_width": 640,
  "image_height": 640,
  "ground_truth_class": "pottedplant",
  "grounding_prompt": "pottedplant",
  "timestamp": "2026-05-22T14:36:08.008742",
  "num_detections": 4,
  "detections": [
    {
      "detection_id": 0,
      "class_name": "pottedplant",
      "yolo_class_id": 15,
      "confidence": 0.47276991605758667,
      "bbox_xyxy": [
        418.1566162109375,
        270.2455749511719,
        615.83447265625,
        608.3238525390625
      ],
      "bbox_yolo": [
        0.8078055381774902,
        0.6863824129104614,
        0.30887165665626526,
        0.5282472968101501
      ],
      "bbox_width_px": 197.6778564453125,
      "bbox_height_px": 338.0782775878906
    },
    {
      "detection_id": 1,
      "class_name": "pottedplant",
      "yolo_class_id": 15,
      "confidence": 0.3592003881931305,
      "bbox_xyxy": [
        529.7328491210938,
        246.15298461914062,
        639.9561157226562,
        639.5025634765625
      ],
      "bbox_yolo": [
        0.9138194918632507,
        0.6919183731079102,
        0.17222385108470917,
        0.6146087050437927
      ],
      "bbox_width_px": 110.2232666015625,
      "bbox_height_px": 393.3495788574219
    },
    {
      "detection_id": 2,
      "class_name": "pottedplant",
      "yolo_class_id": 15,
      "confidence": 0.426662415266037,
      "bbox_xyxy": [
        121.81370544433594,
        370.5357666015625,
        254.58738708496094,
        556.2050170898438
      ],
      "bbox_yolo": [
        0.29406335949897766,
        0.7240162491798401,
        0.20745888352394104,
        0.29010820388793945
      ],
      "bbox_width_px": 132.773681640625,
      "bbox_height_px": 185.66925048828125
    },
    {
      "detection_id": 3,
      "class_name": "pottedplant",
      "yolo_class_id": 15,
      "confidence": 0.3607223629951477,
      "bbox_xyxy": [
        0.58563232421875,
        178.8967742919922,
        189.89402770996094,
        638.6187744140625
      ],
      "bbox_yolo": [
        0.14881223440170288,
        0.6386840343475342,
        0.29579436779022217,
        0.718315601348877
      ],
      "bbox_width_px": 189.3083953857422,
      "bbox_height_px": 459.72198486328125
    }
  ]
}