{
  "index": 12380,
  "dataframe_iter_index": 12380,
  "image_path": "./datasets/sVOC_FLUXFP8/images/12380.png",
  "image_width": 640,
  "image_height": 640,
  "ground_truth_class": "pottedplant",
  "grounding_prompt": "pottedplant",
  "timestamp": "2026-05-22T14:36:32.314730",
  "num_detections": 1,
  "detections": [
    {
      "detection_id": 0,
      "class_name": "pottedplant",
      "yolo_class_id": 15,
      "confidence": 0.8852564692497253,
      "bbox_xyxy": [
        236.65957641601562,
        289.63092041015625,
        424.1216125488281,
        579.6943969726562
      ],
      "bbox_yolo": [
        0.5162352919578552,
        0.6791604161262512,
        0.2929094433784485,
        0.45322418212890625
      ],
      "bbox_width_px": 187.4620361328125,
      "bbox_height_px": 290.0634765625
    }
  ]
}