{
  "index": 12404,
  "dataframe_iter_index": 12404,
  "image_path": "./datasets/sVOC_FLUXFP8/images/12404.png",
  "image_width": 640,
  "image_height": 640,
  "ground_truth_class": "pottedplant",
  "grounding_prompt": "pottedplant",
  "timestamp": "2026-05-22T14:37:06.428801",
  "num_detections": 1,
  "detections": [
    {
      "detection_id": 0,
      "class_name": "pottedplant",
      "yolo_class_id": 15,
      "confidence": 0.8471270799636841,
      "bbox_xyxy": [
        259.917236328125,
        216.629150390625,
        397.7452392578125,
        372.63970947265625
      ],
      "bbox_yolo": [
        0.5137988328933716,
        0.46036630868911743,
        0.2153562605381012,
        0.24376650154590607
      ],
      "bbox_width_px": 137.8280029296875,
      "bbox_height_px": 156.01055908203125
    }
  ]
}