{
  "index": 12417,
  "dataframe_iter_index": 12417,
  "image_path": "./datasets/sVOC_FLUXFP8/images/12417.png",
  "image_width": 640,
  "image_height": 640,
  "ground_truth_class": "pottedplant",
  "grounding_prompt": "pottedplant",
  "timestamp": "2026-05-22T14:37:24.964619",
  "num_detections": 2,
  "detections": [
    {
      "detection_id": 0,
      "class_name": "pottedplant",
      "yolo_class_id": 15,
      "confidence": 0.8042320013046265,
      "bbox_xyxy": [
        60.442413330078125,
        226.12814331054688,
        310.7537536621094,
        599.7935791015625
      ],
      "bbox_yolo": [
        0.28999701142311096,
        0.6452513933181763,
        0.39111146330833435,
        0.583852231502533
      ],
      "bbox_width_px": 250.31134033203125,
      "bbox_height_px": 373.6654357910156
    },
    {
      "detection_id": 1,
      "class_name": "pottedplant",
      "yolo_class_id": 15,
      "confidence": 0.7931361794471741,
      "bbox_xyxy": [
        281.5345153808594,
        261.72894287109375,
        626.8800048828125,
        609.5632934570312
      ],
      "bbox_yolo": [
        0.7096988558769226,
        0.6806970834732056,
        0.5396023392677307,
        0.5434911847114563
      ],
      "bbox_width_px": 345.3454895019531,
      "bbox_height_px": 347.8343505859375
    }
  ]
}