{
  "index": 12422,
  "dataframe_iter_index": 12422,
  "image_path": "./datasets/sVOC_FLUXFP8/images/12422.png",
  "image_width": 640,
  "image_height": 640,
  "ground_truth_class": "pottedplant",
  "grounding_prompt": "pottedplant",
  "timestamp": "2026-05-22T14:37:32.247449",
  "num_detections": 3,
  "detections": [
    {
      "detection_id": 0,
      "class_name": "pottedplant",
      "yolo_class_id": 15,
      "confidence": 0.7904701828956604,
      "bbox_xyxy": [
        38.66845703125,
        272.91802978515625,
        229.37527465820312,
        612.9892578125
      ],
      "bbox_yolo": [
        0.20940916240215302,
        0.692115068435669,
        0.2979794144630432,
        0.5313612818717957
      ],
      "bbox_width_px": 190.70681762695312,
      "bbox_height_px": 340.07122802734375
    },
    {
      "detection_id": 1,
      "class_name": "pottedplant",
      "yolo_class_id": 15,
      "confidence": 0.7648456692695618,
      "bbox_xyxy": [
        224.71258544921875,
        267.45367431640625,
        441.693603515625,
        617.9157104492188
      ],
      "bbox_yolo": [
        0.5206298232078552,
        0.6916948556900024,
        0.3390328288078308,
        0.5475969314575195
      ],
      "bbox_width_px": 216.98101806640625,
      "bbox_height_px": 350.4620361328125
    },
    {
      "detection_id": 2,
      "class_name": "pottedplant",
      "yolo_class_id": 15,
      "confidence": 0.7803187370300293,
      "bbox_xyxy": [
        421.3133850097656,
        323.3267517089844,
        608.3447265625,
        615.2442626953125
      ],
      "bbox_yolo": [
        0.8044203519821167,
        0.7332586050033569,
        0.29223647713661194,
        0.4561211168766022
      ],
      "bbox_width_px": 187.03134155273438,
      "bbox_height_px": 291.9175109863281
    }
  ]
}