{
  "index": 12429,
  "dataframe_iter_index": 12429,
  "image_path": "./datasets/sVOC_FLUXFP8/images/12429.png",
  "image_width": 640,
  "image_height": 640,
  "ground_truth_class": "pottedplant",
  "grounding_prompt": "pottedplant",
  "timestamp": "2026-05-22T14:37:42.428169",
  "num_detections": 2,
  "detections": [
    {
      "detection_id": 0,
      "class_name": "pottedplant",
      "yolo_class_id": 15,
      "confidence": 0.8295078277587891,
      "bbox_xyxy": [
        74.88648986816406,
        230.9071044921875,
        338.9259033203125,
        625.5559692382812
      ],
      "bbox_yolo": [
        0.3232909142971039,
        0.6691117882728577,
        0.4125615954399109,
        0.6166388392448425
      ],
      "bbox_width_px": 264.0394287109375,
      "bbox_height_px": 394.64886474609375
    },
    {
      "detection_id": 1,
      "class_name": "pottedplant",
      "yolo_class_id": 15,
      "confidence": 0.8113977313041687,
      "bbox_xyxy": [
        338.5436706542969,
        332.01348876953125,
        519.34326171875,
        619.1629028320312
      ],
      "bbox_yolo": [
        0.6702241897583008,
        0.7431065440177917,
        0.28249937295913696,
        0.4486709535121918
      ],
      "bbox_width_px": 180.79959106445312,
      "bbox_height_px": 287.1494140625
    }
  ]
}