{
  "index": 12426,
  "dataframe_iter_index": 12426,
  "image_path": "./datasets/sVOC_FLUXFP8/images/12426.png",
  "image_width": 640,
  "image_height": 640,
  "ground_truth_class": "pottedplant",
  "grounding_prompt": "pottedplant",
  "timestamp": "2026-05-22T14:37:38.060421",
  "num_detections": 3,
  "detections": [
    {
      "detection_id": 0,
      "class_name": "pottedplant",
      "yolo_class_id": 15,
      "confidence": 0.7861203551292419,
      "bbox_xyxy": [
        43.46153259277344,
        274.807373046875,
        234.9178009033203,
        596.9886474609375
      ],
      "bbox_yolo": [
        0.21748384833335876,
        0.6810906529426575,
        0.29915040731430054,
        0.5034082531929016
      ],
      "bbox_width_px": 191.45626831054688,
      "bbox_height_px": 322.1812744140625
    },
    {
      "detection_id": 1,
      "class_name": "pottedplant",
      "yolo_class_id": 15,
      "confidence": 0.7496263384819031,
      "bbox_xyxy": [
        221.96900939941406,
        235.36109924316406,
        431.65032958984375,
        598.86376953125
      ],
      "bbox_yolo": [
        0.5106400847434998,
        0.651738166809082,
        0.3276270627975464,
        0.5679729580879211
      ],
      "bbox_width_px": 209.6813201904297,
      "bbox_height_px": 363.502685546875
    },
    {
      "detection_id": 2,
      "class_name": "pottedplant",
      "yolo_class_id": 15,
      "confidence": 0.7727125883102417,
      "bbox_xyxy": [
        411.267822265625,
        301.3049621582031,
        606.8056640625,
        609.0963134765625
      ],
      "bbox_yolo": [
        0.7953699231147766,
        0.7112509608268738,
        0.30552786588668823,
        0.48092398047447205
      ],
      "bbox_width_px": 195.537841796875,
      "bbox_height_px": 307.7913513183594
    }
  ]
}