{
  "index": 12423,
  "dataframe_iter_index": 12423,
  "image_path": "./datasets/sVOC_FLUXFP8/images/12423.png",
  "image_width": 640,
  "image_height": 640,
  "ground_truth_class": "pottedplant",
  "grounding_prompt": "pottedplant",
  "timestamp": "2026-05-22T14:37:33.759766",
  "num_detections": 4,
  "detections": [
    {
      "detection_id": 0,
      "class_name": "pottedplant",
      "yolo_class_id": 15,
      "confidence": 0.722527801990509,
      "bbox_xyxy": [
        112.43623352050781,
        361.73931884765625,
        326.52239990234375,
        625.6257934570312
      ],
      "bbox_yolo": [
        0.3429364264011383,
        0.7713789939880371,
        0.33450964093208313,
        0.41232261061668396
      ],
      "bbox_width_px": 214.08616638183594,
      "bbox_height_px": 263.886474609375
    },
    {
      "detection_id": 1,
      "class_name": "pottedplant",
      "yolo_class_id": 15,
      "confidence": 0.7255687117576599,
      "bbox_xyxy": [
        434.137451171875,
        385.805419921875,
        639.282958984375,
        624.1043090820312
      ],
      "bbox_yolo": [
        0.8386096954345703,
        0.7889919877052307,
        0.3205398619174957,
        0.3723420202732086
      ],
      "bbox_width_px": 205.1455078125,
      "bbox_height_px": 238.29888916015625
    },
    {
      "detection_id": 2,
      "class_name": "pottedplant",
      "yolo_class_id": 15,
      "confidence": 0.708412766456604,
      "bbox_xyxy": [
        0.3773345947265625,
        413.2897033691406,
        147.34886169433594,
        613.0460205078125
      ],
      "bbox_yolo": [
        0.11541108787059784,
        0.8018247485160828,
        0.22964301705360413,
        0.3121192455291748
      ],
      "bbox_width_px": 146.97152709960938,
      "bbox_height_px": 199.75631713867188
    },
    {
      "detection_id": 3,
      "class_name": "pottedplant",
      "yolo_class_id": 15,
      "confidence": 0.7072862386703491,
      "bbox_xyxy": [
        287.0375061035156,
        424.29705810546875,
        450.7893371582031,
        624.7970581054688
      ],
      "bbox_yolo": [
        0.5764272212982178,
        0.819604754447937,
        0.2558622360229492,
        0.31328123807907104
      ],
      "bbox_width_px": 163.7518310546875,
      "bbox_height_px": 200.5
    }
  ]
}