{
  "index": 12456,
  "dataframe_iter_index": 12456,
  "image_path": "./datasets/sVOC_FLUXFP8/images/12456.png",
  "image_width": 640,
  "image_height": 640,
  "ground_truth_class": "pottedplant",
  "grounding_prompt": "pottedplant",
  "timestamp": "2026-05-22T14:38:20.616335",
  "num_detections": 1,
  "detections": [
    {
      "detection_id": 0,
      "class_name": "pottedplant",
      "yolo_class_id": 15,
      "confidence": 0.8712184429168701,
      "bbox_xyxy": [
        128.56076049804688,
        138.91419982910156,
        487.1827697753906,
        605.724853515625
      ],
      "bbox_yolo": [
        0.48104962706565857,
        0.5817492604255676,
        0.5603469014167786,
        0.7293916940689087
      ],
      "bbox_width_px": 358.62200927734375,
      "bbox_height_px": 466.8106689453125
    }
  ]
}