{
  "index": 12476,
  "dataframe_iter_index": 12476,
  "image_path": "./datasets/sVOC_FLUXFP8/images/12476.png",
  "image_width": 640,
  "image_height": 640,
  "ground_truth_class": "pottedplant",
  "grounding_prompt": "pottedplant",
  "timestamp": "2026-05-22T14:40:30.425682",
  "num_detections": 1,
  "detections": [
    {
      "detection_id": 0,
      "class_name": "pottedplant",
      "yolo_class_id": 15,
      "confidence": 0.8626578450202942,
      "bbox_xyxy": [
        237.6907958984375,
        158.00491333007812,
        402.3096923828125,
        542.98046875
      ],
      "bbox_yolo": [
        0.5000003576278687,
        0.5476447939872742,
        0.25721701979637146,
        0.601524293422699
      ],
      "bbox_width_px": 164.618896484375,
      "bbox_height_px": 384.9755554199219
    }
  ]
}