{
  "index": 12489,
  "dataframe_iter_index": 12489,
  "image_path": "./datasets/sVOC_FLUXFP8/images/12489.png",
  "image_width": 640,
  "image_height": 640,
  "ground_truth_class": "pottedplant",
  "grounding_prompt": "pottedplant",
  "timestamp": "2026-05-22T14:40:45.810677",
  "num_detections": 2,
  "detections": [
    {
      "detection_id": 0,
      "class_name": "pottedplant",
      "yolo_class_id": 15,
      "confidence": 0.808652400970459,
      "bbox_xyxy": [
        55.9422607421875,
        200.15260314941406,
        337.1541748046875,
        609.3304443359375
      ],
      "bbox_yolo": [
        0.3071065843105316,
        0.632408618927002,
        0.4393936097621918,
        0.6393404006958008
      ],
      "bbox_width_px": 281.2119140625,
      "bbox_height_px": 409.1778564453125
    },
    {
      "detection_id": 1,
      "class_name": "pottedplant",
      "yolo_class_id": 15,
      "confidence": 0.8110403418540955,
      "bbox_xyxy": [
        321.04632568359375,
        148.3130645751953,
        604.3089599609375,
        605.3701171875
      ],
      "bbox_yolo": [
        0.722933828830719,
        0.5888149738311768,
        0.4425978660583496,
        0.7141516804695129
      ],
      "bbox_width_px": 283.26263427734375,
      "bbox_height_px": 457.05706787109375
    }
  ]
}