{
  "index": 12528,
  "dataframe_iter_index": 12528,
  "image_path": "./datasets/sVOC_FLUXFP8/images/12528.png",
  "image_width": 640,
  "image_height": 640,
  "ground_truth_class": "pottedplant",
  "grounding_prompt": "pottedplant",
  "timestamp": "2026-05-22T14:41:35.918200",
  "num_detections": 3,
  "detections": [
    {
      "detection_id": 0,
      "class_name": "pottedplant",
      "yolo_class_id": 15,
      "confidence": 0.6451728940010071,
      "bbox_xyxy": [
        0.23115921020507812,
        243.47793579101562,
        81.38543701171875,
        372.2651062011719
      ],
      "bbox_yolo": [
        0.06376296281814575,
        0.48104923963546753,
        0.12680356204509735,
        0.20122995972633362
      ],
      "bbox_width_px": 81.15428161621094,
      "bbox_height_px": 128.78717041015625
    },
    {
      "detection_id": 1,
      "class_name": "pottedplant",
      "yolo_class_id": 15,
      "confidence": 0.665931224822998,
      "bbox_xyxy": [
        126.42134094238281,
        140.41656494140625,
        426.028076171875,
        633.2352905273438
      ],
      "bbox_yolo": [
        0.4316011071205139,
        0.6044155359268188,
        0.4681355357170105,
        0.7700292468070984
      ],
      "bbox_width_px": 299.60675048828125,
      "bbox_height_px": 492.8187255859375
    },
    {
      "detection_id": 2,
      "class_name": "pottedplant",
      "yolo_class_id": 15,
      "confidence": 0.38071969151496887,
      "bbox_xyxy": [
        109.28570556640625,
        279.083740234375,
        139.28359985351562,
        323.25897216796875
      ],
      "bbox_yolo": [
        0.1941947638988495,
        0.47058025002479553,
        0.04687171056866646,
        0.06902380287647247
      ],
      "bbox_width_px": 29.997894287109375,
      "bbox_height_px": 44.17523193359375
    }
  ]
}