{
  "index": 12562,
  "dataframe_iter_index": 12562,
  "image_path": "./datasets/sVOC_FLUXFP8/images/12562.png",
  "image_width": 640,
  "image_height": 640,
  "ground_truth_class": "pottedplant",
  "grounding_prompt": "pottedplant",
  "timestamp": "2026-05-22T14:42:22.677564",
  "num_detections": 3,
  "detections": [
    {
      "detection_id": 0,
      "class_name": "pottedplant",
      "yolo_class_id": 15,
      "confidence": 0.8015427589416504,
      "bbox_xyxy": [
        28.344589233398438,
        247.2574005126953,
        232.66712951660156,
        614.1617431640625
      ],
      "bbox_yolo": [
        0.20391540229320526,
        0.672983705997467,
        0.31925398111343384,
        0.573288083076477
      ],
      "bbox_width_px": 204.32254028320312,
      "bbox_height_px": 366.90435791015625
    },
    {
      "detection_id": 1,
      "class_name": "pottedplant",
      "yolo_class_id": 15,
      "confidence": 0.7866916656494141,
      "bbox_xyxy": [
        218.25604248046875,
        190.01632690429688,
        425.1878662109375,
        614.21044921875
      ],
      "bbox_yolo": [
        0.5026905536651611,
        0.6283022165298462,
        0.32333096861839294,
        0.6628032922744751
      ],
      "bbox_width_px": 206.93182373046875,
      "bbox_height_px": 424.1941223144531
    },
    {
      "detection_id": 2,
      "class_name": "pottedplant",
      "yolo_class_id": 15,
      "confidence": 0.8041896224021912,
      "bbox_xyxy": [
        421.071533203125,
        273.20220947265625,
        621.2509765625,
        617.9669799804688
      ],
      "bbox_yolo": [
        0.8143144845962524,
        0.6962259411811829,
        0.31278038024902344,
        0.5386949777603149
      ],
      "bbox_width_px": 200.179443359375,
      "bbox_height_px": 344.7647705078125
    }
  ]
}