{
  "index": 12579,
  "dataframe_iter_index": 12579,
  "image_path": "./datasets/sVOC_FLUXFP8/images/12579.png",
  "image_width": 640,
  "image_height": 640,
  "ground_truth_class": "pottedplant",
  "grounding_prompt": "pottedplant",
  "timestamp": "2026-05-22T14:42:46.552827",
  "num_detections": 1,
  "detections": [
    {
      "detection_id": 0,
      "class_name": "pottedplant",
      "yolo_class_id": 15,
      "confidence": 0.401368111371994,
      "bbox_xyxy": [
        116.90205383300781,
        346.32928466796875,
        256.86138916015625,
        609.2781372070312
      ],
      "bbox_yolo": [
        0.29200267791748047,
        0.7465683221817017,
        0.21868646144866943,
        0.41085758805274963
      ],
      "bbox_width_px": 139.95933532714844,
      "bbox_height_px": 262.9488525390625
    }
  ]
}