{
  "index": 12588,
  "dataframe_iter_index": 12588,
  "image_path": "./datasets/sVOC_FLUXFP8/images/12588.png",
  "image_width": 640,
  "image_height": 640,
  "ground_truth_class": "pottedplant",
  "grounding_prompt": "pottedplant",
  "timestamp": "2026-05-22T14:42:59.196737",
  "num_detections": 1,
  "detections": [
    {
      "detection_id": 0,
      "class_name": "pottedplant",
      "yolo_class_id": 15,
      "confidence": 0.8769840598106384,
      "bbox_xyxy": [
        101.25555419921875,
        136.6952362060547,
        493.96600341796875,
        632.335205078125
      ],
      "bbox_yolo": [
        0.46501684188842773,
        0.6008050441741943,
        0.6136100888252258,
        0.774437427520752
      ],
      "bbox_width_px": 392.71044921875,
      "bbox_height_px": 495.63995361328125
    }
  ]
}