{
  "index": 12634,
  "dataframe_iter_index": 12634,
  "image_path": "./datasets/sVOC_FLUXFP8/images/12634.png",
  "image_width": 640,
  "image_height": 640,
  "ground_truth_class": "pottedplant",
  "grounding_prompt": "pottedplant",
  "timestamp": "2026-05-22T14:44:03.889781",
  "num_detections": 3,
  "detections": [
    {
      "detection_id": 0,
      "class_name": "pottedplant",
      "yolo_class_id": 15,
      "confidence": 0.7708131074905396,
      "bbox_xyxy": [
        389.43731689453125,
        300.2733154296875,
        639.6567993164062,
        613.203125
      ],
      "bbox_yolo": [
        0.803979754447937,
        0.7136534452438354,
        0.3909679353237152,
        0.4889528155326843
      ],
      "bbox_width_px": 250.219482421875,
      "bbox_height_px": 312.9298095703125
    },
    {
      "detection_id": 1,
      "class_name": "pottedplant",
      "yolo_class_id": 15,
      "confidence": 0.7742317914962769,
      "bbox_xyxy": [
        0.3479461669921875,
        266.9417724609375,
        273.36029052734375,
        617.5828857421875
      ],
      "bbox_yolo": [
        0.21383456885814667,
        0.6910349130630493,
        0.4265817701816559,
        0.5478767156600952
      ],
      "bbox_width_px": 273.0123291015625,
      "bbox_height_px": 350.64111328125
    },
    {
      "detection_id": 2,
      "class_name": "pottedplant",
      "yolo_class_id": 15,
      "confidence": 0.7900570631027222,
      "bbox_xyxy": [
        233.6931915283203,
        216.22952270507812,
        423.54132080078125,
        612.725830078125
      ],
      "bbox_yolo": [
        0.5134644508361816,
        0.6476213335990906,
        0.29663771390914917,
        0.6195254921913147
      ],
      "bbox_width_px": 189.84812927246094,
      "bbox_height_px": 396.4963073730469
    }
  ]
}