{
  "index": 1264,
  "dataframe_iter_index": 1264,
  "image_path": "./datasets/sVOC_FLUXFP8/images/1264.png",
  "image_width": 640,
  "image_height": 640,
  "ground_truth_class": "bicycle",
  "grounding_prompt": "bicycle",
  "timestamp": "2026-05-22T10:29:56.588051",
  "num_detections": 1,
  "detections": [
    {
      "detection_id": 0,
      "class_name": "bicycle",
      "yolo_class_id": 1,
      "confidence": 0.9597678184509277,
      "bbox_xyxy": [
        238.49807739257812,
        355.90155029296875,
        400.9197082519531,
        446.65899658203125
      ],
      "bbox_yolo": [
        0.499545156955719,
        0.6270004510879517,
        0.25378379225730896,
        0.14180850982666016
      ],
      "bbox_width_px": 162.421630859375,
      "bbox_height_px": 90.7574462890625
    }
  ]
}