{
  "index": 1267,
  "dataframe_iter_index": 1267,
  "image_path": "./datasets/sVOC_FLUXFP8/images/1267.png",
  "image_width": 640,
  "image_height": 640,
  "ground_truth_class": "bicycle",
  "grounding_prompt": "bicycle",
  "timestamp": "2026-05-22T10:29:59.935850",
  "num_detections": 1,
  "detections": [
    {
      "detection_id": 0,
      "class_name": "bicycle",
      "yolo_class_id": 1,
      "confidence": 0.9728615880012512,
      "bbox_xyxy": [
        131.5885009765625,
        288.3036193847656,
        419.68902587890625,
        472.1099548339844
      ],
      "bbox_yolo": [
        0.4306855797767639,
        0.5940731167793274,
        0.4501570761203766,
        0.28719741106033325
      ],
      "bbox_width_px": 288.10052490234375,
      "bbox_height_px": 183.80633544921875
    }
  ]
}