{
  "index": 12708,
  "dataframe_iter_index": 12708,
  "image_path": "./datasets/sVOC_FLUXFP8/images/12708.png",
  "image_width": 640,
  "image_height": 640,
  "ground_truth_class": "pottedplant",
  "grounding_prompt": "pottedplant",
  "timestamp": "2026-05-22T14:45:50.233971",
  "num_detections": 1,
  "detections": [
    {
      "detection_id": 0,
      "class_name": "pottedplant",
      "yolo_class_id": 15,
      "confidence": 0.8913172483444214,
      "bbox_xyxy": [
        115.7474365234375,
        225.4620361328125,
        455.67120361328125,
        587.7305908203125
      ],
      "bbox_yolo": [
        0.446420818567276,
        0.635306715965271,
        0.5311309099197388,
        0.5660446286201477
      ],
      "bbox_width_px": 339.92376708984375,
      "bbox_height_px": 362.2685546875
    }
  ]
}