{
  "index": 1272,
  "dataframe_iter_index": 1272,
  "image_path": "./datasets/sVOC_FLUXFP8/images/1272.png",
  "image_width": 640,
  "image_height": 640,
  "ground_truth_class": "bicycle",
  "grounding_prompt": "bicycle",
  "timestamp": "2026-05-22T10:30:05.468399",
  "num_detections": 1,
  "detections": [
    {
      "detection_id": 0,
      "class_name": "bicycle",
      "yolo_class_id": 1,
      "confidence": 0.9608282446861267,
      "bbox_xyxy": [
        117.23858642578125,
        334.6385803222656,
        262.70574951171875,
        478.9831848144531
      ],
      "bbox_yolo": [
        0.29683151841163635,
        0.6356419920921326,
        0.22729244828224182,
        0.2255384474992752
      ],
      "bbox_width_px": 145.4671630859375,
      "bbox_height_px": 144.3446044921875
    }
  ]
}