{
  "index": 12730,
  "dataframe_iter_index": 12730,
  "image_path": "./datasets/sVOC_FLUXFP8/images/12730.png",
  "image_width": 640,
  "image_height": 640,
  "ground_truth_class": "pottedplant",
  "grounding_prompt": "pottedplant",
  "timestamp": "2026-05-22T14:46:21.511130",
  "num_detections": 3,
  "detections": [
    {
      "detection_id": 0,
      "class_name": "pottedplant",
      "yolo_class_id": 15,
      "confidence": 0.7561323642730713,
      "bbox_xyxy": [
        23.72772979736328,
        248.46597290039062,
        240.69033813476562,
        610.3463134765625
      ],
      "bbox_yolo": [
        0.2065766155719757,
        0.6709470748901367,
        0.3390040993690491,
        0.5654380321502686
      ],
      "bbox_width_px": 216.96261596679688,
      "bbox_height_px": 361.8803405761719
    },
    {
      "detection_id": 1,
      "class_name": "pottedplant",
      "yolo_class_id": 15,
      "confidence": 0.7705368399620056,
      "bbox_xyxy": [
        418.9666748046875,
        310.9629821777344,
        621.85888671875,
        620.023193359375
      ],
      "bbox_yolo": [
        0.8131449818611145,
        0.7273329496383667,
        0.3170190751552582,
        0.4829065799713135
      ],
      "bbox_width_px": 202.8922119140625,
      "bbox_height_px": 309.0602111816406
    },
    {
      "detection_id": 2,
      "class_name": "pottedplant",
      "yolo_class_id": 15,
      "confidence": 0.7580664753913879,
      "bbox_xyxy": [
        207.481689453125,
        210.30612182617188,
        454.7799072265625,
        617.282470703125
      ],
      "bbox_yolo": [
        0.5173918604850769,
        0.646553635597229,
        0.38640347123146057,
        0.6359005570411682
      ],
      "bbox_width_px": 247.2982177734375,
      "bbox_height_px": 406.9763488769531
    }
  ]
}