{
  "index": 12788,
  "dataframe_iter_index": 12788,
  "image_path": "./datasets/sVOC_FLUXFP8/images/12788.png",
  "image_width": 640,
  "image_height": 640,
  "ground_truth_class": "pottedplant",
  "grounding_prompt": "pottedplant",
  "timestamp": "2026-05-22T14:47:44.807817",
  "num_detections": 1,
  "detections": [
    {
      "detection_id": 0,
      "class_name": "pottedplant",
      "yolo_class_id": 15,
      "confidence": 0.8729291558265686,
      "bbox_xyxy": [
        215.15155029296875,
        216.3828125,
        420.27252197265625,
        588.7689208984375
      ],
      "bbox_yolo": [
        0.496425062417984,
        0.6290248036384583,
        0.32050150632858276,
        0.5818532705307007
      ],
      "bbox_width_px": 205.1209716796875,
      "bbox_height_px": 372.3861083984375
    }
  ]
}