{
  "index": 12796,
  "dataframe_iter_index": 12796,
  "image_path": "./datasets/sVOC_FLUXFP8/images/12796.png",
  "image_width": 640,
  "image_height": 640,
  "ground_truth_class": "pottedplant",
  "grounding_prompt": "pottedplant",
  "timestamp": "2026-05-22T14:47:56.697852",
  "num_detections": 1,
  "detections": [
    {
      "detection_id": 0,
      "class_name": "pottedplant",
      "yolo_class_id": 15,
      "confidence": 0.8381654620170593,
      "bbox_xyxy": [
        116.84042358398438,
        161.647216796875,
        487.1263732910156,
        621.58154296875
      ],
      "bbox_yolo": [
        0.4718490540981293,
        0.6118974685668945,
        0.5785717964172363,
        0.7186473608016968
      ],
      "bbox_width_px": 370.28594970703125,
      "bbox_height_px": 459.934326171875
    }
  ]
}