{
  "index": 12862,
  "dataframe_iter_index": 12862,
  "image_path": "./datasets/sVOC_FLUXFP8/images/12862.png",
  "image_width": 640,
  "image_height": 640,
  "ground_truth_class": "sheep",
  "grounding_prompt": "sheep",
  "timestamp": "2026-05-22T14:49:33.405019",
  "num_detections": 3,
  "detections": [
    {
      "detection_id": 0,
      "class_name": "sheep",
      "yolo_class_id": 16,
      "confidence": 0.8967193961143494,
      "bbox_xyxy": [
        65.64105224609375,
        230.4332733154297,
        281.4838562011719,
        523.9337768554688
      ],
      "bbox_yolo": [
        0.2711913287639618,
        0.5893492698669434,
        0.3372543752193451,
        0.45859450101852417
      ],
      "bbox_width_px": 215.84280395507812,
      "bbox_height_px": 293.50048828125
    },
    {
      "detection_id": 1,
      "class_name": "sheep",
      "yolo_class_id": 16,
      "confidence": 0.8775267601013184,
      "bbox_xyxy": [
        267.2107238769531,
        219.89974975585938,
        458.7445373535156,
        527.7869873046875
      ],
      "bbox_yolo": [
        0.5671525597572327,
        0.5841302871704102,
        0.2992715835571289,
        0.481073796749115
      ],
      "bbox_width_px": 191.5338134765625,
      "bbox_height_px": 307.8872375488281
    },
    {
      "detection_id": 2,
      "class_name": "sheep",
      "yolo_class_id": 16,
      "confidence": 0.8541260957717896,
      "bbox_xyxy": [
        409.08843994140625,
        273.8238220214844,
        588.4454956054688,
        507.4575500488281
      ],
      "bbox_yolo": [
        0.779323399066925,
        0.6103760600090027,
        0.2802453935146332,
        0.3650527000427246
      ],
      "bbox_width_px": 179.3570556640625,
      "bbox_height_px": 233.63372802734375
    }
  ]
}