{
  "index": 12869,
  "dataframe_iter_index": 12869,
  "image_path": "./datasets/sVOC_FLUXFP8/images/12869.png",
  "image_width": 640,
  "image_height": 640,
  "ground_truth_class": "sheep",
  "grounding_prompt": "sheep",
  "timestamp": "2026-05-22T14:49:43.599213",
  "num_detections": 2,
  "detections": [
    {
      "detection_id": 0,
      "class_name": "sheep",
      "yolo_class_id": 16,
      "confidence": 0.9304046034812927,
      "bbox_xyxy": [
        116.11775207519531,
        269.60089111328125,
        384.697509765625,
        520.1430053710938
      ],
      "bbox_yolo": [
        0.39126190543174744,
        0.616987407207489,
        0.4196558892726898,
        0.3914720416069031
      ],
      "bbox_width_px": 268.57977294921875,
      "bbox_height_px": 250.5421142578125
    },
    {
      "detection_id": 1,
      "class_name": "sheep",
      "yolo_class_id": 16,
      "confidence": 0.8724830746650696,
      "bbox_xyxy": [
        347.3814697265625,
        284.5565185546875,
        461.7900390625,
        493.149658203125
      ],
      "bbox_yolo": [
        0.632165253162384,
        0.6075829267501831,
        0.17876338958740234,
        0.3259267807006836
      ],
      "bbox_width_px": 114.4085693359375,
      "bbox_height_px": 208.5931396484375
    }
  ]
}