{
  "index": 12861,
  "dataframe_iter_index": 12861,
  "image_path": "./datasets/sVOC_FLUXFP8/images/12861.png",
  "image_width": 640,
  "image_height": 640,
  "ground_truth_class": "sheep",
  "grounding_prompt": "sheep",
  "timestamp": "2026-05-22T14:49:31.902081",
  "num_detections": 2,
  "detections": [
    {
      "detection_id": 0,
      "class_name": "sheep",
      "yolo_class_id": 16,
      "confidence": 0.917044460773468,
      "bbox_xyxy": [
        74.79582977294922,
        224.60202026367188,
        301.8726806640625,
        547.1201171875
      ],
      "bbox_yolo": [
        0.2942722737789154,
        0.6029079556465149,
        0.3548075556755066,
        0.5039345026016235
      ],
      "bbox_width_px": 227.07684326171875,
      "bbox_height_px": 322.5180969238281
    },
    {
      "detection_id": 1,
      "class_name": "sheep",
      "yolo_class_id": 16,
      "confidence": 0.9026898145675659,
      "bbox_xyxy": [
        300.675048828125,
        225.9282684326172,
        492.8314208984375,
        547.1826782226562
      ],
      "bbox_yolo": [
        0.619926929473877,
        0.6039929389953613,
        0.3002443313598633,
        0.5019599795341492
      ],
      "bbox_width_px": 192.1563720703125,
      "bbox_height_px": 321.25439453125
    }
  ]
}