{
  "index": 12905,
  "dataframe_iter_index": 12905,
  "image_path": "./datasets/sVOC_FLUXFP8/images/12905.png",
  "image_width": 640,
  "image_height": 640,
  "ground_truth_class": "sheep",
  "grounding_prompt": "sheep",
  "timestamp": "2026-05-22T14:50:35.438584",
  "num_detections": 2,
  "detections": [
    {
      "detection_id": 0,
      "class_name": "sheep",
      "yolo_class_id": 16,
      "confidence": 0.8955411911010742,
      "bbox_xyxy": [
        73.7278823852539,
        218.53929138183594,
        296.28173828125,
        566.2416381835938
      ],
      "bbox_yolo": [
        0.2890700101852417,
        0.6131101250648499,
        0.34774041175842285,
        0.5432848930358887
      ],
      "bbox_width_px": 222.55386352539062,
      "bbox_height_px": 347.70233154296875
    },
    {
      "detection_id": 1,
      "class_name": "sheep",
      "yolo_class_id": 16,
      "confidence": 0.8654712438583374,
      "bbox_xyxy": [
        291.3948974609375,
        225.58627319335938,
        492.37396240234375,
        573.0185546875
      ],
      "bbox_yolo": [
        0.6123194098472595,
        0.6239100694656372,
        0.3140297830104828,
        0.5428629517555237
      ],
      "bbox_width_px": 200.97906494140625,
      "bbox_height_px": 347.4322814941406
    }
  ]
}