{
  "index": 12956,
  "dataframe_iter_index": 12956,
  "image_path": "./datasets/sVOC_FLUXFP8/images/12956.png",
  "image_width": 640,
  "image_height": 640,
  "ground_truth_class": "sheep",
  "grounding_prompt": "sheep",
  "timestamp": "2026-05-22T14:51:50.425559",
  "num_detections": 1,
  "detections": [
    {
      "detection_id": 0,
      "class_name": "sheep",
      "yolo_class_id": 16,
      "confidence": 0.9684648513793945,
      "bbox_xyxy": [
        130.8397216796875,
        282.5598449707031,
        399.36920166015625,
        519.8639526367188
      ],
      "bbox_yolo": [
        0.4142257273197174,
        0.6268936395645142,
        0.41957730054855347,
        0.37078768014907837
      ],
      "bbox_width_px": 268.52947998046875,
      "bbox_height_px": 237.30410766601562
    }
  ]
}