{
  "index": 12981,
  "dataframe_iter_index": 12981,
  "image_path": "./datasets/sVOC_FLUXFP8/images/12981.png",
  "image_width": 640,
  "image_height": 640,
  "ground_truth_class": "sheep",
  "grounding_prompt": "sheep",
  "timestamp": "2026-05-22T14:52:26.514301",
  "num_detections": 3,
  "detections": [
    {
      "detection_id": 0,
      "class_name": "sheep",
      "yolo_class_id": 16,
      "confidence": 0.8994534015655518,
      "bbox_xyxy": [
        113.76006317138672,
        283.5292663574219,
        322.63916015625,
        433.5450134277344
      ],
      "bbox_yolo": [
        0.34093689918518066,
        0.5602142810821533,
        0.3263735771179199,
        0.23439960181713104
      ],
      "bbox_width_px": 208.87908935546875,
      "bbox_height_px": 150.0157470703125
    },
    {
      "detection_id": 1,
      "class_name": "sheep",
      "yolo_class_id": 16,
      "confidence": 0.8169718384742737,
      "bbox_xyxy": [
        318.8175048828125,
        282.74676513671875,
        432.84906005859375,
        374.8564453125
      ],
      "bbox_yolo": [
        0.5872395038604736,
        0.5137525200843811,
        0.17817430198192596,
        0.1439213752746582
      ],
      "bbox_width_px": 114.03155517578125,
      "bbox_height_px": 92.10968017578125
    },
    {
      "detection_id": 2,
      "class_name": "sheep",
      "yolo_class_id": 16,
      "confidence": 0.4067784249782562,
      "bbox_xyxy": [
        124.25161743164062,
        432.4189758300781,
        312.86767578125,
        571.4017333984375
      ],
      "bbox_yolo": [
        0.3414994478225708,
        0.784234881401062,
        0.2947126030921936,
        0.21716055274009705
      ],
      "bbox_width_px": 188.61605834960938,
      "bbox_height_px": 138.98275756835938
    }
  ]
}