{
  "index": 13044,
  "dataframe_iter_index": 13044,
  "image_path": "./datasets/sVOC_FLUXFP8/images/13044.png",
  "image_width": 640,
  "image_height": 640,
  "ground_truth_class": "sheep",
  "grounding_prompt": "sheep",
  "timestamp": "2026-05-22T14:53:56.888230",
  "num_detections": 1,
  "detections": [
    {
      "detection_id": 0,
      "class_name": "sheep",
      "yolo_class_id": 16,
      "confidence": 0.9680607914924622,
      "bbox_xyxy": [
        154.06448364257812,
        285.80780029296875,
        412.8046569824219,
        509.03466796875
      ],
      "bbox_yolo": [
        0.4428665041923523,
        0.6209706664085388,
        0.40428152680397034,
        0.3487919867038727
      ],
      "bbox_width_px": 258.74017333984375,
      "bbox_height_px": 223.22686767578125
    }
  ]
}