{
  "index": 13080,
  "dataframe_iter_index": 13080,
  "image_path": "./datasets/sVOC_FLUXFP8/images/13080.png",
  "image_width": 640,
  "image_height": 640,
  "ground_truth_class": "sheep",
  "grounding_prompt": "sheep",
  "timestamp": "2026-05-22T14:54:49.293565",
  "num_detections": 1,
  "detections": [
    {
      "detection_id": 0,
      "class_name": "sheep",
      "yolo_class_id": 16,
      "confidence": 0.9653717279434204,
      "bbox_xyxy": [
        88.86030578613281,
        222.5184326171875,
        467.76470947265625,
        525.9696044921875
      ],
      "bbox_yolo": [
        0.43486326932907104,
        0.5847562551498413,
        0.5920381546020508,
        0.474142462015152
      ],
      "bbox_width_px": 378.9044189453125,
      "bbox_height_px": 303.451171875
    }
  ]
}