{
  "index": 13088,
  "dataframe_iter_index": 13088,
  "image_path": "./datasets/sVOC_FLUXFP8/images/13088.png",
  "image_width": 640,
  "image_height": 640,
  "ground_truth_class": "sheep",
  "grounding_prompt": "sheep",
  "timestamp": "2026-05-22T14:55:00.812714",
  "num_detections": 1,
  "detections": [
    {
      "detection_id": 0,
      "class_name": "sheep",
      "yolo_class_id": 16,
      "confidence": 0.966623842716217,
      "bbox_xyxy": [
        125.09234619140625,
        278.42584228515625,
        416.75323486328125,
        503.3245849609375
      ],
      "bbox_yolo": [
        0.4233168661594391,
        0.6107425093650818,
        0.45572012662887573,
        0.3514042794704437
      ],
      "bbox_width_px": 291.660888671875,
      "bbox_height_px": 224.89874267578125
    }
  ]
}