{
  "index": 13184,
  "dataframe_iter_index": 13184,
  "image_path": "./datasets/sVOC_FLUXFP8/images/13184.png",
  "image_width": 640,
  "image_height": 640,
  "ground_truth_class": "sheep",
  "grounding_prompt": "sheep",
  "timestamp": "2026-05-22T14:57:20.992532",
  "num_detections": 1,
  "detections": [
    {
      "detection_id": 0,
      "class_name": "sheep",
      "yolo_class_id": 16,
      "confidence": 0.9699708819389343,
      "bbox_xyxy": [
        154.0557098388672,
        268.12548828125,
        453.03094482421875,
        522.046630859375
      ],
      "bbox_yolo": [
        0.4742864668369293,
        0.6173219680786133,
        0.4671487808227539,
        0.3967517912387848
      ],
      "bbox_width_px": 298.9752197265625,
      "bbox_height_px": 253.921142578125
    }
  ]
}