{
  "index": 13244,
  "dataframe_iter_index": 13244,
  "image_path": "./datasets/sVOC_FLUXFP8/images/13244.png",
  "image_width": 640,
  "image_height": 640,
  "ground_truth_class": "sheep",
  "grounding_prompt": "sheep",
  "timestamp": "2026-05-22T14:58:51.036431",
  "num_detections": 1,
  "detections": [
    {
      "detection_id": 0,
      "class_name": "sheep",
      "yolo_class_id": 16,
      "confidence": 0.9640873670578003,
      "bbox_xyxy": [
        130.5936737060547,
        266.64208984375,
        453.11700439453125,
        496.152587890625
      ],
      "bbox_yolo": [
        0.4560239911079407,
        0.5959333181381226,
        0.5039426684379578,
        0.3586101531982422
      ],
      "bbox_width_px": 322.5233154296875,
      "bbox_height_px": 229.510498046875
    }
  ]
}