{
  "index": 13294,
  "dataframe_iter_index": 13294,
  "image_path": "./datasets/sVOC_FLUXFP8/images/13294.png",
  "image_width": 640,
  "image_height": 640,
  "ground_truth_class": "sheep",
  "grounding_prompt": "sheep",
  "timestamp": "2026-05-22T15:00:03.068343",
  "num_detections": 3,
  "detections": [
    {
      "detection_id": 0,
      "class_name": "sheep",
      "yolo_class_id": 16,
      "confidence": 0.8822843432426453,
      "bbox_xyxy": [
        365.45440673828125,
        284.5794982910156,
        465.14080810546875,
        496.4206237792969
      ],
      "bbox_yolo": [
        0.6489025354385376,
        0.6101563572883606,
        0.1557600051164627,
        0.33100175857543945
      ],
      "bbox_width_px": 99.6864013671875,
      "bbox_height_px": 211.84112548828125
    },
    {
      "detection_id": 1,
      "class_name": "sheep",
      "yolo_class_id": 16,
      "confidence": 0.8779937028884888,
      "bbox_xyxy": [
        243.20233154296875,
        279.2283020019531,
        391.482666015625,
        508.7533264160156
      ],
      "bbox_yolo": [
        0.4958476424217224,
        0.615610659122467,
        0.2316880226135254,
        0.3586328625679016
      ],
      "bbox_width_px": 148.28033447265625,
      "bbox_height_px": 229.5250244140625
    },
    {
      "detection_id": 2,
      "class_name": "sheep",
      "yolo_class_id": 16,
      "confidence": 0.8786005973815918,
      "bbox_xyxy": [
        115.88335418701172,
        270.48919677734375,
        245.81307983398438,
        509.531005859375
      ],
      "bbox_yolo": [
        0.2825753390789032,
        0.6093907952308655,
        0.20301517844200134,
        0.37350282073020935
      ],
      "bbox_width_px": 129.92971801757812,
      "bbox_height_px": 239.04180908203125
    }
  ]
}