{
  "index": 13374,
  "dataframe_iter_index": 13374,
  "image_path": "./datasets/sVOC_FLUXFP8/images/13374.png",
  "image_width": 640,
  "image_height": 640,
  "ground_truth_class": "sheep",
  "grounding_prompt": "sheep",
  "timestamp": "2026-05-22T15:01:59.728233",
  "num_detections": 3,
  "detections": [
    {
      "detection_id": 0,
      "class_name": "sheep",
      "yolo_class_id": 16,
      "confidence": 0.8265416622161865,
      "bbox_xyxy": [
        399.3531188964844,
        286.40704345703125,
        608.3380126953125,
        588.1792602539062
      ],
      "bbox_yolo": [
        0.7872587442398071,
        0.6832705736160278,
        0.32653889060020447,
        0.4715190827846527
      ],
      "bbox_width_px": 208.98489379882812,
      "bbox_height_px": 301.772216796875
    },
    {
      "detection_id": 1,
      "class_name": "sheep",
      "yolo_class_id": 16,
      "confidence": 0.8120481371879578,
      "bbox_xyxy": [
        236.39866638183594,
        223.30120849609375,
        429.2723388671875,
        582.8363647460938
      ],
      "bbox_yolo": [
        0.5200554728507996,
        0.6297949552536011,
        0.30136510729789734,
        0.5617736577987671
      ],
      "bbox_width_px": 192.87367248535156,
      "bbox_height_px": 359.53515625
    },
    {
      "detection_id": 2,
      "class_name": "sheep",
      "yolo_class_id": 16,
      "confidence": 0.5409345030784607,
      "bbox_xyxy": [
        58.43553161621094,
        252.80030822753906,
        242.7592010498047,
        579.3283081054688
      ],
      "bbox_yolo": [
        0.23530837893486023,
        0.6501004695892334,
        0.2880057394504547,
        0.510200023651123
      ],
      "bbox_width_px": 184.32366943359375,
      "bbox_height_px": 326.52801513671875
    }
  ]
}