{
  "index": 13397,
  "dataframe_iter_index": 13397,
  "image_path": "./datasets/sVOC_FLUXFP8/images/13397.png",
  "image_width": 640,
  "image_height": 640,
  "ground_truth_class": "sheep",
  "grounding_prompt": "sheep",
  "timestamp": "2026-05-22T15:02:33.012292",
  "num_detections": 2,
  "detections": [
    {
      "detection_id": 0,
      "class_name": "sheep",
      "yolo_class_id": 16,
      "confidence": 0.8883205056190491,
      "bbox_xyxy": [
        49.162017822265625,
        235.6280517578125,
        310.42327880859375,
        635.7769165039062
      ],
      "bbox_yolo": [
        0.28092601895332336,
        0.6807851195335388,
        0.40822070837020874,
        0.6252325773239136
      ],
      "bbox_width_px": 261.2612609863281,
      "bbox_height_px": 400.14886474609375
    },
    {
      "detection_id": 1,
      "class_name": "sheep",
      "yolo_class_id": 16,
      "confidence": 0.8847519159317017,
      "bbox_xyxy": [
        303.90765380859375,
        244.3576202392578,
        617.1302490234375,
        639.2904663085938
      ],
      "bbox_yolo": [
        0.7195608615875244,
        0.6903500556945801,
        0.48941031098365784,
        0.6170825958251953
      ],
      "bbox_width_px": 313.22259521484375,
      "bbox_height_px": 394.932861328125
    }
  ]
}