{
  "index": 13410,
  "dataframe_iter_index": 13410,
  "image_path": "./datasets/sVOC_FLUXFP8/images/13410.png",
  "image_width": 640,
  "image_height": 640,
  "ground_truth_class": "sheep",
  "grounding_prompt": "sheep",
  "timestamp": "2026-05-22T15:02:51.695116",
  "num_detections": 3,
  "detections": [
    {
      "detection_id": 0,
      "class_name": "sheep",
      "yolo_class_id": 16,
      "confidence": 0.8687782287597656,
      "bbox_xyxy": [
        69.15913391113281,
        230.6143341064453,
        265.95135498046875,
        487.568359375
      ],
      "bbox_yolo": [
        0.26180505752563477,
        0.5610802173614502,
        0.3074878454208374,
        0.4014906883239746
      ],
      "bbox_width_px": 196.79222106933594,
      "bbox_height_px": 256.95404052734375
    },
    {
      "detection_id": 1,
      "class_name": "sheep",
      "yolo_class_id": 16,
      "confidence": 0.8529664874076843,
      "bbox_xyxy": [
        253.01095581054688,
        254.8316650390625,
        478.2145080566406,
        498.3543701171875
      ],
      "bbox_yolo": [
        0.5712698698043823,
        0.5884265899658203,
        0.3518805503845215,
        0.38050422072410583
      ],
      "bbox_width_px": 225.20355224609375,
      "bbox_height_px": 243.522705078125
    },
    {
      "detection_id": 2,
      "class_name": "sheep",
      "yolo_class_id": 16,
      "confidence": 0.8230777978897095,
      "bbox_xyxy": [
        337.78875732421875,
        306.6222229003906,
        619.9650268554688,
        517.4043579101562
      ],
      "bbox_yolo": [
        0.748245120048523,
        0.6437708139419556,
        0.44090041518211365,
        0.32934707403182983
      ],
      "bbox_width_px": 282.17626953125,
      "bbox_height_px": 210.78213500976562
    }
  ]
}