{
  "index": 13416,
  "dataframe_iter_index": 13416,
  "image_path": "./datasets/sVOC_FLUXFP8/images/13416.png",
  "image_width": 640,
  "image_height": 640,
  "ground_truth_class": "sheep",
  "grounding_prompt": "sheep",
  "timestamp": "2026-05-22T15:03:00.338204",
  "num_detections": 1,
  "detections": [
    {
      "detection_id": 0,
      "class_name": "sheep",
      "yolo_class_id": 16,
      "confidence": 0.9649165272712708,
      "bbox_xyxy": [
        109.10214233398438,
        221.5022430419922,
        469.0400085449219,
        546.2367553710938
      ],
      "bbox_yolo": [
        0.45167356729507446,
        0.5997961163520813,
        0.5624029040336609,
        0.5073976516723633
      ],
      "bbox_width_px": 359.9378662109375,
      "bbox_height_px": 324.7344970703125
    }
  ]
}