{
  "index": 13442,
  "dataframe_iter_index": 13442,
  "image_path": "./datasets/sVOC_FLUXFP8/images/13442.png",
  "image_width": 640,
  "image_height": 640,
  "ground_truth_class": "sheep",
  "grounding_prompt": "sheep",
  "timestamp": "2026-05-22T15:03:37.889646",
  "num_detections": 3,
  "detections": [
    {
      "detection_id": 0,
      "class_name": "sheep",
      "yolo_class_id": 16,
      "confidence": 0.8334349989891052,
      "bbox_xyxy": [
        44.17884826660156,
        255.15994262695312,
        239.0912322998047,
        619.8067626953125
      ],
      "bbox_yolo": [
        0.2213047444820404,
        0.6835677027702332,
        0.3045505881309509,
        0.5697606801986694
      ],
      "bbox_width_px": 194.91238403320312,
      "bbox_height_px": 364.6468200683594
    },
    {
      "detection_id": 1,
      "class_name": "sheep",
      "yolo_class_id": 16,
      "confidence": 0.8387960195541382,
      "bbox_xyxy": [
        227.8484649658203,
        230.00514221191406,
        418.14776611328125,
        621.0518798828125
      ],
      "bbox_yolo": [
        0.504684567451477,
        0.6648882627487183,
        0.2973426580429077,
        0.6110105514526367
      ],
      "bbox_width_px": 190.29930114746094,
      "bbox_height_px": 391.0467529296875
    },
    {
      "detection_id": 2,
      "class_name": "sheep",
      "yolo_class_id": 16,
      "confidence": 0.8389255404472351,
      "bbox_xyxy": [
        436.3958740234375,
        266.072509765625,
        606.8468017578125,
        603.9409790039062
      ],
      "bbox_yolo": [
        0.8150333166122437,
        0.6796980500221252,
        0.2663295865058899,
        0.5279194712638855
      ],
      "bbox_width_px": 170.450927734375,
      "bbox_height_px": 337.86846923828125
    }
  ]
}