{
  "index": 13552,
  "dataframe_iter_index": 13552,
  "image_path": "./datasets/sVOC_FLUXFP8/images/13552.png",
  "image_width": 640,
  "image_height": 640,
  "ground_truth_class": "sheep",
  "grounding_prompt": "sheep",
  "timestamp": "2026-05-22T15:06:15.932550",
  "num_detections": 1,
  "detections": [
    {
      "detection_id": 0,
      "class_name": "sheep",
      "yolo_class_id": 16,
      "confidence": 0.9600884914398193,
      "bbox_xyxy": [
        131.5283203125,
        217.223388671875,
        473.219970703125,
        544.6704711914062
      ],
      "bbox_yolo": [
        0.472459614276886,
        0.5952295660972595,
        0.5338932275772095,
        0.5116360783576965
      ],
      "bbox_width_px": 341.691650390625,
      "bbox_height_px": 327.44708251953125
    }
  ]
}