{
  "index": 13578,
  "dataframe_iter_index": 13578,
  "image_path": "./datasets/sVOC_FLUXFP8/images/13578.png",
  "image_width": 640,
  "image_height": 640,
  "ground_truth_class": "sheep",
  "grounding_prompt": "sheep",
  "timestamp": "2026-05-22T15:06:53.243626",
  "num_detections": 3,
  "detections": [
    {
      "detection_id": 0,
      "class_name": "sheep",
      "yolo_class_id": 16,
      "confidence": 0.8521784543991089,
      "bbox_xyxy": [
        43.91228485107422,
        254.53073120117188,
        236.39227294921875,
        608.6998291015625
      ],
      "bbox_yolo": [
        0.21898794174194336,
        0.6743988990783691,
        0.3007499575614929,
        0.5533891916275024
      ],
      "bbox_width_px": 192.47998046875,
      "bbox_height_px": 354.1690979003906
    },
    {
      "detection_id": 1,
      "class_name": "sheep",
      "yolo_class_id": 16,
      "confidence": 0.8454607129096985,
      "bbox_xyxy": [
        216.98226928710938,
        222.30191040039062,
        416.5895690917969,
        619.89013671875
      ],
      "bbox_yolo": [
        0.49497801065444946,
        0.6579625010490417,
        0.31188639998435974,
        0.6212316155433655
      ],
      "bbox_width_px": 199.6072998046875,
      "bbox_height_px": 397.5882263183594
    },
    {
      "detection_id": 2,
      "class_name": "sheep",
      "yolo_class_id": 16,
      "confidence": 0.8473519682884216,
      "bbox_xyxy": [
        422.6253662109375,
        279.0112609863281,
        611.811279296875,
        603.806396484375
      ],
      "bbox_yolo": [
        0.8081536293029785,
        0.6897012591362,
        0.2956029772758484,
        0.5074924230575562
      ],
      "bbox_width_px": 189.1859130859375,
      "bbox_height_px": 324.7951354980469
    }
  ]
}