{
  "index": 13605,
  "dataframe_iter_index": 13605,
  "image_path": "./datasets/sVOC_FLUXFP8/images/13605.png",
  "image_width": 640,
  "image_height": 640,
  "ground_truth_class": "sofa",
  "grounding_prompt": "sofa",
  "timestamp": "2026-05-22T15:07:32.473511",
  "num_detections": 2,
  "detections": [
    {
      "detection_id": 0,
      "class_name": "sofa",
      "yolo_class_id": 17,
      "confidence": 0.8182147741317749,
      "bbox_xyxy": [
        375.87091064453125,
        399.59552001953125,
        607.9005126953125,
        582.1939086914062
      ],
      "bbox_yolo": [
        0.7685714364051819,
        0.767022967338562,
        0.36254626512527466,
        0.28530997037887573
      ],
      "bbox_width_px": 232.02960205078125,
      "bbox_height_px": 182.598388671875
    },
    {
      "detection_id": 1,
      "class_name": "sofa",
      "yolo_class_id": 17,
      "confidence": 0.8419328331947327,
      "bbox_xyxy": [
        32.717193603515625,
        400.70794677734375,
        255.68777465820312,
        580.1367797851562
      ],
      "bbox_yolo": [
        0.2253163754940033,
        0.7662849426269531,
        0.3483915328979492,
        0.2803575396537781
      ],
      "bbox_width_px": 222.9705810546875,
      "bbox_height_px": 179.4288330078125
    }
  ]
}