{
  "index": 13610,
  "dataframe_iter_index": 13610,
  "image_path": "./datasets/sVOC_FLUXFP8/images/13610.png",
  "image_width": 640,
  "image_height": 640,
  "ground_truth_class": "sofa",
  "grounding_prompt": "sofa",
  "timestamp": "2026-05-22T15:07:39.646531",
  "num_detections": 3,
  "detections": [
    {
      "detection_id": 0,
      "class_name": "sofa",
      "yolo_class_id": 17,
      "confidence": 0.8005236983299255,
      "bbox_xyxy": [
        417.52728271484375,
        409.32843017578125,
        620.1572875976562,
        527.368408203125
      ],
      "bbox_yolo": [
        0.8106910586357117,
        0.7317944169044495,
        0.31660938262939453,
        0.18443746864795685
      ],
      "bbox_width_px": 202.6300048828125,
      "bbox_height_px": 118.03997802734375
    },
    {
      "detection_id": 1,
      "class_name": "sofa",
      "yolo_class_id": 17,
      "confidence": 0.7522262334823608,
      "bbox_xyxy": [
        227.67408752441406,
        404.8450927734375,
        402.4078369140625,
        494.52081298828125
      ],
      "bbox_yolo": [
        0.4922514855861664,
        0.7026296257972717,
        0.27302148938179016,
        0.1401183158159256
      ],
      "bbox_width_px": 174.73374938964844,
      "bbox_height_px": 89.67572021484375
    },
    {
      "detection_id": 2,
      "class_name": "sofa",
      "yolo_class_id": 17,
      "confidence": 0.8082308769226074,
      "bbox_xyxy": [
        23.857635498046875,
        409.6117858886719,
        220.98068237304688,
        521.5311279296875
      ],
      "bbox_yolo": [
        0.19127993285655975,
        0.7274554371833801,
        0.308004766702652,
        0.1748739778995514
      ],
      "bbox_width_px": 197.123046875,
      "bbox_height_px": 111.91934204101562
    }
  ]
}