{
  "index": 1366,
  "dataframe_iter_index": 1366,
  "image_path": "./datasets/sVOC_FLUXFP8/images/1366.png",
  "image_width": 640,
  "image_height": 640,
  "ground_truth_class": "bicycle",
  "grounding_prompt": "bicycle",
  "timestamp": "2026-05-22T10:31:51.171792",
  "num_detections": 3,
  "detections": [
    {
      "detection_id": 0,
      "class_name": "bicycle",
      "yolo_class_id": 1,
      "confidence": 0.8616576790809631,
      "bbox_xyxy": [
        379.5798034667969,
        349.06640625,
        592.9688110351562,
        554.7482299804688
      ],
      "bbox_yolo": [
        0.7598035931587219,
        0.7061051726341248,
        0.3334203362464905,
        0.32137784361839294
      ],
      "bbox_width_px": 213.38900756835938,
      "bbox_height_px": 205.68182373046875
    },
    {
      "detection_id": 1,
      "class_name": "bicycle",
      "yolo_class_id": 1,
      "confidence": 0.8566305637359619,
      "bbox_xyxy": [
        46.01929473876953,
        327.171142578125,
        271.7004699707031,
        523.0867309570312
      ],
      "bbox_yolo": [
        0.2482185661792755,
        0.6642639636993408,
        0.35262686014175415,
        0.30611810088157654
      ],
      "bbox_width_px": 225.68118286132812,
      "bbox_height_px": 195.91558837890625
    },
    {
      "detection_id": 2,
      "class_name": "bicycle",
      "yolo_class_id": 1,
      "confidence": 0.7758928537368774,
      "bbox_xyxy": [
        250.47848510742188,
        323.2401123046875,
        371.6131286621094,
        535.6914672851562
      ],
      "bbox_yolo": [
        0.48600906133651733,
        0.6710402965545654,
        0.18927288055419922,
        0.3319552540779114
      ],
      "bbox_width_px": 121.1346435546875,
      "bbox_height_px": 212.45135498046875
    }
  ]
}