{
  "index": 13662,
  "dataframe_iter_index": 13662,
  "image_path": "./datasets/sVOC_FLUXFP8/images/13662.png",
  "image_width": 640,
  "image_height": 640,
  "ground_truth_class": "sofa",
  "grounding_prompt": "sofa",
  "timestamp": "2026-05-22T15:08:53.375861",
  "num_detections": 3,
  "detections": [
    {
      "detection_id": 0,
      "class_name": "sofa",
      "yolo_class_id": 17,
      "confidence": 0.7775638699531555,
      "bbox_xyxy": [
        269.4894714355469,
        436.72894287109375,
        373.2150573730469,
        493.5474853515625
      ],
      "bbox_yolo": [
        0.5021129250526428,
        0.7267784476280212,
        0.16207122802734375,
        0.08877897262573242
      ],
      "bbox_width_px": 103.7255859375,
      "bbox_height_px": 56.81854248046875
    },
    {
      "detection_id": 1,
      "class_name": "sofa",
      "yolo_class_id": 17,
      "confidence": 0.7622920274734497,
      "bbox_xyxy": [
        162.3494110107422,
        441.08843994140625,
        255.8396453857422,
        518.8115844726562
      ],
      "bbox_yolo": [
        0.32671019434928894,
        0.7499219179153442,
        0.14607849717140198,
        0.12144241482019424
      ],
      "bbox_width_px": 93.490234375,
      "bbox_height_px": 77.72314453125
    },
    {
      "detection_id": 2,
      "class_name": "sofa",
      "yolo_class_id": 17,
      "confidence": 0.6833871006965637,
      "bbox_xyxy": [
        385.67010498046875,
        441.85101318359375,
        478.9747314453125,
        510.73797607421875
      ],
      "bbox_yolo": [
        0.6755037903785706,
        0.7442101240158081,
        0.14578847587108612,
        0.10763587802648544
      ],
      "bbox_width_px": 93.30462646484375,
      "bbox_height_px": 68.886962890625
    }
  ]
}