{
  "index": 13673,
  "dataframe_iter_index": 13673,
  "image_path": "./datasets/sVOC_FLUXFP8/images/13673.png",
  "image_width": 640,
  "image_height": 640,
  "ground_truth_class": "sofa",
  "grounding_prompt": "sofa",
  "timestamp": "2026-05-22T15:09:08.907613",
  "num_detections": 2,
  "detections": [
    {
      "detection_id": 0,
      "class_name": "sofa",
      "yolo_class_id": 17,
      "confidence": 0.9258689880371094,
      "bbox_xyxy": [
        339.4195556640625,
        400.7762756347656,
        600.2713623046875,
        565.9571533203125
      ],
      "bbox_yolo": [
        0.7341335415840149,
        0.7552604675292969,
        0.4075809419155121,
        0.2580951154232025
      ],
      "bbox_width_px": 260.851806640625,
      "bbox_height_px": 165.18087768554688
    },
    {
      "detection_id": 1,
      "class_name": "sofa",
      "yolo_class_id": 17,
      "confidence": 0.8627643585205078,
      "bbox_xyxy": [
        59.240997314453125,
        418.91845703125,
        273.6947326660156,
        576.1172485351562
      ],
      "bbox_yolo": [
        0.26010602712631226,
        0.7773716449737549,
        0.3350839614868164,
        0.24562311172485352
      ],
      "bbox_width_px": 214.4537353515625,
      "bbox_height_px": 157.19879150390625
    }
  ]
}