{
  "index": 13685,
  "dataframe_iter_index": 13685,
  "image_path": "./datasets/sVOC_FLUXFP8/images/13685.png",
  "image_width": 640,
  "image_height": 640,
  "ground_truth_class": "sofa",
  "grounding_prompt": "sofa",
  "timestamp": "2026-05-22T15:09:25.927846",
  "num_detections": 2,
  "detections": [
    {
      "detection_id": 0,
      "class_name": "sofa",
      "yolo_class_id": 17,
      "confidence": 0.8244171142578125,
      "bbox_xyxy": [
        338.60162353515625,
        381.21734619140625,
        605.6080932617188,
        565.6615600585938
      ],
      "bbox_yolo": [
        0.7376638650894165,
        0.7397491335868835,
        0.4171976149082184,
        0.28819409012794495
      ],
      "bbox_width_px": 267.0064697265625,
      "bbox_height_px": 184.4442138671875
    },
    {
      "detection_id": 1,
      "class_name": "sofa",
      "yolo_class_id": 17,
      "confidence": 0.8112030625343323,
      "bbox_xyxy": [
        44.863128662109375,
        378.52099609375,
        309.0252990722656,
        554.0565795898438
      ],
      "bbox_yolo": [
        0.27647534012794495,
        0.7285762429237366,
        0.4127534031867981,
        0.2742743492126465
      ],
      "bbox_width_px": 264.16217041015625,
      "bbox_height_px": 175.53558349609375
    }
  ]
}