{
  "index": 13683,
  "dataframe_iter_index": 13683,
  "image_path": "./datasets/sVOC_FLUXFP8/images/13683.png",
  "image_width": 640,
  "image_height": 640,
  "ground_truth_class": "sofa",
  "grounding_prompt": "sofa",
  "timestamp": "2026-05-22T15:09:23.145734",
  "num_detections": 1,
  "detections": [
    {
      "detection_id": 0,
      "class_name": "sofa",
      "yolo_class_id": 17,
      "confidence": 0.9525904655456543,
      "bbox_xyxy": [
        57.206268310546875,
        362.0933532714844,
        597.815185546875,
        571.480224609375
      ],
      "bbox_yolo": [
        0.5117355585098267,
        0.7293543815612793,
        0.8447014093399048,
        0.32716697454452515
      ],
      "bbox_width_px": 540.60888671875,
      "bbox_height_px": 209.38687133789062
    }
  ]
}