{
  "index": 1375,
  "dataframe_iter_index": 1375,
  "image_path": "./datasets/sVOC_FLUXFP8/images/1375.png",
  "image_width": 640,
  "image_height": 640,
  "ground_truth_class": "bicycle",
  "grounding_prompt": "bicycle",
  "timestamp": "2026-05-22T10:32:01.331571",
  "num_detections": 1,
  "detections": [
    {
      "detection_id": 0,
      "class_name": "bicycle",
      "yolo_class_id": 1,
      "confidence": 0.9670553207397461,
      "bbox_xyxy": [
        77.93707275390625,
        219.73614501953125,
        577.3528442382812,
        562.5242919921875
      ],
      "bbox_yolo": [
        0.5119452476501465,
        0.6111409664154053,
        0.7803371548652649,
        0.5356065034866333
      ],
      "bbox_width_px": 499.415771484375,
      "bbox_height_px": 342.78814697265625
    }
  ]
}