{
  "index": 13753,
  "dataframe_iter_index": 13753,
  "image_path": "./datasets/sVOC_FLUXFP8/images/13753.png",
  "image_width": 640,
  "image_height": 640,
  "ground_truth_class": "sofa",
  "grounding_prompt": "sofa",
  "timestamp": "2026-05-22T15:11:01.863709",
  "num_detections": 2,
  "detections": [
    {
      "detection_id": 0,
      "class_name": "sofa",
      "yolo_class_id": 17,
      "confidence": 0.8669107556343079,
      "bbox_xyxy": [
        340.3139953613281,
        385.73468017578125,
        598.5364990234375,
        538.06298828125
      ],
      "bbox_yolo": [
        0.7334769368171692,
        0.7217169404029846,
        0.4034726619720459,
        0.23801298439502716
      ],
      "bbox_width_px": 258.2225036621094,
      "bbox_height_px": 152.32830810546875
    },
    {
      "detection_id": 1,
      "class_name": "sofa",
      "yolo_class_id": 17,
      "confidence": 0.8663562536239624,
      "bbox_xyxy": [
        48.478515625,
        383.33074951171875,
        299.0446472167969,
        528.843017578125
      ],
      "bbox_yolo": [
        0.27150246500968933,
        0.7126357555389404,
        0.3915095925331116,
        0.22736291587352753
      ],
      "bbox_width_px": 250.56613159179688,
      "bbox_height_px": 145.51226806640625
    }
  ]
}