{
  "index": 13805,
  "dataframe_iter_index": 13805,
  "image_path": "./datasets/sVOC_FLUXFP8/images/13805.png",
  "image_width": 640,
  "image_height": 640,
  "ground_truth_class": "sofa",
  "grounding_prompt": "sofa",
  "timestamp": "2026-05-22T15:12:14.479514",
  "num_detections": 2,
  "detections": [
    {
      "detection_id": 0,
      "class_name": "sofa",
      "yolo_class_id": 17,
      "confidence": 0.7865124344825745,
      "bbox_xyxy": [
        353.6240539550781,
        351.0659484863281,
        558.5533447265625,
        452.1335144042969
      ],
      "bbox_yolo": [
        0.7126385569572449,
        0.6274995803833008,
        0.3202020227909088,
        0.1579180657863617
      ],
      "bbox_width_px": 204.92929077148438,
      "bbox_height_px": 101.06756591796875
    },
    {
      "detection_id": 1,
      "class_name": "sofa",
      "yolo_class_id": 17,
      "confidence": 0.47839823365211487,
      "bbox_xyxy": [
        87.70266723632812,
        361.5548400878906,
        273.2655029296875,
        489.2019958496094
      ],
      "bbox_yolo": [
        0.2820063829421997,
        0.6646537780761719,
        0.2899419367313385,
        0.19944867491722107
      ],
      "bbox_width_px": 185.56283569335938,
      "bbox_height_px": 127.64715576171875
    }
  ]
}