{
  "index": 13808,
  "dataframe_iter_index": 13808,
  "image_path": "./datasets/sVOC_FLUXFP8/images/13808.png",
  "image_width": 640,
  "image_height": 640,
  "ground_truth_class": "sofa",
  "grounding_prompt": "sofa",
  "timestamp": "2026-05-22T15:12:18.651155",
  "num_detections": 1,
  "detections": [
    {
      "detection_id": 0,
      "class_name": "sofa",
      "yolo_class_id": 17,
      "confidence": 0.9584178924560547,
      "bbox_xyxy": [
        128.44480895996094,
        329.2667236328125,
        418.5794677734375,
        486.44677734375
      ],
      "bbox_yolo": [
        0.42736274003982544,
        0.6372761726379395,
        0.45333537459373474,
        0.2455938309431076
      ],
      "bbox_width_px": 290.1346435546875,
      "bbox_height_px": 157.1800537109375
    }
  ]
}