{
  "index": 13816,
  "dataframe_iter_index": 13816,
  "image_path": "./datasets/sVOC_FLUXFP8/images/13816.png",
  "image_width": 640,
  "image_height": 640,
  "ground_truth_class": "sofa",
  "grounding_prompt": "sofa",
  "timestamp": "2026-05-22T15:12:29.989511",
  "num_detections": 1,
  "detections": [
    {
      "detection_id": 0,
      "class_name": "sofa",
      "yolo_class_id": 17,
      "confidence": 0.9694417119026184,
      "bbox_xyxy": [
        130.690673828125,
        309.3621826171875,
        460.57965087890625,
        479.0150146484375
      ],
      "bbox_yolo": [
        0.46192994713783264,
        0.6159197092056274,
        0.5154515504837036,
        0.26508253812789917
      ],
      "bbox_width_px": 329.88897705078125,
      "bbox_height_px": 169.65283203125
    }
  ]
}