{
  "index": 13837,
  "dataframe_iter_index": 13837,
  "image_path": "./datasets/sVOC_FLUXFP8/images/13837.png",
  "image_width": 640,
  "image_height": 640,
  "ground_truth_class": "sofa",
  "grounding_prompt": "sofa",
  "timestamp": "2026-05-22T15:12:59.867963",
  "num_detections": 2,
  "detections": [
    {
      "detection_id": 0,
      "class_name": "sofa",
      "yolo_class_id": 17,
      "confidence": 0.8309149146080017,
      "bbox_xyxy": [
        334.5308837890625,
        367.6572265625,
        596.5965576171875,
        531.1854248046875
      ],
      "bbox_yolo": [
        0.7274433374404907,
        0.7022207975387573,
        0.4094776213169098,
        0.2555128037929535
      ],
      "bbox_width_px": 262.065673828125,
      "bbox_height_px": 163.5281982421875
    },
    {
      "detection_id": 1,
      "class_name": "sofa",
      "yolo_class_id": 17,
      "confidence": 0.8102787137031555,
      "bbox_xyxy": [
        39.00111389160156,
        362.2474365234375,
        290.11346435546875,
        531.7689208984375
      ],
      "bbox_yolo": [
        0.2571207582950592,
        0.6984502673149109,
        0.392363041639328,
        0.2648773193359375
      ],
      "bbox_width_px": 251.1123504638672,
      "bbox_height_px": 169.521484375
    }
  ]
}