{
  "index": 13859,
  "dataframe_iter_index": 13859,
  "image_path": "./datasets/sVOC_FLUXFP8/images/13859.png",
  "image_width": 640,
  "image_height": 640,
  "ground_truth_class": "sofa",
  "grounding_prompt": "sofa",
  "timestamp": "2026-05-22T15:13:31.281973",
  "num_detections": 1,
  "detections": [
    {
      "detection_id": 0,
      "class_name": "sofa",
      "yolo_class_id": 17,
      "confidence": 0.9560097455978394,
      "bbox_xyxy": [
        143.3941192626953,
        391.80706787109375,
        509.12078857421875,
        536.4918823242188
      ],
      "bbox_yolo": [
        0.5097772479057312,
        0.7252335548400879,
        0.5714479684829712,
        0.22607001662254333
      ],
      "bbox_width_px": 365.7266845703125,
      "bbox_height_px": 144.684814453125
    }
  ]
}