{
  "index": 13863,
  "dataframe_iter_index": 13863,
  "image_path": "./datasets/sVOC_FLUXFP8/images/13863.png",
  "image_width": 640,
  "image_height": 640,
  "ground_truth_class": "sofa",
  "grounding_prompt": "sofa",
  "timestamp": "2026-05-22T15:13:36.766931",
  "num_detections": 1,
  "detections": [
    {
      "detection_id": 0,
      "class_name": "sofa",
      "yolo_class_id": 17,
      "confidence": 0.9620686173439026,
      "bbox_xyxy": [
        143.31202697753906,
        389.4907531738281,
        511.45904541015625,
        547.1819458007812
      ],
      "bbox_yolo": [
        0.511539876461029,
        0.7317755818367004,
        0.5752297639846802,
        0.24639248847961426
      ],
      "bbox_width_px": 368.14703369140625,
      "bbox_height_px": 157.69119262695312
    }
  ]
}