{
  "index": 13865,
  "dataframe_iter_index": 13865,
  "image_path": "./datasets/sVOC_FLUXFP8/images/13865.png",
  "image_width": 640,
  "image_height": 640,
  "ground_truth_class": "sofa",
  "grounding_prompt": "sofa",
  "timestamp": "2026-05-22T15:13:39.654958",
  "num_detections": 2,
  "detections": [
    {
      "detection_id": 0,
      "class_name": "sofa",
      "yolo_class_id": 17,
      "confidence": 0.9254857897758484,
      "bbox_xyxy": [
        338.4578857421875,
        398.715576171875,
        609.2193603515625,
        609.8648681640625
      ],
      "bbox_yolo": [
        0.7403728365898132,
        0.7879534959793091,
        0.42306479811668396,
        0.32992076873779297
      ],
      "bbox_width_px": 270.761474609375,
      "bbox_height_px": 211.1492919921875
    },
    {
      "detection_id": 1,
      "class_name": "sofa",
      "yolo_class_id": 17,
      "confidence": 0.7953975796699524,
      "bbox_xyxy": [
        92.9666519165039,
        403.7435607910156,
        273.0368347167969,
        568.8892211914062
      ],
      "bbox_yolo": [
        0.2859402298927307,
        0.759869396686554,
        0.2813596725463867,
        0.25804010033607483
      ],
      "bbox_width_px": 180.0701904296875,
      "bbox_height_px": 165.14566040039062
    }
  ]
}