{
  "index": 13883,
  "dataframe_iter_index": 13883,
  "image_path": "./datasets/sVOC_FLUXFP8/images/13883.png",
  "image_width": 640,
  "image_height": 640,
  "ground_truth_class": "sofa",
  "grounding_prompt": "sofa",
  "timestamp": "2026-05-22T15:14:05.026769",
  "num_detections": 1,
  "detections": [
    {
      "detection_id": 0,
      "class_name": "sofa",
      "yolo_class_id": 17,
      "confidence": 0.8703137040138245,
      "bbox_xyxy": [
        100.82524108886719,
        351.8971862792969,
        557.4627685546875,
        578.6673583984375
      ],
      "bbox_yolo": [
        0.514287531375885,
        0.7270035743713379,
        0.7134960889816284,
        0.3543283939361572
      ],
      "bbox_width_px": 456.63751220703125,
      "bbox_height_px": 226.77017211914062
    }
  ]
}