{
  "index": 13893,
  "dataframe_iter_index": 13893,
  "image_path": "./datasets/sVOC_FLUXFP8/images/13893.png",
  "image_width": 640,
  "image_height": 640,
  "ground_truth_class": "sofa",
  "grounding_prompt": "sofa",
  "timestamp": "2026-05-22T15:14:19.135663",
  "num_detections": 2,
  "detections": [
    {
      "detection_id": 0,
      "class_name": "sofa",
      "yolo_class_id": 17,
      "confidence": 0.7132288217544556,
      "bbox_xyxy": [
        62.7889404296875,
        435.6844787597656,
        274.16094970703125,
        576.8525390625
      ],
      "bbox_yolo": [
        0.26324209570884705,
        0.7910445332527161,
        0.3302687704563141,
        0.22057509422302246
      ],
      "bbox_width_px": 211.37200927734375,
      "bbox_height_px": 141.16806030273438
    },
    {
      "detection_id": 1,
      "class_name": "sofa",
      "yolo_class_id": 17,
      "confidence": 0.6697865724563599,
      "bbox_xyxy": [
        378.3302001953125,
        431.93792724609375,
        588.5037841796875,
        574.2903442382812
      ],
      "bbox_yolo": [
        0.7553390264511108,
        0.786115825176239,
        0.3283962309360504,
        0.2224256545305252
      ],
      "bbox_width_px": 210.173583984375,
      "bbox_height_px": 142.3524169921875
    }
  ]
}