{
  "index": 13922,
  "dataframe_iter_index": 13922,
  "image_path": "./datasets/sVOC_FLUXFP8/images/13922.png",
  "image_width": 640,
  "image_height": 640,
  "ground_truth_class": "sofa",
  "grounding_prompt": "sofa",
  "timestamp": "2026-05-22T15:14:59.934996",
  "num_detections": 3,
  "detections": [
    {
      "detection_id": 0,
      "class_name": "sofa",
      "yolo_class_id": 17,
      "confidence": 0.8724039196968079,
      "bbox_xyxy": [
        424.4991760253906,
        447.81634521484375,
        608.287841796875,
        563.7977294921875
      ],
      "bbox_yolo": [
        0.806864857673645,
        0.7903234958648682,
        0.28716978430747986,
        0.1812209188938141
      ],
      "bbox_width_px": 183.78866577148438,
      "bbox_height_px": 115.98138427734375
    },
    {
      "detection_id": 1,
      "class_name": "sofa",
      "yolo_class_id": 17,
      "confidence": 0.8747907280921936,
      "bbox_xyxy": [
        37.519020080566406,
        442.73602294921875,
        226.50418090820312,
        549.0661010742188
      ],
      "bbox_yolo": [
        0.20626811683177948,
        0.7748454213142395,
        0.2952893376350403,
        0.16614075005054474
      ],
      "bbox_width_px": 188.98516845703125,
      "bbox_height_px": 106.330078125
    },
    {
      "detection_id": 2,
      "class_name": "sofa",
      "yolo_class_id": 17,
      "confidence": 0.876653254032135,
      "bbox_xyxy": [
        248.53262329101562,
        439.1032409667969,
        403.5480041503906,
        527.8316650390625
      ],
      "bbox_yolo": [
        0.5094379782676697,
        0.7554179430007935,
        0.24221153557300568,
        0.13863816857337952
      ],
      "bbox_width_px": 155.015380859375,
      "bbox_height_px": 88.72842407226562
    }
  ]
}