{
  "index": 13960,
  "dataframe_iter_index": 13960,
  "image_path": "./datasets/sVOC_FLUXFP8/images/13960.png",
  "image_width": 640,
  "image_height": 640,
  "ground_truth_class": "sofa",
  "grounding_prompt": "sofa",
  "timestamp": "2026-05-22T15:15:54.026259",
  "num_detections": 1,
  "detections": [
    {
      "detection_id": 0,
      "class_name": "sofa",
      "yolo_class_id": 17,
      "confidence": 0.9637675881385803,
      "bbox_xyxy": [
        86.64981842041016,
        384.9471435546875,
        316.5202941894531,
        560.92431640625
      ],
      "bbox_yolo": [
        0.31497663259506226,
        0.7389620542526245,
        0.35917264223098755,
        0.2749643325805664
      ],
      "bbox_width_px": 229.8704833984375,
      "bbox_height_px": 175.9771728515625
    }
  ]
}