{
  "index": 13977,
  "dataframe_iter_index": 13977,
  "image_path": "./datasets/sVOC_FLUXFP8/images/13977.png",
  "image_width": 640,
  "image_height": 640,
  "ground_truth_class": "sofa",
  "grounding_prompt": "sofa",
  "timestamp": "2026-05-22T15:16:18.134991",
  "num_detections": 2,
  "detections": [
    {
      "detection_id": 0,
      "class_name": "sofa",
      "yolo_class_id": 17,
      "confidence": 0.8998177647590637,
      "bbox_xyxy": [
        48.126487731933594,
        400.95391845703125,
        274.35198974609375,
        556.2142944335938
      ],
      "bbox_yolo": [
        0.25193631649017334,
        0.7477876543998718,
        0.3534773290157318,
        0.24259433150291443
      ],
      "bbox_width_px": 226.22549438476562,
      "bbox_height_px": 155.2603759765625
    },
    {
      "detection_id": 1,
      "class_name": "sofa",
      "yolo_class_id": 17,
      "confidence": 0.8903570175170898,
      "bbox_xyxy": [
        376.9956359863281,
        403.489501953125,
        599.780517578125,
        567.3557739257812
      ],
      "bbox_yolo": [
        0.7631063461303711,
        0.7584728598594666,
        0.3481013774871826,
        0.2560410499572754
      ],
      "bbox_width_px": 222.78488159179688,
      "bbox_height_px": 163.86627197265625
    }
  ]
}