{
  "index": 13975,
  "dataframe_iter_index": 13975,
  "image_path": "./datasets/sVOC_FLUXFP8/images/13975.png",
  "image_width": 640,
  "image_height": 640,
  "ground_truth_class": "sofa",
  "grounding_prompt": "sofa",
  "timestamp": "2026-05-22T15:16:15.336751",
  "num_detections": 1,
  "detections": [
    {
      "detection_id": 0,
      "class_name": "sofa",
      "yolo_class_id": 17,
      "confidence": 0.9577526450157166,
      "bbox_xyxy": [
        43.248931884765625,
        350.3448486328125,
        365.11444091796875,
        566.900146484375
      ],
      "bbox_yolo": [
        0.3190338909626007,
        0.7165976762771606,
        0.5029148459434509,
        0.33836764097213745
      ],
      "bbox_width_px": 321.8655090332031,
      "bbox_height_px": 216.5552978515625
    }
  ]
}