{
  "index": 14016,
  "dataframe_iter_index": 14016,
  "image_path": "./datasets/sVOC_FLUXFP8/images/14016.png",
  "image_width": 640,
  "image_height": 640,
  "ground_truth_class": "sofa",
  "grounding_prompt": "sofa",
  "timestamp": "2026-05-22T15:17:12.485949",
  "num_detections": 1,
  "detections": [
    {
      "detection_id": 0,
      "class_name": "sofa",
      "yolo_class_id": 17,
      "confidence": 0.9566701054573059,
      "bbox_xyxy": [
        94.43571472167969,
        390.4945983886719,
        368.54583740234375,
        565.9201049804688
      ],
      "bbox_yolo": [
        0.36170434951782227,
        0.7471989393234253,
        0.4282970428466797,
        0.2741023600101471
      ],
      "bbox_width_px": 274.110107421875,
      "bbox_height_px": 175.42550659179688
    }
  ]
}