{
  "index": 14021,
  "dataframe_iter_index": 14021,
  "image_path": "./datasets/sVOC_FLUXFP8/images/14021.png",
  "image_width": 640,
  "image_height": 640,
  "ground_truth_class": "sofa",
  "grounding_prompt": "sofa",
  "timestamp": "2026-05-22T15:17:19.435822",
  "num_detections": 2,
  "detections": [
    {
      "detection_id": 0,
      "class_name": "sofa",
      "yolo_class_id": 17,
      "confidence": 0.9146668314933777,
      "bbox_xyxy": [
        62.39698028564453,
        396.4165344238281,
        237.88818359375,
        561.9503173828125
      ],
      "bbox_yolo": [
        0.23459777235984802,
        0.748724102973938,
        0.2742050290107727,
        0.25864654779434204
      ],
      "bbox_width_px": 175.4912109375,
      "bbox_height_px": 165.53378295898438
    },
    {
      "detection_id": 1,
      "class_name": "sofa",
      "yolo_class_id": 17,
      "confidence": 0.8977686166763306,
      "bbox_xyxy": [
        380.43878173828125,
        399.06085205078125,
        587.8276977539062,
        568.415283203125
      ],
      "bbox_yolo": [
        0.7564581632614136,
        0.7558407187461853,
        0.32404518127441406,
        0.26461631059646606
      ],
      "bbox_width_px": 207.388916015625,
      "bbox_height_px": 169.35443115234375
    }
  ]
}