{
  "index": 14064,
  "dataframe_iter_index": 14064,
  "image_path": "./datasets/sVOC_FLUXFP8/images/14064.png",
  "image_width": 640,
  "image_height": 640,
  "ground_truth_class": "sofa",
  "grounding_prompt": "sofa",
  "timestamp": "2026-05-22T15:18:20.492020",
  "num_detections": 1,
  "detections": [
    {
      "detection_id": 0,
      "class_name": "sofa",
      "yolo_class_id": 17,
      "confidence": 0.9656896591186523,
      "bbox_xyxy": [
        94.00390625,
        345.27264404296875,
        548.0787353515625,
        532.34326171875
      ],
      "bbox_yolo": [
        0.5016270875930786,
        0.6856374144554138,
        0.7094919085502625,
        0.2922978401184082
      ],
      "bbox_width_px": 454.0748291015625,
      "bbox_height_px": 187.07061767578125
    }
  ]
}