{
  "index": 14099,
  "dataframe_iter_index": 14099,
  "image_path": "./datasets/sVOC_FLUXFP8/images/14099.png",
  "image_width": 640,
  "image_height": 640,
  "ground_truth_class": "sofa",
  "grounding_prompt": "sofa",
  "timestamp": "2026-05-22T15:19:09.343793",
  "num_detections": 1,
  "detections": [
    {
      "detection_id": 0,
      "class_name": "sofa",
      "yolo_class_id": 17,
      "confidence": 0.9519286155700684,
      "bbox_xyxy": [
        13.919403076171875,
        321.79791259765625,
        467.2033386230469,
        591.5280151367188
      ],
      "bbox_yolo": [
        0.37587714195251465,
        0.7135359048843384,
        0.7082561254501343,
        0.4214532971382141
      ],
      "bbox_width_px": 453.283935546875,
      "bbox_height_px": 269.7301025390625
    }
  ]
}