{
  "index": 14142,
  "dataframe_iter_index": 14142,
  "image_path": "./datasets/sVOC_FLUXFP8/images/14142.png",
  "image_width": 640,
  "image_height": 640,
  "ground_truth_class": "sofa",
  "grounding_prompt": "sofa",
  "timestamp": "2026-05-22T15:20:10.088653",
  "num_detections": 3,
  "detections": [
    {
      "detection_id": 0,
      "class_name": "sofa",
      "yolo_class_id": 17,
      "confidence": 0.7835603952407837,
      "bbox_xyxy": [
        206.5955352783203,
        424.77655029296875,
        433.88629150390625,
        530.1126098632812
      ],
      "bbox_yolo": [
        0.5003764033317566,
        0.7460071444511414,
        0.355141818523407,
        0.1645875871181488
      ],
      "bbox_width_px": 227.29075622558594,
      "bbox_height_px": 105.3360595703125
    },
    {
      "detection_id": 1,
      "class_name": "sofa",
      "yolo_class_id": 17,
      "confidence": 0.7584564089775085,
      "bbox_xyxy": [
        436.630859375,
        429.8673095703125,
        614.826416015625,
        572.0833740234375
      ],
      "bbox_yolo": [
        0.8214510083198547,
        0.7827739715576172,
        0.2784305512905121,
        0.22221259772777557
      ],
      "bbox_width_px": 178.195556640625,
      "bbox_height_px": 142.216064453125
    },
    {
      "detection_id": 2,
      "class_name": "sofa",
      "yolo_class_id": 17,
      "confidence": 0.6872814893722534,
      "bbox_xyxy": [
        24.948348999023438,
        429.4232177734375,
        198.17575073242188,
        569.8229370117188
      ],
      "bbox_yolo": [
        0.1743157058954239,
        0.7806610465049744,
        0.27066782116889954,
        0.21937456727027893
      ],
      "bbox_width_px": 173.22740173339844,
      "bbox_height_px": 140.39971923828125
    }
  ]
}