{
  "index": 14145,
  "dataframe_iter_index": 14145,
  "image_path": "./datasets/sVOC_FLUXFP8/images/14145.png",
  "image_width": 640,
  "image_height": 640,
  "ground_truth_class": "sofa",
  "grounding_prompt": "sofa",
  "timestamp": "2026-05-22T15:20:14.268695",
  "num_detections": 2,
  "detections": [
    {
      "detection_id": 0,
      "class_name": "sofa",
      "yolo_class_id": 17,
      "confidence": 0.8868796825408936,
      "bbox_xyxy": [
        59.03486633300781,
        402.2570495605469,
        255.0504608154297,
        551.1570434570312
      ],
      "bbox_yolo": [
        0.24537916481494904,
        0.744854748249054,
        0.3062743544578552,
        0.23265624046325684
      ],
      "bbox_width_px": 196.01559448242188,
      "bbox_height_px": 148.89999389648438
    },
    {
      "detection_id": 1,
      "class_name": "sofa",
      "yolo_class_id": 17,
      "confidence": 0.8713577389717102,
      "bbox_xyxy": [
        383.1062927246094,
        402.7666931152344,
        583.9450073242188,
        542.22265625
      ],
      "bbox_yolo": [
        0.7555087804794312,
        0.7382729649543762,
        0.3138104975223541,
        0.21789994835853577
      ],
      "bbox_width_px": 200.83871459960938,
      "bbox_height_px": 139.45596313476562
    }
  ]
}