{
  "index": 14157,
  "dataframe_iter_index": 14157,
  "image_path": "./datasets/sVOC_FLUXFP8/images/14157.png",
  "image_width": 640,
  "image_height": 640,
  "ground_truth_class": "sofa",
  "grounding_prompt": "sofa",
  "timestamp": "2026-05-22T15:20:31.425394",
  "num_detections": 2,
  "detections": [
    {
      "detection_id": 0,
      "class_name": "sofa",
      "yolo_class_id": 17,
      "confidence": 0.7827490568161011,
      "bbox_xyxy": [
        15.579086303710938,
        402.5894775390625,
        279.147705078125,
        570.5074462890625
      ],
      "bbox_yolo": [
        0.23025532066822052,
        0.7602319717407227,
        0.411825954914093,
        0.26237183809280396
      ],
      "bbox_width_px": 263.568603515625,
      "bbox_height_px": 167.91796875
    },
    {
      "detection_id": 1,
      "class_name": "sofa",
      "yolo_class_id": 17,
      "confidence": 0.7290739417076111,
      "bbox_xyxy": [
        354.68890380859375,
        404.5141906738281,
        629.1812133789062,
        573.6691284179688
      ],
      "bbox_yolo": [
        0.7686485052108765,
        0.7642057538032532,
        0.4288942217826843,
        0.26430457830429077
      ],
      "bbox_width_px": 274.4923095703125,
      "bbox_height_px": 169.15493774414062
    }
  ]
}