{
  "index": 14167,
  "dataframe_iter_index": 14167,
  "image_path": "./datasets/sVOC_FLUXFP8/images/14167.png",
  "image_width": 640,
  "image_height": 640,
  "ground_truth_class": "sofa",
  "grounding_prompt": "sofa",
  "timestamp": "2026-05-22T15:20:45.727335",
  "num_detections": 1,
  "detections": [
    {
      "detection_id": 0,
      "class_name": "sofa",
      "yolo_class_id": 17,
      "confidence": 0.9547932147979736,
      "bbox_xyxy": [
        59.871002197265625,
        364.666748046875,
        589.33251953125,
        568.8458251953125
      ],
      "bbox_yolo": [
        0.5071902275085449,
        0.729306697845459,
        0.8272836804389954,
        0.3190298080444336
      ],
      "bbox_width_px": 529.4615478515625,
      "bbox_height_px": 204.1790771484375
    }
  ]
}