{
  "index": 14189,
  "dataframe_iter_index": 14189,
  "image_path": "./datasets/sVOC_FLUXFP8/images/14189.png",
  "image_width": 640,
  "image_height": 640,
  "ground_truth_class": "sofa",
  "grounding_prompt": "sofa",
  "timestamp": "2026-05-22T15:21:16.879321",
  "num_detections": 2,
  "detections": [
    {
      "detection_id": 0,
      "class_name": "sofa",
      "yolo_class_id": 17,
      "confidence": 0.734046459197998,
      "bbox_xyxy": [
        339.30584716796875,
        387.62200927734375,
        589.4474487304688,
        537.3487548828125
      ],
      "bbox_yolo": [
        0.7255885004997253,
        0.722633421421051,
        0.39084625244140625,
        0.23394803702831268
      ],
      "bbox_width_px": 250.1416015625,
      "bbox_height_px": 149.72674560546875
    },
    {
      "detection_id": 1,
      "class_name": "sofa",
      "yolo_class_id": 17,
      "confidence": 0.7416536211967468,
      "bbox_xyxy": [
        55.44981384277344,
        385.778564453125,
        308.61376953125,
        535.2840576171875
      ],
      "bbox_yolo": [
        0.28442469239234924,
        0.7195801734924316,
        0.3955686688423157,
        0.23360233008861542
      ],
      "bbox_width_px": 253.16395568847656,
      "bbox_height_px": 149.5054931640625
    }
  ]
}