{
  "index": 14193,
  "dataframe_iter_index": 14193,
  "image_path": "./datasets/sVOC_FLUXFP8/images/14193.png",
  "image_width": 640,
  "image_height": 640,
  "ground_truth_class": "sofa",
  "grounding_prompt": "sofa",
  "timestamp": "2026-05-22T15:21:22.473940",
  "num_detections": 2,
  "detections": [
    {
      "detection_id": 0,
      "class_name": "sofa",
      "yolo_class_id": 17,
      "confidence": 0.7555047273635864,
      "bbox_xyxy": [
        332.9630126953125,
        405.50164794921875,
        626.932861328125,
        553.0966186523438
      ],
      "bbox_yolo": [
        0.7499186396598816,
        0.7489048838615417,
        0.4593278765678406,
        0.23061713576316833
      ],
      "bbox_width_px": 293.9698486328125,
      "bbox_height_px": 147.594970703125
    },
    {
      "detection_id": 1,
      "class_name": "sofa",
      "yolo_class_id": 17,
      "confidence": 0.7827235460281372,
      "bbox_xyxy": [
        17.098541259765625,
        402.8300476074219,
        306.8754577636719,
        557.35986328125
      ],
      "bbox_yolo": [
        0.25310468673706055,
        0.7501484155654907,
        0.4527764320373535,
        0.24145284295082092
      ],
      "bbox_width_px": 289.77691650390625,
      "bbox_height_px": 154.52981567382812
    }
  ]
}