{
  "index": 14197,
  "dataframe_iter_index": 14197,
  "image_path": "./datasets/sVOC_FLUXFP8/images/14197.png",
  "image_width": 640,
  "image_height": 640,
  "ground_truth_class": "sofa",
  "grounding_prompt": "sofa",
  "timestamp": "2026-05-22T15:21:28.098491",
  "num_detections": 2,
  "detections": [
    {
      "detection_id": 0,
      "class_name": "sofa",
      "yolo_class_id": 17,
      "confidence": 0.8359256386756897,
      "bbox_xyxy": [
        56.34526062011719,
        366.5531005859375,
        273.78192138671875,
        553.9224853515625
      ],
      "bbox_yolo": [
        0.2579118609428406,
        0.7191215753555298,
        0.33974477648735046,
        0.29276466369628906
      ],
      "bbox_width_px": 217.43666076660156,
      "bbox_height_px": 187.369384765625
    },
    {
      "detection_id": 1,
      "class_name": "sofa",
      "yolo_class_id": 17,
      "confidence": 0.7466853857040405,
      "bbox_xyxy": [
        370.0861511230469,
        363.32427978515625,
        587.1883544921875,
        557.2452392578125
      ],
      "bbox_yolo": [
        0.7478707432746887,
        0.7191949486732483,
        0.3392221927642822,
        0.3030014932155609
      ],
      "bbox_width_px": 217.10220336914062,
      "bbox_height_px": 193.92095947265625
    }
  ]
}