{
  "index": 14206,
  "dataframe_iter_index": 14206,
  "image_path": "./datasets/sVOC_FLUXFP8/images/14206.png",
  "image_width": 640,
  "image_height": 640,
  "ground_truth_class": "sofa",
  "grounding_prompt": "sofa",
  "timestamp": "2026-05-22T15:21:40.956225",
  "num_detections": 3,
  "detections": [
    {
      "detection_id": 0,
      "class_name": "sofa",
      "yolo_class_id": 17,
      "confidence": 0.7314251065254211,
      "bbox_xyxy": [
        208.14743041992188,
        415.60992431640625,
        432.8774108886719,
        512.6106567382812
      ],
      "bbox_yolo": [
        0.5008006691932678,
        0.7251723408699036,
        0.3511405885219574,
        0.1515636444091797
      ],
      "bbox_width_px": 224.72998046875,
      "bbox_height_px": 97.000732421875
    },
    {
      "detection_id": 1,
      "class_name": "sofa",
      "yolo_class_id": 17,
      "confidence": 0.5747962594032288,
      "bbox_xyxy": [
        51.98036193847656,
        417.8248291015625,
        195.9370880126953,
        538.867431640625
      ],
      "bbox_yolo": [
        0.19368550181388855,
        0.7474158406257629,
        0.22493238747119904,
        0.1891290694475174
      ],
      "bbox_width_px": 143.95672607421875,
      "bbox_height_px": 121.0426025390625
    },
    {
      "detection_id": 2,
      "class_name": "sofa",
      "yolo_class_id": 17,
      "confidence": 0.5976075530052185,
      "bbox_xyxy": [
        447.5741271972656,
        419.28851318359375,
        593.1460571289062,
        540.3886108398438
      ],
      "bbox_yolo": [
        0.8130626678466797,
        0.7497477531433105,
        0.22745613753795624,
        0.1892189085483551
      ],
      "bbox_width_px": 145.57192993164062,
      "bbox_height_px": 121.10009765625
    }
  ]
}