{
  "index": 14202,
  "dataframe_iter_index": 14202,
  "image_path": "./datasets/sVOC_FLUXFP8/images/14202.png",
  "image_width": 640,
  "image_height": 640,
  "ground_truth_class": "sofa",
  "grounding_prompt": "sofa",
  "timestamp": "2026-05-22T15:21:35.279146",
  "num_detections": 3,
  "detections": [
    {
      "detection_id": 0,
      "class_name": "sofa",
      "yolo_class_id": 17,
      "confidence": 0.8214865326881409,
      "bbox_xyxy": [
        207.6741943359375,
        414.457763671875,
        433.8748779296875,
        512.5009765625
      ],
      "bbox_yolo": [
        0.5012102127075195,
        0.7241865396499634,
        0.3534385561943054,
        0.15319252014160156
      ],
      "bbox_width_px": 226.20068359375,
      "bbox_height_px": 98.043212890625
    },
    {
      "detection_id": 1,
      "class_name": "sofa",
      "yolo_class_id": 17,
      "confidence": 0.8136113286018372,
      "bbox_xyxy": [
        441.87860107421875,
        415.86199951171875,
        625.4611206054688,
        545.203125
      ],
      "bbox_yolo": [
        0.8338591456413269,
        0.7508321404457092,
        0.28684768080711365,
        0.20209550857543945
      ],
      "bbox_width_px": 183.58251953125,
      "bbox_height_px": 129.34112548828125
    },
    {
      "detection_id": 2,
      "class_name": "sofa",
      "yolo_class_id": 17,
      "confidence": 0.80271977186203,
      "bbox_xyxy": [
        26.048141479492188,
        415.7668762207031,
        206.34132385253906,
        544.742431640625
      ],
      "bbox_yolo": [
        0.18155427277088165,
        0.7503978610038757,
        0.28170809149742126,
        0.2015243023633957
      ],
      "bbox_width_px": 180.29318237304688,
      "bbox_height_px": 128.97555541992188
    }
  ]
}