{
  "index": 14243,
  "dataframe_iter_index": 14243,
  "image_path": "./datasets/sVOC_FLUXFP8/images/14243.png",
  "image_width": 640,
  "image_height": 640,
  "ground_truth_class": "sofa",
  "grounding_prompt": "sofa",
  "timestamp": "2026-05-22T15:22:33.368733",
  "num_detections": 1,
  "detections": [
    {
      "detection_id": 0,
      "class_name": "sofa",
      "yolo_class_id": 17,
      "confidence": 0.9576389789581299,
      "bbox_xyxy": [
        72.60029602050781,
        332.73236083984375,
        560.2459106445312,
        545.8468627929688
      ],
      "bbox_yolo": [
        0.49441108107566833,
        0.6863900423049927,
        0.7619463205337524,
        0.33299142122268677
      ],
      "bbox_width_px": 487.6456298828125,
      "bbox_height_px": 213.114501953125
    }
  ]
}