{
  "index": 14255,
  "dataframe_iter_index": 14255,
  "image_path": "./datasets/sVOC_FLUXFP8/images/14255.png",
  "image_width": 640,
  "image_height": 640,
  "ground_truth_class": "sofa",
  "grounding_prompt": "sofa",
  "timestamp": "2026-05-22T15:22:50.419292",
  "num_detections": 1,
  "detections": [
    {
      "detection_id": 0,
      "class_name": "sofa",
      "yolo_class_id": 17,
      "confidence": 0.9499590992927551,
      "bbox_xyxy": [
        57.2716064453125,
        364.8651428222656,
        586.9325561523438,
        589.7655029296875
      ],
      "bbox_yolo": [
        0.5032845139503479,
        0.7458051443099976,
        0.8275952339172363,
        0.3514068126678467
      ],
      "bbox_width_px": 529.6609497070312,
      "bbox_height_px": 224.90036010742188
    }
  ]
}