{
  "index": 14251,
  "dataframe_iter_index": 14251,
  "image_path": "./datasets/sVOC_FLUXFP8/images/14251.png",
  "image_width": 640,
  "image_height": 640,
  "ground_truth_class": "sofa",
  "grounding_prompt": "sofa",
  "timestamp": "2026-05-22T15:22:44.815304",
  "num_detections": 1,
  "detections": [
    {
      "detection_id": 0,
      "class_name": "sofa",
      "yolo_class_id": 17,
      "confidence": 0.9424242973327637,
      "bbox_xyxy": [
        75.64410400390625,
        356.26287841796875,
        617.7005004882812,
        605.7077026367188
      ],
      "bbox_yolo": [
        0.5416754484176636,
        0.7515395283699036,
        0.846963107585907,
        0.38975754380226135
      ],
      "bbox_width_px": 542.056396484375,
      "bbox_height_px": 249.44482421875
    }
  ]
}