{
  "index": 14252,
  "dataframe_iter_index": 14252,
  "image_path": "./datasets/sVOC_FLUXFP8/images/14252.png",
  "image_width": 640,
  "image_height": 640,
  "ground_truth_class": "sofa",
  "grounding_prompt": "sofa",
  "timestamp": "2026-05-22T15:22:46.172221",
  "num_detections": 1,
  "detections": [
    {
      "detection_id": 0,
      "class_name": "sofa",
      "yolo_class_id": 17,
      "confidence": 0.9465807676315308,
      "bbox_xyxy": [
        89.00637817382812,
        365.97491455078125,
        548.668701171875,
        580.6279296875
      ],
      "bbox_yolo": [
        0.49818363785743713,
        0.7395334839820862,
        0.7182223796844482,
        0.33539533615112305
      ],
      "bbox_width_px": 459.6623229980469,
      "bbox_height_px": 214.65301513671875
    }
  ]
}