{
  "index": 14276,
  "dataframe_iter_index": 14276,
  "image_path": "./datasets/sVOC_FLUXFP8/images/14276.png",
  "image_width": 640,
  "image_height": 640,
  "ground_truth_class": "sofa",
  "grounding_prompt": "sofa",
  "timestamp": "2026-05-22T15:23:19.975299",
  "num_detections": 1,
  "detections": [
    {
      "detection_id": 0,
      "class_name": "sofa",
      "yolo_class_id": 17,
      "confidence": 0.9482011795043945,
      "bbox_xyxy": [
        20.885345458984375,
        255.4117889404297,
        619.43994140625,
        554.8936157226562
      ],
      "bbox_yolo": [
        0.5002541542053223,
        0.6330510973930359,
        0.9352415204048157,
        0.4679403305053711
      ],
      "bbox_width_px": 598.5545654296875,
      "bbox_height_px": 299.4818115234375
    }
  ]
}