{
  "index": 14326,
  "dataframe_iter_index": 14326,
  "image_path": "./datasets/sVOC_FLUXFP8/images/14326.png",
  "image_width": 640,
  "image_height": 640,
  "ground_truth_class": "sofa",
  "grounding_prompt": "sofa",
  "timestamp": "2026-05-22T15:24:30.923018",
  "num_detections": 3,
  "detections": [
    {
      "detection_id": 0,
      "class_name": "sofa",
      "yolo_class_id": 17,
      "confidence": 0.8097363114356995,
      "bbox_xyxy": [
        51.18402099609375,
        401.8568115234375,
        217.16937255859375,
        533.1793212890625
      ],
      "bbox_yolo": [
        0.20965108275413513,
        0.7304970026016235,
        0.2593521177768707,
        0.20519141852855682
      ],
      "bbox_width_px": 165.9853515625,
      "bbox_height_px": 131.322509765625
    },
    {
      "detection_id": 1,
      "class_name": "sofa",
      "yolo_class_id": 17,
      "confidence": 0.8154689073562622,
      "bbox_xyxy": [
        422.25079345703125,
        402.93182373046875,
        590.1284790039062,
        533.5952758789062
      ],
      "bbox_yolo": [
        0.7909213304519653,
        0.7316617965698242,
        0.26230889558792114,
        0.2041616439819336
      ],
      "bbox_width_px": 167.877685546875,
      "bbox_height_px": 130.6634521484375
    },
    {
      "detection_id": 2,
      "class_name": "sofa",
      "yolo_class_id": 17,
      "confidence": 0.7848443388938904,
      "bbox_xyxy": [
        231.81634521484375,
        392.3436279296875,
        407.60491943359375,
        488.59027099609375
      ],
      "bbox_yolo": [
        0.4995478689670563,
        0.6882296204566956,
        0.2746696472167969,
        0.15038537979125977
      ],
      "bbox_width_px": 175.78857421875,
      "bbox_height_px": 96.24664306640625
    }
  ]
}