{
  "index": 14334,
  "dataframe_iter_index": 14334,
  "image_path": "./datasets/sVOC_FLUXFP8/images/14334.png",
  "image_width": 640,
  "image_height": 640,
  "ground_truth_class": "sofa",
  "grounding_prompt": "sofa",
  "timestamp": "2026-05-22T15:24:42.353983",
  "num_detections": 3,
  "detections": [
    {
      "detection_id": 0,
      "class_name": "sofa",
      "yolo_class_id": 17,
      "confidence": 0.7619284391403198,
      "bbox_xyxy": [
        213.8883056640625,
        336.88031005859375,
        419.27130126953125,
        447.90423583984375
      ],
      "bbox_yolo": [
        0.49465593695640564,
        0.6131129264831543,
        0.3209109306335449,
        0.17347487807273865
      ],
      "bbox_width_px": 205.38299560546875,
      "bbox_height_px": 111.02392578125
    },
    {
      "detection_id": 1,
      "class_name": "sofa",
      "yolo_class_id": 17,
      "confidence": 0.5138710141181946,
      "bbox_xyxy": [
        435.57916259765625,
        348.2201843261719,
        593.7200317382812,
        492.3318176269531
      ],
      "bbox_yolo": [
        0.8041399717330933,
        0.65668123960495,
        0.24709510803222656,
        0.2251744270324707
      ],
      "bbox_width_px": 158.140869140625,
      "bbox_height_px": 144.11163330078125
    },
    {
      "detection_id": 2,
      "class_name": "sofa",
      "yolo_class_id": 17,
      "confidence": 0.494064599275589,
      "bbox_xyxy": [
        48.283782958984375,
        345.7512512207031,
        196.61541748046875,
        491.1662292480469
      ],
      "bbox_yolo": [
        0.19132749736309052,
        0.6538417935371399,
        0.2317681759595871,
        0.2272109091281891
      ],
      "bbox_width_px": 148.33163452148438,
      "bbox_height_px": 145.41497802734375
    }
  ]
}