{
  "index": 14344,
  "dataframe_iter_index": 14344,
  "image_path": "./datasets/sVOC_FLUXFP8/images/14344.png",
  "image_width": 640,
  "image_height": 640,
  "ground_truth_class": "sofa",
  "grounding_prompt": "sofa",
  "timestamp": "2026-05-22T15:24:56.240018",
  "num_detections": 1,
  "detections": [
    {
      "detection_id": 0,
      "class_name": "sofa",
      "yolo_class_id": 17,
      "confidence": 0.8761168718338013,
      "bbox_xyxy": [
        266.1528015136719,
        343.70147705078125,
        583.6802978515625,
        606.0123901367188
      ],
      "bbox_yolo": [
        0.6639321446418762,
        0.7419639825820923,
        0.49613672494888306,
        0.4098607897758484
      ],
      "bbox_width_px": 317.5274963378906,
      "bbox_height_px": 262.3109130859375
    }
  ]
}