{
  "index": 14396,
  "dataframe_iter_index": 14396,
  "image_path": "./datasets/sVOC_FLUXFP8/images/14396.png",
  "image_width": 640,
  "image_height": 640,
  "ground_truth_class": "sofa",
  "grounding_prompt": "sofa",
  "timestamp": "2026-05-22T15:26:10.023327",
  "num_detections": 1,
  "detections": [
    {
      "detection_id": 0,
      "class_name": "sofa",
      "yolo_class_id": 17,
      "confidence": 0.9588884115219116,
      "bbox_xyxy": [
        131.01229858398438,
        390.7062072753906,
        522.4853515625,
        563.1553955078125
      ],
      "bbox_yolo": [
        0.5105450749397278,
        0.7452043294906616,
        0.6116766333580017,
        0.2694518566131592
      ],
      "bbox_width_px": 391.4730529785156,
      "bbox_height_px": 172.44918823242188
    }
  ]
}