{
  "index": 14418,
  "dataframe_iter_index": 14418,
  "image_path": "./datasets/sVOC_FLUXFP8/images/14418.png",
  "image_width": 640,
  "image_height": 640,
  "ground_truth_class": "train",
  "grounding_prompt": "train",
  "timestamp": "2026-05-22T15:26:41.592920",
  "num_detections": 3,
  "detections": [
    {
      "detection_id": 0,
      "class_name": "train",
      "yolo_class_id": 18,
      "confidence": 0.7684698700904846,
      "bbox_xyxy": [
        57.56639099121094,
        298.19000244140625,
        256.71514892578125,
        513.0226440429688
      ],
      "bbox_yolo": [
        0.24553246796131134,
        0.6337598562240601,
        0.31116992235183716,
        0.33567601442337036
      ],
      "bbox_width_px": 199.1487579345703,
      "bbox_height_px": 214.8326416015625
    },
    {
      "detection_id": 1,
      "class_name": "train",
      "yolo_class_id": 18,
      "confidence": 0.7477593421936035,
      "bbox_xyxy": [
        396.17913818359375,
        312.5276794433594,
        585.4714965820312,
        516.5836181640625
      ],
      "bbox_yolo": [
        0.7669145464897156,
        0.6477432250976562,
        0.2957693040370941,
        0.31883740425109863
      ],
      "bbox_width_px": 189.2923583984375,
      "bbox_height_px": 204.05593872070312
    },
    {
      "detection_id": 2,
      "class_name": "train",
      "yolo_class_id": 18,
      "confidence": 0.6526557803153992,
      "bbox_xyxy": [
        252.61837768554688,
        303.20831298828125,
        401.6560363769531,
        514.0032958984375
      ],
      "bbox_yolo": [
        0.511151909828186,
        0.638446569442749,
        0.23287133872509003,
        0.32936716079711914
      ],
      "bbox_width_px": 149.03765869140625,
      "bbox_height_px": 210.79498291015625
    }
  ]
}