{
  "index": 14416,
  "dataframe_iter_index": 14416,
  "image_path": "./datasets/sVOC_FLUXFP8/images/14416.png",
  "image_width": 640,
  "image_height": 640,
  "ground_truth_class": "train",
  "grounding_prompt": "train",
  "timestamp": "2026-05-22T15:26:38.625494",
  "num_detections": 1,
  "detections": [
    {
      "detection_id": 0,
      "class_name": "train",
      "yolo_class_id": 18,
      "confidence": 0.9746529459953308,
      "bbox_xyxy": [
        98.74868774414062,
        247.53236389160156,
        479.8934631347656,
        512.9910888671875
      ],
      "bbox_yolo": [
        0.45206418633461,
        0.594158947467804,
        0.5955387353897095,
        0.41477927565574646
      ],
      "bbox_width_px": 381.144775390625,
      "bbox_height_px": 265.458740234375
    }
  ]
}