{
  "index": 1447,
  "dataframe_iter_index": 1447,
  "image_path": "./datasets/sVOC_FLUXFP8/images/1447.png",
  "image_width": 640,
  "image_height": 640,
  "ground_truth_class": "bicycle",
  "grounding_prompt": "bicycle",
  "timestamp": "2026-05-22T10:33:22.951052",
  "num_detections": 2,
  "detections": [
    {
      "detection_id": 0,
      "class_name": "bicycle",
      "yolo_class_id": 1,
      "confidence": 0.744743287563324,
      "bbox_xyxy": [
        58.390464782714844,
        215.84791564941406,
        271.6708679199219,
        617.665283203125
      ],
      "bbox_yolo": [
        0.2578604221343994,
        0.6511821746826172,
        0.33325061202049255,
        0.6278396844863892
      ],
      "bbox_width_px": 213.2803955078125,
      "bbox_height_px": 401.8173828125
    },
    {
      "detection_id": 1,
      "class_name": "bicycle",
      "yolo_class_id": 1,
      "confidence": 0.38573548197746277,
      "bbox_xyxy": [
        170.33033752441406,
        218.55320739746094,
        334.2066650390625,
        499.033203125
      ],
      "bbox_yolo": [
        0.39416950941085815,
        0.5606144070625305,
        0.2560567557811737,
        0.43824997544288635
      ],
      "bbox_width_px": 163.87632751464844,
      "bbox_height_px": 280.47998046875
    }
  ]
}