{
  "index": 14520,
  "dataframe_iter_index": 14520,
  "image_path": "./datasets/sVOC_FLUXFP8/images/14520.png",
  "image_width": 640,
  "image_height": 640,
  "ground_truth_class": "train",
  "grounding_prompt": "train",
  "timestamp": "2026-05-22T15:29:04.708323",
  "num_detections": 1,
  "detections": [
    {
      "detection_id": 0,
      "class_name": "train",
      "yolo_class_id": 18,
      "confidence": 0.972427487373352,
      "bbox_xyxy": [
        214.7572784423828,
        215.8145751953125,
        430.5128173828125,
        422.0755615234375
      ],
      "bbox_yolo": [
        0.5041172504425049,
        0.49835166335105896,
        0.3371180295944214,
        0.3222827911376953
      ],
      "bbox_width_px": 215.7555389404297,
      "bbox_height_px": 206.260986328125
    }
  ]
}