{
  "index": 1452,
  "dataframe_iter_index": 1452,
  "image_path": "./datasets/sVOC_FLUXFP8/images/1452.png",
  "image_width": 640,
  "image_height": 640,
  "ground_truth_class": "bicycle",
  "grounding_prompt": "bicycle",
  "timestamp": "2026-05-22T10:33:28.579464",
  "num_detections": 1,
  "detections": [
    {
      "detection_id": 0,
      "class_name": "bicycle",
      "yolo_class_id": 1,
      "confidence": 0.8976914882659912,
      "bbox_xyxy": [
        97.31820678710938,
        356.874755859375,
        419.0438537597656,
        550.3895263671875
      ],
      "bbox_yolo": [
        0.40340787172317505,
        0.708800196647644,
        0.5026963353157043,
        0.30236682295799255
      ],
      "bbox_width_px": 321.72564697265625,
      "bbox_height_px": 193.5147705078125
    }
  ]
}