{
  "index": 14557,
  "dataframe_iter_index": 14557,
  "image_path": "./datasets/sVOC_FLUXFP8/images/14557.png",
  "image_width": 640,
  "image_height": 640,
  "ground_truth_class": "train",
  "grounding_prompt": "train",
  "timestamp": "2026-05-22T15:29:56.334863",
  "num_detections": 1,
  "detections": [
    {
      "detection_id": 0,
      "class_name": "train",
      "yolo_class_id": 18,
      "confidence": 0.9639682769775391,
      "bbox_xyxy": [
        106.41960144042969,
        310.92529296875,
        576.1243286132812,
        469.0452880859375
      ],
      "bbox_yolo": [
        0.5332374572753906,
        0.6093519926071167,
        0.7339136004447937,
        0.24706248939037323
      ],
      "bbox_width_px": 469.7047119140625,
      "bbox_height_px": 158.1199951171875
    }
  ]
}