{
  "index": 14608,
  "dataframe_iter_index": 14608,
  "image_path": "./datasets/sVOC_FLUXFP8/images/14608.png",
  "image_width": 640,
  "image_height": 640,
  "ground_truth_class": "train",
  "grounding_prompt": "train",
  "timestamp": "2026-05-22T15:31:07.835841",
  "num_detections": 1,
  "detections": [
    {
      "detection_id": 0,
      "class_name": "train",
      "yolo_class_id": 18,
      "confidence": 0.9644672274589539,
      "bbox_xyxy": [
        124.39840698242188,
        250.52066040039062,
        502.9081726074219,
        442.9886169433594
      ],
      "bbox_yolo": [
        0.4900832772254944,
        0.5418041348457336,
        0.5914214849472046,
        0.30073118209838867
      ],
      "bbox_width_px": 378.509765625,
      "bbox_height_px": 192.46795654296875
    }
  ]
}