{
  "index": 14613,
  "dataframe_iter_index": 14613,
  "image_path": "./datasets/sVOC_FLUXFP8/images/14613.png",
  "image_width": 640,
  "image_height": 640,
  "ground_truth_class": "train",
  "grounding_prompt": "train",
  "timestamp": "2026-05-22T15:31:14.877318",
  "num_detections": 1,
  "detections": [
    {
      "detection_id": 0,
      "class_name": "train",
      "yolo_class_id": 18,
      "confidence": 0.9642332792282104,
      "bbox_xyxy": [
        119.12139892578125,
        288.5076904296875,
        558.8766479492188,
        415.802978515625
      ],
      "bbox_yolo": [
        0.5296859741210938,
        0.5502427220344543,
        0.6871175765991211,
        0.19889888167381287
      ],
      "bbox_width_px": 439.7552490234375,
      "bbox_height_px": 127.2952880859375
    }
  ]
}