{
  "index": 14644,
  "dataframe_iter_index": 14644,
  "image_path": "./datasets/sVOC_FLUXFP8/images/14644.png",
  "image_width": 640,
  "image_height": 640,
  "ground_truth_class": "train",
  "grounding_prompt": "train",
  "timestamp": "2026-05-22T15:31:57.984451",
  "num_detections": 1,
  "detections": [
    {
      "detection_id": 0,
      "class_name": "train",
      "yolo_class_id": 18,
      "confidence": 0.9620353579521179,
      "bbox_xyxy": [
        111.54080200195312,
        273.2254333496094,
        416.1894226074219,
        452.3450012207031
      ],
      "bbox_yolo": [
        0.41228923201560974,
        0.5668519139289856,
        0.4760134816169739,
        0.279874324798584
      ],
      "bbox_width_px": 304.64862060546875,
      "bbox_height_px": 179.11956787109375
    }
  ]
}