{
  "index": 14690,
  "dataframe_iter_index": 14690,
  "image_path": "./datasets/sVOC_FLUXFP8/images/14690.png",
  "image_width": 640,
  "image_height": 640,
  "ground_truth_class": "train",
  "grounding_prompt": "train",
  "timestamp": "2026-05-22T15:33:02.517066",
  "num_detections": 1,
  "detections": [
    {
      "detection_id": 0,
      "class_name": "train",
      "yolo_class_id": 18,
      "confidence": 0.5401938557624817,
      "bbox_xyxy": [
        103.56980895996094,
        221.71414184570312,
        450.37701416015625,
        451.7962951660156
      ],
      "bbox_yolo": [
        0.4327709674835205,
        0.5261800289154053,
        0.5418862104415894,
        0.3595033586025238
      ],
      "bbox_width_px": 346.80718994140625,
      "bbox_height_px": 230.0821533203125
    }
  ]
}