{
  "index": 14699,
  "dataframe_iter_index": 14699,
  "image_path": "./datasets/sVOC_FLUXFP8/images/14699.png",
  "image_width": 640,
  "image_height": 640,
  "ground_truth_class": "train",
  "grounding_prompt": "train",
  "timestamp": "2026-05-22T15:33:14.934421",
  "num_detections": 1,
  "detections": [
    {
      "detection_id": 0,
      "class_name": "train",
      "yolo_class_id": 18,
      "confidence": 0.9644773006439209,
      "bbox_xyxy": [
        114.93061828613281,
        247.94076538085938,
        360.7900390625,
        363.0283508300781
      ],
      "bbox_yolo": [
        0.37165674567222595,
        0.4773196280002594,
        0.3841553330421448,
        0.1798243522644043
      ],
      "bbox_width_px": 245.8594207763672,
      "bbox_height_px": 115.08758544921875
    }
  ]
}