{
  "index": 14706,
  "dataframe_iter_index": 14706,
  "image_path": "./datasets/sVOC_FLUXFP8/images/14706.png",
  "image_width": 640,
  "image_height": 640,
  "ground_truth_class": "train",
  "grounding_prompt": "train",
  "timestamp": "2026-05-22T15:33:24.598334",
  "num_detections": 1,
  "detections": [
    {
      "detection_id": 0,
      "class_name": "train",
      "yolo_class_id": 18,
      "confidence": 0.9568977952003479,
      "bbox_xyxy": [
        97.74040222167969,
        233.28253173828125,
        539.7267456054688,
        558.5189208984375
      ],
      "bbox_yolo": [
        0.4980212152004242,
        0.6185948848724365,
        0.6906036138534546,
        0.5081818699836731
      ],
      "bbox_width_px": 441.986328125,
      "bbox_height_px": 325.23638916015625
    }
  ]
}