{
  "index": 14705,
  "dataframe_iter_index": 14705,
  "image_path": "./datasets/sVOC_FLUXFP8/images/14705.png",
  "image_width": 640,
  "image_height": 640,
  "ground_truth_class": "train",
  "grounding_prompt": "train",
  "timestamp": "2026-05-22T15:33:23.255492",
  "num_detections": 1,
  "detections": [
    {
      "detection_id": 0,
      "class_name": "train",
      "yolo_class_id": 18,
      "confidence": 0.9762805700302124,
      "bbox_xyxy": [
        91.92446899414062,
        305.3992919921875,
        517.5108642578125,
        528.2872924804688
      ],
      "bbox_yolo": [
        0.47612133622169495,
        0.6513176560401917,
        0.6649787425994873,
        0.3482624888420105
      ],
      "bbox_width_px": 425.5863952636719,
      "bbox_height_px": 222.88800048828125
    }
  ]
}