{
  "index": 14722,
  "dataframe_iter_index": 14722,
  "image_path": "./datasets/sVOC_FLUXFP8/images/14722.png",
  "image_width": 640,
  "image_height": 640,
  "ground_truth_class": "train",
  "grounding_prompt": "train",
  "timestamp": "2026-05-22T15:33:46.637269",
  "num_detections": 1,
  "detections": [
    {
      "detection_id": 0,
      "class_name": "train",
      "yolo_class_id": 18,
      "confidence": 0.8651531338691711,
      "bbox_xyxy": [
        109.876953125,
        314.75616455078125,
        608.9705810546875,
        458.07427978515625
      ],
      "bbox_yolo": [
        0.561599612236023,
        0.6037737727165222,
        0.7798337936401367,
        0.22393456101417542
      ],
      "bbox_width_px": 499.0936279296875,
      "bbox_height_px": 143.318115234375
    }
  ]
}