{
  "index": 14746,
  "dataframe_iter_index": 14746,
  "image_path": "./datasets/sVOC_FLUXFP8/images/14746.png",
  "image_width": 640,
  "image_height": 640,
  "ground_truth_class": "train",
  "grounding_prompt": "train",
  "timestamp": "2026-05-22T15:34:20.088054",
  "num_detections": 1,
  "detections": [
    {
      "detection_id": 0,
      "class_name": "train",
      "yolo_class_id": 18,
      "confidence": 0.9645669460296631,
      "bbox_xyxy": [
        119.80963134765625,
        320.38299560546875,
        565.4830322265625,
        445.6201171875
      ],
      "bbox_yolo": [
        0.5353848934173584,
        0.5984399318695068,
        0.69636470079422,
        0.19568300247192383
      ],
      "bbox_width_px": 445.67340087890625,
      "bbox_height_px": 125.23712158203125
    }
  ]
}