{
  "index": 14756,
  "dataframe_iter_index": 14756,
  "image_path": "./datasets/sVOC_FLUXFP8/images/14756.png",
  "image_width": 640,
  "image_height": 640,
  "ground_truth_class": "train",
  "grounding_prompt": "train",
  "timestamp": "2026-05-22T15:34:33.934218",
  "num_detections": 1,
  "detections": [
    {
      "detection_id": 0,
      "class_name": "train",
      "yolo_class_id": 18,
      "confidence": 0.9445400834083557,
      "bbox_xyxy": [
        275.90869140625,
        368.4467468261719,
        341.508544921875,
        418.2778015136719
      ],
      "bbox_yolo": [
        0.4823572039604187,
        0.6146285533905029,
        0.10249976813793182,
        0.07786102592945099
      ],
      "bbox_width_px": 65.599853515625,
      "bbox_height_px": 49.8310546875
    }
  ]
}