{
  "index": 14788,
  "dataframe_iter_index": 14788,
  "image_path": "./datasets/sVOC_FLUXFP8/images/14788.png",
  "image_width": 640,
  "image_height": 640,
  "ground_truth_class": "train",
  "grounding_prompt": "train",
  "timestamp": "2026-05-22T15:35:18.856827",
  "num_detections": 1,
  "detections": [
    {
      "detection_id": 0,
      "class_name": "train",
      "yolo_class_id": 18,
      "confidence": 0.9632508754730225,
      "bbox_xyxy": [
        262.488525390625,
        271.85369873046875,
        452.0992431640625,
        314.14752197265625
      ],
      "bbox_yolo": [
        0.5582717061042786,
        0.45781344175338745,
        0.29626673460006714,
        0.06608410179615021
      ],
      "bbox_width_px": 189.6107177734375,
      "bbox_height_px": 42.2938232421875
    }
  ]
}