{
  "index": 14821,
  "dataframe_iter_index": 14821,
  "image_path": "./datasets/sVOC_FLUXFP8/images/14821.png",
  "image_width": 640,
  "image_height": 640,
  "ground_truth_class": "train",
  "grounding_prompt": "train",
  "timestamp": "2026-05-22T15:36:04.804666",
  "num_detections": 2,
  "detections": [
    {
      "detection_id": 0,
      "class_name": "train",
      "yolo_class_id": 18,
      "confidence": 0.5249077677726746,
      "bbox_xyxy": [
        240.75425720214844,
        329.4120788574219,
        342.76409912109375,
        423.9507141113281
      ],
      "bbox_yolo": [
        0.4558737277984619,
        0.5885646939277649,
        0.1593903750181198,
        0.14771661162376404
      ],
      "bbox_width_px": 102.00984191894531,
      "bbox_height_px": 94.53863525390625
    },
    {
      "detection_id": 1,
      "class_name": "train",
      "yolo_class_id": 18,
      "confidence": 0.4287659525871277,
      "bbox_xyxy": [
        273.9164123535156,
        332.1613464355469,
        454.7209167480469,
        452.8924255371094
      ],
      "bbox_yolo": [
        0.5692479014396667,
        0.6133232712745667,
        0.2825070321559906,
        0.18864230811595917
      ],
      "bbox_width_px": 180.80450439453125,
      "bbox_height_px": 120.7310791015625
    }
  ]
}