{
  "index": 14835,
  "dataframe_iter_index": 14835,
  "image_path": "./datasets/sVOC_FLUXFP8/images/14835.png",
  "image_width": 640,
  "image_height": 640,
  "ground_truth_class": "train",
  "grounding_prompt": "train",
  "timestamp": "2026-05-22T15:36:24.482552",
  "num_detections": 1,
  "detections": [
    {
      "detection_id": 0,
      "class_name": "train",
      "yolo_class_id": 18,
      "confidence": 0.9568573832511902,
      "bbox_xyxy": [
        98.05152893066406,
        217.34823608398438,
        334.41717529296875,
        451.2132873535156
      ],
      "bbox_yolo": [
        0.3378661572933197,
        0.5223137140274048,
        0.3693213164806366,
        0.3654141426086426
      ],
      "bbox_width_px": 236.3656463623047,
      "bbox_height_px": 233.86505126953125
    }
  ]
}