{
  "index": 14851,
  "dataframe_iter_index": 14851,
  "image_path": "./datasets/sVOC_FLUXFP8/images/14851.png",
  "image_width": 640,
  "image_height": 640,
  "ground_truth_class": "train",
  "grounding_prompt": "train",
  "timestamp": "2026-05-22T15:36:47.053856",
  "num_detections": 1,
  "detections": [
    {
      "detection_id": 0,
      "class_name": "train",
      "yolo_class_id": 18,
      "confidence": 0.9604009985923767,
      "bbox_xyxy": [
        124.59596252441406,
        314.27801513671875,
        584.6470947265625,
        424.58367919921875
      ],
      "bbox_yolo": [
        0.5540961027145386,
        0.5772356986999512,
        0.7188299298286438,
        0.172352597117424
      ],
      "bbox_width_px": 460.0511474609375,
      "bbox_height_px": 110.3056640625
    }
  ]
}