{
  "index": 14871,
  "dataframe_iter_index": 14871,
  "image_path": "./datasets/sVOC_FLUXFP8/images/14871.png",
  "image_width": 640,
  "image_height": 640,
  "ground_truth_class": "train",
  "grounding_prompt": "train",
  "timestamp": "2026-05-22T15:37:14.963903",
  "num_detections": 1,
  "detections": [
    {
      "detection_id": 0,
      "class_name": "train",
      "yolo_class_id": 18,
      "confidence": 0.9271683096885681,
      "bbox_xyxy": [
        130.26927185058594,
        272.370361328125,
        387.5966796875,
        421.9837646484375
      ],
      "bbox_yolo": [
        0.40458279848098755,
        0.5424641370773315,
        0.40207403898239136,
        0.2337709367275238
      ],
      "bbox_width_px": 257.327392578125,
      "bbox_height_px": 149.6134033203125
    }
  ]
}