{
  "index": 14881,
  "dataframe_iter_index": 14881,
  "image_path": "./datasets/sVOC_FLUXFP8/images/14881.png",
  "image_width": 640,
  "image_height": 640,
  "ground_truth_class": "train",
  "grounding_prompt": "train",
  "timestamp": "2026-05-22T15:37:28.745416",
  "num_detections": 2,
  "detections": [
    {
      "detection_id": 0,
      "class_name": "train",
      "yolo_class_id": 18,
      "confidence": 0.675983190536499,
      "bbox_xyxy": [
        302.30877685546875,
        274.66058349609375,
        606.7786865234375,
        456.00811767578125
      ],
      "bbox_yolo": [
        0.7102245688438416,
        0.5708349347114563,
        0.47573423385620117,
        0.2833555340766907
      ],
      "bbox_width_px": 304.46990966796875,
      "bbox_height_px": 181.3475341796875
    },
    {
      "detection_id": 1,
      "class_name": "train",
      "yolo_class_id": 18,
      "confidence": 0.6805873513221741,
      "bbox_xyxy": [
        96.62797546386719,
        296.5899658203125,
        319.1546630859375,
        445.3272705078125
      ],
      "bbox_yolo": [
        0.32483020424842834,
        0.5796228647232056,
        0.3476979434490204,
        0.232402041554451
      ],
      "bbox_width_px": 222.5266876220703,
      "bbox_height_px": 148.7373046875
    }
  ]
}