{
  "index": 14885,
  "dataframe_iter_index": 14885,
  "image_path": "./datasets/sVOC_FLUXFP8/images/14885.png",
  "image_width": 640,
  "image_height": 640,
  "ground_truth_class": "train",
  "grounding_prompt": "train",
  "timestamp": "2026-05-22T15:37:34.520600",
  "num_detections": 2,
  "detections": [
    {
      "detection_id": 0,
      "class_name": "train",
      "yolo_class_id": 18,
      "confidence": 0.7886232137680054,
      "bbox_xyxy": [
        0.0655975341796875,
        134.80953979492188,
        324.2376708984375,
        512.1593017578125
      ],
      "bbox_yolo": [
        0.25336194038391113,
        0.5054444074630737,
        0.5065188407897949,
        0.5896090269088745
      ],
      "bbox_width_px": 324.17205810546875,
      "bbox_height_px": 377.3497619628906
    },
    {
      "detection_id": 1,
      "class_name": "train",
      "yolo_class_id": 18,
      "confidence": 0.7546764612197876,
      "bbox_xyxy": [
        299.16876220703125,
        180.38128662109375,
        631.8916625976562,
        456.05352783203125
      ],
      "bbox_yolo": [
        0.7273909449577332,
        0.4972147047519684,
        0.5198795199394226,
        0.4307378828525543
      ],
      "bbox_width_px": 332.722900390625,
      "bbox_height_px": 275.6722412109375
    }
  ]
}