{
  "index": 14895,
  "dataframe_iter_index": 14895,
  "image_path": "./datasets/sVOC_FLUXFP8/images/14895.png",
  "image_width": 640,
  "image_height": 640,
  "ground_truth_class": "train",
  "grounding_prompt": "train",
  "timestamp": "2026-05-22T15:37:48.542674",
  "num_detections": 1,
  "detections": [
    {
      "detection_id": 0,
      "class_name": "train",
      "yolo_class_id": 18,
      "confidence": 0.928763747215271,
      "bbox_xyxy": [
        116.85833740234375,
        288.935791015625,
        420.20721435546875,
        430.69097900390625
      ],
      "bbox_yolo": [
        0.41958245635032654,
        0.5622084140777588,
        0.47398263216018677,
        0.2214924842119217
      ],
      "bbox_width_px": 303.348876953125,
      "bbox_height_px": 141.75518798828125
    }
  ]
}