{
  "index": 14897,
  "dataframe_iter_index": 14897,
  "image_path": "./datasets/sVOC_FLUXFP8/images/14897.png",
  "image_width": 640,
  "image_height": 640,
  "ground_truth_class": "train",
  "grounding_prompt": "train",
  "timestamp": "2026-05-22T15:37:51.405565",
  "num_detections": 2,
  "detections": [
    {
      "detection_id": 0,
      "class_name": "train",
      "yolo_class_id": 18,
      "confidence": 0.519729733467102,
      "bbox_xyxy": [
        72.18208312988281,
        284.0433044433594,
        572.7059326171875,
        514.2264404296875
      ],
      "bbox_yolo": [
        0.5038187503814697,
        0.6236482858657837,
        0.7820685505867004,
        0.35966116189956665
      ],
      "bbox_width_px": 500.52386474609375,
      "bbox_height_px": 230.18313598632812
    },
    {
      "detection_id": 1,
      "class_name": "train",
      "yolo_class_id": 18,
      "confidence": 0.4167044162750244,
      "bbox_xyxy": [
        363.3106384277344,
        353.57958984375,
        572.2765502929688,
        455.12896728515625
      ],
      "bbox_yolo": [
        0.7309274673461914,
        0.631803572177887,
        0.3265092372894287,
        0.15867090225219727
      ],
      "bbox_width_px": 208.96591186523438,
      "bbox_height_px": 101.54937744140625
    }
  ]
}