{
  "index": 14903,
  "dataframe_iter_index": 14903,
  "image_path": "./datasets/sVOC_FLUXFP8/images/14903.png",
  "image_width": 640,
  "image_height": 640,
  "ground_truth_class": "train",
  "grounding_prompt": "train",
  "timestamp": "2026-05-22T15:37:59.632064",
  "num_detections": 1,
  "detections": [
    {
      "detection_id": 0,
      "class_name": "train",
      "yolo_class_id": 18,
      "confidence": 0.9646139740943909,
      "bbox_xyxy": [
        98.74473571777344,
        281.7724609375,
        398.24383544921875,
        421.9918212890625
      ],
      "bbox_yolo": [
        0.38827234506607056,
        0.549815833568573,
        0.46796733140945435,
        0.21909275650978088
      ],
      "bbox_width_px": 299.49908447265625,
      "bbox_height_px": 140.2193603515625
    }
  ]
}