{
  "index": 14912,
  "dataframe_iter_index": 14912,
  "image_path": "./datasets/sVOC_FLUXFP8/images/14912.png",
  "image_width": 640,
  "image_height": 640,
  "ground_truth_class": "train",
  "grounding_prompt": "train",
  "timestamp": "2026-05-22T15:38:12.116120",
  "num_detections": 1,
  "detections": [
    {
      "detection_id": 0,
      "class_name": "train",
      "yolo_class_id": 18,
      "confidence": 0.9749907851219177,
      "bbox_xyxy": [
        98.72846984863281,
        303.091796875,
        430.75634765625,
        515.0978393554688
      ],
      "bbox_yolo": [
        0.4136599898338318,
        0.6392106413841248,
        0.5187935829162598,
        0.33125942945480347
      ],
      "bbox_width_px": 332.02789306640625,
      "bbox_height_px": 212.00604248046875
    }
  ]
}