{
  "index": 14911,
  "dataframe_iter_index": 14911,
  "image_path": "./datasets/sVOC_FLUXFP8/images/14911.png",
  "image_width": 640,
  "image_height": 640,
  "ground_truth_class": "train",
  "grounding_prompt": "train",
  "timestamp": "2026-05-22T15:38:10.669681",
  "num_detections": 1,
  "detections": [
    {
      "detection_id": 0,
      "class_name": "train",
      "yolo_class_id": 18,
      "confidence": 0.9241408705711365,
      "bbox_xyxy": [
        301.6220703125,
        0.54437255859375,
        639.1505126953125,
        639.3659057617188
      ],
      "bbox_yolo": [
        0.7349785566329956,
        0.49992990493774414,
        0.5273882150650024,
        0.9981586337089539
      ],
      "bbox_width_px": 337.5284423828125,
      "bbox_height_px": 638.821533203125
    }
  ]
}