{
  "index": 14914,
  "dataframe_iter_index": 14914,
  "image_path": "./datasets/sVOC_FLUXFP8/images/14914.png",
  "image_width": 640,
  "image_height": 640,
  "ground_truth_class": "train",
  "grounding_prompt": "train",
  "timestamp": "2026-05-22T15:38:14.935402",
  "num_detections": 3,
  "detections": [
    {
      "detection_id": 0,
      "class_name": "train",
      "yolo_class_id": 18,
      "confidence": 0.6955023407936096,
      "bbox_xyxy": [
        88.18731689453125,
        220.8794708251953,
        333.6159973144531,
        506.03155517578125
      ],
      "bbox_yolo": [
        0.3295338451862335,
        0.567899227142334,
        0.38348230719566345,
        0.4455501437187195
      ],
      "bbox_width_px": 245.42868041992188,
      "bbox_height_px": 285.152099609375
    },
    {
      "detection_id": 1,
      "class_name": "train",
      "yolo_class_id": 18,
      "confidence": 0.6611791253089905,
      "bbox_xyxy": [
        342.8641357421875,
        219.7005157470703,
        587.3934936523438,
        512.2595825195312
      ],
      "bbox_yolo": [
        0.7267637848854065,
        0.5718438029289246,
        0.3820771276950836,
        0.4571235775947571
      ],
      "bbox_width_px": 244.52935791015625,
      "bbox_height_px": 292.55908203125
    },
    {
      "detection_id": 2,
      "class_name": "train",
      "yolo_class_id": 18,
      "confidence": 0.36020511388778687,
      "bbox_xyxy": [
        292.9090576171875,
        256.6425476074219,
        382.87255859375,
        409.7731628417969
      ],
      "bbox_yolo": [
        0.5279543995857239,
        0.5206372737884521,
        0.14056797325611115,
        0.23926658928394318
      ],
      "bbox_width_px": 89.9635009765625,
      "bbox_height_px": 153.130615234375
    }
  ]
}