{
  "index": 14924,
  "dataframe_iter_index": 14924,
  "image_path": "./datasets/sVOC_FLUXFP8/images/14924.png",
  "image_width": 640,
  "image_height": 640,
  "ground_truth_class": "train",
  "grounding_prompt": "train",
  "timestamp": "2026-05-22T15:38:29.143879",
  "num_detections": 2,
  "detections": [
    {
      "detection_id": 0,
      "class_name": "train",
      "yolo_class_id": 18,
      "confidence": 0.9487550854682922,
      "bbox_xyxy": [
        177.27337646484375,
        339.99029541015625,
        396.67034912109375,
        497.1605224609375
      ],
      "bbox_yolo": [
        0.4483935236930847,
        0.654024064540863,
        0.3428077697753906,
        0.24557848274707794
      ],
      "bbox_width_px": 219.39697265625,
      "bbox_height_px": 157.17022705078125
    },
    {
      "detection_id": 1,
      "class_name": "train",
      "yolo_class_id": 18,
      "confidence": 0.37133049964904785,
      "bbox_xyxy": [
        419.5093688964844,
        427.6056823730469,
        450.0957946777344,
        446.3047790527344
      ],
      "bbox_yolo": [
        0.6793790459632874,
        0.6827425360679626,
        0.047791291028261185,
        0.02921733818948269
      ],
      "bbox_width_px": 30.58642578125,
      "bbox_height_px": 18.6990966796875
    }
  ]
}