{
  "index": 14938,
  "dataframe_iter_index": 14938,
  "image_path": "./datasets/sVOC_FLUXFP8/images/14938.png",
  "image_width": 640,
  "image_height": 640,
  "ground_truth_class": "train",
  "grounding_prompt": "train",
  "timestamp": "2026-05-22T15:38:49.109570",
  "num_detections": 3,
  "detections": [
    {
      "detection_id": 0,
      "class_name": "train",
      "yolo_class_id": 18,
      "confidence": 0.6824008822441101,
      "bbox_xyxy": [
        60.2718505859375,
        253.06784057617188,
        322.37701416015625,
        512.0413818359375
      ],
      "bbox_yolo": [
        0.2989444136619568,
        0.5977416038513184,
        0.4095393121242523,
        0.4046461582183838
      ],
      "bbox_width_px": 262.10516357421875,
      "bbox_height_px": 258.9735412597656
    },
    {
      "detection_id": 1,
      "class_name": "train",
      "yolo_class_id": 18,
      "confidence": 0.6309341192245483,
      "bbox_xyxy": [
        337.14642333984375,
        254.38363647460938,
        580.7691650390625,
        529.9246826171875
      ],
      "bbox_yolo": [
        0.7171215415000916,
        0.6127408742904663,
        0.3806605339050293,
        0.43053287267684937
      ],
      "bbox_width_px": 243.62274169921875,
      "bbox_height_px": 275.5410461425781
    },
    {
      "detection_id": 2,
      "class_name": "train",
      "yolo_class_id": 18,
      "confidence": 0.4971728026866913,
      "bbox_xyxy": [
        249.57546997070312,
        265.6028137207031,
        375.1590270996094,
        500.1946716308594
      ],
      "bbox_yolo": [
        0.48807382583618164,
        0.5982792973518372,
        0.19622430205345154,
        0.3665497899055481
      ],
      "bbox_width_px": 125.58355712890625,
      "bbox_height_px": 234.59185791015625
    }
  ]
}