{
  "index": 14947,
  "dataframe_iter_index": 14947,
  "image_path": "./datasets/sVOC_FLUXFP8/images/14947.png",
  "image_width": 640,
  "image_height": 640,
  "ground_truth_class": "train",
  "grounding_prompt": "train",
  "timestamp": "2026-05-22T15:39:01.842589",
  "num_detections": 1,
  "detections": [
    {
      "detection_id": 0,
      "class_name": "train",
      "yolo_class_id": 18,
      "confidence": 0.970505952835083,
      "bbox_xyxy": [
        107.63490295410156,
        224.11984252929688,
        562.3572387695312,
        489.7165222167969
      ],
      "bbox_yolo": [
        0.5234313607215881,
        0.5576846599578857,
        0.7105036973953247,
        0.4149948060512543
      ],
      "bbox_width_px": 454.72235107421875,
      "bbox_height_px": 265.5966796875
    }
  ]
}