{
  "index": 14990,
  "dataframe_iter_index": 14990,
  "image_path": "./datasets/sVOC_FLUXFP8/images/14990.png",
  "image_width": 640,
  "image_height": 640,
  "ground_truth_class": "train",
  "grounding_prompt": "train",
  "timestamp": "2026-05-22T15:40:02.769148",
  "num_detections": 1,
  "detections": [
    {
      "detection_id": 0,
      "class_name": "train",
      "yolo_class_id": 18,
      "confidence": 0.5032089352607727,
      "bbox_xyxy": [
        103.58297729492188,
        297.7171325683594,
        534.0045166015625,
        448.2902526855469
      ],
      "bbox_yolo": [
        0.4981152415275574,
        0.5828182697296143,
        0.6725336313247681,
        0.23527050018310547
      ],
      "bbox_width_px": 430.4215393066406,
      "bbox_height_px": 150.5731201171875
    }
  ]
}