{
  "index": 15104,
  "dataframe_iter_index": 15104,
  "image_path": "./datasets/sVOC_FLUXFP8/images/15104.png",
  "image_width": 640,
  "image_height": 640,
  "ground_truth_class": "train",
  "grounding_prompt": "train",
  "timestamp": "2026-05-22T15:42:44.511793",
  "num_detections": 1,
  "detections": [
    {
      "detection_id": 0,
      "class_name": "train",
      "yolo_class_id": 18,
      "confidence": 0.8529918193817139,
      "bbox_xyxy": [
        115.14754486083984,
        303.866455078125,
        322.4024963378906,
        512.6295166015625
      ],
      "bbox_yolo": [
        0.34183597564697266,
        0.6378874778747559,
        0.3238358497619629,
        0.32619228959083557
      ],
      "bbox_width_px": 207.25494384765625,
      "bbox_height_px": 208.7630615234375
    }
  ]
}