{
  "index": 15122,
  "dataframe_iter_index": 15122,
  "image_path": "./datasets/sVOC_FLUXFP8/images/15122.png",
  "image_width": 640,
  "image_height": 640,
  "ground_truth_class": "train",
  "grounding_prompt": "train",
  "timestamp": "2026-05-22T15:43:10.217234",
  "num_detections": 2,
  "detections": [
    {
      "detection_id": 0,
      "class_name": "train",
      "yolo_class_id": 18,
      "confidence": 0.8880372643470764,
      "bbox_xyxy": [
        35.377288818359375,
        251.13461303710938,
        451.26519775390625,
        519.1451416015625
      ],
      "bbox_yolo": [
        0.380189448595047,
        0.6017810702323914,
        0.649824857711792,
        0.41876643896102905
      ],
      "bbox_width_px": 415.8879089355469,
      "bbox_height_px": 268.0105285644531
    },
    {
      "detection_id": 1,
      "class_name": "train",
      "yolo_class_id": 18,
      "confidence": 0.5772186517715454,
      "bbox_xyxy": [
        460.91290283203125,
        342.9237365722656,
        540.644775390625,
        458.6284484863281
      ],
      "bbox_yolo": [
        0.7824669480323792,
        0.6262126564979553,
        0.12458105385303497,
        0.18078860640525818
      ],
      "bbox_width_px": 79.73187255859375,
      "bbox_height_px": 115.7047119140625
    }
  ]
}