{
  "index": 15172,
  "dataframe_iter_index": 15172,
  "image_path": "./datasets/sVOC_FLUXFP8/images/15172.png",
  "image_width": 640,
  "image_height": 640,
  "ground_truth_class": "train",
  "grounding_prompt": "train",
  "timestamp": "2026-05-22T15:44:20.645267",
  "num_detections": 1,
  "detections": [
    {
      "detection_id": 0,
      "class_name": "train",
      "yolo_class_id": 18,
      "confidence": 0.9652016162872314,
      "bbox_xyxy": [
        154.56634521484375,
        347.5823974609375,
        412.21221923828125,
        504.124267578125
      ],
      "bbox_yolo": [
        0.4427957534790039,
        0.6653958559036255,
        0.4025716781616211,
        0.2445966750383377
      ],
      "bbox_width_px": 257.6458740234375,
      "bbox_height_px": 156.5418701171875
    }
  ]
}