{
  "index": 15178,
  "dataframe_iter_index": 15178,
  "image_path": "./datasets/sVOC_FLUXFP8/images/15178.png",
  "image_width": 640,
  "image_height": 640,
  "ground_truth_class": "train",
  "grounding_prompt": "train",
  "timestamp": "2026-05-22T15:44:29.245296",
  "num_detections": 2,
  "detections": [
    {
      "detection_id": 0,
      "class_name": "train",
      "yolo_class_id": 18,
      "confidence": 0.7401513457298279,
      "bbox_xyxy": [
        372.5545959472656,
        331.94561767578125,
        528.38427734375,
        449.193359375
      ],
      "bbox_yolo": [
        0.703858494758606,
        0.6102648377418518,
        0.24348387122154236,
        0.18319959938526154
      ],
      "bbox_width_px": 155.82968139648438,
      "bbox_height_px": 117.24774169921875
    },
    {
      "detection_id": 1,
      "class_name": "train",
      "yolo_class_id": 18,
      "confidence": 0.8897092938423157,
      "bbox_xyxy": [
        89.18684387207031,
        258.7615966796875,
        353.33660888671875,
        501.2987060546875
      ],
      "bbox_yolo": [
        0.34572142362594604,
        0.5937970876693726,
        0.4127340316772461,
        0.37896424531936646
      ],
      "bbox_width_px": 264.1497802734375,
      "bbox_height_px": 242.537109375
    }
  ]
}