{
  "index": 15194,
  "dataframe_iter_index": 15194,
  "image_path": "./datasets/sVOC_FLUXFP8/images/15194.png",
  "image_width": 640,
  "image_height": 640,
  "ground_truth_class": "train",
  "grounding_prompt": "train",
  "timestamp": "2026-05-22T15:44:52.102330",
  "num_detections": 3,
  "detections": [
    {
      "detection_id": 0,
      "class_name": "train",
      "yolo_class_id": 18,
      "confidence": 0.8217029571533203,
      "bbox_xyxy": [
        87.4188003540039,
        302.99072265625,
        288.1082763671875,
        515.726318359375
      ],
      "bbox_yolo": [
        0.2933805286884308,
        0.639622688293457,
        0.3135773241519928,
        0.3323993682861328
      ],
      "bbox_width_px": 200.68948364257812,
      "bbox_height_px": 212.735595703125
    },
    {
      "detection_id": 1,
      "class_name": "train",
      "yolo_class_id": 18,
      "confidence": 0.786133885383606,
      "bbox_xyxy": [
        382.3601379394531,
        332.92755126953125,
        560.5435791015625,
        491.39117431640625
      ],
      "bbox_yolo": [
        0.7366434931755066,
        0.6439989805221558,
        0.2784116268157959,
        0.24759940803050995
      ],
      "bbox_width_px": 178.18344116210938,
      "bbox_height_px": 158.463623046875
    },
    {
      "detection_id": 2,
      "class_name": "train",
      "yolo_class_id": 18,
      "confidence": 0.6684148907661438,
      "bbox_xyxy": [
        292.6897888183594,
        355.50384521484375,
        386.5688781738281,
        477.885498046875
      ],
      "bbox_yolo": [
        0.5306708216667175,
        0.6510854363441467,
        0.14668607711791992,
        0.19122132658958435
      ],
      "bbox_width_px": 93.87908935546875,
      "bbox_height_px": 122.38165283203125
    }
  ]
}