{
  "index": 15245,
  "dataframe_iter_index": 15245,
  "image_path": "./datasets/sVOC_FLUXFP8/images/15245.png",
  "image_width": 640,
  "image_height": 640,
  "ground_truth_class": "tvmonitor",
  "grounding_prompt": "tvmonitor",
  "timestamp": "2026-05-22T15:46:04.150457",
  "num_detections": 2,
  "detections": [
    {
      "detection_id": 0,
      "class_name": "tvmonitor",
      "yolo_class_id": 19,
      "confidence": 0.7603534460067749,
      "bbox_xyxy": [
        70.97361755371094,
        220.39041137695312,
        341.2552490234375,
        461.1647033691406
      ],
      "bbox_yolo": [
        0.32205381989479065,
        0.5324649214744568,
        0.4223150312900543,
        0.3762098252773285
      ],
      "bbox_width_px": 270.2816162109375,
      "bbox_height_px": 240.7742919921875
    },
    {
      "detection_id": 1,
      "class_name": "tvmonitor",
      "yolo_class_id": 19,
      "confidence": 0.6523655652999878,
      "bbox_xyxy": [
        340.41485595703125,
        247.71023559570312,
        562.3849487304688,
        437.9637145996094
      ],
      "bbox_yolo": [
        0.7053123712539673,
        0.5356827974319458,
        0.34682828187942505,
        0.29727107286453247
      ],
      "bbox_width_px": 221.9700927734375,
      "bbox_height_px": 190.25347900390625
    }
  ]
}