{
  "index": 15266,
  "dataframe_iter_index": 15266,
  "image_path": "./datasets/sVOC_FLUXFP8/images/15266.png",
  "image_width": 640,
  "image_height": 640,
  "ground_truth_class": "tvmonitor",
  "grounding_prompt": "tvmonitor",
  "timestamp": "2026-05-22T15:46:34.152032",
  "num_detections": 3,
  "detections": [
    {
      "detection_id": 0,
      "class_name": "tvmonitor",
      "yolo_class_id": 19,
      "confidence": 0.7536309957504272,
      "bbox_xyxy": [
        279.78973388671875,
        292.92010498046875,
        423.259033203125,
        421.92449951171875
      ],
      "bbox_yolo": [
        0.5492568612098694,
        0.5584723353385925,
        0.2241707742214203,
        0.2015693634748459
      ],
      "bbox_width_px": 143.46929931640625,
      "bbox_height_px": 129.00439453125
    },
    {
      "detection_id": 1,
      "class_name": "tvmonitor",
      "yolo_class_id": 19,
      "confidence": 0.6606405377388,
      "bbox_xyxy": [
        131.00674438476562,
        310.73388671875,
        258.09405517578125,
        438.1798095703125
      ],
      "bbox_yolo": [
        0.30398499965667725,
        0.585088849067688,
        0.19857391715049744,
        0.19913426041603088
      ],
      "bbox_width_px": 127.08731079101562,
      "bbox_height_px": 127.4459228515625
    },
    {
      "detection_id": 2,
      "class_name": "tvmonitor",
      "yolo_class_id": 19,
      "confidence": 0.5616028904914856,
      "bbox_xyxy": [
        440.56561279296875,
        356.9883728027344,
        558.1809692382812,
        454.1872253417969
      ],
      "bbox_yolo": [
        0.7802707552909851,
        0.633730947971344,
        0.18377399444580078,
        0.15187320113182068
      ],
      "bbox_width_px": 117.6153564453125,
      "bbox_height_px": 97.1988525390625
    }
  ]
}