{
  "index": 15284,
  "dataframe_iter_index": 15284,
  "image_path": "./datasets/sVOC_FLUXFP8/images/15284.png",
  "image_width": 640,
  "image_height": 640,
  "ground_truth_class": "tvmonitor",
  "grounding_prompt": "tvmonitor",
  "timestamp": "2026-05-22T15:46:59.035241",
  "num_detections": 1,
  "detections": [
    {
      "detection_id": 0,
      "class_name": "tvmonitor",
      "yolo_class_id": 19,
      "confidence": 0.8981621265411377,
      "bbox_xyxy": [
        175.08714294433594,
        200.2886962890625,
        451.33197021484375,
        440.757080078125
      ],
      "bbox_yolo": [
        0.48938995599746704,
        0.5008170008659363,
        0.43163251876831055,
        0.37573185563087463
      ],
      "bbox_width_px": 276.24481201171875,
      "bbox_height_px": 240.4683837890625
    }
  ]
}