{
  "index": 15315,
  "dataframe_iter_index": 15315,
  "image_path": "./datasets/sVOC_FLUXFP8/images/15315.png",
  "image_width": 640,
  "image_height": 640,
  "ground_truth_class": "tvmonitor",
  "grounding_prompt": "tvmonitor",
  "timestamp": "2026-05-22T15:47:43.079771",
  "num_detections": 1,
  "detections": [
    {
      "detection_id": 0,
      "class_name": "tvmonitor",
      "yolo_class_id": 19,
      "confidence": 0.8349515795707703,
      "bbox_xyxy": [
        131.54261779785156,
        177.4733428955078,
        497.6630859375,
        489.73223876953125
      ],
      "bbox_yolo": [
        0.4915669560432434,
        0.5212543606758118,
        0.5720632672309875,
        0.48790454864501953
      ],
      "bbox_width_px": 366.1204833984375,
      "bbox_height_px": 312.2589111328125
    }
  ]
}