{
  "index": 15334,
  "dataframe_iter_index": 15334,
  "image_path": "./datasets/sVOC_FLUXFP8/images/15334.png",
  "image_width": 640,
  "image_height": 640,
  "ground_truth_class": "tvmonitor",
  "grounding_prompt": "tvmonitor",
  "timestamp": "2026-05-22T15:48:09.678787",
  "num_detections": 3,
  "detections": [
    {
      "detection_id": 0,
      "class_name": "tvmonitor",
      "yolo_class_id": 19,
      "confidence": 0.7767943143844604,
      "bbox_xyxy": [
        86.93871307373047,
        332.6331481933594,
        273.3658752441406,
        526.6866455078125
      ],
      "bbox_yolo": [
        0.28148797154426575,
        0.6713436245918274,
        0.2912924289703369,
        0.303208589553833
      ],
      "bbox_width_px": 186.42715454101562,
      "bbox_height_px": 194.05349731445312
    },
    {
      "detection_id": 1,
      "class_name": "tvmonitor",
      "yolo_class_id": 19,
      "confidence": 0.6756032109260559,
      "bbox_xyxy": [
        309.2728576660156,
        353.714111328125,
        435.1280822753906,
        475.1422119140625
      ],
      "bbox_yolo": [
        0.5815632343292236,
        0.6475440263748169,
        0.19664879143238068,
        0.1897314041852951
      ],
      "bbox_width_px": 125.855224609375,
      "bbox_height_px": 121.4281005859375
    },
    {
      "detection_id": 2,
      "class_name": "tvmonitor",
      "yolo_class_id": 19,
      "confidence": 0.6509440541267395,
      "bbox_xyxy": [
        457.7617492675781,
        359.26318359375,
        568.0811157226562,
        456.9525146484375
      ],
      "bbox_yolo": [
        0.8014397621154785,
        0.6376684904098511,
        0.17237401008605957,
        0.15263958275318146
      ],
      "bbox_width_px": 110.31936645507812,
      "bbox_height_px": 97.6893310546875
    }
  ]
}