{
  "index": 15343,
  "dataframe_iter_index": 15343,
  "image_path": "./datasets/sVOC_FLUXFP8/images/15343.png",
  "image_width": 640,
  "image_height": 640,
  "ground_truth_class": "tvmonitor",
  "grounding_prompt": "tvmonitor",
  "timestamp": "2026-05-22T15:48:22.509309",
  "num_detections": 1,
  "detections": [
    {
      "detection_id": 0,
      "class_name": "tvmonitor",
      "yolo_class_id": 19,
      "confidence": 0.8136755228042603,
      "bbox_xyxy": [
        130.4769287109375,
        284.8143310546875,
        416.1356201171875,
        523.7847900390625
      ],
      "bbox_yolo": [
        0.42704105377197266,
        0.6317180395126343,
        0.44634169340133667,
        0.373391330242157
      ],
      "bbox_width_px": 285.65869140625,
      "bbox_height_px": 238.970458984375
    }
  ]
}