{
  "index": 15359,
  "dataframe_iter_index": 15359,
  "image_path": "./datasets/sVOC_FLUXFP8/images/15359.png",
  "image_width": 640,
  "image_height": 640,
  "ground_truth_class": "tvmonitor",
  "grounding_prompt": "tvmonitor",
  "timestamp": "2026-05-22T15:48:45.153393",
  "num_detections": 1,
  "detections": [
    {
      "detection_id": 0,
      "class_name": "tvmonitor",
      "yolo_class_id": 19,
      "confidence": 0.9061407446861267,
      "bbox_xyxy": [
        91.55009460449219,
        222.11712646484375,
        368.03546142578125,
        453.9681396484375
      ],
      "bbox_yolo": [
        0.3590512275695801,
        0.5281916260719299,
        0.4320083558559418,
        0.3622671961784363
      ],
      "bbox_width_px": 276.4853515625,
      "bbox_height_px": 231.85101318359375
    }
  ]
}