{
  "index": 15372,
  "dataframe_iter_index": 15372,
  "image_path": "./datasets/sVOC_FLUXFP8/images/15372.png",
  "image_width": 640,
  "image_height": 640,
  "ground_truth_class": "tvmonitor",
  "grounding_prompt": "tvmonitor",
  "timestamp": "2026-05-22T15:49:03.183660",
  "num_detections": 1,
  "detections": [
    {
      "detection_id": 0,
      "class_name": "tvmonitor",
      "yolo_class_id": 19,
      "confidence": 0.9159308075904846,
      "bbox_xyxy": [
        219.6390838623047,
        293.1507568359375,
        416.20361328125,
        420.6864013671875
      ],
      "bbox_yolo": [
        0.4967521131038666,
        0.5576852560043335,
        0.3071320652961731,
        0.1992744505405426
      ],
      "bbox_width_px": 196.5645294189453,
      "bbox_height_px": 127.53564453125
    }
  ]
}