{
  "index": 15385,
  "dataframe_iter_index": 15385,
  "image_path": "./datasets/sVOC_FLUXFP8/images/15385.png",
  "image_width": 640,
  "image_height": 640,
  "ground_truth_class": "tvmonitor",
  "grounding_prompt": "tvmonitor",
  "timestamp": "2026-05-22T15:49:21.573571",
  "num_detections": 2,
  "detections": [
    {
      "detection_id": 0,
      "class_name": "tvmonitor",
      "yolo_class_id": 19,
      "confidence": 0.7514485716819763,
      "bbox_xyxy": [
        111.61748504638672,
        246.9718017578125,
        280.19696044921875,
        459.655517578125
      ],
      "bbox_yolo": [
        0.3061050474643707,
        0.5520526170730591,
        0.2634054124355316,
        0.3323183059692383
      ],
      "bbox_width_px": 168.5794677734375,
      "bbox_height_px": 212.6837158203125
    },
    {
      "detection_id": 1,
      "class_name": "tvmonitor",
      "yolo_class_id": 19,
      "confidence": 0.7466768026351929,
      "bbox_xyxy": [
        306.0666198730469,
        249.03076171875,
        420.4300231933594,
        397.86224365234375
      ],
      "bbox_yolo": [
        0.5675755143165588,
        0.505385160446167,
        0.17869281768798828,
        0.23254919052124023
      ],
      "bbox_width_px": 114.3634033203125,
      "bbox_height_px": 148.83148193359375
    }
  ]
}