{
  "index": 15396,
  "dataframe_iter_index": 15396,
  "image_path": "./datasets/sVOC_FLUXFP8/images/15396.png",
  "image_width": 640,
  "image_height": 640,
  "ground_truth_class": "tvmonitor",
  "grounding_prompt": "tvmonitor",
  "timestamp": "2026-05-22T15:49:37.393117",
  "num_detections": 1,
  "detections": [
    {
      "detection_id": 0,
      "class_name": "tvmonitor",
      "yolo_class_id": 19,
      "confidence": 0.8479758501052856,
      "bbox_xyxy": [
        216.55337524414062,
        292.8812255859375,
        415.8641052246094,
        422.0693359375
      ],
      "bbox_yolo": [
        0.4940761625766754,
        0.5585551261901855,
        0.31142300367355347,
        0.20185641944408417
      ],
      "bbox_width_px": 199.31072998046875,
      "bbox_height_px": 129.1881103515625
    }
  ]
}