{
  "index": 15403,
  "dataframe_iter_index": 15403,
  "image_path": "./datasets/sVOC_FLUXFP8/images/15403.png",
  "image_width": 640,
  "image_height": 640,
  "ground_truth_class": "tvmonitor",
  "grounding_prompt": "tvmonitor",
  "timestamp": "2026-05-22T15:49:47.240002",
  "num_detections": 1,
  "detections": [
    {
      "detection_id": 0,
      "class_name": "tvmonitor",
      "yolo_class_id": 19,
      "confidence": 0.8751053810119629,
      "bbox_xyxy": [
        131.28089904785156,
        198.99346923828125,
        450.479248046875,
        412.3441162109375
      ],
      "bbox_yolo": [
        0.45450010895729065,
        0.47760748863220215,
        0.49874743819236755,
        0.33336037397384644
      ],
      "bbox_width_px": 319.1983642578125,
      "bbox_height_px": 213.35064697265625
    }
  ]
}