{
  "index": 15422,
  "dataframe_iter_index": 15422,
  "image_path": "./datasets/sVOC_FLUXFP8/images/15422.png",
  "image_width": 640,
  "image_height": 640,
  "ground_truth_class": "tvmonitor",
  "grounding_prompt": "tvmonitor",
  "timestamp": "2026-05-22T15:50:14.362683",
  "num_detections": 3,
  "detections": [
    {
      "detection_id": 0,
      "class_name": "tvmonitor",
      "yolo_class_id": 19,
      "confidence": 0.7015256285667419,
      "bbox_xyxy": [
        80.99347686767578,
        138.93849182128906,
        239.82574462890625,
        343.95660400390625
      ],
      "bbox_yolo": [
        0.25064000487327576,
        0.37726178765296936,
        0.24817542731761932,
        0.3203408122062683
      ],
      "bbox_width_px": 158.832275390625,
      "bbox_height_px": 205.0181121826172
    },
    {
      "detection_id": 1,
      "class_name": "tvmonitor",
      "yolo_class_id": 19,
      "confidence": 0.5506030321121216,
      "bbox_xyxy": [
        261.6708984375,
        185.08978271484375,
        385.81939697265625,
        303.26605224609375
      ],
      "bbox_yolo": [
        0.5058518052101135,
        0.38152799010276794,
        0.19398203492164612,
        0.18465042114257812
      ],
      "bbox_width_px": 124.14849853515625,
      "bbox_height_px": 118.17626953125
    },
    {
      "detection_id": 2,
      "class_name": "tvmonitor",
      "yolo_class_id": 19,
      "confidence": 0.5943705439567566,
      "bbox_xyxy": [
        408.8394775390625,
        176.3285369873047,
        564.2000732421875,
        317.10247802734375
      ],
      "bbox_yolo": [
        0.7601871490478516,
        0.3854929804801941,
        0.24275092780590057,
        0.2199592888355255
      ],
      "bbox_width_px": 155.360595703125,
      "bbox_height_px": 140.77394104003906
    }
  ]
}