{
  "index": 15434,
  "dataframe_iter_index": 15434,
  "image_path": "./datasets/sVOC_FLUXFP8/images/15434.png",
  "image_width": 640,
  "image_height": 640,
  "ground_truth_class": "tvmonitor",
  "grounding_prompt": "tvmonitor",
  "timestamp": "2026-05-22T15:50:31.307958",
  "num_detections": 3,
  "detections": [
    {
      "detection_id": 0,
      "class_name": "tvmonitor",
      "yolo_class_id": 19,
      "confidence": 0.5296309590339661,
      "bbox_xyxy": [
        199.77468872070312,
        219.51565551757812,
        388.3913269042969,
        464.4256286621094
      ],
      "bbox_yolo": [
        0.4595046937465668,
        0.5343291163444519,
        0.29471349716186523,
        0.3826718330383301
      ],
      "bbox_width_px": 188.61663818359375,
      "bbox_height_px": 244.90997314453125
    },
    {
      "detection_id": 1,
      "class_name": "tvmonitor",
      "yolo_class_id": 19,
      "confidence": 0.4933726489543915,
      "bbox_xyxy": [
        1.0851821899414062,
        197.47857666015625,
        201.91714477539062,
        479.08001708984375
      ],
      "bbox_yolo": [
        0.15859556198120117,
        0.5285614132881165,
        0.3137999475002289,
        0.4400022625923157
      ],
      "bbox_width_px": 200.83197021484375,
      "bbox_height_px": 281.6014404296875
    },
    {
      "detection_id": 2,
      "class_name": "tvmonitor",
      "yolo_class_id": 19,
      "confidence": 0.4851773679256439,
      "bbox_xyxy": [
        386.99676513671875,
        234.06556701660156,
        562.5692138671875,
        454.66180419921875
      ],
      "bbox_yolo": [
        0.7418484091758728,
        0.5380682349205017,
        0.2743319571018219,
        0.34468162059783936
      ],
      "bbox_width_px": 175.57244873046875,
      "bbox_height_px": 220.5962371826172
    }
  ]
}