{
  "index": 15442,
  "dataframe_iter_index": 15442,
  "image_path": "./datasets/sVOC_FLUXFP8/images/15442.png",
  "image_width": 640,
  "image_height": 640,
  "ground_truth_class": "tvmonitor",
  "grounding_prompt": "tvmonitor",
  "timestamp": "2026-05-22T15:50:42.609461",
  "num_detections": 3,
  "detections": [
    {
      "detection_id": 0,
      "class_name": "tvmonitor",
      "yolo_class_id": 19,
      "confidence": 0.7441216111183167,
      "bbox_xyxy": [
        65.0921859741211,
        244.62615966796875,
        319.5777282714844,
        525.0195922851562
      ],
      "bbox_yolo": [
        0.3005233705043793,
        0.6012857556343079,
        0.3976336419582367,
        0.438114732503891
      ],
      "bbox_width_px": 254.48553466796875,
      "bbox_height_px": 280.3934326171875
    },
    {
      "detection_id": 1,
      "class_name": "tvmonitor",
      "yolo_class_id": 19,
      "confidence": 0.6425773501396179,
      "bbox_xyxy": [
        305.62017822265625,
        281.730712890625,
        449.4722900390625,
        465.65234375
      ],
      "bbox_yolo": [
        0.5899159908294678,
        0.5838930010795593,
        0.22476892173290253,
        0.2873775362968445
      ],
      "bbox_width_px": 143.85211181640625,
      "bbox_height_px": 183.921630859375
    },
    {
      "detection_id": 2,
      "class_name": "tvmonitor",
      "yolo_class_id": 19,
      "confidence": 0.6174162030220032,
      "bbox_xyxy": [
        445.03656005859375,
        312.589599609375,
        577.0733642578125,
        446.4678955078125
      ],
      "bbox_yolo": [
        0.7985233664512634,
        0.5930136442184448,
        0.20630750060081482,
        0.20918484032154083
      ],
      "bbox_width_px": 132.03680419921875,
      "bbox_height_px": 133.8782958984375
    }
  ]
}