{
  "index": 15443,
  "dataframe_iter_index": 15443,
  "image_path": "./datasets/sVOC_FLUXFP8/images/15443.png",
  "image_width": 640,
  "image_height": 640,
  "ground_truth_class": "tvmonitor",
  "grounding_prompt": "tvmonitor",
  "timestamp": "2026-05-22T15:50:43.931386",
  "num_detections": 1,
  "detections": [
    {
      "detection_id": 0,
      "class_name": "tvmonitor",
      "yolo_class_id": 19,
      "confidence": 0.8992342948913574,
      "bbox_xyxy": [
        131.34393310546875,
        214.41854858398438,
        509.4000244140625,
        493.1897888183594
      ],
      "bbox_yolo": [
        0.5005812048912048,
        0.552819013595581,
        0.5907126665115356,
        0.4355800747871399
      ],
      "bbox_width_px": 378.05609130859375,
      "bbox_height_px": 278.771240234375
    }
  ]
}