{
  "index": 15459,
  "dataframe_iter_index": 15459,
  "image_path": "./datasets/sVOC_FLUXFP8/images/15459.png",
  "image_width": 640,
  "image_height": 640,
  "ground_truth_class": "tvmonitor",
  "grounding_prompt": "tvmonitor",
  "timestamp": "2026-05-22T15:51:06.674937",
  "num_detections": 1,
  "detections": [
    {
      "detection_id": 0,
      "class_name": "tvmonitor",
      "yolo_class_id": 19,
      "confidence": 0.7264723181724548,
      "bbox_xyxy": [
        175.0947723388672,
        177.45738220214844,
        491.34222412109375,
        412.5152587890625
      ],
      "bbox_yolo": [
        0.5206539034843445,
        0.460916131734848,
        0.49413663148880005,
        0.36727792024612427
      ],
      "bbox_width_px": 316.2474365234375,
      "bbox_height_px": 235.05787658691406
    }
  ]
}