{
  "index": 15461,
  "dataframe_iter_index": 15461,
  "image_path": "./datasets/sVOC_FLUXFP8/images/15461.png",
  "image_width": 640,
  "image_height": 640,
  "ground_truth_class": "tvmonitor",
  "grounding_prompt": "tvmonitor",
  "timestamp": "2026-05-22T15:51:09.621679",
  "num_detections": 2,
  "detections": [
    {
      "detection_id": 0,
      "class_name": "tvmonitor",
      "yolo_class_id": 19,
      "confidence": 0.7552324533462524,
      "bbox_xyxy": [
        336.8966979980469,
        237.99386596679688,
        564.4624633789062,
        451.6436462402344
      ],
      "bbox_yolo": [
        0.7041867971420288,
        0.5387793183326721,
        0.3555715084075928,
        0.33382779359817505
      ],
      "bbox_width_px": 227.56576538085938,
      "bbox_height_px": 213.6497802734375
    },
    {
      "detection_id": 1,
      "class_name": "tvmonitor",
      "yolo_class_id": 19,
      "confidence": 0.749737024307251,
      "bbox_xyxy": [
        81.52476501464844,
        220.5909423828125,
        337.35040283203125,
        441.07373046875
      ],
      "bbox_yolo": [
        0.3272462487220764,
        0.5169255137443542,
        0.39972755312919617,
        0.34450435638427734
      ],
      "bbox_width_px": 255.8256378173828,
      "bbox_height_px": 220.4827880859375
    }
  ]
}