{
  "index": 15465,
  "dataframe_iter_index": 15465,
  "image_path": "./datasets/sVOC_FLUXFP8/images/15465.png",
  "image_width": 640,
  "image_height": 640,
  "ground_truth_class": "tvmonitor",
  "grounding_prompt": "tvmonitor",
  "timestamp": "2026-05-22T15:51:15.355361",
  "num_detections": 2,
  "detections": [
    {
      "detection_id": 0,
      "class_name": "tvmonitor",
      "yolo_class_id": 19,
      "confidence": 0.5613096952438354,
      "bbox_xyxy": [
        79.55194854736328,
        234.14932250976562,
        330.5264587402344,
        416.0642395019531
      ],
      "bbox_yolo": [
        0.3203737437725067,
        0.5079793334007263,
        0.3921476900577545,
        0.28424206376075745
      ],
      "bbox_width_px": 250.97451782226562,
      "bbox_height_px": 181.9149169921875
    },
    {
      "detection_id": 1,
      "class_name": "tvmonitor",
      "yolo_class_id": 19,
      "confidence": 0.4288792908191681,
      "bbox_xyxy": [
        330.1612854003906,
        246.74281311035156,
        560.0792236328125,
        474.490478515625
      ],
      "bbox_yolo": [
        0.695500373840332,
        0.5634635090827942,
        0.35924679040908813,
        0.3558557331562042
      ],
      "bbox_width_px": 229.91793823242188,
      "bbox_height_px": 227.74766540527344
    }
  ]
}