{
  "index": 15503,
  "dataframe_iter_index": 15503,
  "image_path": "./datasets/sVOC_FLUXFP8/images/15503.png",
  "image_width": 640,
  "image_height": 640,
  "ground_truth_class": "tvmonitor",
  "grounding_prompt": "tvmonitor",
  "timestamp": "2026-05-22T15:52:09.783990",
  "num_detections": 1,
  "detections": [
    {
      "detection_id": 0,
      "class_name": "tvmonitor",
      "yolo_class_id": 19,
      "confidence": 0.9064589738845825,
      "bbox_xyxy": [
        48.58465576171875,
        126.85515594482422,
        206.18161010742188,
        281.21533203125
      ],
      "bbox_yolo": [
        0.1990361511707306,
        0.318805068731308,
        0.24624523520469666,
        0.24118776619434357
      ],
      "bbox_width_px": 157.59695434570312,
      "bbox_height_px": 154.36016845703125
    }
  ]
}