{
  "index": 15598,
  "dataframe_iter_index": 15598,
  "image_path": "./datasets/sVOC_FLUXFP8/images/15598.png",
  "image_width": 640,
  "image_height": 640,
  "ground_truth_class": "tvmonitor",
  "grounding_prompt": "tvmonitor",
  "timestamp": "2026-05-22T15:54:50.353245",
  "num_detections": 3,
  "detections": [
    {
      "detection_id": 0,
      "class_name": "tvmonitor",
      "yolo_class_id": 19,
      "confidence": 0.7294973134994507,
      "bbox_xyxy": [
        262.44378662109375,
        293.84344482421875,
        356.98272705078125,
        385.80975341796875
      ],
      "bbox_yolo": [
        0.4839269518852234,
        0.5309790372848511,
        0.14771708846092224,
        0.1436973512172699
      ],
      "bbox_width_px": 94.5389404296875,
      "bbox_height_px": 91.96630859375
    },
    {
      "detection_id": 1,
      "class_name": "tvmonitor",
      "yolo_class_id": 19,
      "confidence": 0.6727398037910461,
      "bbox_xyxy": [
        355.1543884277344,
        312.1128234863281,
        429.3896179199219,
        384.0850524902344
      ],
      "bbox_yolo": [
        0.6129249930381775,
        0.5439046025276184,
        0.11599254608154297,
        0.11245660483837128
      ],
      "bbox_width_px": 74.2352294921875,
      "bbox_height_px": 71.97222900390625
    },
    {
      "detection_id": 2,
      "class_name": "tvmonitor",
      "yolo_class_id": 19,
      "confidence": 0.6979649662971497,
      "bbox_xyxy": [
        165.29998779296875,
        313.5302429199219,
        249.75277709960938,
        382.4392395019531
      ],
      "bbox_yolo": [
        0.3242599666118622,
        0.5437261462211609,
        0.13195748627185822,
        0.10767030715942383
      ],
      "bbox_width_px": 84.45278930664062,
      "bbox_height_px": 68.90899658203125
    }
  ]
}