{
  "index": 15604,
  "dataframe_iter_index": 15604,
  "image_path": "./datasets/sVOC_FLUXFP8/images/15604.png",
  "image_width": 640,
  "image_height": 640,
  "ground_truth_class": "tvmonitor",
  "grounding_prompt": "tvmonitor",
  "timestamp": "2026-05-22T15:54:58.415023",
  "num_detections": 1,
  "detections": [
    {
      "detection_id": 0,
      "class_name": "tvmonitor",
      "yolo_class_id": 19,
      "confidence": 0.7242491841316223,
      "bbox_xyxy": [
        216.278564453125,
        370.3693542480469,
        446.04290771484375,
        554.71044921875
      ],
      "bbox_yolo": [
        0.5174386501312256,
        0.7227185964584351,
        0.3590067923069,
        0.2880329489707947
      ],
      "bbox_width_px": 229.76434326171875,
      "bbox_height_px": 184.34109497070312
    }
  ]
}