{
  "index": 15619,
  "dataframe_iter_index": 15619,
  "image_path": "./datasets/sVOC_FLUXFP8/images/15619.png",
  "image_width": 640,
  "image_height": 640,
  "ground_truth_class": "tvmonitor",
  "grounding_prompt": "tvmonitor",
  "timestamp": "2026-05-22T15:55:18.963343",
  "num_detections": 3,
  "detections": [
    {
      "detection_id": 0,
      "class_name": "tvmonitor",
      "yolo_class_id": 19,
      "confidence": 0.5303822159767151,
      "bbox_xyxy": [
        81.59196472167969,
        224.398681640625,
        288.6837158203125,
        443.5572509765625
      ],
      "bbox_yolo": [
        0.2892778813838959,
        0.5218405723571777,
        0.32358086109161377,
        0.3424352705478668
      ],
      "bbox_width_px": 207.0917510986328,
      "bbox_height_px": 219.1585693359375
    },
    {
      "detection_id": 1,
      "class_name": "tvmonitor",
      "yolo_class_id": 19,
      "confidence": 0.5231364369392395,
      "bbox_xyxy": [
        284.82635498046875,
        266.98541259765625,
        405.93914794921875,
        410.41693115234375
      ],
      "bbox_yolo": [
        0.5396605730056763,
        0.5292205810546875,
        0.1892387419939041,
        0.22411175072193146
      ],
      "bbox_width_px": 121.11279296875,
      "bbox_height_px": 143.4315185546875
    },
    {
      "detection_id": 2,
      "class_name": "tvmonitor",
      "yolo_class_id": 19,
      "confidence": 0.42970094084739685,
      "bbox_xyxy": [
        398.823486328125,
        287.86181640625,
        472.4949951171875,
        397.27801513671875
      ],
      "bbox_yolo": [
        0.6807175874710083,
        0.5352655053138733,
        0.11511173099279404,
        0.17096281051635742
      ],
      "bbox_width_px": 73.6715087890625,
      "bbox_height_px": 109.41619873046875
    }
  ]
}