{
  "index": 15642,
  "dataframe_iter_index": 15642,
  "image_path": "./datasets/sVOC_FLUXFP8/images/15642.png",
  "image_width": 640,
  "image_height": 640,
  "ground_truth_class": "tvmonitor",
  "grounding_prompt": "tvmonitor",
  "timestamp": "2026-05-22T15:55:51.808080",
  "num_detections": 3,
  "detections": [
    {
      "detection_id": 0,
      "class_name": "tvmonitor",
      "yolo_class_id": 19,
      "confidence": 0.7294567823410034,
      "bbox_xyxy": [
        456.1715087890625,
        321.55853271484375,
        580.2154541015625,
        445.36724853515625
      ],
      "bbox_yolo": [
        0.8096773028373718,
        0.5991607904434204,
        0.19381865859031677,
        0.19345112144947052
      ],
      "bbox_width_px": 124.0439453125,
      "bbox_height_px": 123.8087158203125
    },
    {
      "detection_id": 1,
      "class_name": "tvmonitor",
      "yolo_class_id": 19,
      "confidence": 0.8211585283279419,
      "bbox_xyxy": [
        52.03936004638672,
        332.8525085449219,
        244.16064453125,
        526.2362670898438
      ],
      "bbox_yolo": [
        0.23140625655651093,
        0.6711630821228027,
        0.3001894950866699,
        0.3021621108055115
      ],
      "bbox_width_px": 192.12127685546875,
      "bbox_height_px": 193.38375854492188
    },
    {
      "detection_id": 2,
      "class_name": "tvmonitor",
      "yolo_class_id": 19,
      "confidence": 0.7621616125106812,
      "bbox_xyxy": [
        296.033203125,
        323.26885986328125,
        435.3721923828125,
        478.5433349609375
      ],
      "bbox_yolo": [
        0.5714104771614075,
        0.6264157891273499,
        0.21771717071533203,
        0.24261637032032013
      ],
      "bbox_width_px": 139.3389892578125,
      "bbox_height_px": 155.27447509765625
    }
  ]
}