{
  "index": 15662,
  "dataframe_iter_index": 15662,
  "image_path": "./datasets/sVOC_FLUXFP8/images/15662.png",
  "image_width": 640,
  "image_height": 640,
  "ground_truth_class": "tvmonitor",
  "grounding_prompt": "tvmonitor",
  "timestamp": "2026-05-22T15:56:19.911526",
  "num_detections": 3,
  "detections": [
    {
      "detection_id": 0,
      "class_name": "tvmonitor",
      "yolo_class_id": 19,
      "confidence": 0.5681728720664978,
      "bbox_xyxy": [
        124.07958984375,
        317.9430236816406,
        229.07595825195312,
        427.8294372558594
      ],
      "bbox_yolo": [
        0.27590277791023254,
        0.5826347470283508,
        0.16405682265758514,
        0.17169752717018127
      ],
      "bbox_width_px": 104.99636840820312,
      "bbox_height_px": 109.88641357421875
    },
    {
      "detection_id": 1,
      "class_name": "tvmonitor",
      "yolo_class_id": 19,
      "confidence": 0.5476707220077515,
      "bbox_xyxy": [
        280.5379333496094,
        337.8493347167969,
        350.6014709472656,
        400.4936828613281
      ],
      "bbox_yolo": [
        0.49307766556739807,
        0.5768305063247681,
        0.10947427898645401,
        0.09788179397583008
      ],
      "bbox_width_px": 70.06353759765625,
      "bbox_height_px": 62.64434814453125
    },
    {
      "detection_id": 2,
      "class_name": "tvmonitor",
      "yolo_class_id": 19,
      "confidence": 0.4677378535270691,
      "bbox_xyxy": [
        434.4411926269531,
        356.45941162109375,
        486.6720886230469,
        405.931884765625
      ],
      "bbox_yolo": [
        0.7196197509765625,
        0.5956181883811951,
        0.0816107764840126,
        0.07730074226856232
      ],
      "bbox_width_px": 52.23089599609375,
      "bbox_height_px": 49.47247314453125
    }
  ]
}