{
  "index": 1567,
  "dataframe_iter_index": 1567,
  "image_path": "./datasets/sVOC_FLUXFP8/images/1567.png",
  "image_width": 640,
  "image_height": 640,
  "ground_truth_class": "bicycle",
  "grounding_prompt": "bicycle",
  "timestamp": "2026-05-22T10:35:38.268552",
  "num_detections": 1,
  "detections": [
    {
      "detection_id": 0,
      "class_name": "bicycle",
      "yolo_class_id": 1,
      "confidence": 0.9703079462051392,
      "bbox_xyxy": [
        61.79803466796875,
        307.5683898925781,
        591.3987426757812,
        625.235107421875
      ],
      "bbox_yolo": [
        0.5103099942207336,
        0.7287527322769165,
        0.827501118183136,
        0.49635425209999084
      ],
      "bbox_width_px": 529.6007080078125,
      "bbox_height_px": 317.6667175292969
    }
  ]
}