{
  "index": 15676,
  "dataframe_iter_index": 15676,
  "image_path": "./datasets/sVOC_FLUXFP8/images/15676.png",
  "image_width": 640,
  "image_height": 640,
  "ground_truth_class": "tvmonitor",
  "grounding_prompt": "tvmonitor",
  "timestamp": "2026-05-22T15:56:39.377066",
  "num_detections": 1,
  "detections": [
    {
      "detection_id": 0,
      "class_name": "tvmonitor",
      "yolo_class_id": 19,
      "confidence": 0.8560043573379517,
      "bbox_xyxy": [
        43.078826904296875,
        99.48707580566406,
        598.8221435546875,
        586.666015625
      ],
      "bbox_yolo": [
        0.5014851689338684,
        0.5360571146011353,
        0.8683488965034485,
        0.7612171173095703
      ],
      "bbox_width_px": 555.7432861328125,
      "bbox_height_px": 487.178955078125
    }
  ]
}