{
  "index": 15671,
  "dataframe_iter_index": 15671,
  "image_path": "./datasets/sVOC_FLUXFP8/images/15671.png",
  "image_width": 640,
  "image_height": 640,
  "ground_truth_class": "tvmonitor",
  "grounding_prompt": "tvmonitor",
  "timestamp": "2026-05-22T15:56:32.511154",
  "num_detections": 1,
  "detections": [
    {
      "detection_id": 0,
      "class_name": "tvmonitor",
      "yolo_class_id": 19,
      "confidence": 0.733698844909668,
      "bbox_xyxy": [
        267.272705078125,
        218.80133056640625,
        383.909423828125,
        336.01702880859375
      ],
      "bbox_yolo": [
        0.5087360143661499,
        0.4334518313407898,
        0.18224486708641052,
        0.1831495314836502
      ],
      "bbox_width_px": 116.63671875,
      "bbox_height_px": 117.2156982421875
    }
  ]
}