{
  "index": 15675,
  "dataframe_iter_index": 15675,
  "image_path": "./datasets/sVOC_FLUXFP8/images/15675.png",
  "image_width": 640,
  "image_height": 640,
  "ground_truth_class": "tvmonitor",
  "grounding_prompt": "tvmonitor",
  "timestamp": "2026-05-22T15:56:38.064855",
  "num_detections": 1,
  "detections": [
    {
      "detection_id": 0,
      "class_name": "tvmonitor",
      "yolo_class_id": 19,
      "confidence": 0.7174311280250549,
      "bbox_xyxy": [
        116.9951171875,
        224.94656372070312,
        348.9808349609375,
        447.9590148925781
      ],
      "bbox_yolo": [
        0.3640437126159668,
        0.525707483291626,
        0.36247768998146057,
        0.3484569489955902
      ],
      "bbox_width_px": 231.9857177734375,
      "bbox_height_px": 223.012451171875
    }
  ]
}