{
  "index": 1568,
  "dataframe_iter_index": 1568,
  "image_path": "./datasets/sVOC_FLUXFP8/images/1568.png",
  "image_width": 640,
  "image_height": 640,
  "ground_truth_class": "bicycle",
  "grounding_prompt": "bicycle",
  "timestamp": "2026-05-22T10:35:39.360881",
  "num_detections": 1,
  "detections": [
    {
      "detection_id": 0,
      "class_name": "bicycle",
      "yolo_class_id": 1,
      "confidence": 0.9512896537780762,
      "bbox_xyxy": [
        81.56912231445312,
        209.9061279296875,
        275.1863098144531,
        581.0596923828125
      ],
      "bbox_yolo": [
        0.27871519327163696,
        0.6179420351982117,
        0.3025268614292145,
        0.5799274444580078
      ],
      "bbox_width_px": 193.6171875,
      "bbox_height_px": 371.153564453125
    }
  ]
}