{
  "index": 15716,
  "dataframe_iter_index": 15716,
  "image_path": "./datasets/sVOC_FLUXFP8/images/15716.png",
  "image_width": 640,
  "image_height": 640,
  "ground_truth_class": "tvmonitor",
  "grounding_prompt": "tvmonitor",
  "timestamp": "2026-05-22T15:57:35.313324",
  "num_detections": 1,
  "detections": [
    {
      "detection_id": 0,
      "class_name": "tvmonitor",
      "yolo_class_id": 19,
      "confidence": 0.7279970645904541,
      "bbox_xyxy": [
        162.69020080566406,
        187.39242553710938,
        500.165771484375,
        449.9472961425781
      ],
      "bbox_yolo": [
        0.517856240272522,
        0.4979216456413269,
        0.5273056030273438,
        0.4102419912815094
      ],
      "bbox_width_px": 337.4755859375,
      "bbox_height_px": 262.55487060546875
    }
  ]
}