{
  "index": 1572,
  "dataframe_iter_index": 1572,
  "image_path": "./datasets/sVOC_FLUXFP8/images/1572.png",
  "image_width": 640,
  "image_height": 640,
  "ground_truth_class": "bicycle",
  "grounding_prompt": "bicycle",
  "timestamp": "2026-05-22T10:35:43.854462",
  "num_detections": 1,
  "detections": [
    {
      "detection_id": 0,
      "class_name": "bicycle",
      "yolo_class_id": 1,
      "confidence": 0.9690754413604736,
      "bbox_xyxy": [
        70.92741394042969,
        299.28851318359375,
        520.3964233398438,
        612.6865844726562
      ],
      "bbox_yolo": [
        0.4619717597961426,
        0.7124805450439453,
        0.7022953033447266,
        0.48968449234962463
      ],
      "bbox_width_px": 449.468994140625,
      "bbox_height_px": 313.3980712890625
    }
  ]
}