{
  "index": 15752,
  "dataframe_iter_index": 15752,
  "image_path": "./datasets/sVOC_FLUXFP8/images/15752.png",
  "image_width": 640,
  "image_height": 640,
  "ground_truth_class": "tvmonitor",
  "grounding_prompt": "tvmonitor",
  "timestamp": "2026-05-22T15:58:26.371812",
  "num_detections": 1,
  "detections": [
    {
      "detection_id": 0,
      "class_name": "tvmonitor",
      "yolo_class_id": 19,
      "confidence": 0.8120728135108948,
      "bbox_xyxy": [
        131.91110229492188,
        153.63925170898438,
        497.8358459472656,
        494.1004943847656
      ],
      "bbox_yolo": [
        0.49198979139328003,
        0.5060466527938843,
        0.571757435798645,
        0.5319706797599792
      ],
      "bbox_width_px": 365.92474365234375,
      "bbox_height_px": 340.46124267578125
    }
  ]
}