{
  "index": 15780,
  "dataframe_iter_index": 15780,
  "image_path": "./datasets/sVOC_FLUXFP8/images/15780.png",
  "image_width": 640,
  "image_height": 640,
  "ground_truth_class": "tvmonitor",
  "grounding_prompt": "tvmonitor",
  "timestamp": "2026-05-22T15:59:06.268697",
  "num_detections": 1,
  "detections": [
    {
      "detection_id": 0,
      "class_name": "tvmonitor",
      "yolo_class_id": 19,
      "confidence": 0.4062894582748413,
      "bbox_xyxy": [
        82.18135070800781,
        104.52906799316406,
        493.9393310546875,
        555.68505859375
      ],
      "bbox_yolo": [
        0.4500942826271057,
        0.5157922506332397,
        0.6433718800544739,
        0.7049312591552734
      ],
      "bbox_width_px": 411.75799560546875,
      "bbox_height_px": 451.156005859375
    }
  ]
}