{
  "index": 15797,
  "dataframe_iter_index": 15797,
  "image_path": "./datasets/sVOC_FLUXFP8/images/15797.png",
  "image_width": 640,
  "image_height": 640,
  "ground_truth_class": "tvmonitor",
  "grounding_prompt": "tvmonitor",
  "timestamp": "2026-05-22T15:59:30.925884",
  "num_detections": 2,
  "detections": [
    {
      "detection_id": 0,
      "class_name": "tvmonitor",
      "yolo_class_id": 19,
      "confidence": 0.6915283203125,
      "bbox_xyxy": [
        21.625274658203125,
        224.72459411621094,
        317.8953552246094,
        530.5208129882812
      ],
      "bbox_yolo": [
        0.2652505040168762,
        0.5900354981422424,
        0.46292200684547424,
        0.47780656814575195
      ],
      "bbox_width_px": 296.27008056640625,
      "bbox_height_px": 305.79620361328125
    },
    {
      "detection_id": 1,
      "class_name": "tvmonitor",
      "yolo_class_id": 19,
      "confidence": 0.6575877070426941,
      "bbox_xyxy": [
        322.0726318359375,
        230.63760375976562,
        612.3908081054688,
        528.3671875
      ],
      "bbox_yolo": [
        0.7300495505332947,
        0.592972457408905,
        0.45362216234207153,
        0.4652024805545807
      ],
      "bbox_width_px": 290.31817626953125,
      "bbox_height_px": 297.7295837402344
    }
  ]
}