{
  "index": 15807,
  "dataframe_iter_index": 15807,
  "image_path": "./datasets/sVOC_FLUXFP8/images/15807.png",
  "image_width": 640,
  "image_height": 640,
  "ground_truth_class": "tvmonitor",
  "grounding_prompt": "tvmonitor",
  "timestamp": "2026-05-22T15:59:45.232599",
  "num_detections": 1,
  "detections": [
    {
      "detection_id": 0,
      "class_name": "tvmonitor",
      "yolo_class_id": 19,
      "confidence": 0.37415745854377747,
      "bbox_xyxy": [
        21.001266479492188,
        148.8889617919922,
        178.0897674560547,
        402.7489013671875
      ],
      "bbox_yolo": [
        0.155539870262146,
        0.4309670925140381,
        0.24545077979564667,
        0.3966561555862427
      ],
      "bbox_width_px": 157.0885009765625,
      "bbox_height_px": 253.8599395751953
    }
  ]
}