{
  "index": 15813,
  "dataframe_iter_index": 15813,
  "image_path": "./datasets/sVOC_FLUXFP8/images/15813.png",
  "image_width": 640,
  "image_height": 640,
  "ground_truth_class": "tvmonitor",
  "grounding_prompt": "tvmonitor",
  "timestamp": "2026-05-22T15:59:53.668862",
  "num_detections": 3,
  "detections": [
    {
      "detection_id": 0,
      "class_name": "tvmonitor",
      "yolo_class_id": 19,
      "confidence": 0.4635136127471924,
      "bbox_xyxy": [
        330.28436279296875,
        247.29116821289062,
        593.4712524414062,
        439.2212829589844
      ],
      "bbox_yolo": [
        0.7216840982437134,
        0.5363378524780273,
        0.41122952103614807,
        0.29989081621170044
      ],
      "bbox_width_px": 263.1868896484375,
      "bbox_height_px": 191.93011474609375
    },
    {
      "detection_id": 1,
      "class_name": "tvmonitor",
      "yolo_class_id": 19,
      "confidence": 0.4657880961894989,
      "bbox_xyxy": [
        52.054473876953125,
        248.36383056640625,
        319.6437683105469,
        436.9810791015625
      ],
      "bbox_yolo": [
        0.2903892397880554,
        0.5354257225990295,
        0.4181082844734192,
        0.29471445083618164
      ],
      "bbox_width_px": 267.58929443359375,
      "bbox_height_px": 188.61724853515625
    },
    {
      "detection_id": 2,
      "class_name": "tvmonitor",
      "yolo_class_id": 19,
      "confidence": 0.35039836168289185,
      "bbox_xyxy": [
        49.43603515625,
        413.1690368652344,
        599.195068359375,
        583.5836181640625
      ],
      "bbox_yolo": [
        0.5067430734634399,
        0.778713047504425,
        0.8589984774589539,
        0.26627278327941895
      ],
      "bbox_width_px": 549.759033203125,
      "bbox_height_px": 170.41458129882812
    }
  ]
}