{
  "index": 15886,
  "dataframe_iter_index": 15886,
  "image_path": "./datasets/sVOC_FLUXFP8/images/15886.png",
  "image_width": 640,
  "image_height": 640,
  "ground_truth_class": "tvmonitor",
  "grounding_prompt": "tvmonitor",
  "timestamp": "2026-05-22T16:01:38.220005",
  "num_detections": 3,
  "detections": [
    {
      "detection_id": 0,
      "class_name": "tvmonitor",
      "yolo_class_id": 19,
      "confidence": 0.5548892617225647,
      "bbox_xyxy": [
        212.36492919921875,
        240.59324645996094,
        401.51641845703125,
        426.66064453125
      ],
      "bbox_yolo": [
        0.47959479689598083,
        0.5212920904159546,
        0.295549213886261,
        0.2907302975654602
      ],
      "bbox_width_px": 189.1514892578125,
      "bbox_height_px": 186.06739807128906
    },
    {
      "detection_id": 1,
      "class_name": "tvmonitor",
      "yolo_class_id": 19,
      "confidence": 0.5233836770057678,
      "bbox_xyxy": [
        416.30621337890625,
        247.0741424560547,
        605.0277099609375,
        427.31536865234375
      ],
      "bbox_yolo": [
        0.7979171276092529,
        0.5268667936325073,
        0.2948773503303528,
        0.2816269099712372
      ],
      "bbox_width_px": 188.72149658203125,
      "bbox_height_px": 180.24122619628906
    },
    {
      "detection_id": 2,
      "class_name": "tvmonitor",
      "yolo_class_id": 19,
      "confidence": 0.5091175436973572,
      "bbox_xyxy": [
        32.56128692626953,
        249.10626220703125,
        208.60134887695312,
        427.08587646484375
      ],
      "bbox_yolo": [
        0.18840830028057098,
        0.5282751321792603,
        0.275062620639801,
        0.278093159198761
      ],
      "bbox_width_px": 176.04006958007812,
      "bbox_height_px": 177.9796142578125
    }
  ]
}