{
  "index": 15892,
  "dataframe_iter_index": 15892,
  "image_path": "./datasets/sVOC_FLUXFP8/images/15892.png",
  "image_width": 640,
  "image_height": 640,
  "ground_truth_class": "tvmonitor",
  "grounding_prompt": "tvmonitor",
  "timestamp": "2026-05-22T16:01:46.756922",
  "num_detections": 1,
  "detections": [
    {
      "detection_id": 0,
      "class_name": "tvmonitor",
      "yolo_class_id": 19,
      "confidence": 0.41509538888931274,
      "bbox_xyxy": [
        91.177490234375,
        216.0408172607422,
        358.10858154296875,
        637.0902709960938
      ],
      "bbox_yolo": [
        0.3510047495365143,
        0.666508674621582,
        0.4170798361301422,
        0.657889723777771
      ],
      "bbox_width_px": 266.93109130859375,
      "bbox_height_px": 421.0494384765625
    }
  ]
}