{
  "index": 15916,
  "dataframe_iter_index": 15916,
  "image_path": "./datasets/sVOC_FLUXFP8/images/15916.png",
  "image_width": 640,
  "image_height": 640,
  "ground_truth_class": "tvmonitor",
  "grounding_prompt": "tvmonitor",
  "timestamp": "2026-05-22T16:02:21.281049",
  "num_detections": 1,
  "detections": [
    {
      "detection_id": 0,
      "class_name": "tvmonitor",
      "yolo_class_id": 19,
      "confidence": 0.5617033243179321,
      "bbox_xyxy": [
        128.3598175048828,
        190.39907836914062,
        416.2208251953125,
        530.8912353515625
      ],
      "bbox_yolo": [
        0.4254536032676697,
        0.5635080337524414,
        0.4497828483581543,
        0.5320190191268921
      ],
      "bbox_width_px": 287.86102294921875,
      "bbox_height_px": 340.4921569824219
    }
  ]
}