{
  "index": 15935,
  "dataframe_iter_index": 15935,
  "image_path": "./datasets/sVOC_FLUXFP8/images/15935.png",
  "image_width": 640,
  "image_height": 640,
  "ground_truth_class": "tvmonitor",
  "grounding_prompt": "tvmonitor",
  "timestamp": "2026-05-22T16:02:48.295509",
  "num_detections": 1,
  "detections": [
    {
      "detection_id": 0,
      "class_name": "tvmonitor",
      "yolo_class_id": 19,
      "confidence": 0.46074798703193665,
      "bbox_xyxy": [
        286.9128112792969,
        508.9158630371094,
        318.4346008300781,
        530.3357543945312
      ],
      "bbox_yolo": [
        0.47292765974998474,
        0.8119152784347534,
        0.04925279691815376,
        0.0334685817360878
      ],
      "bbox_width_px": 31.52178955078125,
      "bbox_height_px": 21.419891357421875
    }
  ]
}