{
  "index": 15968,
  "dataframe_iter_index": 15968,
  "image_path": "./datasets/sVOC_FLUXFP8/images/15968.png",
  "image_width": 640,
  "image_height": 640,
  "ground_truth_class": "tvmonitor",
  "grounding_prompt": "tvmonitor",
  "timestamp": "2026-05-22T16:03:35.902251",
  "num_detections": 1,
  "detections": [
    {
      "detection_id": 0,
      "class_name": "tvmonitor",
      "yolo_class_id": 19,
      "confidence": 0.603067934513092,
      "bbox_xyxy": [
        168.94692993164062,
        159.8072052001953,
        501.2765197753906,
        446.42376708984375
      ],
      "bbox_yolo": [
        0.5236120820045471,
        0.47361794114112854,
        0.5192649960517883,
        0.4478383958339691
      ],
      "bbox_width_px": 332.32958984375,
      "bbox_height_px": 286.6165771484375
    }
  ]
}