{
  "index": 1611,
  "dataframe_iter_index": 1611,
  "image_path": "./datasets/sVOC_FLUXFP8/images/1611.png",
  "image_width": 640,
  "image_height": 640,
  "ground_truth_class": "bird",
  "grounding_prompt": "bird",
  "timestamp": "2026-05-22T10:36:29.228834",
  "num_detections": 1,
  "detections": [
    {
      "detection_id": 0,
      "class_name": "bird",
      "yolo_class_id": 2,
      "confidence": 0.9542962908744812,
      "bbox_xyxy": [
        5.1710052490234375,
        391.5923767089844,
        256.77105712890625,
        560.3870849609375
      ],
      "bbox_yolo": [
        0.20464225113391876,
        0.7437340021133423,
        0.39312508702278137,
        0.26374173164367676
      ],
      "bbox_width_px": 251.6000518798828,
      "bbox_height_px": 168.79470825195312
    }
  ]
}