{
  "index": 1645,
  "dataframe_iter_index": 1645,
  "image_path": "./datasets/sVOC_FLUXFP8/images/1645.png",
  "image_width": 640,
  "image_height": 640,
  "ground_truth_class": "bird",
  "grounding_prompt": "bird",
  "timestamp": "2026-05-22T10:37:10.014049",
  "num_detections": 2,
  "detections": [
    {
      "detection_id": 0,
      "class_name": "bird",
      "yolo_class_id": 2,
      "confidence": 0.8150801658630371,
      "bbox_xyxy": [
        0.513458251953125,
        296.1102600097656,
        270.4584655761719,
        564.3642578125
      ],
      "bbox_yolo": [
        0.2116968184709549,
        0.6722456812858582,
        0.4217890799045563,
        0.419146865606308
      ],
      "bbox_width_px": 269.94500732421875,
      "bbox_height_px": 268.2539978027344
    },
    {
      "detection_id": 1,
      "class_name": "bird",
      "yolo_class_id": 2,
      "confidence": 0.7328171730041504,
      "bbox_xyxy": [
        315.83673095703125,
        289.3075256347656,
        608.4163208007812,
        537.36328125
      ],
      "bbox_yolo": [
        0.7220727205276489,
        0.6458365321159363,
        0.45715561509132385,
        0.38758713006973267
      ],
      "bbox_width_px": 292.57958984375,
      "bbox_height_px": 248.05575561523438
    }
  ]
}