{
  "index": 1666,
  "dataframe_iter_index": 1666,
  "image_path": "./datasets/sVOC_FLUXFP8/images/1666.png",
  "image_width": 640,
  "image_height": 640,
  "ground_truth_class": "bird",
  "grounding_prompt": "bird",
  "timestamp": "2026-05-22T10:37:33.955798",
  "num_detections": 3,
  "detections": [
    {
      "detection_id": 0,
      "class_name": "bird",
      "yolo_class_id": 2,
      "confidence": 0.8287573456764221,
      "bbox_xyxy": [
        164.5261688232422,
        265.8812255859375,
        236.5930633544922,
        412.418212890625
      ],
      "bbox_yolo": [
        0.313374400138855,
        0.5299214124679565,
        0.112604521214962,
        0.22896404564380646
      ],
      "bbox_width_px": 72.06689453125,
      "bbox_height_px": 146.5369873046875
    },
    {
      "detection_id": 1,
      "class_name": "bird",
      "yolo_class_id": 2,
      "confidence": 0.79210364818573,
      "bbox_xyxy": [
        263.9736022949219,
        236.3040313720703,
        368.1094665527344,
        390.87689208984375
      ],
      "bbox_yolo": [
        0.4938148856163025,
        0.48998507857322693,
        0.16271229088306427,
        0.24152009189128876
      ],
      "bbox_width_px": 104.1358642578125,
      "bbox_height_px": 154.57286071777344
    },
    {
      "detection_id": 2,
      "class_name": "bird",
      "yolo_class_id": 2,
      "confidence": 0.7707443833351135,
      "bbox_xyxy": [
        365.4547119140625,
        283.36865234375,
        453.396728515625,
        387.65869140625
      ],
      "bbox_yolo": [
        0.6397277116775513,
        0.5242401361465454,
        0.13740940392017365,
        0.162953183054924
      ],
      "bbox_width_px": 87.9420166015625,
      "bbox_height_px": 104.2900390625
    }
  ]
}