{
  "index": 167,
  "dataframe_iter_index": 167,
  "image_path": "./datasets/sVOC_FLUXFP8/images/167.png",
  "image_width": 640,
  "image_height": 640,
  "ground_truth_class": "aeroplane",
  "grounding_prompt": "aeroplane",
  "timestamp": "2026-05-22T10:09:12.167810",
  "num_detections": 1,
  "detections": [
    {
      "detection_id": 0,
      "class_name": "aeroplane",
      "yolo_class_id": 0,
      "confidence": 0.934929609298706,
      "bbox_xyxy": [
        96.64677429199219,
        278.0216979980469,
        557.5704956054688,
        412.0628356933594
      ],
      "bbox_yolo": [
        0.5111072659492493,
        0.5391285419464111,
        0.7201932668685913,
        0.20943927764892578
      ],
      "bbox_width_px": 460.9237060546875,
      "bbox_height_px": 134.0411376953125
    }
  ]
}