{
  "index": 1685,
  "dataframe_iter_index": 1685,
  "image_path": "./datasets/sVOC_FLUXFP8/images/1685.png",
  "image_width": 640,
  "image_height": 640,
  "ground_truth_class": "bird",
  "grounding_prompt": "bird",
  "timestamp": "2026-05-22T10:37:55.037893",
  "num_detections": 2,
  "detections": [
    {
      "detection_id": 0,
      "class_name": "bird",
      "yolo_class_id": 2,
      "confidence": 0.8767337799072266,
      "bbox_xyxy": [
        271.60992431640625,
        259.3832702636719,
        316.16741943359375,
        289.5910339355469
      ],
      "bbox_yolo": [
        0.45920103788375854,
        0.42888617515563965,
        0.06962108612060547,
        0.04719962924718857
      ],
      "bbox_width_px": 44.5574951171875,
      "bbox_height_px": 30.207763671875
    },
    {
      "detection_id": 1,
      "class_name": "bird",
      "yolo_class_id": 2,
      "confidence": 0.8493186235427856,
      "bbox_xyxy": [
        319.8407287597656,
        261.5256652832031,
        360.1965026855469,
        295.6204528808594
      ],
      "bbox_yolo": [
        0.5312790870666504,
        0.43527039885520935,
        0.06305589526891708,
        0.05327310413122177
      ],
      "bbox_width_px": 40.35577392578125,
      "bbox_height_px": 34.09478759765625
    }
  ]
}