{
  "index": 1686,
  "dataframe_iter_index": 1686,
  "image_path": "./datasets/sVOC_FLUXFP8/images/1686.png",
  "image_width": 640,
  "image_height": 640,
  "ground_truth_class": "bird",
  "grounding_prompt": "bird",
  "timestamp": "2026-05-22T10:37:56.164946",
  "num_detections": 2,
  "detections": [
    {
      "detection_id": 0,
      "class_name": "bird",
      "yolo_class_id": 2,
      "confidence": 0.8104557991027832,
      "bbox_xyxy": [
        319.5650939941406,
        261.4497985839844,
        342.5729675292969,
        294.6811218261719
      ],
      "bbox_yolo": [
        0.5172953605651855,
        0.4344772696495056,
        0.03594980388879776,
        0.05192394182085991
      ],
      "bbox_width_px": 23.00787353515625,
      "bbox_height_px": 33.2313232421875
    },
    {
      "detection_id": 1,
      "class_name": "bird",
      "yolo_class_id": 2,
      "confidence": 0.7917729616165161,
      "bbox_xyxy": [
        375.7096862792969,
        270.6966552734375,
        399.5864562988281,
        298.67791748046875
      ],
      "bbox_yolo": [
        0.6057001352310181,
        0.44482389092445374,
        0.03730745241045952,
        0.04372072219848633
      ],
      "bbox_width_px": 23.87677001953125,
      "bbox_height_px": 27.98126220703125
    }
  ]
}