{
  "index": 1718,
  "dataframe_iter_index": 1718,
  "image_path": "./datasets/sVOC_FLUXFP8/images/1718.png",
  "image_width": 640,
  "image_height": 640,
  "ground_truth_class": "bird",
  "grounding_prompt": "bird",
  "timestamp": "2026-05-22T10:38:32.526947",
  "num_detections": 3,
  "detections": [
    {
      "detection_id": 0,
      "class_name": "bird",
      "yolo_class_id": 2,
      "confidence": 0.7155359387397766,
      "bbox_xyxy": [
        287.590087890625,
        319.7418212890625,
        439.01507568359375,
        505.7265625
      ],
      "bbox_yolo": [
        0.5676602721214294,
        0.6448971629142761,
        0.2366015464067459,
        0.2906011641025543
      ],
      "bbox_width_px": 151.42498779296875,
      "bbox_height_px": 185.9847412109375
    },
    {
      "detection_id": 1,
      "class_name": "bird",
      "yolo_class_id": 2,
      "confidence": 0.674820601940155,
      "bbox_xyxy": [
        432.7657165527344,
        347.16717529296875,
        608.6911010742188,
        490.23626708984375
      ],
      "bbox_yolo": [
        0.8136380910873413,
        0.6542214155197144,
        0.2748834192752838,
        0.22354546189308167
      ],
      "bbox_width_px": 175.92538452148438,
      "bbox_height_px": 143.069091796875
    },
    {
      "detection_id": 2,
      "class_name": "bird",
      "yolo_class_id": 2,
      "confidence": 0.7671513557434082,
      "bbox_xyxy": [
        33.89599609375,
        323.6000671386719,
        241.79116821289062,
        520.72021484375
      ],
      "bbox_yolo": [
        0.21538059413433075,
        0.659625232219696,
        0.32483619451522827,
        0.30800023674964905
      ],
      "bbox_width_px": 207.89517211914062,
      "bbox_height_px": 197.12014770507812
    }
  ]
}