{
  "index": 172,
  "dataframe_iter_index": 172,
  "image_path": "./datasets/sVOC_FLUXFP8/images/172.png",
  "image_width": 640,
  "image_height": 640,
  "ground_truth_class": "aeroplane",
  "grounding_prompt": "aeroplane",
  "timestamp": "2026-05-22T10:09:17.716031",
  "num_detections": 1,
  "detections": [
    {
      "detection_id": 0,
      "class_name": "aeroplane",
      "yolo_class_id": 0,
      "confidence": 0.9561206698417664,
      "bbox_xyxy": [
        193.98936462402344,
        363.6015625,
        445.27392578125,
        439.6610107421875
      ],
      "bbox_yolo": [
        0.49942445755004883,
        0.62754887342453,
        0.3926321268081665,
        0.11884288489818573
      ],
      "bbox_width_px": 251.28456115722656,
      "bbox_height_px": 76.0594482421875
    }
  ]
}