{
  "index": 1730,
  "dataframe_iter_index": 1730,
  "image_path": "./datasets/sVOC_FLUXFP8/images/1730.png",
  "image_width": 640,
  "image_height": 640,
  "ground_truth_class": "bird",
  "grounding_prompt": "bird",
  "timestamp": "2026-05-22T10:38:45.880282",
  "num_detections": 3,
  "detections": [
    {
      "detection_id": 0,
      "class_name": "bird",
      "yolo_class_id": 2,
      "confidence": 0.8706729412078857,
      "bbox_xyxy": [
        55.092498779296875,
        325.428466796875,
        218.96542358398438,
        482.4420166015625
      ],
      "bbox_yolo": [
        0.21410775184631348,
        0.6311488151550293,
        0.2560514509677887,
        0.24533367156982422
      ],
      "bbox_width_px": 163.8729248046875,
      "bbox_height_px": 157.0135498046875
    },
    {
      "detection_id": 1,
      "class_name": "bird",
      "yolo_class_id": 2,
      "confidence": 0.8177897334098816,
      "bbox_xyxy": [
        436.90521240234375,
        348.7265625,
        602.7754516601562,
        478.50128173828125
      ],
      "bbox_yolo": [
        0.8122504949569702,
        0.6462717652320862,
        0.259172260761261,
        0.20277300477027893
      ],
      "bbox_width_px": 165.8702392578125,
      "bbox_height_px": 129.77471923828125
    },
    {
      "detection_id": 2,
      "class_name": "bird",
      "yolo_class_id": 2,
      "confidence": 0.7966026067733765,
      "bbox_xyxy": [
        289.60272216796875,
        367.3912658691406,
        442.80889892578125,
        477.7293395996094
      ],
      "bbox_yolo": [
        0.5721966028213501,
        0.6602504849433899,
        0.23938465118408203,
        0.1724032461643219
      ],
      "bbox_width_px": 153.2061767578125,
      "bbox_height_px": 110.33807373046875
    }
  ]
}