{
  "index": 1772,
  "dataframe_iter_index": 1772,
  "image_path": "./datasets/sVOC_FLUXFP8/images/1772.png",
  "image_width": 640,
  "image_height": 640,
  "ground_truth_class": "bird",
  "grounding_prompt": "bird",
  "timestamp": "2026-05-22T10:39:36.131046",
  "num_detections": 1,
  "detections": [
    {
      "detection_id": 0,
      "class_name": "bird",
      "yolo_class_id": 2,
      "confidence": 0.970731258392334,
      "bbox_xyxy": [
        64.15486145019531,
        320.2288818359375,
        247.81163024902344,
        490.47308349609375
      ],
      "bbox_yolo": [
        0.2437238246202469,
        0.6333609223365784,
        0.28696370124816895,
        0.26600655913352966
      ],
      "bbox_width_px": 183.65676879882812,
      "bbox_height_px": 170.24420166015625
    }
  ]
}