{
  "index": 1792,
  "dataframe_iter_index": 1792,
  "image_path": "./datasets/sVOC_FLUXFP8/images/1792.png",
  "image_width": 640,
  "image_height": 640,
  "ground_truth_class": "bird",
  "grounding_prompt": "bird",
  "timestamp": "2026-05-22T10:39:58.896413",
  "num_detections": 1,
  "detections": [
    {
      "detection_id": 0,
      "class_name": "bird",
      "yolo_class_id": 2,
      "confidence": 0.9732880592346191,
      "bbox_xyxy": [
        288.3332214355469,
        357.6330871582031,
        350.4388122558594,
        410.2059020996094
      ],
      "bbox_yolo": [
        0.4990406632423401,
        0.5998741984367371,
        0.09703998267650604,
        0.08214502036571503
      ],
      "bbox_width_px": 62.1055908203125,
      "bbox_height_px": 52.57281494140625
    }
  ]
}