{
  "index": 1798,
  "dataframe_iter_index": 1798,
  "image_path": "./datasets/sVOC_FLUXFP8/images/1798.png",
  "image_width": 640,
  "image_height": 640,
  "ground_truth_class": "bird",
  "grounding_prompt": "bird",
  "timestamp": "2026-05-22T10:40:05.736026",
  "num_detections": 3,
  "detections": [
    {
      "detection_id": 0,
      "class_name": "bird",
      "yolo_class_id": 2,
      "confidence": 0.7759076356887817,
      "bbox_xyxy": [
        123.43270874023438,
        309.6577453613281,
        233.6607666015625,
        428.6368713378906
      ],
      "bbox_yolo": [
        0.27897927165031433,
        0.5767926573753357,
        0.17223134636878967,
        0.18590489029884338
      ],
      "bbox_width_px": 110.22805786132812,
      "bbox_height_px": 118.9791259765625
    },
    {
      "detection_id": 1,
      "class_name": "bird",
      "yolo_class_id": 2,
      "confidence": 0.6562652587890625,
      "bbox_xyxy": [
        305.74908447265625,
        288.1640625,
        360.9268798828125,
        417.28887939453125
      ],
      "bbox_yolo": [
        0.520840585231781,
        0.5511351227760315,
        0.0862153023481369,
        0.2017575204372406
      ],
      "bbox_width_px": 55.17779541015625,
      "bbox_height_px": 129.12481689453125
    },
    {
      "detection_id": 2,
      "class_name": "bird",
      "yolo_class_id": 2,
      "confidence": 0.659428596496582,
      "bbox_xyxy": [
        370.0113220214844,
        300.847412109375,
        434.2059020996094,
        379.58013916015625
      ],
      "bbox_yolo": [
        0.6282947063446045,
        0.5315840244293213,
        0.1003040298819542,
        0.12301988899707794
      ],
      "bbox_width_px": 64.194580078125,
      "bbox_height_px": 78.73272705078125
    }
  ]
}