{
  "index": 1854,
  "dataframe_iter_index": 1854,
  "image_path": "./datasets/sVOC_FLUXFP8/images/1854.png",
  "image_width": 640,
  "image_height": 640,
  "ground_truth_class": "bird",
  "grounding_prompt": "bird",
  "timestamp": "2026-05-22T10:41:08.978045",
  "num_detections": 3,
  "detections": [
    {
      "detection_id": 0,
      "class_name": "bird",
      "yolo_class_id": 2,
      "confidence": 0.8717480301856995,
      "bbox_xyxy": [
        50.9202880859375,
        301.8944091796875,
        275.4759216308594,
        530.9461059570312
      ],
      "bbox_yolo": [
        0.25499704480171204,
        0.6506566405296326,
        0.3508681654930115,
        0.35789328813552856
      ],
      "bbox_width_px": 224.55563354492188,
      "bbox_height_px": 229.05169677734375
    },
    {
      "detection_id": 1,
      "class_name": "bird",
      "yolo_class_id": 2,
      "confidence": 0.7925785183906555,
      "bbox_xyxy": [
        247.94680786132812,
        268.98992919921875,
        374.6613464355469,
        506.02520751953125
      ],
      "bbox_yolo": [
        0.4864126145839691,
        0.6054805517196655,
        0.19799146056175232,
        0.3703676164150238
      ],
      "bbox_width_px": 126.71453857421875,
      "bbox_height_px": 237.0352783203125
    },
    {
      "detection_id": 2,
      "class_name": "bird",
      "yolo_class_id": 2,
      "confidence": 0.868511438369751,
      "bbox_xyxy": [
        360.49078369140625,
        300.3370361328125,
        611.7337036132812,
        503.3743896484375
      ],
      "bbox_yolo": [
        0.7595503926277161,
        0.6278995275497437,
        0.39256706833839417,
        0.31724587082862854
      ],
      "bbox_width_px": 251.242919921875,
      "bbox_height_px": 203.037353515625
    }
  ]
}