{
  "index": 186,
  "dataframe_iter_index": 186,
  "image_path": "./datasets/sVOC_FLUXFP8/images/186.png",
  "image_width": 640,
  "image_height": 640,
  "ground_truth_class": "aeroplane",
  "grounding_prompt": "aeroplane",
  "timestamp": "2026-05-22T10:09:33.451403",
  "num_detections": 1,
  "detections": [
    {
      "detection_id": 0,
      "class_name": "aeroplane",
      "yolo_class_id": 0,
      "confidence": 0.9092141389846802,
      "bbox_xyxy": [
        129.84893798828125,
        339.7749938964844,
        340.94354248046875,
        439.6062316894531
      ],
      "bbox_yolo": [
        0.367806613445282,
        0.6088916063308716,
        0.32983532547950745,
        0.15598630905151367
      ],
      "bbox_width_px": 211.0946044921875,
      "bbox_height_px": 99.83123779296875
    }
  ]
}