{
  "index": 1888,
  "dataframe_iter_index": 1888,
  "image_path": "./datasets/sVOC_FLUXFP8/images/1888.png",
  "image_width": 640,
  "image_height": 640,
  "ground_truth_class": "bird",
  "grounding_prompt": "bird",
  "timestamp": "2026-05-22T10:41:47.939453",
  "num_detections": 1,
  "detections": [
    {
      "detection_id": 0,
      "class_name": "bird",
      "yolo_class_id": 2,
      "confidence": 0.9758747816085815,
      "bbox_xyxy": [
        168.32803344726562,
        305.4496154785156,
        389.9916687011719,
        478.2099914550781
      ],
      "bbox_yolo": [
        0.4361872673034668,
        0.6122340559959412,
        0.34634941816329956,
        0.26993808150291443
      ],
      "bbox_width_px": 221.66363525390625,
      "bbox_height_px": 172.7603759765625
    }
  ]
}