{
  "index": 1934,
  "dataframe_iter_index": 1934,
  "image_path": "./datasets/sVOC_FLUXFP8/images/1934.png",
  "image_width": 640,
  "image_height": 640,
  "ground_truth_class": "bird",
  "grounding_prompt": "bird",
  "timestamp": "2026-05-22T10:42:45.715809",
  "num_detections": 3,
  "detections": [
    {
      "detection_id": 0,
      "class_name": "bird",
      "yolo_class_id": 2,
      "confidence": 0.8605411648750305,
      "bbox_xyxy": [
        46.53693389892578,
        353.05712890625,
        235.10186767578125,
        528.9747314453125
      ],
      "bbox_yolo": [
        0.2200303077697754,
        0.6890873908996582,
        0.2946327328681946,
        0.27487125992774963
      ],
      "bbox_width_px": 188.56494140625,
      "bbox_height_px": 175.9176025390625
    },
    {
      "detection_id": 1,
      "class_name": "bird",
      "yolo_class_id": 2,
      "confidence": 0.840472400188446,
      "bbox_xyxy": [
        446.0104064941406,
        387.5901794433594,
        517.069580078125,
        513.2610473632812
      ],
      "bbox_yolo": [
        0.7524062395095825,
        0.703790009021759,
        0.1110299602150917,
        0.1963607370853424
      ],
      "bbox_width_px": 71.05917358398438,
      "bbox_height_px": 125.67086791992188
    },
    {
      "detection_id": 2,
      "class_name": "bird",
      "yolo_class_id": 2,
      "confidence": 0.8398088812828064,
      "bbox_xyxy": [
        259.50408935546875,
        373.7588806152344,
        365.03631591796875,
        541.688232421875
      ],
      "bbox_yolo": [
        0.48792219161987305,
        0.7151930928230286,
        0.16489410400390625,
        0.262389600276947
      ],
      "bbox_width_px": 105.5322265625,
      "bbox_height_px": 167.92935180664062
    }
  ]
}