{
  "index": 1938,
  "dataframe_iter_index": 1938,
  "image_path": "./datasets/sVOC_FLUXFP8/images/1938.png",
  "image_width": 640,
  "image_height": 640,
  "ground_truth_class": "bird",
  "grounding_prompt": "bird",
  "timestamp": "2026-05-22T10:42:51.243408",
  "num_detections": 3,
  "detections": [
    {
      "detection_id": 0,
      "class_name": "bird",
      "yolo_class_id": 2,
      "confidence": 0.8042700886726379,
      "bbox_xyxy": [
        49.61113739013672,
        219.72979736328125,
        262.2035217285156,
        575.2955322265625
      ],
      "bbox_yolo": [
        0.24360521137714386,
        0.6211135387420654,
        0.3321755826473236,
        0.555571436882019
      ],
      "bbox_width_px": 212.59237670898438,
      "bbox_height_px": 355.56573486328125
    },
    {
      "detection_id": 1,
      "class_name": "bird",
      "yolo_class_id": 2,
      "confidence": 0.7725989818572998,
      "bbox_xyxy": [
        248.36520385742188,
        229.24400329589844,
        459.9910583496094,
        561.0742797851562
      ],
      "bbox_yolo": [
        0.5534033179283142,
        0.6174361705780029,
        0.3306654095649719,
        0.5184847712516785
      ],
      "bbox_width_px": 211.6258544921875,
      "bbox_height_px": 331.83026123046875
    },
    {
      "detection_id": 2,
      "class_name": "bird",
      "yolo_class_id": 2,
      "confidence": 0.7413401007652283,
      "bbox_xyxy": [
        397.47381591796875,
        241.3150634765625,
        610.3196411132812,
        531.074462890625
      ],
      "bbox_yolo": [
        0.7873386144638062,
        0.6034293174743652,
        0.3325715959072113,
        0.4527490735054016
      ],
      "bbox_width_px": 212.8458251953125,
      "bbox_height_px": 289.7593994140625
    }
  ]
}