{
  "index": 1942,
  "dataframe_iter_index": 1942,
  "image_path": "./datasets/sVOC_FLUXFP8/images/1942.png",
  "image_width": 640,
  "image_height": 640,
  "ground_truth_class": "bird",
  "grounding_prompt": "bird",
  "timestamp": "2026-05-22T10:42:55.905571",
  "num_detections": 3,
  "detections": [
    {
      "detection_id": 0,
      "class_name": "bird",
      "yolo_class_id": 2,
      "confidence": 0.8752135038375854,
      "bbox_xyxy": [
        50.27052307128906,
        320.16796875,
        241.1805877685547,
        519.3785400390625
      ],
      "bbox_yolo": [
        0.22769618034362793,
        0.6558957099914551,
        0.2982969880104065,
        0.3112665116786957
      ],
      "bbox_width_px": 190.91006469726562,
      "bbox_height_px": 199.2105712890625
    },
    {
      "detection_id": 1,
      "class_name": "bird",
      "yolo_class_id": 2,
      "confidence": 0.8493143320083618,
      "bbox_xyxy": [
        431.59405517578125,
        347.56048583984375,
        610.8472290039062,
        527.0845947265625
      ],
      "bbox_yolo": [
        0.814407229423523,
        0.6833164691925049,
        0.2800830900669098,
        0.280506432056427
      ],
      "bbox_width_px": 179.253173828125,
      "bbox_height_px": 179.52410888671875
    },
    {
      "detection_id": 2,
      "class_name": "bird",
      "yolo_class_id": 2,
      "confidence": 0.8016115427017212,
      "bbox_xyxy": [
        284.6842956542969,
        371.54815673828125,
        388.1250305175781,
        511.03948974609375
      ],
      "bbox_yolo": [
        0.5256322622299194,
        0.6895216107368469,
        0.16162614524364471,
        0.21795520186424255
      ],
      "bbox_width_px": 103.44073486328125,
      "bbox_height_px": 139.4913330078125
    }
  ]
}