{
  "index": 1953,
  "dataframe_iter_index": 1953,
  "image_path": "./datasets/sVOC_FLUXFP8/images/1953.png",
  "image_width": 640,
  "image_height": 640,
  "ground_truth_class": "bird",
  "grounding_prompt": "bird",
  "timestamp": "2026-05-22T10:43:09.480352",
  "num_detections": 2,
  "detections": [
    {
      "detection_id": 0,
      "class_name": "bird",
      "yolo_class_id": 2,
      "confidence": 0.8686360120773315,
      "bbox_xyxy": [
        330.96734619140625,
        268.64910888671875,
        612.7491455078125,
        534.5464477539062
      ],
      "bbox_yolo": [
        0.7372785210609436,
        0.6274965405464172,
        0.4402840733528137,
        0.4154645800590515
      ],
      "bbox_width_px": 281.78179931640625,
      "bbox_height_px": 265.8973388671875
    },
    {
      "detection_id": 1,
      "class_name": "bird",
      "yolo_class_id": 2,
      "confidence": 0.9012079834938049,
      "bbox_xyxy": [
        11.966964721679688,
        295.4654541015625,
        253.0003204345703,
        570.3216552734375
      ],
      "bbox_yolo": [
        0.20700569450855255,
        0.6763961911201477,
        0.37661463022232056,
        0.42946282029151917
      ],
      "bbox_width_px": 241.03335571289062,
      "bbox_height_px": 274.856201171875
    }
  ]
}