{
  "index": 1968,
  "dataframe_iter_index": 1968,
  "image_path": "./datasets/sVOC_FLUXFP8/images/1968.png",
  "image_width": 640,
  "image_height": 640,
  "ground_truth_class": "bird",
  "grounding_prompt": "bird",
  "timestamp": "2026-05-22T10:43:31.675677",
  "num_detections": 1,
  "detections": [
    {
      "detection_id": 0,
      "class_name": "bird",
      "yolo_class_id": 2,
      "confidence": 0.9824548363685608,
      "bbox_xyxy": [
        257.72381591796875,
        339.83184814453125,
        487.6414794921875,
        530.447021484375
      ],
      "bbox_yolo": [
        0.5823166370391846,
        0.679905354976654,
        0.3592463433742523,
        0.29783621430397034
      ],
      "bbox_width_px": 229.91766357421875,
      "bbox_height_px": 190.61517333984375
    }
  ]
}