{
  "index": 1980,
  "dataframe_iter_index": 1980,
  "image_path": "./datasets/sVOC_FLUXFP8/images/1980.png",
  "image_width": 640,
  "image_height": 640,
  "ground_truth_class": "bird",
  "grounding_prompt": "bird",
  "timestamp": "2026-05-22T10:43:45.564515",
  "num_detections": 1,
  "detections": [
    {
      "detection_id": 0,
      "class_name": "bird",
      "yolo_class_id": 2,
      "confidence": 0.9689139723777771,
      "bbox_xyxy": [
        257.8747863769531,
        339.15966796875,
        362.7483215332031,
        541.1243896484375
      ],
      "bbox_yolo": [
        0.4848617911338806,
        0.6877219080924988,
        0.1638648957014084,
        0.3155698776245117
      ],
      "bbox_width_px": 104.87353515625,
      "bbox_height_px": 201.9647216796875
    }
  ]
}