{
  "index": 1982,
  "dataframe_iter_index": 1982,
  "image_path": "./datasets/sVOC_FLUXFP8/images/1982.png",
  "image_width": 640,
  "image_height": 640,
  "ground_truth_class": "bird",
  "grounding_prompt": "bird",
  "timestamp": "2026-05-22T10:43:47.874990",
  "num_detections": 3,
  "detections": [
    {
      "detection_id": 0,
      "class_name": "bird",
      "yolo_class_id": 2,
      "confidence": 0.8226054310798645,
      "bbox_xyxy": [
        226.32240295410156,
        471.0810852050781,
        277.902099609375,
        570.0497436523438
      ],
      "bbox_yolo": [
        0.39392536878585815,
        0.8133834600448608,
        0.08059327304363251,
        0.15463852882385254
      ],
      "bbox_width_px": 51.57969665527344,
      "bbox_height_px": 98.96865844726562
    },
    {
      "detection_id": 1,
      "class_name": "bird",
      "yolo_class_id": 2,
      "confidence": 0.808329164981842,
      "bbox_xyxy": [
        448.4345703125,
        386.66204833984375,
        513.4312133789062,
        498.59759521484375
      ],
      "bbox_yolo": [
        0.7514576315879822,
        0.6916090846061707,
        0.10155725479125977,
        0.17489929497241974
      ],
      "bbox_width_px": 64.99664306640625,
      "bbox_height_px": 111.935546875
    },
    {
      "detection_id": 2,
      "class_name": "bird",
      "yolo_class_id": 2,
      "confidence": 0.8028431534767151,
      "bbox_xyxy": [
        317.9393615722656,
        456.2385559082031,
        360.4173278808594,
        570.1599731445312
      ],
      "bbox_yolo": [
        0.5299661755561829,
        0.8018738627433777,
        0.06637182086706161,
        0.17800220847129822
      ],
      "bbox_width_px": 42.47796630859375,
      "bbox_height_px": 113.92141723632812
    }
  ]
}