{
  "index": 2000,
  "dataframe_iter_index": 2000,
  "image_path": "./datasets/sVOC_FLUXFP8/images/2000.png",
  "image_width": 640,
  "image_height": 640,
  "ground_truth_class": "bird",
  "grounding_prompt": "bird",
  "timestamp": "2026-05-22T10:44:12.782414",
  "num_detections": 1,
  "detections": [
    {
      "detection_id": 0,
      "class_name": "bird",
      "yolo_class_id": 2,
      "confidence": 0.9529381990432739,
      "bbox_xyxy": [
        263.65814208984375,
        178.75485229492188,
        414.94024658203125,
        403.2931823730469
      ],
      "bbox_yolo": [
        0.5301550030708313,
        0.4547250270843506,
        0.2363782823085785,
        0.35084113478660583
      ],
      "bbox_width_px": 151.2821044921875,
      "bbox_height_px": 224.538330078125
    }
  ]
}