{
  "index": 2033,
  "dataframe_iter_index": 2033,
  "image_path": "./datasets/sVOC_FLUXFP8/images/2033.png",
  "image_width": 640,
  "image_height": 640,
  "ground_truth_class": "bird",
  "grounding_prompt": "bird",
  "timestamp": "2026-05-22T10:45:02.046293",
  "num_detections": 2,
  "detections": [
    {
      "detection_id": 0,
      "class_name": "bird",
      "yolo_class_id": 2,
      "confidence": 0.8990488648414612,
      "bbox_xyxy": [
        0.5064697265625,
        301.04766845703125,
        258.3468933105469,
        551.1261596679688
      ],
      "bbox_yolo": [
        0.20222918689250946,
        0.6657608151435852,
        0.4028756618499756,
        0.39074763655662537
      ],
      "bbox_width_px": 257.8404235839844,
      "bbox_height_px": 250.0784912109375
    },
    {
      "detection_id": 1,
      "class_name": "bird",
      "yolo_class_id": 2,
      "confidence": 0.8813668489456177,
      "bbox_xyxy": [
        301.28997802734375,
        280.7695617675781,
        622.2384643554688,
        537.9703369140625
      ],
      "bbox_yolo": [
        0.7215065956115723,
        0.6396405100822449,
        0.5014820098876953,
        0.40187621116638184
      ],
      "bbox_width_px": 320.948486328125,
      "bbox_height_px": 257.2007751464844
    }
  ]
}