{
  "index": 2068,
  "dataframe_iter_index": 2068,
  "image_path": "./datasets/sVOC_FLUXFP8/images/2068.png",
  "image_width": 640,
  "image_height": 640,
  "ground_truth_class": "bird",
  "grounding_prompt": "bird",
  "timestamp": "2026-05-22T10:45:58.779253",
  "num_detections": 1,
  "detections": [
    {
      "detection_id": 0,
      "class_name": "bird",
      "yolo_class_id": 2,
      "confidence": 0.976073145866394,
      "bbox_xyxy": [
        243.685302734375,
        372.39080810546875,
        340.94232177734375,
        460.19854736328125
      ],
      "bbox_yolo": [
        0.4567403197288513,
        0.650460422039032,
        0.15196409821510315,
        0.13719959557056427
      ],
      "bbox_width_px": 97.25701904296875,
      "bbox_height_px": 87.8077392578125
    }
  ]
}