{
  "index": 2072,
  "dataframe_iter_index": 2072,
  "image_path": "./datasets/sVOC_FLUXFP8/images/2072.png",
  "image_width": 640,
  "image_height": 640,
  "ground_truth_class": "bird",
  "grounding_prompt": "bird",
  "timestamp": "2026-05-22T10:46:03.414141",
  "num_detections": 1,
  "detections": [
    {
      "detection_id": 0,
      "class_name": "bird",
      "yolo_class_id": 2,
      "confidence": 0.980128824710846,
      "bbox_xyxy": [
        266.053466796875,
        268.5166931152344,
        503.5709228515625,
        514.3134155273438
      ],
      "bbox_yolo": [
        0.6012690663337708,
        0.6115859746932983,
        0.37112101912498474,
        0.3840573728084564
      ],
      "bbox_width_px": 237.5174560546875,
      "bbox_height_px": 245.79672241210938
    }
  ]
}