{
  "index": 2123,
  "dataframe_iter_index": 2123,
  "image_path": "./datasets/sVOC_FLUXFP8/images/2123.png",
  "image_width": 640,
  "image_height": 640,
  "ground_truth_class": "bird",
  "grounding_prompt": "bird",
  "timestamp": "2026-05-22T10:47:09.167386",
  "num_detections": 1,
  "detections": [
    {
      "detection_id": 0,
      "class_name": "bird",
      "yolo_class_id": 2,
      "confidence": 0.9496713876724243,
      "bbox_xyxy": [
        306.8746337890625,
        273.6230773925781,
        368.803466796875,
        395.7372741699219
      ],
      "bbox_yolo": [
        0.5278735160827637,
        0.5229377746582031,
        0.09676380455493927,
        0.1908034384250641
      ],
      "bbox_width_px": 61.9288330078125,
      "bbox_height_px": 122.11419677734375
    }
  ]
}