{
  "index": 2126,
  "dataframe_iter_index": 2126,
  "image_path": "./datasets/sVOC_FLUXFP8/images/2126.png",
  "image_width": 640,
  "image_height": 640,
  "ground_truth_class": "bird",
  "grounding_prompt": "bird",
  "timestamp": "2026-05-22T10:47:12.587749",
  "num_detections": 3,
  "detections": [
    {
      "detection_id": 0,
      "class_name": "bird",
      "yolo_class_id": 2,
      "confidence": 0.7169820070266724,
      "bbox_xyxy": [
        235.4469757080078,
        163.26834106445312,
        338.8487548828125,
        268.6631164550781
      ],
      "bbox_yolo": [
        0.44866853952407837,
        0.3374464511871338,
        0.16156527400016785,
        0.16467933356761932
      ],
      "bbox_width_px": 103.40177917480469,
      "bbox_height_px": 105.394775390625
    },
    {
      "detection_id": 1,
      "class_name": "bird",
      "yolo_class_id": 2,
      "confidence": 0.6366467475891113,
      "bbox_xyxy": [
        306.4306640625,
        293.55841064453125,
        355.79925537109375,
        402.41595458984375
      ],
      "bbox_yolo": [
        0.5173671245574951,
        0.5437299609184265,
        0.07713842391967773,
        0.17008991539478302
      ],
      "bbox_width_px": 49.36859130859375,
      "bbox_height_px": 108.8575439453125
    },
    {
      "detection_id": 2,
      "class_name": "bird",
      "yolo_class_id": 2,
      "confidence": 0.6666660904884338,
      "bbox_xyxy": [
        415.5527648925781,
        147.100830078125,
        486.3482360839844,
        225.372802734375
      ],
      "bbox_yolo": [
        0.7046101689338684,
        0.2909950315952301,
        0.11061792075634003,
        0.12229995429515839
      ],
      "bbox_width_px": 70.79547119140625,
      "bbox_height_px": 78.27197265625
    }
  ]
}