{
  "index": 2135,
  "dataframe_iter_index": 2135,
  "image_path": "./datasets/sVOC_FLUXFP8/images/2135.png",
  "image_width": 640,
  "image_height": 640,
  "ground_truth_class": "bird",
  "grounding_prompt": "bird",
  "timestamp": "2026-05-22T10:47:22.719103",
  "num_detections": 1,
  "detections": [
    {
      "detection_id": 0,
      "class_name": "bird",
      "yolo_class_id": 2,
      "confidence": 0.9796403050422668,
      "bbox_xyxy": [
        274.20599365234375,
        351.93359375,
        348.30963134765625,
        410.9896240234375
      ],
      "bbox_yolo": [
        0.48634034395217896,
        0.5960337519645691,
        0.11578693240880966,
        0.09227504581212997
      ],
      "bbox_width_px": 74.1036376953125,
      "bbox_height_px": 59.0560302734375
    }
  ]
}