{
  "index": 2165,
  "dataframe_iter_index": 2165,
  "image_path": "./datasets/sVOC_FLUXFP8/images/2165.png",
  "image_width": 640,
  "image_height": 640,
  "ground_truth_class": "bird",
  "grounding_prompt": "bird",
  "timestamp": "2026-05-22T10:47:59.248039",
  "num_detections": 2,
  "detections": [
    {
      "detection_id": 0,
      "class_name": "bird",
      "yolo_class_id": 2,
      "confidence": 0.8304352760314941,
      "bbox_xyxy": [
        12.0079345703125,
        303.1984558105469,
        265.50347900390625,
        570.2415771484375
      ],
      "bbox_yolo": [
        0.21680578589439392,
        0.6823750734329224,
        0.39608678221702576,
        0.41725486516952515
      ],
      "bbox_width_px": 253.49554443359375,
      "bbox_height_px": 267.0431213378906
    },
    {
      "detection_id": 1,
      "class_name": "bird",
      "yolo_class_id": 2,
      "confidence": 0.7800217270851135,
      "bbox_xyxy": [
        308.6150817871094,
        283.2503967285156,
        611.1343994140625,
        562.996826171875
      ],
      "bbox_yolo": [
        0.7185543179512024,
        0.6611306071281433,
        0.47268643975257874,
        0.437103807926178
      ],
      "bbox_width_px": 302.5193176269531,
      "bbox_height_px": 279.7464294433594
    }
  ]
}