{
  "index": 2198,
  "dataframe_iter_index": 2198,
  "image_path": "./datasets/sVOC_FLUXFP8/images/2198.png",
  "image_width": 640,
  "image_height": 640,
  "ground_truth_class": "bird",
  "grounding_prompt": "bird",
  "timestamp": "2026-05-22T10:49:24.219243",
  "num_detections": 3,
  "detections": [
    {
      "detection_id": 0,
      "class_name": "bird",
      "yolo_class_id": 2,
      "confidence": 0.7792971134185791,
      "bbox_xyxy": [
        33.22638702392578,
        320.1746520996094,
        242.37112426757812,
        526.296630859375
      ],
      "bbox_yolo": [
        0.21531054377555847,
        0.6613057255744934,
        0.32678866386413574,
        0.3220655918121338
      ],
      "bbox_width_px": 209.14474487304688,
      "bbox_height_px": 206.12197875976562
    },
    {
      "detection_id": 1,
      "class_name": "bird",
      "yolo_class_id": 2,
      "confidence": 0.7385460138320923,
      "bbox_xyxy": [
        293.6993408203125,
        293.5817565917969,
        378.1217041015625,
        515.3937377929688
      ],
      "bbox_yolo": [
        0.5248602032661438,
        0.6320120692253113,
        0.13190993666648865,
        0.34658122062683105
      ],
      "bbox_width_px": 84.42236328125,
      "bbox_height_px": 221.81198120117188
    },
    {
      "detection_id": 2,
      "class_name": "bird",
      "yolo_class_id": 2,
      "confidence": 0.7236980199813843,
      "bbox_xyxy": [
        432.3823547363281,
        345.5905456542969,
        613.6424560546875,
        525.7339477539062
      ],
      "bbox_yolo": [
        0.817206859588623,
        0.6807222366333008,
        0.2832189202308655,
        0.2814740538597107
      ],
      "bbox_width_px": 181.26010131835938,
      "bbox_height_px": 180.14340209960938
    }
  ]
}