{
  "index": 2232,
  "dataframe_iter_index": 2232,
  "image_path": "./datasets/sVOC_FLUXFP8/images/2232.png",
  "image_width": 640,
  "image_height": 640,
  "ground_truth_class": "bird",
  "grounding_prompt": "bird",
  "timestamp": "2026-05-22T10:50:12.185560",
  "num_detections": 1,
  "detections": [
    {
      "detection_id": 0,
      "class_name": "bird",
      "yolo_class_id": 2,
      "confidence": 0.9822371602058411,
      "bbox_xyxy": [
        249.3599853515625,
        337.4197998046875,
        440.80712890625,
        514.63916015625
      ],
      "bbox_yolo": [
        0.5391930341720581,
        0.6656710505485535,
        0.2991361618041992,
        0.27690523862838745
      ],
      "bbox_width_px": 191.4471435546875,
      "bbox_height_px": 177.2193603515625
    }
  ]
}