{
  "index": 2261,
  "dataframe_iter_index": 2261,
  "image_path": "./datasets/sVOC_FLUXFP8/images/2261.png",
  "image_width": 640,
  "image_height": 640,
  "ground_truth_class": "bird",
  "grounding_prompt": "bird",
  "timestamp": "2026-05-22T10:50:47.552460",
  "num_detections": 1,
  "detections": [
    {
      "detection_id": 0,
      "class_name": "bird",
      "yolo_class_id": 2,
      "confidence": 0.4128574728965759,
      "bbox_xyxy": [
        17.925674438476562,
        149.10806274414062,
        333.24493408203125,
        638.978515625
      ],
      "bbox_yolo": [
        0.2743520140647888,
        0.6156926155090332,
        0.49268636107444763,
        0.7654225826263428
      ],
      "bbox_width_px": 315.31927490234375,
      "bbox_height_px": 489.8704528808594
    }
  ]
}