{
  "index": 2291,
  "dataframe_iter_index": 2291,
  "image_path": "./datasets/sVOC_FLUXFP8/images/2291.png",
  "image_width": 640,
  "image_height": 640,
  "ground_truth_class": "bird",
  "grounding_prompt": "bird",
  "timestamp": "2026-05-22T10:51:27.165858",
  "num_detections": 1,
  "detections": [
    {
      "detection_id": 0,
      "class_name": "bird",
      "yolo_class_id": 2,
      "confidence": 0.9703968167304993,
      "bbox_xyxy": [
        242.65843200683594,
        224.2084503173828,
        453.162353515625,
        477.44342041015625
      ],
      "bbox_yolo": [
        0.5436099767684937,
        0.548165500164032,
        0.3289123773574829,
        0.39567965269088745
      ],
      "bbox_width_px": 210.50392150878906,
      "bbox_height_px": 253.23497009277344
    }
  ]
}