{
  "index": 2318,
  "dataframe_iter_index": 2318,
  "image_path": "./datasets/sVOC_FLUXFP8/images/2318.png",
  "image_width": 640,
  "image_height": 640,
  "ground_truth_class": "bird",
  "grounding_prompt": "bird",
  "timestamp": "2026-05-22T10:51:58.175651",
  "num_detections": 3,
  "detections": [
    {
      "detection_id": 0,
      "class_name": "bird",
      "yolo_class_id": 2,
      "confidence": 0.8114953637123108,
      "bbox_xyxy": [
        130.3372802734375,
        211.36798095703125,
        276.3540344238281,
        543.3351440429688
      ],
      "bbox_yolo": [
        0.31772759556770325,
        0.589611828327179,
        0.22815117239952087,
        0.5186986923217773
      ],
      "bbox_width_px": 146.01675415039062,
      "bbox_height_px": 331.9671630859375
    },
    {
      "detection_id": 1,
      "class_name": "bird",
      "yolo_class_id": 2,
      "confidence": 0.7509432435035706,
      "bbox_xyxy": [
        231.3181610107422,
        223.17657470703125,
        383.474365234375,
        517.0560913085938
      ],
      "bbox_yolo": [
        0.4803066849708557,
        0.5783067941665649,
        0.2377440631389618,
        0.45918673276901245
      ],
      "bbox_width_px": 152.1562042236328,
      "bbox_height_px": 293.8795166015625
    },
    {
      "detection_id": 2,
      "class_name": "bird",
      "yolo_class_id": 2,
      "confidence": 0.7983010411262512,
      "bbox_xyxy": [
        341.24713134765625,
        204.2822265625,
        524.7694091796875,
        533.8268432617188
      ],
      "bbox_yolo": [
        0.6765754222869873,
        0.5766476988792419,
        0.2867535650730133,
        0.5149134397506714
      ],
      "bbox_width_px": 183.52227783203125,
      "bbox_height_px": 329.54461669921875
    }
  ]
}