{
  "index": 2327,
  "dataframe_iter_index": 2327,
  "image_path": "./datasets/sVOC_FLUXFP8/images/2327.png",
  "image_width": 640,
  "image_height": 640,
  "ground_truth_class": "bird",
  "grounding_prompt": "bird",
  "timestamp": "2026-05-22T10:52:08.282307",
  "num_detections": 1,
  "detections": [
    {
      "detection_id": 0,
      "class_name": "bird",
      "yolo_class_id": 2,
      "confidence": 0.9704449772834778,
      "bbox_xyxy": [
        291.2781982421875,
        377.3245849609375,
        384.09228515625,
        479.5836181640625
      ],
      "bbox_yolo": [
        0.5276331901550293,
        0.6694595217704773,
        0.14502200484275818,
        0.15977974236011505
      ],
      "bbox_width_px": 92.8140869140625,
      "bbox_height_px": 102.259033203125
    }
  ]
}