{
  "index": 2334,
  "dataframe_iter_index": 2334,
  "image_path": "./datasets/sVOC_FLUXFP8/images/2334.png",
  "image_width": 640,
  "image_height": 640,
  "ground_truth_class": "bird",
  "grounding_prompt": "bird",
  "timestamp": "2026-05-22T10:52:16.220961",
  "num_detections": 3,
  "detections": [
    {
      "detection_id": 0,
      "class_name": "bird",
      "yolo_class_id": 2,
      "confidence": 0.7357065081596375,
      "bbox_xyxy": [
        222.51483154296875,
        371.59356689453125,
        259.35009765625,
        421.69134521484375
      ],
      "bbox_yolo": [
        0.37645697593688965,
        0.6197538375854492,
        0.057555101811885834,
        0.07827778160572052
      ],
      "bbox_width_px": 36.83526611328125,
      "bbox_height_px": 50.0977783203125
    },
    {
      "detection_id": 1,
      "class_name": "bird",
      "yolo_class_id": 2,
      "confidence": 0.7382283210754395,
      "bbox_xyxy": [
        303.9958801269531,
        356.9798889160156,
        328.1244201660156,
        420.1788024902344
      ],
      "bbox_yolo": [
        0.4938439726829529,
        0.6071552038192749,
        0.0377008430659771,
        0.09874830394983292
      ],
      "bbox_width_px": 24.1285400390625,
      "bbox_height_px": 63.19891357421875
    },
    {
      "detection_id": 2,
      "class_name": "bird",
      "yolo_class_id": 2,
      "confidence": 0.6869620084762573,
      "bbox_xyxy": [
        460.0918273925781,
        350.0884704589844,
        487.5002746582031,
        409.1833801269531
      ],
      "bbox_yolo": [
        0.7403063178062439,
        0.5931811332702637,
        0.04282569885253906,
        0.09233579784631729
      ],
      "bbox_width_px": 27.408447265625,
      "bbox_height_px": 59.09490966796875
    }
  ]
}