{
  "index": 2336,
  "dataframe_iter_index": 2336,
  "image_path": "./datasets/sVOC_FLUXFP8/images/2336.png",
  "image_width": 640,
  "image_height": 640,
  "ground_truth_class": "bird",
  "grounding_prompt": "bird",
  "timestamp": "2026-05-22T10:52:18.415890",
  "num_detections": 1,
  "detections": [
    {
      "detection_id": 0,
      "class_name": "bird",
      "yolo_class_id": 2,
      "confidence": 0.9718005061149597,
      "bbox_xyxy": [
        212.15745544433594,
        215.449462890625,
        629.8631591796875,
        492.18994140625
      ],
      "bbox_yolo": [
        0.6578286290168762,
        0.5528432726860046,
        0.6526651382446289,
        0.4324069917201996
      ],
      "bbox_width_px": 417.7056884765625,
      "bbox_height_px": 276.740478515625
    }
  ]
}