{
  "index": 234,
  "dataframe_iter_index": 234,
  "image_path": "./datasets/sVOC_FLUXFP8/images/234.png",
  "image_width": 640,
  "image_height": 640,
  "ground_truth_class": "aeroplane",
  "grounding_prompt": "aeroplane",
  "timestamp": "2026-05-22T10:10:27.936226",
  "num_detections": 1,
  "detections": [
    {
      "detection_id": 0,
      "class_name": "aeroplane",
      "yolo_class_id": 0,
      "confidence": 0.8063660860061646,
      "bbox_xyxy": [
        18.0712890625,
        263.03924560546875,
        635.2589111328125,
        447.8253173828125
      ],
      "bbox_yolo": [
        0.5104142427444458,
        0.5553629398345947,
        0.9643556475639343,
        0.2887282371520996
      ],
      "bbox_width_px": 617.1876220703125,
      "bbox_height_px": 184.78607177734375
    }
  ]
}