{
  "index": 2347,
  "dataframe_iter_index": 2347,
  "image_path": "./datasets/sVOC_FLUXFP8/images/2347.png",
  "image_width": 640,
  "image_height": 640,
  "ground_truth_class": "bird",
  "grounding_prompt": "bird",
  "timestamp": "2026-05-22T10:52:31.038720",
  "num_detections": 1,
  "detections": [
    {
      "detection_id": 0,
      "class_name": "bird",
      "yolo_class_id": 2,
      "confidence": 0.9597864151000977,
      "bbox_xyxy": [
        415.28033447265625,
        353.2120666503906,
        524.8509521484375,
        503.0536804199219
      ],
      "bbox_yolo": [
        0.7344775795936584,
        0.6689575910568237,
        0.1712040901184082,
        0.23412752151489258
      ],
      "bbox_width_px": 109.57061767578125,
      "bbox_height_px": 149.84161376953125
    }
  ]
}