{
  "index": 236,
  "dataframe_iter_index": 236,
  "image_path": "./datasets/sVOC_FLUXFP8/images/236.png",
  "image_width": 640,
  "image_height": 640,
  "ground_truth_class": "aeroplane",
  "grounding_prompt": "aeroplane",
  "timestamp": "2026-05-22T10:10:30.151834",
  "num_detections": 1,
  "detections": [
    {
      "detection_id": 0,
      "class_name": "aeroplane",
      "yolo_class_id": 0,
      "confidence": 0.9663857221603394,
      "bbox_xyxy": [
        105.70147705078125,
        324.506591796875,
        502.36737060546875,
        443.99383544921875
      ],
      "bbox_yolo": [
        0.4750537872314453,
        0.6003909707069397,
        0.6197904348373413,
        0.1866988241672516
      ],
      "bbox_width_px": 396.6658935546875,
      "bbox_height_px": 119.48724365234375
    }
  ]
}