{
  "index": 2366,
  "dataframe_iter_index": 2366,
  "image_path": "./datasets/sVOC_FLUXFP8/images/2366.png",
  "image_width": 640,
  "image_height": 640,
  "ground_truth_class": "bird",
  "grounding_prompt": "bird",
  "timestamp": "2026-05-22T10:52:53.293973",
  "num_detections": 3,
  "detections": [
    {
      "detection_id": 0,
      "class_name": "bird",
      "yolo_class_id": 2,
      "confidence": 0.7993448376655579,
      "bbox_xyxy": [
        105.20527648925781,
        83.42011260986328,
        190.97642517089844,
        234.510986328125
      ],
      "bbox_yolo": [
        0.23139195144176483,
        0.24838367104530334,
        0.13401742279529572,
        0.23607949912548065
      ],
      "bbox_width_px": 85.77114868164062,
      "bbox_height_px": 151.09088134765625
    },
    {
      "detection_id": 1,
      "class_name": "bird",
      "yolo_class_id": 2,
      "confidence": 0.7738387584686279,
      "bbox_xyxy": [
        254.80203247070312,
        163.97923278808594,
        315.7168884277344,
        287.92633056640625
      ],
      "bbox_yolo": [
        0.4457179009914398,
        0.35305124521255493,
        0.09517946094274521,
        0.19366733729839325
      ],
      "bbox_width_px": 60.91485595703125,
      "bbox_height_px": 123.94709777832031
    },
    {
      "detection_id": 2,
      "class_name": "bird",
      "yolo_class_id": 2,
      "confidence": 0.7875452041625977,
      "bbox_xyxy": [
        431.9517822265625,
        155.72308349609375,
        492.5899658203125,
        293.4931640625
      ],
      "bbox_yolo": [
        0.722298264503479,
        0.3509501814842224,
        0.0947471633553505,
        0.21526575088500977
      ],
      "bbox_width_px": 60.63818359375,
      "bbox_height_px": 137.77008056640625
    }
  ]
}