{
  "index": 2373,
  "dataframe_iter_index": 2373,
  "image_path": "./datasets/sVOC_FLUXFP8/images/2373.png",
  "image_width": 640,
  "image_height": 640,
  "ground_truth_class": "bird",
  "grounding_prompt": "bird",
  "timestamp": "2026-05-22T10:53:01.117659",
  "num_detections": 2,
  "detections": [
    {
      "detection_id": 0,
      "class_name": "bird",
      "yolo_class_id": 2,
      "confidence": 0.8090596795082092,
      "bbox_xyxy": [
        282.8334045410156,
        238.4039306640625,
        612.955810546875,
        545.9207153320312
      ],
      "bbox_yolo": [
        0.6998353004455566,
        0.6127536296844482,
        0.5158162713050842,
        0.48049497604370117
      ],
      "bbox_width_px": 330.1224060058594,
      "bbox_height_px": 307.51678466796875
    },
    {
      "detection_id": 1,
      "class_name": "bird",
      "yolo_class_id": 2,
      "confidence": 0.8181145787239075,
      "bbox_xyxy": [
        49.40547180175781,
        241.1011505126953,
        259.67755126953125,
        549.1242065429688
      ],
      "bbox_yolo": [
        0.2414710968732834,
        0.6173635721206665,
        0.3285501301288605,
        0.48128604888916016
      ],
      "bbox_width_px": 210.27207946777344,
      "bbox_height_px": 308.0230712890625
    }
  ]
}