{
  "index": 2420,
  "dataframe_iter_index": 2420,
  "image_path": "./datasets/sVOC_FLUXFP8/images/2420.png",
  "image_width": 640,
  "image_height": 640,
  "ground_truth_class": "boat",
  "grounding_prompt": "boat",
  "timestamp": "2026-05-22T10:53:55.280636",
  "num_detections": 1,
  "detections": [
    {
      "detection_id": 0,
      "class_name": "boat",
      "yolo_class_id": 3,
      "confidence": 0.8135541677474976,
      "bbox_xyxy": [
        209.633544921875,
        297.63134765625,
        415.2723388671875,
        408.87261962890625
      ],
      "bbox_yolo": [
        0.48820772767066956,
        0.5519562363624573,
        0.3213106095790863,
        0.17381449043750763
      ],
      "bbox_width_px": 205.6387939453125,
      "bbox_height_px": 111.24127197265625
    }
  ]
}