{
  "index": 2424,
  "dataframe_iter_index": 2424,
  "image_path": "./datasets/sVOC_FLUXFP8/images/2424.png",
  "image_width": 640,
  "image_height": 640,
  "ground_truth_class": "boat",
  "grounding_prompt": "boat",
  "timestamp": "2026-05-22T10:53:59.794993",
  "num_detections": 3,
  "detections": [
    {
      "detection_id": 0,
      "class_name": "boat",
      "yolo_class_id": 3,
      "confidence": 0.7346832156181335,
      "bbox_xyxy": [
        186.5192413330078,
        190.2483367919922,
        414.3028564453125,
        420.07159423828125
      ],
      "bbox_yolo": [
        0.46939224004745483,
        0.4768124520778656,
        0.35591191053390503,
        0.3590988516807556
      ],
      "bbox_width_px": 227.7836151123047,
      "bbox_height_px": 229.82325744628906
    },
    {
      "detection_id": 1,
      "class_name": "boat",
      "yolo_class_id": 3,
      "confidence": 0.4925076961517334,
      "bbox_xyxy": [
        77.63311767578125,
        344.6808166503906,
        142.68251037597656,
        361.7966003417969
      ],
      "bbox_yolo": [
        0.1721215844154358,
        0.5519354939460754,
        0.10163967311382294,
        0.026743412017822266
      ],
      "bbox_width_px": 65.04939270019531,
      "bbox_height_px": 17.11578369140625
    },
    {
      "detection_id": 2,
      "class_name": "boat",
      "yolo_class_id": 3,
      "confidence": 0.41621989011764526,
      "bbox_xyxy": [
        0.26544952392578125,
        337.1286926269531,
        83.0279769897461,
        363.0566101074219
      ],
      "bbox_yolo": [
        0.06507299095392227,
        0.5470197796821594,
        0.12931644916534424,
        0.04051237180829048
      ],
      "bbox_width_px": 82.76252746582031,
      "bbox_height_px": 25.92791748046875
    }
  ]
}