{
  "index": 2471,
  "dataframe_iter_index": 2471,
  "image_path": "./datasets/sVOC_FLUXFP8/images/2471.png",
  "image_width": 640,
  "image_height": 640,
  "ground_truth_class": "boat",
  "grounding_prompt": "boat",
  "timestamp": "2026-05-22T10:54:52.906102",
  "num_detections": 1,
  "detections": [
    {
      "detection_id": 0,
      "class_name": "boat",
      "yolo_class_id": 3,
      "confidence": 0.8926302790641785,
      "bbox_xyxy": [
        307.4707946777344,
        477.3248291015625,
        344.1441955566406,
        488.4588623046875
      ],
      "bbox_yolo": [
        0.5090742111206055,
        0.7545185089111328,
        0.057302188128232956,
        0.017396926879882812
      ],
      "bbox_width_px": 36.67340087890625,
      "bbox_height_px": 11.134033203125
    }
  ]
}