{
  "index": 2495,
  "dataframe_iter_index": 2495,
  "image_path": "./datasets/sVOC_FLUXFP8/images/2495.png",
  "image_width": 640,
  "image_height": 640,
  "ground_truth_class": "boat",
  "grounding_prompt": "boat",
  "timestamp": "2026-05-22T10:55:19.795885",
  "num_detections": 1,
  "detections": [
    {
      "detection_id": 0,
      "class_name": "boat",
      "yolo_class_id": 3,
      "confidence": 0.944236695766449,
      "bbox_xyxy": [
        343.18218994140625,
        419.05902099609375,
        455.69482421875,
        447.62786865234375
      ],
      "bbox_yolo": [
        0.624122679233551,
        0.6770991086959839,
        0.17580099403858185,
        0.044638823717832565
      ],
      "bbox_width_px": 112.51263427734375,
      "bbox_height_px": 28.56884765625
    }
  ]
}