{
  "index": 2508,
  "dataframe_iter_index": 2508,
  "image_path": "./datasets/sVOC_FLUXFP8/images/2508.png",
  "image_width": 640,
  "image_height": 640,
  "ground_truth_class": "boat",
  "grounding_prompt": "boat",
  "timestamp": "2026-05-22T10:55:34.259809",
  "num_detections": 1,
  "detections": [
    {
      "detection_id": 0,
      "class_name": "boat",
      "yolo_class_id": 3,
      "confidence": 0.9621912837028503,
      "bbox_xyxy": [
        127.85615539550781,
        348.9176025390625,
        424.09075927734375,
        503.06475830078125
      ],
      "bbox_yolo": [
        0.4312085211277008,
        0.665611207485199,
        0.4628666043281555,
        0.24085493385791779
      ],
      "bbox_width_px": 296.234619140625,
      "bbox_height_px": 154.14715576171875
    }
  ]
}