{
  "index": 2509,
  "dataframe_iter_index": 2509,
  "image_path": "./datasets/sVOC_FLUXFP8/images/2509.png",
  "image_width": 640,
  "image_height": 640,
  "ground_truth_class": "boat",
  "grounding_prompt": "boat",
  "timestamp": "2026-05-22T10:55:35.395567",
  "num_detections": 2,
  "detections": [
    {
      "detection_id": 0,
      "class_name": "boat",
      "yolo_class_id": 3,
      "confidence": 0.8662282228469849,
      "bbox_xyxy": [
        92.04058837890625,
        211.95697021484375,
        328.8099670410156,
        499.1885986328125
      ],
      "bbox_yolo": [
        0.32878950238227844,
        0.5555824637413025,
        0.36995214223861694,
        0.4487994313240051
      ],
      "bbox_width_px": 236.76937866210938,
      "bbox_height_px": 287.23162841796875
    },
    {
      "detection_id": 1,
      "class_name": "boat",
      "yolo_class_id": 3,
      "confidence": 0.830940842628479,
      "bbox_xyxy": [
        351.71405029296875,
        293.7294921875,
        585.8593139648438,
        438.2918701171875
      ],
      "bbox_yolo": [
        0.7324792146682739,
        0.5718916654586792,
        0.3658519685268402,
        0.22587871551513672
      ],
      "bbox_width_px": 234.145263671875,
      "bbox_height_px": 144.5623779296875
    }
  ]
}