{
  "index": 2515,
  "dataframe_iter_index": 2515,
  "image_path": "./datasets/sVOC_FLUXFP8/images/2515.png",
  "image_width": 640,
  "image_height": 640,
  "ground_truth_class": "boat",
  "grounding_prompt": "boat",
  "timestamp": "2026-05-22T10:55:42.096713",
  "num_detections": 1,
  "detections": [
    {
      "detection_id": 0,
      "class_name": "boat",
      "yolo_class_id": 3,
      "confidence": 0.9759519100189209,
      "bbox_xyxy": [
        106.53216552734375,
        318.89288330078125,
        495.29669189453125,
        503.93170166015625
      ],
      "bbox_yolo": [
        0.4701787829399109,
        0.6428316831588745,
        0.6074445843696594,
        0.28912314772605896
      ],
      "bbox_width_px": 388.7645263671875,
      "bbox_height_px": 185.038818359375
    }
  ]
}