{
  "index": 2516,
  "dataframe_iter_index": 2516,
  "image_path": "./datasets/sVOC_FLUXFP8/images/2516.png",
  "image_width": 640,
  "image_height": 640,
  "ground_truth_class": "boat",
  "grounding_prompt": "boat",
  "timestamp": "2026-05-22T10:55:43.182150",
  "num_detections": 1,
  "detections": [
    {
      "detection_id": 0,
      "class_name": "boat",
      "yolo_class_id": 3,
      "confidence": 0.8968219757080078,
      "bbox_xyxy": [
        185.00692749023438,
        344.4931335449219,
        402.8147277832031,
        412.0346984863281
      ],
      "bbox_yolo": [
        0.45923566818237305,
        0.591037392616272,
        0.3403246998786926,
        0.10553369671106339
      ],
      "bbox_width_px": 217.80780029296875,
      "bbox_height_px": 67.54156494140625
    }
  ]
}