{
  "index": 2522,
  "dataframe_iter_index": 2522,
  "image_path": "./datasets/sVOC_FLUXFP8/images/2522.png",
  "image_width": 640,
  "image_height": 640,
  "ground_truth_class": "boat",
  "grounding_prompt": "boat",
  "timestamp": "2026-05-22T10:55:49.907910",
  "num_detections": 3,
  "detections": [
    {
      "detection_id": 0,
      "class_name": "boat",
      "yolo_class_id": 3,
      "confidence": 0.6336044073104858,
      "bbox_xyxy": [
        84.53030395507812,
        211.27943420410156,
        338.8458557128906,
        498.845947265625
      ],
      "bbox_yolo": [
        0.3307626247406006,
        0.554785430431366,
        0.39736804366111755,
        0.4493227005004883
      ],
      "bbox_width_px": 254.3155517578125,
      "bbox_height_px": 287.5665283203125
    },
    {
      "detection_id": 1,
      "class_name": "boat",
      "yolo_class_id": 3,
      "confidence": 0.5335102677345276,
      "bbox_xyxy": [
        413.9687805175781,
        283.746826171875,
        561.6064453125,
        436.1663818359375
      ],
      "bbox_yolo": [
        0.7621681094169617,
        0.5624321699142456,
        0.2306838482618332,
        0.2381555587053299
      ],
      "bbox_width_px": 147.63766479492188,
      "bbox_height_px": 152.4195556640625
    },
    {
      "detection_id": 2,
      "class_name": "boat",
      "yolo_class_id": 3,
      "confidence": 0.5429402589797974,
      "bbox_xyxy": [
        281.9009704589844,
        266.9588317871094,
        473.6633605957031,
        457.1376037597656
      ],
      "bbox_yolo": [
        0.5902846455574036,
        0.565700352191925,
        0.29962873458862305,
        0.29715433716773987
      ],
      "bbox_width_px": 191.76239013671875,
      "bbox_height_px": 190.17877197265625
    }
  ]
}