{
  "index": 2530,
  "dataframe_iter_index": 2530,
  "image_path": "./datasets/sVOC_FLUXFP8/images/2530.png",
  "image_width": 640,
  "image_height": 640,
  "ground_truth_class": "boat",
  "grounding_prompt": "boat",
  "timestamp": "2026-05-22T10:55:58.891471",
  "num_detections": 3,
  "detections": [
    {
      "detection_id": 0,
      "class_name": "boat",
      "yolo_class_id": 3,
      "confidence": 0.7550399899482727,
      "bbox_xyxy": [
        85.50532531738281,
        331.9637451171875,
        339.039306640625,
        498.6201171875
      ],
      "bbox_yolo": [
        0.3316754698753357,
        0.6488936543464661,
        0.39614683389663696,
        0.26040059328079224
      ],
      "bbox_width_px": 253.5339813232422,
      "bbox_height_px": 166.6563720703125
    },
    {
      "detection_id": 1,
      "class_name": "boat",
      "yolo_class_id": 3,
      "confidence": 0.6998223066329956,
      "bbox_xyxy": [
        279.3498840332031,
        354.7603454589844,
        519.1744384765625,
        451.2769470214844
      ],
      "bbox_yolo": [
        0.6238471269607544,
        0.6297166347503662,
        0.374725878238678,
        0.150807186961174
      ],
      "bbox_width_px": 239.82455444335938,
      "bbox_height_px": 96.5166015625
    },
    {
      "detection_id": 2,
      "class_name": "boat",
      "yolo_class_id": 3,
      "confidence": 0.4022628366947174,
      "bbox_xyxy": [
        487.348388671875,
        396.1400451660156,
        571.853759765625,
        437.5397033691406
      ],
      "bbox_yolo": [
        0.827501654624939,
        0.6513122916221619,
        0.1320396363735199,
        0.06468696892261505
      ],
      "bbox_width_px": 84.50537109375,
      "bbox_height_px": 41.399658203125
    }
  ]
}