{
  "index": 2535,
  "dataframe_iter_index": 2535,
  "image_path": "./datasets/sVOC_FLUXFP8/images/2535.png",
  "image_width": 640,
  "image_height": 640,
  "ground_truth_class": "boat",
  "grounding_prompt": "boat",
  "timestamp": "2026-05-22T10:56:04.499753",
  "num_detections": 1,
  "detections": [
    {
      "detection_id": 0,
      "class_name": "boat",
      "yolo_class_id": 3,
      "confidence": 0.9524475932121277,
      "bbox_xyxy": [
        214.18411254882812,
        362.30987548828125,
        402.7516784667969,
        417.87188720703125
      ],
      "bbox_yolo": [
        0.481981098651886,
        0.609516978263855,
        0.2946368157863617,
        0.08681564033031464
      ],
      "bbox_width_px": 188.56756591796875,
      "bbox_height_px": 55.56201171875
    }
  ]
}