{
  "index": 2538,
  "dataframe_iter_index": 2538,
  "image_path": "./datasets/sVOC_FLUXFP8/images/2538.png",
  "image_width": 640,
  "image_height": 640,
  "ground_truth_class": "boat",
  "grounding_prompt": "boat",
  "timestamp": "2026-05-22T10:56:07.876198",
  "num_detections": 3,
  "detections": [
    {
      "detection_id": 0,
      "class_name": "boat",
      "yolo_class_id": 3,
      "confidence": 0.7888009548187256,
      "bbox_xyxy": [
        85.02821350097656,
        369.4710998535156,
        276.26190185546875,
        504.4834899902344
      ],
      "bbox_yolo": [
        0.28225788474082947,
        0.6827770471572876,
        0.2988026440143585,
        0.2109568566083908
      ],
      "bbox_width_px": 191.2336883544922,
      "bbox_height_px": 135.01239013671875
    },
    {
      "detection_id": 1,
      "class_name": "boat",
      "yolo_class_id": 3,
      "confidence": 0.7963594198226929,
      "bbox_xyxy": [
        305.54638671875,
        356.7196350097656,
        603.8271484375,
        444.6222229003906
      ],
      "bbox_yolo": [
        0.7104480862617493,
        0.6260483264923096,
        0.4660636782646179,
        0.13734778761863708
      ],
      "bbox_width_px": 298.28076171875,
      "bbox_height_px": 87.902587890625
    },
    {
      "detection_id": 2,
      "class_name": "boat",
      "yolo_class_id": 3,
      "confidence": 0.7567031979560852,
      "bbox_xyxy": [
        205.4092559814453,
        363.78515625,
        415.41937255859375,
        461.0802001953125
      ],
      "bbox_yolo": [
        0.4850223660469055,
        0.6444260478019714,
        0.3281407952308655,
        0.15202350914478302
      ],
      "bbox_width_px": 210.01011657714844,
      "bbox_height_px": 97.2950439453125
    }
  ]
}