{
  "index": 2557,
  "dataframe_iter_index": 2557,
  "image_path": "./datasets/sVOC_FLUXFP8/images/2557.png",
  "image_width": 640,
  "image_height": 640,
  "ground_truth_class": "boat",
  "grounding_prompt": "boat",
  "timestamp": "2026-05-22T10:56:29.323819",
  "num_detections": 2,
  "detections": [
    {
      "detection_id": 0,
      "class_name": "boat",
      "yolo_class_id": 3,
      "confidence": 0.7774599194526672,
      "bbox_xyxy": [
        300.0966491699219,
        351.6612854003906,
        581.31103515625,
        451.6559753417969
      ],
      "bbox_yolo": [
        0.6885997653007507,
        0.627591609954834,
        0.4393974840641022,
        0.15624170005321503
      ],
      "bbox_width_px": 281.2143859863281,
      "bbox_height_px": 99.99468994140625
    },
    {
      "detection_id": 1,
      "class_name": "boat",
      "yolo_class_id": 3,
      "confidence": 0.8098211288452148,
      "bbox_xyxy": [
        134.88674926757812,
        335.3887023925781,
        329.9366760253906,
        496.6952819824219
      ],
      "bbox_yolo": [
        0.36314329504966736,
        0.6500656008720398,
        0.304765522480011,
        0.2520415186882019
      ],
      "bbox_width_px": 195.0499267578125,
      "bbox_height_px": 161.30657958984375
    }
  ]
}