{
  "index": 2600,
  "dataframe_iter_index": 2600,
  "image_path": "./datasets/sVOC_FLUXFP8/images/2600.png",
  "image_width": 640,
  "image_height": 640,
  "ground_truth_class": "boat",
  "grounding_prompt": "boat",
  "timestamp": "2026-05-22T10:57:19.151708",
  "num_detections": 1,
  "detections": [
    {
      "detection_id": 0,
      "class_name": "boat",
      "yolo_class_id": 3,
      "confidence": 0.7563238143920898,
      "bbox_xyxy": [
        211.17091369628906,
        369.2331237792969,
        433.5870361328125,
        428.1773986816406
      ],
      "bbox_yolo": [
        0.5037171244621277,
        0.6229769587516785,
        0.3475251793861389,
        0.09210042655467987
      ],
      "bbox_width_px": 222.41612243652344,
      "bbox_height_px": 58.94427490234375
    }
  ]
}