{
  "index": 2663,
  "dataframe_iter_index": 2663,
  "image_path": "./datasets/sVOC_FLUXFP8/images/2663.png",
  "image_width": 640,
  "image_height": 640,
  "ground_truth_class": "boat",
  "grounding_prompt": "boat",
  "timestamp": "2026-05-22T10:58:30.819233",
  "num_detections": 1,
  "detections": [
    {
      "detection_id": 0,
      "class_name": "boat",
      "yolo_class_id": 3,
      "confidence": 0.9080713391304016,
      "bbox_xyxy": [
        151.91566467285156,
        413.75634765625,
        372.88336181640625,
        516.5518798828125
      ],
      "bbox_yolo": [
        0.40999922156333923,
        0.7268033027648926,
        0.3452620208263397,
        0.16061802208423615
      ],
      "bbox_width_px": 220.9676971435547,
      "bbox_height_px": 102.7955322265625
    }
  ]
}