{
  "index": 2670,
  "dataframe_iter_index": 2670,
  "image_path": "./datasets/sVOC_FLUXFP8/images/2670.png",
  "image_width": 640,
  "image_height": 640,
  "ground_truth_class": "boat",
  "grounding_prompt": "boat",
  "timestamp": "2026-05-22T10:58:38.703818",
  "num_detections": 4,
  "detections": [
    {
      "detection_id": 0,
      "class_name": "boat",
      "yolo_class_id": 3,
      "confidence": 0.831610381603241,
      "bbox_xyxy": [
        279.2309265136719,
        338.79107666015625,
        335.7059631347656,
        409.49334716796875
      ],
      "bbox_yolo": [
        0.48041945695877075,
        0.5845972299575806,
        0.08824224770069122,
        0.11047229915857315
      ],
      "bbox_width_px": 56.47503662109375,
      "bbox_height_px": 70.7022705078125
    },
    {
      "detection_id": 1,
      "class_name": "boat",
      "yolo_class_id": 3,
      "confidence": 0.7614585161209106,
      "bbox_xyxy": [
        321.6612243652344,
        281.6641845703125,
        364.2373352050781,
        315.24688720703125
      ],
      "bbox_yolo": [
        0.5358582735061646,
        0.46633678674697876,
        0.0665251761674881,
        0.05247297137975693
      ],
      "bbox_width_px": 42.57611083984375,
      "bbox_height_px": 33.58270263671875
    },
    {
      "detection_id": 2,
      "class_name": "boat",
      "yolo_class_id": 3,
      "confidence": 0.5657986402511597,
      "bbox_xyxy": [
        269.5264587402344,
        274.94677734375,
        296.8226623535156,
        284.9132080078125
      ],
      "bbox_yolo": [
        0.44246023893356323,
        0.43739062547683716,
        0.04265031963586807,
        0.015572547912597656
      ],
      "bbox_width_px": 27.29620361328125,
      "bbox_height_px": 9.9664306640625
    },
    {
      "detection_id": 3,
      "class_name": "boat",
      "yolo_class_id": 3,
      "confidence": 0.45256298780441284,
      "bbox_xyxy": [
        244.88900756835938,
        291.22674560546875,
        267.6291198730469,
        300.0830078125
      ],
      "bbox_yolo": [
        0.40040478110313416,
        0.46196073293685913,
        0.0355314239859581,
        0.013837909325957298
      ],
      "bbox_width_px": 22.7401123046875,
      "bbox_height_px": 8.85626220703125
    }
  ]
}