{
  "index": 2728,
  "dataframe_iter_index": 2728,
  "image_path": "./datasets/sVOC_FLUXFP8/images/2728.png",
  "image_width": 640,
  "image_height": 640,
  "ground_truth_class": "boat",
  "grounding_prompt": "boat",
  "timestamp": "2026-05-22T10:59:43.844702",
  "num_detections": 1,
  "detections": [
    {
      "detection_id": 0,
      "class_name": "boat",
      "yolo_class_id": 3,
      "confidence": 0.9337541460990906,
      "bbox_xyxy": [
        306.95172119140625,
        391.4973449707031,
        437.35302734375,
        434.9234313964844
      ],
      "bbox_yolo": [
        0.5814880728721619,
        0.6456412076950073,
        0.2037520408630371,
        0.06785325706005096
      ],
      "bbox_width_px": 130.40130615234375,
      "bbox_height_px": 43.42608642578125
    }
  ]
}