{
  "index": 2731,
  "dataframe_iter_index": 2731,
  "image_path": "./datasets/sVOC_FLUXFP8/images/2731.png",
  "image_width": 640,
  "image_height": 640,
  "ground_truth_class": "boat",
  "grounding_prompt": "boat",
  "timestamp": "2026-05-22T10:59:47.280337",
  "num_detections": 1,
  "detections": [
    {
      "detection_id": 0,
      "class_name": "boat",
      "yolo_class_id": 3,
      "confidence": 0.4372791349887848,
      "bbox_xyxy": [
        268.1423034667969,
        376.152587890625,
        386.0712585449219,
        428.5040283203125
      ],
      "bbox_yolo": [
        0.5111043453216553,
        0.628637969493866,
        0.18426398932933807,
        0.08179912716150284
      ],
      "bbox_width_px": 117.928955078125,
      "bbox_height_px": 52.3514404296875
    }
  ]
}