{
  "index": 274,
  "dataframe_iter_index": 274,
  "image_path": "./datasets/sVOC_FLUXFP8/images/274.png",
  "image_width": 640,
  "image_height": 640,
  "ground_truth_class": "aeroplane",
  "grounding_prompt": "aeroplane",
  "timestamp": "2026-05-22T10:11:13.498253",
  "num_detections": 1,
  "detections": [
    {
      "detection_id": 0,
      "class_name": "aeroplane",
      "yolo_class_id": 0,
      "confidence": 0.8276135325431824,
      "bbox_xyxy": [
        16.171600341796875,
        223.89566040039062,
        636.8441162109375,
        430.6279602050781
      ],
      "bbox_yolo": [
        0.5101685523986816,
        0.5113465785980225,
        0.9698007702827454,
        0.32301920652389526
      ],
      "bbox_width_px": 620.6724853515625,
      "bbox_height_px": 206.7322998046875
    }
  ]
}