{
  "index": 2744,
  "dataframe_iter_index": 2744,
  "image_path": "./datasets/sVOC_FLUXFP8/images/2744.png",
  "image_width": 640,
  "image_height": 640,
  "ground_truth_class": "boat",
  "grounding_prompt": "boat",
  "timestamp": "2026-05-22T11:00:01.935716",
  "num_detections": 1,
  "detections": [
    {
      "detection_id": 0,
      "class_name": "boat",
      "yolo_class_id": 3,
      "confidence": 0.4695446193218231,
      "bbox_xyxy": [
        99.22676086425781,
        335.17181396484375,
        478.10174560546875,
        421.26580810546875
      ],
      "bbox_yolo": [
        0.4510378837585449,
        0.5909668803215027,
        0.591992199420929,
        0.13452187180519104
      ],
      "bbox_width_px": 378.875,
      "bbox_height_px": 86.093994140625
    }
  ]
}