{
  "index": 2750,
  "dataframe_iter_index": 2750,
  "image_path": "./datasets/sVOC_FLUXFP8/images/2750.png",
  "image_width": 640,
  "image_height": 640,
  "ground_truth_class": "boat",
  "grounding_prompt": "boat",
  "timestamp": "2026-05-22T11:00:08.632874",
  "num_detections": 3,
  "detections": [
    {
      "detection_id": 0,
      "class_name": "boat",
      "yolo_class_id": 3,
      "confidence": 0.6877331733703613,
      "bbox_xyxy": [
        463.1107482910156,
        348.39727783203125,
        578.6642456054688,
        456.01531982421875
      ],
      "bbox_yolo": [
        0.8138867616653442,
        0.6284473538398743,
        0.18055233359336853,
        0.16815319657325745
      ],
      "bbox_width_px": 115.55349731445312,
      "bbox_height_px": 107.6180419921875
    },
    {
      "detection_id": 1,
      "class_name": "boat",
      "yolo_class_id": 3,
      "confidence": 0.47991394996643066,
      "bbox_xyxy": [
        46.975372314453125,
        329.82806396484375,
        307.91351318359375,
        491.15716552734375
      ],
      "bbox_yolo": [
        0.27725693583488464,
        0.6413947343826294,
        0.4077158570289612,
        0.2520767152309418
      ],
      "bbox_width_px": 260.9381408691406,
      "bbox_height_px": 161.3291015625
    },
    {
      "detection_id": 2,
      "class_name": "boat",
      "yolo_class_id": 3,
      "confidence": 0.5998068451881409,
      "bbox_xyxy": [
        301.77825927734375,
        358.8201599121094,
        461.38592529296875,
        446.4115295410156
      ],
      "bbox_yolo": [
        0.5962220430374146,
        0.6290872693061829,
        0.2493869811296463,
        0.13686151802539825
      ],
      "bbox_width_px": 159.607666015625,
      "bbox_height_px": 87.59136962890625
    }
  ]
}