{
  "index": 2781,
  "dataframe_iter_index": 2781,
  "image_path": "./datasets/sVOC_FLUXFP8/images/2781.png",
  "image_width": 640,
  "image_height": 640,
  "ground_truth_class": "boat",
  "grounding_prompt": "boat",
  "timestamp": "2026-05-22T11:00:43.670402",
  "num_detections": 2,
  "detections": [
    {
      "detection_id": 0,
      "class_name": "boat",
      "yolo_class_id": 3,
      "confidence": 0.6711252927780151,
      "bbox_xyxy": [
        203.34872436523438,
        64.11285400390625,
        326.7721862792969,
        488.193603515625
      ],
      "bbox_yolo": [
        0.414156973361969,
        0.43148940801620483,
        0.19284915924072266,
        0.6626261472702026
      ],
      "bbox_width_px": 123.4234619140625,
      "bbox_height_px": 424.08074951171875
    },
    {
      "detection_id": 1,
      "class_name": "boat",
      "yolo_class_id": 3,
      "confidence": 0.581892728805542,
      "bbox_xyxy": [
        409.3448486328125,
        259.3163146972656,
        463.114990234375,
        367.6516418457031
      ],
      "bbox_yolo": [
        0.6816092729568481,
        0.4898187220096588,
        0.0840158462524414,
        0.16927394270896912
      ],
      "bbox_width_px": 53.7701416015625,
      "bbox_height_px": 108.3353271484375
    }
  ]
}