{
  "index": 2802,
  "dataframe_iter_index": 2802,
  "image_path": "./datasets/sVOC_FLUXFP8/images/2802.png",
  "image_width": 640,
  "image_height": 640,
  "ground_truth_class": "boat",
  "grounding_prompt": "boat",
  "timestamp": "2026-05-22T11:01:07.449325",
  "num_detections": 3,
  "detections": [
    {
      "detection_id": 0,
      "class_name": "boat",
      "yolo_class_id": 3,
      "confidence": 0.5193465948104858,
      "bbox_xyxy": [
        409.8753662109375,
        229.962646484375,
        557.396484375,
        396.19140625
      ],
      "bbox_yolo": [
        0.7556811571121216,
        0.48918285965919495,
        0.23050174117088318,
        0.2597324252128601
      ],
      "bbox_width_px": 147.5211181640625,
      "bbox_height_px": 166.228759765625
    },
    {
      "detection_id": 1,
      "class_name": "boat",
      "yolo_class_id": 3,
      "confidence": 0.5256319046020508,
      "bbox_xyxy": [
        211.4365997314453,
        359.1664123535156,
        332.5792236328125,
        414.5658874511719
      ],
      "bbox_yolo": [
        0.42501235008239746,
        0.6044783592224121,
        0.18928535282611847,
        0.08656167984008789
      ],
      "bbox_width_px": 121.14262390136719,
      "bbox_height_px": 55.39947509765625
    },
    {
      "detection_id": 2,
      "class_name": "boat",
      "yolo_class_id": 3,
      "confidence": 0.4208822250366211,
      "bbox_xyxy": [
        315.1817626953125,
        210.37478637695312,
        465.95458984375,
        414.2848815917969
      ],
      "bbox_yolo": [
        0.6102627515792847,
        0.488015353679657,
        0.23558254539966583,
        0.3186095356941223
      ],
      "bbox_width_px": 150.7728271484375,
      "bbox_height_px": 203.91009521484375
    }
  ]
}