{
  "index": 2852,
  "dataframe_iter_index": 2852,
  "image_path": "./datasets/sVOC_FLUXFP8/images/2852.png",
  "image_width": 640,
  "image_height": 640,
  "ground_truth_class": "boat",
  "grounding_prompt": "boat",
  "timestamp": "2026-05-22T11:02:04.063313",
  "num_detections": 1,
  "detections": [
    {
      "detection_id": 0,
      "class_name": "boat",
      "yolo_class_id": 3,
      "confidence": 0.9414827227592468,
      "bbox_xyxy": [
        217.0710906982422,
        367.1991271972656,
        415.455078125,
        412.9216613769531
      ],
      "bbox_yolo": [
        0.49416106939315796,
        0.6094693541526794,
        0.3099749684333801,
        0.07144145667552948
      ],
      "bbox_width_px": 198.3839874267578,
      "bbox_height_px": 45.7225341796875
    }
  ]
}