{
  "index": 2856,
  "dataframe_iter_index": 2856,
  "image_path": "./datasets/sVOC_FLUXFP8/images/2856.png",
  "image_width": 640,
  "image_height": 640,
  "ground_truth_class": "boat",
  "grounding_prompt": "boat",
  "timestamp": "2026-05-22T11:02:08.585726",
  "num_detections": 1,
  "detections": [
    {
      "detection_id": 0,
      "class_name": "boat",
      "yolo_class_id": 3,
      "confidence": 0.9458796977996826,
      "bbox_xyxy": [
        184.1885528564453,
        351.41717529296875,
        465.2926025390625,
        415.8160400390625
      ],
      "bbox_yolo": [
        0.5074071288108826,
        0.5994009375572205,
        0.43922510743141174,
        0.1006232276558876
      ],
      "bbox_width_px": 281.10406494140625,
      "bbox_height_px": 64.39886474609375
    }
  ]
}