{
  "index": 2875,
  "dataframe_iter_index": 2875,
  "image_path": "./datasets/sVOC_FLUXFP8/images/2875.png",
  "image_width": 640,
  "image_height": 640,
  "ground_truth_class": "boat",
  "grounding_prompt": "boat",
  "timestamp": "2026-05-22T11:02:29.914784",
  "num_detections": 1,
  "detections": [
    {
      "detection_id": 0,
      "class_name": "boat",
      "yolo_class_id": 3,
      "confidence": 0.5938606858253479,
      "bbox_xyxy": [
        161.95265197753906,
        141.56488037109375,
        439.1365966796875,
        488.81048583984375
      ],
      "bbox_yolo": [
        0.46960097551345825,
        0.4924807548522949,
        0.4330999255180359,
        0.5425712466239929
      ],
      "bbox_width_px": 277.1839599609375,
      "bbox_height_px": 347.24560546875
    }
  ]
}