{
  "index": 2878,
  "dataframe_iter_index": 2878,
  "image_path": "./datasets/sVOC_FLUXFP8/images/2878.png",
  "image_width": 640,
  "image_height": 640,
  "ground_truth_class": "boat",
  "grounding_prompt": "boat",
  "timestamp": "2026-05-22T11:02:33.324866",
  "num_detections": 3,
  "detections": [
    {
      "detection_id": 0,
      "class_name": "boat",
      "yolo_class_id": 3,
      "confidence": 0.4154340922832489,
      "bbox_xyxy": [
        288.3961181640625,
        375.6186218261719,
        444.29058837890625,
        395.2272033691406
      ],
      "bbox_yolo": [
        0.5724114775657654,
        0.60222327709198,
        0.24358510971069336,
        0.030638407915830612
      ],
      "bbox_width_px": 155.89447021484375,
      "bbox_height_px": 19.60858154296875
    },
    {
      "detection_id": 1,
      "class_name": "boat",
      "yolo_class_id": 3,
      "confidence": 0.42297595739364624,
      "bbox_xyxy": [
        131.6756134033203,
        344.69232177734375,
        332.08984375,
        411.94158935546875
      ],
      "bbox_yolo": [
        0.362316757440567,
        0.5911202430725098,
        0.31314724683761597,
        0.10507698357105255
      ],
      "bbox_width_px": 200.4142303466797,
      "bbox_height_px": 67.249267578125
    },
    {
      "detection_id": 2,
      "class_name": "boat",
      "yolo_class_id": 3,
      "confidence": 0.3509647846221924,
      "bbox_xyxy": [
        195.92686462402344,
        373.7716369628906,
        331.44384765625,
        395.1593322753906
      ],
      "bbox_yolo": [
        0.4120083749294281,
        0.6007273197174072,
        0.21174529194831848,
        0.03341827541589737
      ],
      "bbox_width_px": 135.51698303222656,
      "bbox_height_px": 21.3876953125
    }
  ]
}