{
  "index": 2917,
  "dataframe_iter_index": 2917,
  "image_path": "./datasets/sVOC_FLUXFP8/images/2917.png",
  "image_width": 640,
  "image_height": 640,
  "ground_truth_class": "boat",
  "grounding_prompt": "boat",
  "timestamp": "2026-05-22T11:03:17.514627",
  "num_detections": 2,
  "detections": [
    {
      "detection_id": 0,
      "class_name": "boat",
      "yolo_class_id": 3,
      "confidence": 0.577637255191803,
      "bbox_xyxy": [
        46.53025817871094,
        75.35186767578125,
        355.90447998046875,
        506.33184814453125
      ],
      "bbox_yolo": [
        0.31440216302871704,
        0.4544404149055481,
        0.4833971858024597,
        0.6734062433242798
      ],
      "bbox_width_px": 309.37420654296875,
      "bbox_height_px": 430.97998046875
    },
    {
      "detection_id": 1,
      "class_name": "boat",
      "yolo_class_id": 3,
      "confidence": 0.5380234122276306,
      "bbox_xyxy": [
        382.06536865234375,
        379.54339599609375,
        574.4779052734375,
        446.22381591796875
      ],
      "bbox_yolo": [
        0.7472994327545166,
        0.6451306343078613,
        0.30064457654953003,
        0.10418815910816193
      ],
      "bbox_width_px": 192.41253662109375,
      "bbox_height_px": 66.680419921875
    }
  ]
}