{
  "index": 2968,
  "dataframe_iter_index": 2968,
  "image_path": "./datasets/sVOC_FLUXFP8/images/2968.png",
  "image_width": 640,
  "image_height": 640,
  "ground_truth_class": "boat",
  "grounding_prompt": "boat",
  "timestamp": "2026-05-22T11:04:16.756452",
  "num_detections": 3,
  "detections": [
    {
      "detection_id": 0,
      "class_name": "boat",
      "yolo_class_id": 3,
      "confidence": 0.6517742872238159,
      "bbox_xyxy": [
        78.00335693359375,
        312.4713439941406,
        169.9498291015625,
        361.6047058105469
      ],
      "bbox_yolo": [
        0.19371342658996582,
        0.52662193775177,
        0.1436663568019867,
        0.07677087932825089
      ],
      "bbox_width_px": 91.94647216796875,
      "bbox_height_px": 49.13336181640625
    },
    {
      "detection_id": 1,
      "class_name": "boat",
      "yolo_class_id": 3,
      "confidence": 0.5833107233047485,
      "bbox_xyxy": [
        166.65257263183594,
        171.28643798828125,
        412.91290283203125,
        419.12310791015625
      ],
      "bbox_yolo": [
        0.45278555154800415,
        0.4612574577331543,
        0.38478177785873413,
        0.3872447907924652
      ],
      "bbox_width_px": 246.2603302001953,
      "bbox_height_px": 247.836669921875
    },
    {
      "detection_id": 2,
      "class_name": "boat",
      "yolo_class_id": 3,
      "confidence": 0.6664593815803528,
      "bbox_xyxy": [
        573.6665649414062,
        336.9119873046875,
        602.7568969726562,
        348.3936767578125
      ],
      "bbox_yolo": [
        0.9190808534622192,
        0.5353950262069702,
        0.045453645288944244,
        0.017940139397978783
      ],
      "bbox_width_px": 29.09033203125,
      "bbox_height_px": 11.481689453125
    }
  ]
}