{
  "index": 2983,
  "dataframe_iter_index": 2983,
  "image_path": "./datasets/sVOC_FLUXFP8/images/2983.png",
  "image_width": 640,
  "image_height": 640,
  "ground_truth_class": "boat",
  "grounding_prompt": "boat",
  "timestamp": "2026-05-22T11:04:34.074220",
  "num_detections": 4,
  "detections": [
    {
      "detection_id": 0,
      "class_name": "boat",
      "yolo_class_id": 3,
      "confidence": 0.5965113639831543,
      "bbox_xyxy": [
        430.98748779296875,
        288.9286804199219,
        616.5830688476562,
        416.9992980957031
      ],
      "bbox_yolo": [
        0.8184145092964172,
        0.5515062212944031,
        0.2899931073188782,
        0.20011034607887268
      ],
      "bbox_width_px": 185.5955810546875,
      "bbox_height_px": 128.07061767578125
    },
    {
      "detection_id": 1,
      "class_name": "boat",
      "yolo_class_id": 3,
      "confidence": 0.5957011580467224,
      "bbox_xyxy": [
        87.26112365722656,
        215.02175903320312,
        245.3795623779297,
        419.5351867675781
      ],
      "bbox_yolo": [
        0.2598755359649658,
        0.4957476258277893,
        0.24706006050109863,
        0.3195522427558899
      ],
      "bbox_width_px": 158.11843872070312,
      "bbox_height_px": 204.513427734375
    },
    {
      "detection_id": 2,
      "class_name": "boat",
      "yolo_class_id": 3,
      "confidence": 0.4552561044692993,
      "bbox_xyxy": [
        611.2348022460938,
        413.4041748046875,
        639.4900512695312,
        432.42864990234375
      ],
      "bbox_yolo": [
        0.977128803730011,
        0.6608068943023682,
        0.044148825109004974,
        0.02972574159502983
      ],
      "bbox_width_px": 28.2552490234375,
      "bbox_height_px": 19.02447509765625
    },
    {
      "detection_id": 3,
      "class_name": "boat",
      "yolo_class_id": 3,
      "confidence": 0.45145830512046814,
      "bbox_xyxy": [
        217.86012268066406,
        395.60430908203125,
        245.5237274169922,
        413.943359375
      ],
      "bbox_yolo": [
        0.3620186448097229,
        0.6324591040611267,
        0.043224383145570755,
        0.028654765337705612
      ],
      "bbox_width_px": 27.663604736328125,
      "bbox_height_px": 18.33905029296875
    }
  ]
}