{
  "index": 2984,
  "dataframe_iter_index": 2984,
  "image_path": "./datasets/sVOC_FLUXFP8/images/2984.png",
  "image_width": 640,
  "image_height": 640,
  "ground_truth_class": "boat",
  "grounding_prompt": "boat",
  "timestamp": "2026-05-22T11:04:35.171887",
  "num_detections": 1,
  "detections": [
    {
      "detection_id": 0,
      "class_name": "boat",
      "yolo_class_id": 3,
      "confidence": 0.808813750743866,
      "bbox_xyxy": [
        112.19381713867188,
        79.42935180664062,
        452.3861999511719,
        442.7251281738281
      ],
      "bbox_yolo": [
        0.4410781264305115,
        0.40793317556381226,
        0.5315505862236023,
        0.5676496624946594
      ],
      "bbox_width_px": 340.1923828125,
      "bbox_height_px": 363.2957763671875
    }
  ]
}