{
  "index": 3009,
  "dataframe_iter_index": 3009,
  "image_path": "./datasets/sVOC_FLUXFP8/images/3009.png",
  "image_width": 640,
  "image_height": 640,
  "ground_truth_class": "boat",
  "grounding_prompt": "boat",
  "timestamp": "2026-05-22T11:05:03.583091",
  "num_detections": 2,
  "detections": [
    {
      "detection_id": 0,
      "class_name": "boat",
      "yolo_class_id": 3,
      "confidence": 0.8146751523017883,
      "bbox_xyxy": [
        56.37257385253906,
        223.51931762695312,
        313.41119384765625,
        483.0829772949219
      ],
      "bbox_yolo": [
        0.28889355063438416,
        0.5520330667495728,
        0.40162286162376404,
        0.4055682122707367
      ],
      "bbox_width_px": 257.03863525390625,
      "bbox_height_px": 259.56365966796875
    },
    {
      "detection_id": 1,
      "class_name": "boat",
      "yolo_class_id": 3,
      "confidence": 0.7767742276191711,
      "bbox_xyxy": [
        333.734130859375,
        247.7322998046875,
        638.280029296875,
        428.134765625
      ],
      "bbox_yolo": [
        0.7593860626220703,
        0.5280211567878723,
        0.47585296630859375,
        0.28187885880470276
      ],
      "bbox_width_px": 304.5458984375,
      "bbox_height_px": 180.4024658203125
    }
  ]
}