{
  "index": 3011,
  "dataframe_iter_index": 3011,
  "image_path": "./datasets/sVOC_FLUXFP8/images/3011.png",
  "image_width": 640,
  "image_height": 640,
  "ground_truth_class": "boat",
  "grounding_prompt": "boat",
  "timestamp": "2026-05-22T11:05:05.898450",
  "num_detections": 2,
  "detections": [
    {
      "detection_id": 0,
      "class_name": "boat",
      "yolo_class_id": 3,
      "confidence": 0.7680895924568176,
      "bbox_xyxy": [
        119.09979248046875,
        277.3746337890625,
        357.21240234375,
        493.8072509765625
      ],
      "bbox_yolo": [
        0.37211889028549194,
        0.6024858355522156,
        0.372050940990448,
        0.3381759524345398
      ],
      "bbox_width_px": 238.11260986328125,
      "bbox_height_px": 216.4326171875
    },
    {
      "detection_id": 1,
      "class_name": "boat",
      "yolo_class_id": 3,
      "confidence": 0.47976619005203247,
      "bbox_xyxy": [
        326.28228759765625,
        79.13851928710938,
        603.5193481445312,
        404.4123840332031
      ],
      "bbox_yolo": [
        0.726407527923584,
        0.3777741491794586,
        0.43318289518356323,
        0.5082404017448425
      ],
      "bbox_width_px": 277.237060546875,
      "bbox_height_px": 325.27386474609375
    }
  ]
}