{
  "index": 3109,
  "dataframe_iter_index": 3109,
  "image_path": "./datasets/sVOC_FLUXFP8/images/3109.png",
  "image_width": 640,
  "image_height": 640,
  "ground_truth_class": "boat",
  "grounding_prompt": "boat",
  "timestamp": "2026-05-22T11:06:57.653174",
  "num_detections": 4,
  "detections": [
    {
      "detection_id": 0,
      "class_name": "boat",
      "yolo_class_id": 3,
      "confidence": 0.5939150452613831,
      "bbox_xyxy": [
        387.1676940917969,
        399.0826110839844,
        422.8332824707031,
        433.5138244628906
      ],
      "bbox_yolo": [
        0.6328132748603821,
        0.6504659652709961,
        0.055727481842041016,
        0.053798772394657135
      ],
      "bbox_width_px": 35.66558837890625,
      "bbox_height_px": 34.43121337890625
    },
    {
      "detection_id": 1,
      "class_name": "boat",
      "yolo_class_id": 3,
      "confidence": 0.5092266201972961,
      "bbox_xyxy": [
        54.80622863769531,
        89.69168090820312,
        271.41790771484375,
        525.1005859375
      ],
      "bbox_yolo": [
        0.25486260652542114,
        0.4803064465522766,
        0.3384557366371155,
        0.6803264021873474
      ],
      "bbox_width_px": 216.61167907714844,
      "bbox_height_px": 435.4089050292969
    },
    {
      "detection_id": 2,
      "class_name": "boat",
      "yolo_class_id": 3,
      "confidence": 0.4826907813549042,
      "bbox_xyxy": [
        418.8396911621094,
        151.59356689453125,
        587.15771484375,
        488.42706298828125
      ],
      "bbox_yolo": [
        0.7859355211257935,
        0.5000160932540894,
        0.2629969120025635,
        0.5263023376464844
      ],
      "bbox_width_px": 168.31802368164062,
      "bbox_height_px": 336.83349609375
    },
    {
      "detection_id": 3,
      "class_name": "boat",
      "yolo_class_id": 3,
      "confidence": 0.4839031398296356,
      "bbox_xyxy": [
        246.82220458984375,
        408.24322509765625,
        304.2413330078125,
        433.49090576171875
      ],
      "bbox_yolo": [
        0.43051838874816895,
        0.6576048135757446,
        0.08971738815307617,
        0.039449501782655716
      ],
      "bbox_width_px": 57.41912841796875,
      "bbox_height_px": 25.2476806640625
    }
  ]
}