{
  "index": 3118,
  "dataframe_iter_index": 3118,
  "image_path": "./datasets/sVOC_FLUXFP8/images/3118.png",
  "image_width": 640,
  "image_height": 640,
  "ground_truth_class": "boat",
  "grounding_prompt": "boat",
  "timestamp": "2026-05-22T11:07:08.117034",
  "num_detections": 3,
  "detections": [
    {
      "detection_id": 0,
      "class_name": "boat",
      "yolo_class_id": 3,
      "confidence": 0.7815110087394714,
      "bbox_xyxy": [
        51.989051818847656,
        143.52682495117188,
        285.5774841308594,
        517.555908203125
      ],
      "bbox_yolo": [
        0.26372385025024414,
        0.5164709091186523,
        0.3649819493293762,
        0.5844204425811768
      ],
      "bbox_width_px": 233.58843994140625,
      "bbox_height_px": 374.0290832519531
    },
    {
      "detection_id": 1,
      "class_name": "boat",
      "yolo_class_id": 3,
      "confidence": 0.6107282042503357,
      "bbox_xyxy": [
        302.2635803222656,
        206.408935546875,
        388.4858703613281,
        408.97076416015625
      ],
      "bbox_yolo": [
        0.5396479964256287,
        0.4807654023170471,
        0.13472232222557068,
        0.3165028691291809
      ],
      "bbox_width_px": 86.2222900390625,
      "bbox_height_px": 202.56182861328125
    },
    {
      "detection_id": 2,
      "class_name": "boat",
      "yolo_class_id": 3,
      "confidence": 0.5216331481933594,
      "bbox_xyxy": [
        419.5074462890625,
        261.63079833984375,
        540.432861328125,
        451.14801025390625
      ],
      "bbox_yolo": [
        0.7499533891677856,
        0.5568584203720093,
        0.1889459639787674,
        0.29612064361572266
      ],
      "bbox_width_px": 120.9254150390625,
      "bbox_height_px": 189.5172119140625
    }
  ]
}