{
  "index": 3136,
  "dataframe_iter_index": 3136,
  "image_path": "./datasets/sVOC_FLUXFP8/images/3136.png",
  "image_width": 640,
  "image_height": 640,
  "ground_truth_class": "boat",
  "grounding_prompt": "boat",
  "timestamp": "2026-05-22T11:07:29.326910",
  "num_detections": 1,
  "detections": [
    {
      "detection_id": 0,
      "class_name": "boat",
      "yolo_class_id": 3,
      "confidence": 0.8073557019233704,
      "bbox_xyxy": [
        177.69491577148438,
        132.5889892578125,
        338.3583679199219,
        444.208984375
      ],
      "bbox_yolo": [
        0.40316662192344666,
        0.45062342286109924,
        0.2510366439819336,
        0.4869062304496765
      ],
      "bbox_width_px": 160.6634521484375,
      "bbox_height_px": 311.6199951171875
    }
  ]
}