{
  "index": 3140,
  "dataframe_iter_index": 3140,
  "image_path": "./datasets/sVOC_FLUXFP8/images/3140.png",
  "image_width": 640,
  "image_height": 640,
  "ground_truth_class": "boat",
  "grounding_prompt": "boat",
  "timestamp": "2026-05-22T11:07:33.928894",
  "num_detections": 1,
  "detections": [
    {
      "detection_id": 0,
      "class_name": "boat",
      "yolo_class_id": 3,
      "confidence": 0.9370461106300354,
      "bbox_xyxy": [
        215.28810119628906,
        359.49725341796875,
        412.3828125,
        413.82635498046875
      ],
      "bbox_yolo": [
        0.4903678894042969,
        0.6041590571403503,
        0.30796048045158386,
        0.08488921821117401
      ],
      "bbox_width_px": 197.09471130371094,
      "bbox_height_px": 54.3291015625
    }
  ]
}