{
  "index": 3159,
  "dataframe_iter_index": 3159,
  "image_path": "./datasets/sVOC_FLUXFP8/images/3159.png",
  "image_width": 640,
  "image_height": 640,
  "ground_truth_class": "boat",
  "grounding_prompt": "boat",
  "timestamp": "2026-05-22T11:07:56.091745",
  "num_detections": 4,
  "detections": [
    {
      "detection_id": 0,
      "class_name": "boat",
      "yolo_class_id": 3,
      "confidence": 0.4649433195590973,
      "bbox_xyxy": [
        510.37347412109375,
        339.7760925292969,
        573.3043823242188,
        401.1387023925781
      ],
      "bbox_yolo": [
        0.8466233015060425,
        0.5788396596908569,
        0.09832954406738281,
        0.09587907791137695
      ],
      "bbox_width_px": 62.930908203125,
      "bbox_height_px": 61.36260986328125
    },
    {
      "detection_id": 1,
      "class_name": "boat",
      "yolo_class_id": 3,
      "confidence": 0.5781785845756531,
      "bbox_xyxy": [
        78.29768371582031,
        227.65771484375,
        233.52610778808594,
        451.11981201171875
      ],
      "bbox_yolo": [
        0.24361233413219452,
        0.5302949547767639,
        0.24254441261291504,
        0.3491595387458801
      ],
      "bbox_width_px": 155.22842407226562,
      "bbox_height_px": 223.46209716796875
    },
    {
      "detection_id": 2,
      "class_name": "boat",
      "yolo_class_id": 3,
      "confidence": 0.4364188015460968,
      "bbox_xyxy": [
        23.886375427246094,
        388.51776123046875,
        91.01455688476562,
        408.4539794921875
      ],
      "bbox_yolo": [
        0.08976635336875916,
        0.6226341724395752,
        0.10488778352737427,
        0.031150341033935547
      ],
      "bbox_width_px": 67.12818145751953,
      "bbox_height_px": 19.93621826171875
    },
    {
      "detection_id": 3,
      "class_name": "boat",
      "yolo_class_id": 3,
      "confidence": 0.3661651611328125,
      "bbox_xyxy": [
        234.19793701171875,
        339.3346862792969,
        318.78094482421875,
        419.4558410644531
      ],
      "bbox_yolo": [
        0.4320147633552551,
        0.5928050875663757,
        0.132160946726799,
        0.12518930435180664
      ],
      "bbox_width_px": 84.5830078125,
      "bbox_height_px": 80.12115478515625
    }
  ]
}