{
  "index": 316,
  "dataframe_iter_index": 316,
  "image_path": "./datasets/sVOC_FLUXFP8/images/316.png",
  "image_width": 640,
  "image_height": 640,
  "ground_truth_class": "aeroplane",
  "grounding_prompt": "aeroplane",
  "timestamp": "2026-05-22T10:12:02.033769",
  "num_detections": 1,
  "detections": [
    {
      "detection_id": 0,
      "class_name": "aeroplane",
      "yolo_class_id": 0,
      "confidence": 0.954504132270813,
      "bbox_xyxy": [
        190.57733154296875,
        354.621826171875,
        448.8194580078125,
        423.3961181640625
      ],
      "bbox_yolo": [
        0.4995287358760834,
        0.6078265309333801,
        0.40350332856178284,
        0.10745982825756073
      ],
      "bbox_width_px": 258.24212646484375,
      "bbox_height_px": 68.7742919921875
    }
  ]
}