{
  "index": 3196,
  "dataframe_iter_index": 3196,
  "image_path": "./datasets/sVOC_FLUXFP8/images/3196.png",
  "image_width": 640,
  "image_height": 640,
  "ground_truth_class": "boat",
  "grounding_prompt": "boat",
  "timestamp": "2026-05-22T11:08:39.109202",
  "num_detections": 2,
  "detections": [
    {
      "detection_id": 0,
      "class_name": "boat",
      "yolo_class_id": 3,
      "confidence": 0.5451694130897522,
      "bbox_xyxy": [
        625.6641235351562,
        409.5687255859375,
        639.9447631835938,
        429.4356689453125
      ],
      "bbox_yolo": [
        0.9887569546699524,
        0.6554721593856812,
        0.022313499823212624,
        0.031042098999023438
      ],
      "bbox_width_px": 14.2806396484375,
      "bbox_height_px": 19.866943359375
    },
    {
      "detection_id": 1,
      "class_name": "boat",
      "yolo_class_id": 3,
      "confidence": 0.5541714429855347,
      "bbox_xyxy": [
        240.3870391845703,
        221.2356719970703,
        329.83416748046875,
        442.78350830078125
      ],
      "bbox_yolo": [
        0.44548529386520386,
        0.5187649726867676,
        0.13976113498210907,
        0.34616848826408386
      ],
      "bbox_width_px": 89.44712829589844,
      "bbox_height_px": 221.54783630371094
    }
  ]
}