{
  "index": 3205,
  "dataframe_iter_index": 3205,
  "image_path": "./datasets/sVOC_FLUXFP8/images/3205.png",
  "image_width": 640,
  "image_height": 640,
  "ground_truth_class": "bottle",
  "grounding_prompt": "bottle",
  "timestamp": "2026-05-22T11:08:49.415246",
  "num_detections": 2,
  "detections": [
    {
      "detection_id": 0,
      "class_name": "bottle",
      "yolo_class_id": 4,
      "confidence": 0.835373044013977,
      "bbox_xyxy": [
        154.3797607421875,
        200.48939514160156,
        275.8235168457031,
        633.4794921875
      ],
      "bbox_yolo": [
        0.33609631657600403,
        0.6515381932258606,
        0.1897558718919754,
        0.6765470504760742
      ],
      "bbox_width_px": 121.44375610351562,
      "bbox_height_px": 432.9901123046875
    },
    {
      "detection_id": 1,
      "class_name": "bottle",
      "yolo_class_id": 4,
      "confidence": 0.8391396403312683,
      "bbox_xyxy": [
        318.46307373046875,
        199.9218292236328,
        439.05584716796875,
        637.0696411132812
      ],
      "bbox_yolo": [
        0.5918116569519043,
        0.6538995504379272,
        0.188426211476326,
        0.6830434799194336
      ],
      "bbox_width_px": 120.5927734375,
      "bbox_height_px": 437.1478271484375
    }
  ]
}