{
  "index": 3229,
  "dataframe_iter_index": 3229,
  "image_path": "./datasets/sVOC_FLUXFP8/images/3229.png",
  "image_width": 640,
  "image_height": 640,
  "ground_truth_class": "bottle",
  "grounding_prompt": "bottle",
  "timestamp": "2026-05-22T11:09:16.818738",
  "num_detections": 2,
  "detections": [
    {
      "detection_id": 0,
      "class_name": "bottle",
      "yolo_class_id": 4,
      "confidence": 0.8332632780075073,
      "bbox_xyxy": [
        323.2738037109375,
        213.93264770507812,
        436.01947021484375,
        624.4814453125
      ],
      "bbox_yolo": [
        0.5931978821754456,
        0.655010998249054,
        0.17616510391235352,
        0.6414824724197388
      ],
      "bbox_width_px": 112.74566650390625,
      "bbox_height_px": 410.5487976074219
    },
    {
      "detection_id": 1,
      "class_name": "bottle",
      "yolo_class_id": 4,
      "confidence": 0.8549128770828247,
      "bbox_xyxy": [
        186.25143432617188,
        215.0975341796875,
        299.0481262207031,
        621.1824951171875
      ],
      "bbox_yolo": [
        0.37914028763771057,
        0.6533437967300415,
        0.1762448251247406,
        0.6345077753067017
      ],
      "bbox_width_px": 112.79669189453125,
      "bbox_height_px": 406.0849609375
    }
  ]
}