{
  "index": 3247,
  "dataframe_iter_index": 3247,
  "image_path": "./datasets/sVOC_FLUXFP8/images/3247.png",
  "image_width": 640,
  "image_height": 640,
  "ground_truth_class": "bottle",
  "grounding_prompt": "bottle",
  "timestamp": "2026-05-22T11:09:37.144884",
  "num_detections": 1,
  "detections": [
    {
      "detection_id": 0,
      "class_name": "bottle",
      "yolo_class_id": 4,
      "confidence": 0.9489098787307739,
      "bbox_xyxy": [
        259.4151611328125,
        194.94224548339844,
        366.82147216796875,
        517.494384765625
      ],
      "bbox_yolo": [
        0.4892473816871643,
        0.5565911531448364,
        0.16782236099243164,
        0.5039876699447632
      ],
      "bbox_width_px": 107.40631103515625,
      "bbox_height_px": 322.5521240234375
    }
  ]
}