{
  "index": 3256,
  "dataframe_iter_index": 3256,
  "image_path": "./datasets/sVOC_FLUXFP8/images/3256.png",
  "image_width": 640,
  "image_height": 640,
  "ground_truth_class": "bottle",
  "grounding_prompt": "bottle",
  "timestamp": "2026-05-22T11:09:47.408791",
  "num_detections": 1,
  "detections": [
    {
      "detection_id": 0,
      "class_name": "bottle",
      "yolo_class_id": 4,
      "confidence": 0.936045229434967,
      "bbox_xyxy": [
        292.487060546875,
        366.0904235839844,
        353.14923095703125,
        538.048095703125
      ],
      "bbox_yolo": [
        0.5044033527374268,
        0.7063582539558411,
        0.09478463977575302,
        0.26868385076522827
      ],
      "bbox_width_px": 60.66217041015625,
      "bbox_height_px": 171.95767211914062
    }
  ]
}