{
  "index": 3259,
  "dataframe_iter_index": 3259,
  "image_path": "./datasets/sVOC_FLUXFP8/images/3259.png",
  "image_width": 640,
  "image_height": 640,
  "ground_truth_class": "bottle",
  "grounding_prompt": "bottle",
  "timestamp": "2026-05-22T11:09:50.908303",
  "num_detections": 1,
  "detections": [
    {
      "detection_id": 0,
      "class_name": "bottle",
      "yolo_class_id": 4,
      "confidence": 0.9660938382148743,
      "bbox_xyxy": [
        291.3279724121094,
        175.1924591064453,
        397.2044372558594,
        473.06085205078125
      ],
      "bbox_yolo": [
        0.5379159450531006,
        0.5064479112625122,
        0.16543197631835938,
        0.46541938185691833
      ],
      "bbox_width_px": 105.87646484375,
      "bbox_height_px": 297.868408203125
    }
  ]
}