{
  "index": 3270,
  "dataframe_iter_index": 3270,
  "image_path": "./datasets/sVOC_FLUXFP8/images/3270.png",
  "image_width": 640,
  "image_height": 640,
  "ground_truth_class": "bottle",
  "grounding_prompt": "bottle",
  "timestamp": "2026-05-22T11:10:03.350414",
  "num_detections": 3,
  "detections": [
    {
      "detection_id": 0,
      "class_name": "bottle",
      "yolo_class_id": 4,
      "confidence": 0.6488192081451416,
      "bbox_xyxy": [
        273.7557067871094,
        267.204833984375,
        307.6086730957031,
        386.09478759765625
      ],
      "bbox_yolo": [
        0.4541909098625183,
        0.5103903412818909,
        0.052895259112119675,
        0.18576554954051971
      ],
      "bbox_width_px": 33.85296630859375,
      "bbox_height_px": 118.88995361328125
    },
    {
      "detection_id": 1,
      "class_name": "bottle",
      "yolo_class_id": 4,
      "confidence": 0.6316421627998352,
      "bbox_xyxy": [
        338.5304260253906,
        262.9909362792969,
        371.3256530761719,
        381.7281799316406
      ],
      "bbox_yolo": [
        0.5545750856399536,
        0.503686785697937,
        0.05124254152178764,
        0.18552693724632263
      ],
      "bbox_width_px": 32.79522705078125,
      "bbox_height_px": 118.73724365234375
    },
    {
      "detection_id": 2,
      "class_name": "bottle",
      "yolo_class_id": 4,
      "confidence": 0.6147419810295105,
      "bbox_xyxy": [
        307.2080383300781,
        262.3439636230469,
        340.3614807128906,
        385.0676574707031
      ],
      "bbox_yolo": [
        0.5059136748313904,
        0.5057903528213501,
        0.05180225521326065,
        0.1917557716369629
      ],
      "bbox_width_px": 33.1534423828125,
      "bbox_height_px": 122.72369384765625
    }
  ]
}