{
  "index": 3314,
  "dataframe_iter_index": 3314,
  "image_path": "./datasets/sVOC_FLUXFP8/images/3314.png",
  "image_width": 640,
  "image_height": 640,
  "ground_truth_class": "bottle",
  "grounding_prompt": "bottle",
  "timestamp": "2026-05-22T11:10:53.652581",
  "num_detections": 3,
  "detections": [
    {
      "detection_id": 0,
      "class_name": "bottle",
      "yolo_class_id": 4,
      "confidence": 0.8387763500213623,
      "bbox_xyxy": [
        131.76243591308594,
        134.00314331054688,
        241.5688934326172,
        532.479248046875
      ],
      "bbox_yolo": [
        0.29166510701179504,
        0.5206893682479858,
        0.17157259583473206,
        0.6226189136505127
      ],
      "bbox_width_px": 109.80645751953125,
      "bbox_height_px": 398.4761047363281
    },
    {
      "detection_id": 1,
      "class_name": "bottle",
      "yolo_class_id": 4,
      "confidence": 0.8300461173057556,
      "bbox_xyxy": [
        399.99493408203125,
        151.94126892089844,
        516.8649291992188,
        529.3475341796875
      ],
      "bbox_yolo": [
        0.7162967920303345,
        0.5322569012641907,
        0.18260936439037323,
        0.5896972417831421
      ],
      "bbox_width_px": 116.8699951171875,
      "bbox_height_px": 377.40625
    },
    {
      "detection_id": 2,
      "class_name": "bottle",
      "yolo_class_id": 4,
      "confidence": 0.8290920853614807,
      "bbox_xyxy": [
        253.81765747070312,
        181.25338745117188,
        370.1063537597656,
        541.5048828125
      ],
      "bbox_yolo": [
        0.48744064569473267,
        0.5646549463272095,
        0.18170109391212463,
        0.5628929734230042
      ],
      "bbox_width_px": 116.2886962890625,
      "bbox_height_px": 360.2514953613281
    }
  ]
}