{
  "index": 3326,
  "dataframe_iter_index": 3326,
  "image_path": "./datasets/sVOC_FLUXFP8/images/3326.png",
  "image_width": 640,
  "image_height": 640,
  "ground_truth_class": "bottle",
  "grounding_prompt": "bottle",
  "timestamp": "2026-05-22T11:11:07.084071",
  "num_detections": 3,
  "detections": [
    {
      "detection_id": 0,
      "class_name": "bottle",
      "yolo_class_id": 4,
      "confidence": 0.8255392909049988,
      "bbox_xyxy": [
        404.4278259277344,
        184.7994384765625,
        517.436767578125,
        541.5299072265625
      ],
      "bbox_yolo": [
        0.7202067375183105,
        0.5674448013305664,
        0.17657646536827087,
        0.557391345500946
      ],
      "bbox_width_px": 113.00894165039062,
      "bbox_height_px": 356.73046875
    },
    {
      "detection_id": 1,
      "class_name": "bottle",
      "yolo_class_id": 4,
      "confidence": 0.8240488767623901,
      "bbox_xyxy": [
        129.60321044921875,
        198.50930786132812,
        237.10824584960938,
        531.8544921875
      ],
      "bbox_yolo": [
        0.28649333119392395,
        0.5705966949462891,
        0.16797661781311035,
        0.5208518505096436
      ],
      "bbox_width_px": 107.50503540039062,
      "bbox_height_px": 333.3451843261719
    },
    {
      "detection_id": 2,
      "class_name": "bottle",
      "yolo_class_id": 4,
      "confidence": 0.8218012452125549,
      "bbox_xyxy": [
        254.7183837890625,
        193.09414672851562,
        368.54913330078125,
        542.0767822265625
      ],
      "bbox_yolo": [
        0.48692774772644043,
        0.5743522644042969,
        0.1778605431318283,
        0.5452853441238403
      ],
      "bbox_width_px": 113.83074951171875,
      "bbox_height_px": 348.9826354980469
    }
  ]
}