{
  "index": 336,
  "dataframe_iter_index": 336,
  "image_path": "./datasets/sVOC_FLUXFP8/images/336.png",
  "image_width": 640,
  "image_height": 640,
  "ground_truth_class": "aeroplane",
  "grounding_prompt": "aeroplane",
  "timestamp": "2026-05-22T10:12:24.853900",
  "num_detections": 1,
  "detections": [
    {
      "detection_id": 0,
      "class_name": "aeroplane",
      "yolo_class_id": 0,
      "confidence": 0.9548758268356323,
      "bbox_xyxy": [
        81.12796020507812,
        279.3385009765625,
        579.9954833984375,
        424.41119384765625
      ],
      "bbox_yolo": [
        0.5165026783943176,
        0.5498044490814209,
        0.779480516910553,
        0.2266760766506195
      ],
      "bbox_width_px": 498.8675231933594,
      "bbox_height_px": 145.07269287109375
    }
  ]
}