{
  "index": 3397,
  "dataframe_iter_index": 3397,
  "image_path": "./datasets/sVOC_FLUXFP8/images/3397.png",
  "image_width": 640,
  "image_height": 640,
  "ground_truth_class": "bottle",
  "grounding_prompt": "bottle",
  "timestamp": "2026-05-22T11:12:28.572801",
  "num_detections": 4,
  "detections": [
    {
      "detection_id": 0,
      "class_name": "bottle",
      "yolo_class_id": 4,
      "confidence": 0.7648758888244629,
      "bbox_xyxy": [
        311.50567626953125,
        266.6129150390625,
        375.4993896484375,
        434.4962158203125
      ],
      "bbox_yolo": [
        0.536722719669342,
        0.5477415323257446,
        0.09999017417430878,
        0.2623176574707031
      ],
      "bbox_width_px": 63.99371337890625,
      "bbox_height_px": 167.88330078125
    },
    {
      "detection_id": 1,
      "class_name": "bottle",
      "yolo_class_id": 4,
      "confidence": 0.7944180965423584,
      "bbox_xyxy": [
        242.73928833007812,
        267.5281677246094,
        309.2094421386719,
        441.3670959472656
      ],
      "bbox_yolo": [
        0.4312099516391754,
        0.5538244247436523,
        0.10385961830615997,
        0.27162331342697144
      ],
      "bbox_width_px": 66.47015380859375,
      "bbox_height_px": 173.83892822265625
    },
    {
      "detection_id": 2,
      "class_name": "bottle",
      "yolo_class_id": 4,
      "confidence": 0.5118940472602844,
      "bbox_xyxy": [
        243.79824829101562,
        435.08062744140625,
        308.9394226074219,
        589.0023803710938
      ],
      "bbox_yolo": [
        0.43182629346847534,
        0.8000648617744446,
        0.10178308188915253,
        0.2405027449131012
      ],
      "bbox_width_px": 65.14117431640625,
      "bbox_height_px": 153.9217529296875
    },
    {
      "detection_id": 3,
      "class_name": "bottle",
      "yolo_class_id": 4,
      "confidence": 0.515241265296936,
      "bbox_xyxy": [
        311.97564697265625,
        431.0939636230469,
        375.4947509765625,
        571.0106201171875
      ],
      "bbox_yolo": [
        0.5370862483978271,
        0.7828942537307739,
        0.09924860298633575,
        0.21861977875232697
      ],
      "bbox_width_px": 63.51910400390625,
      "bbox_height_px": 139.91665649414062
    }
  ]
}