{
  "index": 3408,
  "dataframe_iter_index": 3408,
  "image_path": "./datasets/sVOC_FLUXFP8/images/3408.png",
  "image_width": 640,
  "image_height": 640,
  "ground_truth_class": "bottle",
  "grounding_prompt": "bottle",
  "timestamp": "2026-05-22T11:12:41.419158",
  "num_detections": 1,
  "detections": [
    {
      "detection_id": 0,
      "class_name": "bottle",
      "yolo_class_id": 4,
      "confidence": 0.9513542652130127,
      "bbox_xyxy": [
        281.5401916503906,
        232.32876586914062,
        365.6442565917969,
        479.2563781738281
      ],
      "bbox_yolo": [
        0.505612850189209,
        0.5559259057044983,
        0.1314125955104828,
        0.38582438230514526
      ],
      "bbox_width_px": 84.10406494140625,
      "bbox_height_px": 246.9276123046875
    }
  ]
}