{
  "index": 3426,
  "dataframe_iter_index": 3426,
  "image_path": "./datasets/sVOC_FLUXFP8/images/3426.png",
  "image_width": 640,
  "image_height": 640,
  "ground_truth_class": "bottle",
  "grounding_prompt": "bottle",
  "timestamp": "2026-05-22T11:13:02.358638",
  "num_detections": 3,
  "detections": [
    {
      "detection_id": 0,
      "class_name": "bottle",
      "yolo_class_id": 4,
      "confidence": 0.8253219127655029,
      "bbox_xyxy": [
        127.87059783935547,
        135.5935516357422,
        273.26043701171875,
        567.3287353515625
      ],
      "bbox_yolo": [
        0.31338363885879517,
        0.5491580367088318,
        0.2271716147661209,
        0.6745861768722534
      ],
      "bbox_width_px": 145.38983154296875,
      "bbox_height_px": 431.73516845703125
    },
    {
      "detection_id": 1,
      "class_name": "bottle",
      "yolo_class_id": 4,
      "confidence": 0.8164212107658386,
      "bbox_xyxy": [
        388.7418212890625,
        145.88583374023438,
        523.556396484375,
        514.4471435546875
      ],
      "bbox_yolo": [
        0.7127329707145691,
        0.5158851742744446,
        0.21064777672290802,
        0.5758770704269409
      ],
      "bbox_width_px": 134.8145751953125,
      "bbox_height_px": 368.5613098144531
    },
    {
      "detection_id": 2,
      "class_name": "bottle",
      "yolo_class_id": 4,
      "confidence": 0.7963588237762451,
      "bbox_xyxy": [
        259.5399169921875,
        141.29237365722656,
        383.289794921875,
        497.9578857421875
      ],
      "bbox_yolo": [
        0.5022107362747192,
        0.49941426515579224,
        0.19335918128490448,
        0.5572898983955383
      ],
      "bbox_width_px": 123.7498779296875,
      "bbox_height_px": 356.66552734375
    }
  ]
}