{
  "index": 3453,
  "dataframe_iter_index": 3453,
  "image_path": "./datasets/sVOC_FLUXFP8/images/3453.png",
  "image_width": 640,
  "image_height": 640,
  "ground_truth_class": "bottle",
  "grounding_prompt": "bottle",
  "timestamp": "2026-05-22T11:13:32.618358",
  "num_detections": 2,
  "detections": [
    {
      "detection_id": 0,
      "class_name": "bottle",
      "yolo_class_id": 4,
      "confidence": 0.8074430823326111,
      "bbox_xyxy": [
        303.55938720703125,
        231.82528686523438,
        387.53466796875,
        463.0483703613281
      ],
      "bbox_yolo": [
        0.5399172306060791,
        0.542870044708252,
        0.13121137022972107,
        0.36128607392311096
      ],
      "bbox_width_px": 83.97528076171875,
      "bbox_height_px": 231.22308349609375
    },
    {
      "detection_id": 1,
      "class_name": "bottle",
      "yolo_class_id": 4,
      "confidence": 0.8657546639442444,
      "bbox_xyxy": [
        157.7168426513672,
        206.87554931640625,
        272.0489807128906,
        566.740234375
      ],
      "bbox_yolo": [
        0.33575454354286194,
        0.6043873429298401,
        0.17864397168159485,
        0.5622885823249817
      ],
      "bbox_width_px": 114.33213806152344,
      "bbox_height_px": 359.86468505859375
    }
  ]
}