{
  "index": 3475,
  "dataframe_iter_index": 3475,
  "image_path": "./datasets/sVOC_FLUXFP8/images/3475.png",
  "image_width": 640,
  "image_height": 640,
  "ground_truth_class": "bottle",
  "grounding_prompt": "bottle",
  "timestamp": "2026-05-22T11:13:57.438729",
  "num_detections": 1,
  "detections": [
    {
      "detection_id": 0,
      "class_name": "bottle",
      "yolo_class_id": 4,
      "confidence": 0.9024031758308411,
      "bbox_xyxy": [
        235.33413696289062,
        281.54046630859375,
        376.1541442871094,
        457.62274169921875
      ],
      "bbox_yolo": [
        0.47772520780563354,
        0.5774712562561035,
        0.2200312614440918,
        0.2751285433769226
      ],
      "bbox_width_px": 140.82000732421875,
      "bbox_height_px": 176.082275390625
    }
  ]
}