{
  "index": 3542,
  "dataframe_iter_index": 3542,
  "image_path": "./datasets/sVOC_FLUXFP8/images/3542.png",
  "image_width": 640,
  "image_height": 640,
  "ground_truth_class": "bottle",
  "grounding_prompt": "bottle",
  "timestamp": "2026-05-22T11:15:14.186644",
  "num_detections": 3,
  "detections": [
    {
      "detection_id": 0,
      "class_name": "bottle",
      "yolo_class_id": 4,
      "confidence": 0.8389713168144226,
      "bbox_xyxy": [
        281.23431396484375,
        235.11837768554688,
        366.84051513671875,
        529.6156005859375
      ],
      "bbox_yolo": [
        0.5063084363937378,
        0.597448468208313,
        0.13375969231128693,
        0.46015191078186035
      ],
      "bbox_width_px": 85.606201171875,
      "bbox_height_px": 294.4972229003906
    },
    {
      "detection_id": 1,
      "class_name": "bottle",
      "yolo_class_id": 4,
      "confidence": 0.8525443077087402,
      "bbox_xyxy": [
        143.40365600585938,
        223.6993408203125,
        242.20672607421875,
        571.5899047851562
      ],
      "bbox_yolo": [
        0.3012581169605255,
        0.6213197112083435,
        0.15437979996204376,
        0.5435789823532104
      ],
      "bbox_width_px": 98.80307006835938,
      "bbox_height_px": 347.89056396484375
    },
    {
      "detection_id": 2,
      "class_name": "bottle",
      "yolo_class_id": 4,
      "confidence": 0.8145444989204407,
      "bbox_xyxy": [
        381.35870361328125,
        243.08514404296875,
        463.37786865234375,
        496.06182861328125
      ],
      "bbox_yolo": [
        0.6599504351615906,
        0.5774585604667664,
        0.1281549483537674,
        0.3952760696411133
      ],
      "bbox_width_px": 82.0191650390625,
      "bbox_height_px": 252.9766845703125
    }
  ]
}