{
  "index": 3548,
  "dataframe_iter_index": 3548,
  "image_path": "./datasets/sVOC_FLUXFP8/images/3548.png",
  "image_width": 640,
  "image_height": 640,
  "ground_truth_class": "bottle",
  "grounding_prompt": "bottle",
  "timestamp": "2026-05-22T11:15:21.358981",
  "num_detections": 1,
  "detections": [
    {
      "detection_id": 0,
      "class_name": "bottle",
      "yolo_class_id": 4,
      "confidence": 0.9476782083511353,
      "bbox_xyxy": [
        150.07217407226562,
        230.32899475097656,
        229.33352661132812,
        531.3396606445312
      ],
      "bbox_yolo": [
        0.2964107096195221,
        0.5950536131858826,
        0.12384586036205292,
        0.4703291952610016
      ],
      "bbox_width_px": 79.2613525390625,
      "bbox_height_px": 301.01068115234375
    }
  ]
}