{
  "index": 3580,
  "dataframe_iter_index": 3580,
  "image_path": "./datasets/sVOC_FLUXFP8/images/3580.png",
  "image_width": 640,
  "image_height": 640,
  "ground_truth_class": "bottle",
  "grounding_prompt": "bottle",
  "timestamp": "2026-05-22T11:15:58.732160",
  "num_detections": 1,
  "detections": [
    {
      "detection_id": 0,
      "class_name": "bottle",
      "yolo_class_id": 4,
      "confidence": 0.9347519278526306,
      "bbox_xyxy": [
        410.63836669921875,
        262.70654296875,
        496.20501708984375,
        555.1461181640625
      ],
      "bbox_yolo": [
        0.708471417427063,
        0.6389473676681519,
        0.13369789719581604,
        0.4569368362426758
      ],
      "bbox_width_px": 85.566650390625,
      "bbox_height_px": 292.4395751953125
    }
  ]
}