{
  "index": 3590,
  "dataframe_iter_index": 3590,
  "image_path": "./datasets/sVOC_FLUXFP8/images/3590.png",
  "image_width": 640,
  "image_height": 640,
  "ground_truth_class": "bottle",
  "grounding_prompt": "bottle",
  "timestamp": "2026-05-22T11:16:10.075914",
  "num_detections": 3,
  "detections": [
    {
      "detection_id": 0,
      "class_name": "bottle",
      "yolo_class_id": 4,
      "confidence": 0.8040977120399475,
      "bbox_xyxy": [
        153.46189880371094,
        223.1946258544922,
        237.9324493408203,
        530.155029296875
      ],
      "bbox_yolo": [
        0.30577683448791504,
        0.5885544419288635,
        0.13198523223400116,
        0.4796256124973297
      ],
      "bbox_width_px": 84.47055053710938,
      "bbox_height_px": 306.96038818359375
    },
    {
      "detection_id": 1,
      "class_name": "bottle",
      "yolo_class_id": 4,
      "confidence": 0.738789975643158,
      "bbox_xyxy": [
        307.34088134765625,
        236.97015380859375,
        369.61444091796875,
        479.57952880859375
      ],
      "bbox_yolo": [
        0.5288713574409485,
        0.5598044395446777,
        0.09730243682861328,
        0.37907713651657104
      ],
      "bbox_width_px": 62.2735595703125,
      "bbox_height_px": 242.609375
    },
    {
      "detection_id": 2,
      "class_name": "bottle",
      "yolo_class_id": 4,
      "confidence": 0.7360414266586304,
      "bbox_xyxy": [
        239.6619873046875,
        234.24969482421875,
        314.29449462890625,
        502.76806640625
      ],
      "bbox_yolo": [
        0.4327785074710846,
        0.5757951140403748,
        0.11661329120397568,
        0.41955995559692383
      ],
      "bbox_width_px": 74.63250732421875,
      "bbox_height_px": 268.51837158203125
    }
  ]
}