{
  "index": 3617,
  "dataframe_iter_index": 3617,
  "image_path": "./datasets/sVOC_FLUXFP8/images/3617.png",
  "image_width": 640,
  "image_height": 640,
  "ground_truth_class": "bottle",
  "grounding_prompt": "bottle",
  "timestamp": "2026-05-22T11:16:40.679933",
  "num_detections": 2,
  "detections": [
    {
      "detection_id": 0,
      "class_name": "bottle",
      "yolo_class_id": 4,
      "confidence": 0.7953504323959351,
      "bbox_xyxy": [
        291.2991943359375,
        233.8899688720703,
        390.3046875,
        624.301513671875
      ],
      "bbox_yolo": [
        0.5325030088424683,
        0.6704620718955994,
        0.15469607710838318,
        0.6100180745124817
      ],
      "bbox_width_px": 99.0054931640625,
      "bbox_height_px": 390.41156005859375
    },
    {
      "detection_id": 1,
      "class_name": "bottle",
      "yolo_class_id": 4,
      "confidence": 0.7979952096939087,
      "bbox_xyxy": [
        185.15420532226562,
        227.24066162109375,
        290.8474426269531,
        624.3098754882812
      ],
      "bbox_yolo": [
        0.3718762993812561,
        0.6652738451957703,
        0.16514568030834198,
        0.6204206347465515
      ],
      "bbox_width_px": 105.6932373046875,
      "bbox_height_px": 397.0692138671875
    }
  ]
}