{
  "index": 363,
  "dataframe_iter_index": 363,
  "image_path": "./datasets/sVOC_FLUXFP8/images/363.png",
  "image_width": 640,
  "image_height": 640,
  "ground_truth_class": "aeroplane",
  "grounding_prompt": "aeroplane",
  "timestamp": "2026-05-22T10:12:55.739542",
  "num_detections": 3,
  "detections": [
    {
      "detection_id": 0,
      "class_name": "aeroplane",
      "yolo_class_id": 0,
      "confidence": 0.7469897866249084,
      "bbox_xyxy": [
        225.12240600585938,
        84.23294067382812,
        415.8841247558594,
        150.88487243652344
      ],
      "bbox_yolo": [
        0.5007863640785217,
        0.1836857944726944,
        0.298065185546875,
        0.1041436418890953
      ],
      "bbox_width_px": 190.76171875,
      "bbox_height_px": 66.65193176269531
    },
    {
      "detection_id": 1,
      "class_name": "aeroplane",
      "yolo_class_id": 0,
      "confidence": 0.3744516372680664,
      "bbox_xyxy": [
        295.0595703125,
        383.7457580566406,
        354.8310546875,
        406.7674865722656
      ],
      "bbox_yolo": [
        0.5077270269393921,
        0.617588460445404,
        0.09339294582605362,
        0.03597145155072212
      ],
      "bbox_width_px": 59.771484375,
      "bbox_height_px": 23.021728515625
    },
    {
      "detection_id": 2,
      "class_name": "aeroplane",
      "yolo_class_id": 0,
      "confidence": 0.3857737183570862,
      "bbox_xyxy": [
        291.0439453125,
        226.16246032714844,
        368.3701171875,
        244.0065460205078
      ],
      "bbox_yolo": [
        0.515167236328125,
        0.3673195242881775,
        0.12082214653491974,
        0.027881383895874023
      ],
      "bbox_width_px": 77.326171875,
      "bbox_height_px": 17.844085693359375
    }
  ]
}