{
  "index": 3658,
  "dataframe_iter_index": 3658,
  "image_path": "./datasets/sVOC_FLUXFP8/images/3658.png",
  "image_width": 640,
  "image_height": 640,
  "ground_truth_class": "bottle",
  "grounding_prompt": "bottle",
  "timestamp": "2026-05-22T11:17:29.467528",
  "num_detections": 3,
  "detections": [
    {
      "detection_id": 0,
      "class_name": "bottle",
      "yolo_class_id": 4,
      "confidence": 0.853874146938324,
      "bbox_xyxy": [
        395.05413818359375,
        180.39508056640625,
        517.2782592773438,
        601.4391479492188
      ],
      "bbox_yolo": [
        0.7127596735954285,
        0.6108080148696899,
        0.19097518920898438,
        0.6578813791275024
      ],
      "bbox_width_px": 122.22412109375,
      "bbox_height_px": 421.0440673828125
    },
    {
      "detection_id": 1,
      "class_name": "bottle",
      "yolo_class_id": 4,
      "confidence": 0.8284314870834351,
      "bbox_xyxy": [
        247.74713134765625,
        181.01292419433594,
        369.33831787109375,
        592.069580078125
      ],
      "bbox_yolo": [
        0.4820980131626129,
        0.6039707064628601,
        0.1899862289428711,
        0.6422759890556335
      ],
      "bbox_width_px": 121.5911865234375,
      "bbox_height_px": 411.056640625
    },
    {
      "detection_id": 2,
      "class_name": "bottle",
      "yolo_class_id": 4,
      "confidence": 0.824374258518219,
      "bbox_xyxy": [
        112.02017974853516,
        181.2263946533203,
        236.0050048828125,
        583.7821044921875
      ],
      "bbox_yolo": [
        0.2718946635723114,
        0.5976628661155701,
        0.1937262862920761,
        0.6289933323860168
      ],
      "bbox_width_px": 123.98482513427734,
      "bbox_height_px": 402.55572509765625
    }
  ]
}