{
  "index": 3691,
  "dataframe_iter_index": 3691,
  "image_path": "./datasets/sVOC_FLUXFP8/images/3691.png",
  "image_width": 640,
  "image_height": 640,
  "ground_truth_class": "bottle",
  "grounding_prompt": "bottle",
  "timestamp": "2026-05-22T11:18:07.280671",
  "num_detections": 1,
  "detections": [
    {
      "detection_id": 0,
      "class_name": "bottle",
      "yolo_class_id": 4,
      "confidence": 0.8535404205322266,
      "bbox_xyxy": [
        384.28704833984375,
        397.2467041015625,
        441.895751953125,
        612.988525390625
      ],
      "bbox_yolo": [
        0.6454553008079529,
        0.7892462611198425,
        0.09001360088586807,
        0.33709660172462463
      ],
      "bbox_width_px": 57.60870361328125,
      "bbox_height_px": 215.7418212890625
    }
  ]
}