{
  "index": 3695,
  "dataframe_iter_index": 3695,
  "image_path": "./datasets/sVOC_FLUXFP8/images/3695.png",
  "image_width": 640,
  "image_height": 640,
  "ground_truth_class": "bottle",
  "grounding_prompt": "bottle",
  "timestamp": "2026-05-22T11:18:11.774773",
  "num_detections": 1,
  "detections": [
    {
      "detection_id": 0,
      "class_name": "bottle",
      "yolo_class_id": 4,
      "confidence": 0.857232391834259,
      "bbox_xyxy": [
        187.51235961914062,
        438.35968017578125,
        266.0619812011719,
        607.7555541992188
      ],
      "bbox_yolo": [
        0.35435494780540466,
        0.8172775506973267,
        0.12273378670215607,
        0.26468104124069214
      ],
      "bbox_width_px": 78.54962158203125,
      "bbox_height_px": 169.3958740234375
    }
  ]
}