{
  "index": 3702,
  "dataframe_iter_index": 3702,
  "image_path": "./datasets/sVOC_FLUXFP8/images/3702.png",
  "image_width": 640,
  "image_height": 640,
  "ground_truth_class": "bottle",
  "grounding_prompt": "bottle",
  "timestamp": "2026-05-22T11:18:19.671702",
  "num_detections": 3,
  "detections": [
    {
      "detection_id": 0,
      "class_name": "bottle",
      "yolo_class_id": 4,
      "confidence": 0.8441346883773804,
      "bbox_xyxy": [
        131.59689331054688,
        152.5315399169922,
        240.60711669921875,
        537.2777709960938
      ],
      "bbox_yolo": [
        0.29078438878059387,
        0.5389135479927063,
        0.17032846808433533,
        0.6011659502983093
      ],
      "bbox_width_px": 109.01022338867188,
      "bbox_height_px": 384.7462158203125
    },
    {
      "detection_id": 1,
      "class_name": "bottle",
      "yolo_class_id": 4,
      "confidence": 0.8277812004089355,
      "bbox_xyxy": [
        274.61383056640625,
        210.6692352294922,
        366.7593994140625,
        532.2467041015625
      ],
      "bbox_yolo": [
        0.5010728240013123,
        0.5804030895233154,
        0.14397744834423065,
        0.502464771270752
      ],
      "bbox_width_px": 92.14556884765625,
      "bbox_height_px": 321.57745361328125
    },
    {
      "detection_id": 2,
      "class_name": "bottle",
      "yolo_class_id": 4,
      "confidence": 0.8067668080329895,
      "bbox_xyxy": [
        404.3399963378906,
        153.12344360351562,
        516.5556640625,
        534.6832275390625
      ],
      "bbox_yolo": [
        0.7194496989250183,
        0.5373489260673523,
        0.17533698678016663,
        0.596187174320221
      ],
      "bbox_width_px": 112.21566772460938,
      "bbox_height_px": 381.5597839355469
    }
  ]
}