{
  "index": 3712,
  "dataframe_iter_index": 3712,
  "image_path": "./datasets/sVOC_FLUXFP8/images/3712.png",
  "image_width": 640,
  "image_height": 640,
  "ground_truth_class": "bottle",
  "grounding_prompt": "bottle",
  "timestamp": "2026-05-22T11:18:30.903850",
  "num_detections": 1,
  "detections": [
    {
      "detection_id": 0,
      "class_name": "bottle",
      "yolo_class_id": 4,
      "confidence": 0.930665135383606,
      "bbox_xyxy": [
        189.718017578125,
        126.56797790527344,
        275.7068176269531,
        487.43145751953125
      ],
      "bbox_yolo": [
        0.36361315846443176,
        0.47968706488609314,
        0.1343574970960617,
        0.563849151134491
      ],
      "bbox_width_px": 85.98880004882812,
      "bbox_height_px": 360.86346435546875
    }
  ]
}