{
  "index": 3734,
  "dataframe_iter_index": 3734,
  "image_path": "./datasets/sVOC_FLUXFP8/images/3734.png",
  "image_width": 640,
  "image_height": 640,
  "ground_truth_class": "bottle",
  "grounding_prompt": "bottle",
  "timestamp": "2026-05-22T11:18:56.159617",
  "num_detections": 3,
  "detections": [
    {
      "detection_id": 0,
      "class_name": "bottle",
      "yolo_class_id": 4,
      "confidence": 0.803918182849884,
      "bbox_xyxy": [
        106.85686492919922,
        185.3438720703125,
        237.87625122070312,
        628.7650756835938
      ],
      "bbox_yolo": [
        0.2693227529525757,
        0.6360226273536682,
        0.20471778512001038,
        0.6928456425666809
      ],
      "bbox_width_px": 131.01937866210938,
      "bbox_height_px": 443.42120361328125
    },
    {
      "detection_id": 1,
      "class_name": "bottle",
      "yolo_class_id": 4,
      "confidence": 0.8170806765556335,
      "bbox_xyxy": [
        384.5581970214844,
        147.19549560546875,
        524.0259399414062,
        631.7647094726562
      ],
      "bbox_yolo": [
        0.7098313570022583,
        0.6085626482963562,
        0.21791835129261017,
        0.7571393847465515
      ],
      "bbox_width_px": 139.46774291992188,
      "bbox_height_px": 484.5692138671875
    },
    {
      "detection_id": 2,
      "class_name": "bottle",
      "yolo_class_id": 4,
      "confidence": 0.783154308795929,
      "bbox_xyxy": [
        239.74996948242188,
        190.27993774414062,
        370.5485534667969,
        628.783935546875
      ],
      "bbox_yolo": [
        0.4767957329750061,
        0.639893651008606,
        0.20437279343605042,
        0.6851624846458435
      ],
      "bbox_width_px": 130.798583984375,
      "bbox_height_px": 438.5039978027344
    }
  ]
}