{
  "index": 3836,
  "dataframe_iter_index": 3836,
  "image_path": "./datasets/sVOC_FLUXFP8/images/3836.png",
  "image_width": 640,
  "image_height": 640,
  "ground_truth_class": "bottle",
  "grounding_prompt": "bottle",
  "timestamp": "2026-05-22T11:20:53.704375",
  "num_detections": 1,
  "detections": [
    {
      "detection_id": 0,
      "class_name": "bottle",
      "yolo_class_id": 4,
      "confidence": 0.9359006881713867,
      "bbox_xyxy": [
        411.36395263671875,
        159.3103485107422,
        518.6459350585938,
        557.7692260742188
      ],
      "bbox_yolo": [
        0.7265702486038208,
        0.5602184534072876,
        0.16762809455394745,
        0.6225919723510742
      ],
      "bbox_width_px": 107.281982421875,
      "bbox_height_px": 398.4588623046875
    }
  ]
}