{
  "index": 3838,
  "dataframe_iter_index": 3838,
  "image_path": "./datasets/sVOC_FLUXFP8/images/3838.png",
  "image_width": 640,
  "image_height": 640,
  "ground_truth_class": "bottle",
  "grounding_prompt": "bottle",
  "timestamp": "2026-05-22T11:20:56.001687",
  "num_detections": 3,
  "detections": [
    {
      "detection_id": 0,
      "class_name": "bottle",
      "yolo_class_id": 4,
      "confidence": 0.8119643330574036,
      "bbox_xyxy": [
        383.872802734375,
        155.4887237548828,
        532.2212524414062,
        563.7952880859375
      ],
      "bbox_yolo": [
        0.7156984806060791,
        0.561940610408783,
        0.23179444670677185,
        0.6379790306091309
      ],
      "bbox_width_px": 148.34844970703125,
      "bbox_height_px": 408.30657958984375
    },
    {
      "detection_id": 1,
      "class_name": "bottle",
      "yolo_class_id": 4,
      "confidence": 0.7706060409545898,
      "bbox_xyxy": [
        242.05201721191406,
        196.87832641601562,
        367.77105712890625,
        564.9600830078125
      ],
      "bbox_yolo": [
        0.47642427682876587,
        0.5951862335205078,
        0.19643600285053253,
        0.5751277208328247
      ],
      "bbox_width_px": 125.71903991699219,
      "bbox_height_px": 368.0817565917969
    },
    {
      "detection_id": 2,
      "class_name": "bottle",
      "yolo_class_id": 4,
      "confidence": 0.7718676328659058,
      "bbox_xyxy": [
        138.57321166992188,
        201.85153198242188,
        250.93832397460938,
        558.09326171875
      ],
      "bbox_yolo": [
        0.30430588126182556,
        0.5937069058418274,
        0.17557048797607422,
        0.5566276907920837
      ],
      "bbox_width_px": 112.3651123046875,
      "bbox_height_px": 356.2417297363281
    }
  ]
}