{
  "index": 3839,
  "dataframe_iter_index": 3839,
  "image_path": "./datasets/sVOC_FLUXFP8/images/3839.png",
  "image_width": 640,
  "image_height": 640,
  "ground_truth_class": "bottle",
  "grounding_prompt": "bottle",
  "timestamp": "2026-05-22T11:20:57.097107",
  "num_detections": 1,
  "detections": [
    {
      "detection_id": 0,
      "class_name": "bottle",
      "yolo_class_id": 4,
      "confidence": 0.9288930892944336,
      "bbox_xyxy": [
        157.6346435546875,
        223.9639129638672,
        231.7354736328125,
        536.597900390625
      ],
      "bbox_yolo": [
        0.3041954040527344,
        0.594188928604126,
        0.11578254401683807,
        0.48849058151245117
      ],
      "bbox_width_px": 74.100830078125,
      "bbox_height_px": 312.63397216796875
    }
  ]
}