{
  "index": 3889,
  "dataframe_iter_index": 3889,
  "image_path": "./datasets/sVOC_FLUXFP8/images/3889.png",
  "image_width": 640,
  "image_height": 640,
  "ground_truth_class": "bottle",
  "grounding_prompt": "bottle",
  "timestamp": "2026-05-22T11:21:57.429188",
  "num_detections": 2,
  "detections": [
    {
      "detection_id": 0,
      "class_name": "bottle",
      "yolo_class_id": 4,
      "confidence": 0.8026769161224365,
      "bbox_xyxy": [
        307.37274169921875,
        211.82232666015625,
        417.85443115234375,
        623.6255493164062
      ],
      "bbox_yolo": [
        0.5665837526321411,
        0.6526936292648315,
        0.17262764275074005,
        0.6434425115585327
      ],
      "bbox_width_px": 110.481689453125,
      "bbox_height_px": 411.80322265625
    },
    {
      "detection_id": 1,
      "class_name": "bottle",
      "yolo_class_id": 4,
      "confidence": 0.8343909382820129,
      "bbox_xyxy": [
        161.88748168945312,
        206.35916137695312,
        274.52288818359375,
        625.0755615234375
      ],
      "bbox_yolo": [
        0.34094560146331787,
        0.6495583653450012,
        0.17599281668663025,
        0.6542443633079529
      ],
      "bbox_width_px": 112.63540649414062,
      "bbox_height_px": 418.7164001464844
    }
  ]
}