{
  "index": 3900,
  "dataframe_iter_index": 3900,
  "image_path": "./datasets/sVOC_FLUXFP8/images/3900.png",
  "image_width": 640,
  "image_height": 640,
  "ground_truth_class": "bottle",
  "grounding_prompt": "bottle",
  "timestamp": "2026-05-22T11:22:09.956862",
  "num_detections": 1,
  "detections": [
    {
      "detection_id": 0,
      "class_name": "bottle",
      "yolo_class_id": 4,
      "confidence": 0.9248679876327515,
      "bbox_xyxy": [
        184.63070678710938,
        201.02903747558594,
        273.4411315917969,
        497.0589599609375
      ],
      "bbox_yolo": [
        0.35786861181259155,
        0.5453812479972839,
        0.13876628875732422,
        0.4625467360019684
      ],
      "bbox_width_px": 88.8104248046875,
      "bbox_height_px": 296.0299072265625
    }
  ]
}