{
  "index": 3916,
  "dataframe_iter_index": 3916,
  "image_path": "./datasets/sVOC_FLUXFP8/images/3916.png",
  "image_width": 640,
  "image_height": 640,
  "ground_truth_class": "bottle",
  "grounding_prompt": "bottle",
  "timestamp": "2026-05-22T11:22:28.260165",
  "num_detections": 1,
  "detections": [
    {
      "detection_id": 0,
      "class_name": "bottle",
      "yolo_class_id": 4,
      "confidence": 0.9159049987792969,
      "bbox_xyxy": [
        303.442138671875,
        273.32574462890625,
        365.07098388671875,
        499.44573974609375
      ],
      "bbox_yolo": [
        0.5222758650779724,
        0.6037276983261108,
        0.0962950736284256,
        0.35331249237060547
      ],
      "bbox_width_px": 61.62884521484375,
      "bbox_height_px": 226.1199951171875
    }
  ]
}