{
  "index": 3918,
  "dataframe_iter_index": 3918,
  "image_path": "./datasets/sVOC_FLUXFP8/images/3918.png",
  "image_width": 640,
  "image_height": 640,
  "ground_truth_class": "bottle",
  "grounding_prompt": "bottle",
  "timestamp": "2026-05-22T11:22:30.640642",
  "num_detections": 3,
  "detections": [
    {
      "detection_id": 0,
      "class_name": "bottle",
      "yolo_class_id": 4,
      "confidence": 0.7684488892555237,
      "bbox_xyxy": [
        158.33148193359375,
        207.2107391357422,
        268.762451171875,
        623.7169189453125
      ],
      "bbox_yolo": [
        0.333667129278183,
        0.649162232875824,
        0.17254838347434998,
        0.6507908701896667
      ],
      "bbox_width_px": 110.43096923828125,
      "bbox_height_px": 416.50616455078125
    },
    {
      "detection_id": 1,
      "class_name": "bottle",
      "yolo_class_id": 4,
      "confidence": 0.6940250992774963,
      "bbox_xyxy": [
        252.46893310546875,
        222.87649536132812,
        339.26922607421875,
        565.8785400390625
      ],
      "bbox_yolo": [
        0.46229544281959534,
        0.6162148714065552,
        0.1356254518032074,
        0.5359407067298889
      ],
      "bbox_width_px": 86.80029296875,
      "bbox_height_px": 343.0020446777344
    },
    {
      "detection_id": 2,
      "class_name": "bottle",
      "yolo_class_id": 4,
      "confidence": 0.6247920393943787,
      "bbox_xyxy": [
        309.6923828125,
        233.2787628173828,
        366.89788818359375,
        499.1153564453125
      ],
      "bbox_yolo": [
        0.5285861492156982,
        0.5721828937530518,
        0.08938360214233398,
        0.4153696894645691
      ],
      "bbox_width_px": 57.20550537109375,
      "bbox_height_px": 265.83660888671875
    }
  ]
}