{
  "index": 392,
  "dataframe_iter_index": 392,
  "image_path": "./datasets/sVOC_FLUXFP8/images/392.png",
  "image_width": 640,
  "image_height": 640,
  "ground_truth_class": "aeroplane",
  "grounding_prompt": "aeroplane",
  "timestamp": "2026-05-22T10:13:28.916775",
  "num_detections": 1,
  "detections": [
    {
      "detection_id": 0,
      "class_name": "aeroplane",
      "yolo_class_id": 0,
      "confidence": 0.9566285610198975,
      "bbox_xyxy": [
        143.81588745117188,
        317.1607666015625,
        493.8875427246094,
        413.186767578125
      ],
      "bbox_yolo": [
        0.4982058107852936,
        0.5705839991569519,
        0.5469869375228882,
        0.1500406265258789
      ],
      "bbox_width_px": 350.0716552734375,
      "bbox_height_px": 96.0260009765625
    }
  ]
}