{
  "index": 3938,
  "dataframe_iter_index": 3938,
  "image_path": "./datasets/sVOC_FLUXFP8/images/3938.png",
  "image_width": 640,
  "image_height": 640,
  "ground_truth_class": "bottle",
  "grounding_prompt": "bottle",
  "timestamp": "2026-05-22T11:22:55.489667",
  "num_detections": 3,
  "detections": [
    {
      "detection_id": 0,
      "class_name": "bottle",
      "yolo_class_id": 4,
      "confidence": 0.7620868682861328,
      "bbox_xyxy": [
        257.92626953125,
        233.8115234375,
        360.547119140625,
        572.1406860351562
      ],
      "bbox_yolo": [
        0.4831823408603668,
        0.6296501755714417,
        0.16034507751464844,
        0.5286393165588379
      ],
      "bbox_width_px": 102.620849609375,
      "bbox_height_px": 338.32916259765625
    },
    {
      "detection_id": 1,
      "class_name": "bottle",
      "yolo_class_id": 4,
      "confidence": 0.7895746231079102,
      "bbox_xyxy": [
        163.43746948242188,
        219.11929321289062,
        264.2550354003906,
        562.183349609375
      ],
      "bbox_yolo": [
        0.3341347575187683,
        0.610392689704895,
        0.15752744674682617,
        0.5360375642776489
      ],
      "bbox_width_px": 100.81756591796875,
      "bbox_height_px": 343.0640563964844
    },
    {
      "detection_id": 2,
      "class_name": "bottle",
      "yolo_class_id": 4,
      "confidence": 0.7838737964630127,
      "bbox_xyxy": [
        375.801513671875,
        262.8877258300781,
        522.2306518554688,
        567.2073974609375
      ],
      "bbox_yolo": [
        0.7015876173973083,
        0.6485117673873901,
        0.22879552841186523,
        0.4754994809627533
      ],
      "bbox_width_px": 146.42913818359375,
      "bbox_height_px": 304.3196716308594
    }
  ]
}