{
  "index": 3945,
  "dataframe_iter_index": 3945,
  "image_path": "./datasets/sVOC_FLUXFP8/images/3945.png",
  "image_width": 640,
  "image_height": 640,
  "ground_truth_class": "bottle",
  "grounding_prompt": "bottle",
  "timestamp": "2026-05-22T11:23:03.660983",
  "num_detections": 2,
  "detections": [
    {
      "detection_id": 0,
      "class_name": "bottle",
      "yolo_class_id": 4,
      "confidence": 0.8521174192428589,
      "bbox_xyxy": [
        162.1758575439453,
        116.03860473632812,
        276.1438293457031,
        563.0809326171875
      ],
      "bbox_yolo": [
        0.3424372673034668,
        0.5305621027946472,
        0.17807495594024658,
        0.6985036134719849
      ],
      "bbox_width_px": 113.96797180175781,
      "bbox_height_px": 447.0423278808594
    },
    {
      "detection_id": 1,
      "class_name": "bottle",
      "yolo_class_id": 4,
      "confidence": 0.8336051106452942,
      "bbox_xyxy": [
        319.880126953125,
        117.42176818847656,
        435.51104736328125,
        560.0276489257812
      ],
      "bbox_yolo": [
        0.5901493430137634,
        0.5292573571205139,
        0.18067331612110138,
        0.6915717124938965
      ],
      "bbox_width_px": 115.63092041015625,
      "bbox_height_px": 442.60589599609375
    }
  ]
}