{
  "index": 3950,
  "dataframe_iter_index": 3950,
  "image_path": "./datasets/sVOC_FLUXFP8/images/3950.png",
  "image_width": 640,
  "image_height": 640,
  "ground_truth_class": "bottle",
  "grounding_prompt": "bottle",
  "timestamp": "2026-05-22T11:23:09.703037",
  "num_detections": 3,
  "detections": [
    {
      "detection_id": 0,
      "class_name": "bottle",
      "yolo_class_id": 4,
      "confidence": 0.8257384896278381,
      "bbox_xyxy": [
        137.72853088378906,
        207.88430786132812,
        267.3355712890625,
        627.19677734375
      ],
      "bbox_yolo": [
        0.31645631790161133,
        0.6524070501327515,
        0.2025109976530075,
        0.6551757454872131
      ],
      "bbox_width_px": 129.60704040527344,
      "bbox_height_px": 419.3124694824219
    },
    {
      "detection_id": 1,
      "class_name": "bottle",
      "yolo_class_id": 4,
      "confidence": 0.8306670188903809,
      "bbox_xyxy": [
        405.4196472167969,
        194.6300048828125,
        516.7911376953125,
        564.82080078125
      ],
      "bbox_yolo": [
        0.7204772233963013,
        0.5933209657669067,
        0.17401795089244843,
        0.5784231424331665
      ],
      "bbox_width_px": 111.37149047851562,
      "bbox_height_px": 370.1907958984375
    },
    {
      "detection_id": 2,
      "class_name": "bottle",
      "yolo_class_id": 4,
      "confidence": 0.7987051606178284,
      "bbox_xyxy": [
        261.136962890625,
        232.5537872314453,
        368.9117431640625,
        584.4834594726562
      ],
      "bbox_yolo": [
        0.4922255575656891,
        0.6383103132247925,
        0.16839809715747833,
        0.5498901605606079
      ],
      "bbox_width_px": 107.7747802734375,
      "bbox_height_px": 351.9296875
    }
  ]
}