{
  "index": 3953,
  "dataframe_iter_index": 3953,
  "image_path": "./datasets/sVOC_FLUXFP8/images/3953.png",
  "image_width": 640,
  "image_height": 640,
  "ground_truth_class": "bottle",
  "grounding_prompt": "bottle",
  "timestamp": "2026-05-22T11:23:13.021282",
  "num_detections": 2,
  "detections": [
    {
      "detection_id": 0,
      "class_name": "bottle",
      "yolo_class_id": 4,
      "confidence": 0.8392820954322815,
      "bbox_xyxy": [
        153.96444702148438,
        181.6066131591797,
        273.1492004394531,
        579.1891479492188
      ],
      "bbox_yolo": [
        0.3336825370788574,
        0.5943716764450073,
        0.18622617423534393,
        0.6212226748466492
      ],
      "bbox_width_px": 119.18475341796875,
      "bbox_height_px": 397.58251953125
    },
    {
      "detection_id": 1,
      "class_name": "bottle",
      "yolo_class_id": 4,
      "confidence": 0.8125067949295044,
      "bbox_xyxy": [
        293.0081787109375,
        187.2816162109375,
        413.363037109375,
        558.4112548828125
      ],
      "bbox_yolo": [
        0.5518525242805481,
        0.5825725793838501,
        0.18805447220802307,
        0.5798900723457336
      ],
      "bbox_width_px": 120.3548583984375,
      "bbox_height_px": 371.129638671875
    }
  ]
}