{
  "index": 402,
  "dataframe_iter_index": 402,
  "image_path": "./datasets/sVOC_FLUXFP8/images/402.png",
  "image_width": 640,
  "image_height": 640,
  "ground_truth_class": "aeroplane",
  "grounding_prompt": "aeroplane",
  "timestamp": "2026-05-22T10:13:40.659651",
  "num_detections": 2,
  "detections": [
    {
      "detection_id": 0,
      "class_name": "aeroplane",
      "yolo_class_id": 0,
      "confidence": 0.8239759802818298,
      "bbox_xyxy": [
        58.99235534667969,
        308.6990966796875,
        488.7730712890625,
        430.1593017578125
      ],
      "bbox_yolo": [
        0.4279417395591736,
        0.5772331357002258,
        0.6715323328971863,
        0.1897815763950348
      ],
      "bbox_width_px": 429.78070068359375,
      "bbox_height_px": 121.460205078125
    },
    {
      "detection_id": 1,
      "class_name": "aeroplane",
      "yolo_class_id": 0,
      "confidence": 0.4475767910480499,
      "bbox_xyxy": [
        385.05401611328125,
        376.2986755371094,
        578.1426391601562,
        422.8116760253906
      ],
      "bbox_yolo": [
        0.7524973750114441,
        0.6243049502372742,
        0.30170097947120667,
        0.07267656177282333
      ],
      "bbox_width_px": 193.088623046875,
      "bbox_height_px": 46.51300048828125
    }
  ]
}