{
  "index": 4026,
  "dataframe_iter_index": 4026,
  "image_path": "./datasets/sVOC_FLUXFP8/images/4026.png",
  "image_width": 640,
  "image_height": 640,
  "ground_truth_class": "bus",
  "grounding_prompt": "bus",
  "timestamp": "2026-05-22T11:24:39.552435",
  "num_detections": 3,
  "detections": [
    {
      "detection_id": 0,
      "class_name": "bus",
      "yolo_class_id": 5,
      "confidence": 0.7947505712509155,
      "bbox_xyxy": [
        450.8075866699219,
        314.73284912109375,
        583.221435546875,
        455.32928466796875
      ],
      "bbox_yolo": [
        0.8078352212905884,
        0.6016110181808472,
        0.20689663290977478,
        0.21968193352222443
      ],
      "bbox_width_px": 132.41384887695312,
      "bbox_height_px": 140.596435546875
    },
    {
      "detection_id": 1,
      "class_name": "bus",
      "yolo_class_id": 5,
      "confidence": 0.855127215385437,
      "bbox_xyxy": [
        3.7535400390625,
        253.00901794433594,
        281.98687744140625,
        510.162353515625
      ],
      "bbox_yolo": [
        0.22323469817638397,
        0.5962276458740234,
        0.4347395896911621,
        0.40180206298828125
      ],
      "bbox_width_px": 278.23333740234375,
      "bbox_height_px": 257.1533203125
    },
    {
      "detection_id": 2,
      "class_name": "bus",
      "yolo_class_id": 5,
      "confidence": 0.792680025100708,
      "bbox_xyxy": [
        288.946044921875,
        293.6966552734375,
        427.325927734375,
        461.46380615234375
      ],
      "bbox_yolo": [
        0.5595874786376953,
        0.5899690985679626,
        0.21621856093406677,
        0.26213616132736206
      ],
      "bbox_width_px": 138.3798828125,
      "bbox_height_px": 167.76715087890625
    }
  ]
}