{
  "index": 404,
  "dataframe_iter_index": 404,
  "image_path": "./datasets/sVOC_FLUXFP8/images/404.png",
  "image_width": 640,
  "image_height": 640,
  "ground_truth_class": "aeroplane",
  "grounding_prompt": "aeroplane",
  "timestamp": "2026-05-22T10:13:42.951763",
  "num_detections": 1,
  "detections": [
    {
      "detection_id": 0,
      "class_name": "aeroplane",
      "yolo_class_id": 0,
      "confidence": 0.9439454078674316,
      "bbox_xyxy": [
        271.613525390625,
        280.85302734375,
        382.61376953125,
        317.83416748046875
      ],
      "bbox_yolo": [
        0.5111150741577148,
        0.46772438287734985,
        0.17343787848949432,
        0.05778302997350693
      ],
      "bbox_width_px": 111.000244140625,
      "bbox_height_px": 36.98114013671875
    }
  ]
}