{
  "index": 405,
  "dataframe_iter_index": 405,
  "image_path": "./datasets/sVOC_FLUXFP8/images/405.png",
  "image_width": 640,
  "image_height": 640,
  "ground_truth_class": "aeroplane",
  "grounding_prompt": "aeroplane",
  "timestamp": "2026-05-22T10:13:44.116257",
  "num_detections": 2,
  "detections": [
    {
      "detection_id": 0,
      "class_name": "aeroplane",
      "yolo_class_id": 0,
      "confidence": 0.6026912927627563,
      "bbox_xyxy": [
        303.639892578125,
        292.6991882324219,
        450.6927490234375,
        348.6570739746094
      ],
      "bbox_yolo": [
        0.5893223881721497,
        0.5010595917701721,
        0.22977009415626526,
        0.08743419498205185
      ],
      "bbox_width_px": 147.0528564453125,
      "bbox_height_px": 55.9578857421875
    },
    {
      "detection_id": 1,
      "class_name": "aeroplane",
      "yolo_class_id": 0,
      "confidence": 0.7221924662590027,
      "bbox_xyxy": [
        91.09257507324219,
        301.7438049316406,
        290.03192138671875,
        371.6534118652344
      ],
      "bbox_yolo": [
        0.2977535128593445,
        0.5260915756225586,
        0.31084272265434265,
        0.10923375934362411
      ],
      "bbox_width_px": 198.93934631347656,
      "bbox_height_px": 69.90960693359375
    }
  ]
}