{
  "index": 4065,
  "dataframe_iter_index": 4065,
  "image_path": "./datasets/sVOC_FLUXFP8/images/4065.png",
  "image_width": 640,
  "image_height": 640,
  "ground_truth_class": "bus",
  "grounding_prompt": "bus",
  "timestamp": "2026-05-22T11:25:23.264904",
  "num_detections": 1,
  "detections": [
    {
      "detection_id": 0,
      "class_name": "bus",
      "yolo_class_id": 5,
      "confidence": 0.954674482345581,
      "bbox_xyxy": [
        95.98783111572266,
        302.93475341796875,
        341.2806701660156,
        495.70660400390625
      ],
      "bbox_yolo": [
        0.3416160047054291,
        0.6239385604858398,
        0.3832700848579407,
        0.3012060225009918
      ],
      "bbox_width_px": 245.2928466796875,
      "bbox_height_px": 192.7718505859375
    }
  ]
}