{
  "index": 4096,
  "dataframe_iter_index": 4096,
  "image_path": "./datasets/sVOC_FLUXFP8/images/4096.png",
  "image_width": 640,
  "image_height": 640,
  "ground_truth_class": "bus",
  "grounding_prompt": "bus",
  "timestamp": "2026-05-22T11:25:57.925593",
  "num_detections": 1,
  "detections": [
    {
      "detection_id": 0,
      "class_name": "bus",
      "yolo_class_id": 5,
      "confidence": 0.9598470330238342,
      "bbox_xyxy": [
        201.73294067382812,
        364.6448974609375,
        444.2041931152344,
        444.5567626953125
      ],
      "bbox_yolo": [
        0.5046383738517761,
        0.6321887969970703,
        0.37886133790016174,
        0.12486229091882706
      ],
      "bbox_width_px": 242.47125244140625,
      "bbox_height_px": 79.911865234375
    }
  ]
}