{
  "index": 4123,
  "dataframe_iter_index": 4123,
  "image_path": "./datasets/sVOC_FLUXFP8/images/4123.png",
  "image_width": 640,
  "image_height": 640,
  "ground_truth_class": "bus",
  "grounding_prompt": "bus",
  "timestamp": "2026-05-22T11:26:28.151449",
  "num_detections": 1,
  "detections": [
    {
      "detection_id": 0,
      "class_name": "bus",
      "yolo_class_id": 5,
      "confidence": 0.9624751210212708,
      "bbox_xyxy": [
        131.44117736816406,
        274.43975830078125,
        454.9644775390625,
        465.79962158203125
      ],
      "bbox_yolo": [
        0.4581294059753418,
        0.5783120393753052,
        0.5055052042007446,
        0.2989997863769531
      ],
      "bbox_width_px": 323.5233154296875,
      "bbox_height_px": 191.35986328125
    }
  ]
}