{
  "index": 4132,
  "dataframe_iter_index": 4132,
  "image_path": "./datasets/sVOC_FLUXFP8/images/4132.png",
  "image_width": 640,
  "image_height": 640,
  "ground_truth_class": "bus",
  "grounding_prompt": "bus",
  "timestamp": "2026-05-22T11:26:38.169540",
  "num_detections": 1,
  "detections": [
    {
      "detection_id": 0,
      "class_name": "bus",
      "yolo_class_id": 5,
      "confidence": 0.9583943486213684,
      "bbox_xyxy": [
        96.97488403320312,
        356.35015869140625,
        531.658935546875,
        523.2781982421875
      ],
      "bbox_yolo": [
        0.4911201596260071,
        0.6872096657752991,
        0.6791938543319702,
        0.2608250677585602
      ],
      "bbox_width_px": 434.6840515136719,
      "bbox_height_px": 166.92803955078125
    }
  ]
}