{
  "index": 414,
  "dataframe_iter_index": 414,
  "image_path": "./datasets/sVOC_FLUXFP8/images/414.png",
  "image_width": 640,
  "image_height": 640,
  "ground_truth_class": "aeroplane",
  "grounding_prompt": "aeroplane",
  "timestamp": "2026-05-22T10:13:54.624926",
  "num_detections": 3,
  "detections": [
    {
      "detection_id": 0,
      "class_name": "aeroplane",
      "yolo_class_id": 0,
      "confidence": 0.8450734615325928,
      "bbox_xyxy": [
        97.86964416503906,
        322.1945495605469,
        263.8243408203125,
        384.0695495605469
      ],
      "bbox_yolo": [
        0.282573401927948,
        0.5517688393592834,
        0.2593042254447937,
        0.0966796875
      ],
      "bbox_width_px": 165.95469665527344,
      "bbox_height_px": 61.875
    },
    {
      "detection_id": 1,
      "class_name": "aeroplane",
      "yolo_class_id": 0,
      "confidence": 0.8183571100234985,
      "bbox_xyxy": [
        254.28936767578125,
        266.4850158691406,
        454.33074951171875,
        342.0921325683594
      ],
      "bbox_yolo": [
        0.5536094903945923,
        0.47545090317726135,
        0.3125646710395813,
        0.11813612282276154
      ],
      "bbox_width_px": 200.0413818359375,
      "bbox_height_px": 75.60711669921875
    },
    {
      "detection_id": 2,
      "class_name": "aeroplane",
      "yolo_class_id": 0,
      "confidence": 0.787826657295227,
      "bbox_xyxy": [
        436.689697265625,
        344.5709533691406,
        567.1890258789062,
        396.6286315917969
      ],
      "bbox_yolo": [
        0.7842802405357361,
        0.5790621638298035,
        0.20390519499778748,
        0.08134011924266815
      ],
      "bbox_width_px": 130.49932861328125,
      "bbox_height_px": 52.05767822265625
    }
  ]
}