{
  "index": 4157,
  "dataframe_iter_index": 4157,
  "image_path": "./datasets/sVOC_FLUXFP8/images/4157.png",
  "image_width": 640,
  "image_height": 640,
  "ground_truth_class": "bus",
  "grounding_prompt": "bus",
  "timestamp": "2026-05-22T11:27:06.054291",
  "num_detections": 2,
  "detections": [
    {
      "detection_id": 0,
      "class_name": "bus",
      "yolo_class_id": 5,
      "confidence": 0.8428525328636169,
      "bbox_xyxy": [
        352.8822326660156,
        360.65521240234375,
        571.7191162109375,
        499.99725341796875
      ],
      "bbox_yolo": [
        0.7223447561264038,
        0.6723847389221191,
        0.34193262457847595,
        0.21772193908691406
      ],
      "bbox_width_px": 218.83688354492188,
      "bbox_height_px": 139.342041015625
    },
    {
      "detection_id": 1,
      "class_name": "bus",
      "yolo_class_id": 5,
      "confidence": 0.8534141778945923,
      "bbox_xyxy": [
        96.70974731445312,
        340.957763671875,
        328.2941589355469,
        514.894775390625
      ],
      "bbox_yolo": [
        0.33203428983688354,
        0.6686347723007202,
        0.36185064911842346,
        0.27177658677101135
      ],
      "bbox_width_px": 231.58441162109375,
      "bbox_height_px": 173.93701171875
    }
  ]
}