{
  "index": 418,
  "dataframe_iter_index": 418,
  "image_path": "./datasets/sVOC_FLUXFP8/images/418.png",
  "image_width": 640,
  "image_height": 640,
  "ground_truth_class": "aeroplane",
  "grounding_prompt": "aeroplane",
  "timestamp": "2026-05-22T10:13:59.249515",
  "num_detections": 3,
  "detections": [
    {
      "detection_id": 0,
      "class_name": "aeroplane",
      "yolo_class_id": 0,
      "confidence": 0.8367416858673096,
      "bbox_xyxy": [
        50.9017333984375,
        253.38723754882812,
        220.00192260742188,
        379.3721618652344
      ],
      "bbox_yolo": [
        0.21164348721504211,
        0.49434328079223633,
        0.2642190456390381,
        0.196851447224617
      ],
      "bbox_width_px": 169.10018920898438,
      "bbox_height_px": 125.98492431640625
    },
    {
      "detection_id": 1,
      "class_name": "aeroplane",
      "yolo_class_id": 0,
      "confidence": 0.8440043926239014,
      "bbox_xyxy": [
        370.86053466796875,
        151.69705200195312,
        530.9112548828125,
        290.9608459472656
      ],
      "bbox_yolo": [
        0.7045091986656189,
        0.34582647681236267,
        0.2500792443752289,
        0.21759967505931854
      ],
      "bbox_width_px": 160.05072021484375,
      "bbox_height_px": 139.2637939453125
    },
    {
      "detection_id": 2,
      "class_name": "aeroplane",
      "yolo_class_id": 0,
      "confidence": 0.752418577671051,
      "bbox_xyxy": [
        99.39308166503906,
        141.3558349609375,
        199.5515899658203,
        223.5692138671875
      ],
      "bbox_yolo": [
        0.2335505187511444,
        0.2850976884365082,
        0.15649767220020294,
        0.1284584105014801
      ],
      "bbox_width_px": 100.15850830078125,
      "bbox_height_px": 82.21337890625
    }
  ]
}