{
  "index": 4182,
  "dataframe_iter_index": 4182,
  "image_path": "./datasets/sVOC_FLUXFP8/images/4182.png",
  "image_width": 640,
  "image_height": 640,
  "ground_truth_class": "bus",
  "grounding_prompt": "bus",
  "timestamp": "2026-05-22T11:27:34.118253",
  "num_detections": 3,
  "detections": [
    {
      "detection_id": 0,
      "class_name": "bus",
      "yolo_class_id": 5,
      "confidence": 0.889897882938385,
      "bbox_xyxy": [
        89.74473571777344,
        332.6049499511719,
        288.638427734375,
        443.5920104980469
      ],
      "bbox_yolo": [
        0.2956118583679199,
        0.6064038872718811,
        0.3107714056968689,
        0.17341728508472443
      ],
      "bbox_width_px": 198.89369201660156,
      "bbox_height_px": 110.987060546875
    },
    {
      "detection_id": 1,
      "class_name": "bus",
      "yolo_class_id": 5,
      "confidence": 0.8440976738929749,
      "bbox_xyxy": [
        454.08612060546875,
        354.14410400390625,
        557.6799926757812,
        426.0421142578125
      ],
      "bbox_yolo": [
        0.7904422879219055,
        0.6095204949378967,
        0.16186542809009552,
        0.11234064400196075
      ],
      "bbox_width_px": 103.5938720703125,
      "bbox_height_px": 71.89801025390625
    },
    {
      "detection_id": 2,
      "class_name": "bus",
      "yolo_class_id": 5,
      "confidence": 0.7558503150939941,
      "bbox_xyxy": [
        303.5669860839844,
        353.3354797363281,
        413.9585266113281,
        412.7723693847656
      ],
      "bbox_yolo": [
        0.560566782951355,
        0.5985217690467834,
        0.1724867820739746,
        0.09287013858556747
      ],
      "bbox_width_px": 110.39154052734375,
      "bbox_height_px": 59.4368896484375
    }
  ]
}