{
  "index": 4187,
  "dataframe_iter_index": 4187,
  "image_path": "./datasets/sVOC_FLUXFP8/images/4187.png",
  "image_width": 640,
  "image_height": 640,
  "ground_truth_class": "bus",
  "grounding_prompt": "bus",
  "timestamp": "2026-05-22T11:27:39.685126",
  "num_detections": 1,
  "detections": [
    {
      "detection_id": 0,
      "class_name": "bus",
      "yolo_class_id": 5,
      "confidence": 0.9617373943328857,
      "bbox_xyxy": [
        115.5848388671875,
        218.57730102539062,
        452.93548583984375,
        414.4549865722656
      ],
      "bbox_yolo": [
        0.4441564977169037,
        0.4945564866065979,
        0.5271103978157043,
        0.3060588836669922
      ],
      "bbox_width_px": 337.35064697265625,
      "bbox_height_px": 195.877685546875
    }
  ]
}