{
  "index": 4205,
  "dataframe_iter_index": 4205,
  "image_path": "./datasets/sVOC_FLUXFP8/images/4205.png",
  "image_width": 640,
  "image_height": 640,
  "ground_truth_class": "bus",
  "grounding_prompt": "bus",
  "timestamp": "2026-05-22T11:27:59.811893",
  "num_detections": 2,
  "detections": [
    {
      "detection_id": 0,
      "class_name": "bus",
      "yolo_class_id": 5,
      "confidence": 0.9099539518356323,
      "bbox_xyxy": [
        107.82727813720703,
        344.2238464355469,
        330.78076171875,
        481.9767150878906
      ],
      "bbox_yolo": [
        0.342662513256073,
        0.6454691886901855,
        0.34836483001708984,
        0.21523885428905487
      ],
      "bbox_width_px": 222.9534912109375,
      "bbox_height_px": 137.75286865234375
    },
    {
      "detection_id": 1,
      "class_name": "bus",
      "yolo_class_id": 5,
      "confidence": 0.8522113561630249,
      "bbox_xyxy": [
        381.69073486328125,
        357.6216735839844,
        533.5387573242188,
        452.0704650878906
      ],
      "bbox_yolo": [
        0.7150230407714844,
        0.6325719952583313,
        0.2372625321149826,
        0.147576242685318
      ],
      "bbox_width_px": 151.8480224609375,
      "bbox_height_px": 94.44879150390625
    }
  ]
}