{
  "index": 4206,
  "dataframe_iter_index": 4206,
  "image_path": "./datasets/sVOC_FLUXFP8/images/4206.png",
  "image_width": 640,
  "image_height": 640,
  "ground_truth_class": "bus",
  "grounding_prompt": "bus",
  "timestamp": "2026-05-22T11:28:00.970205",
  "num_detections": 3,
  "detections": [
    {
      "detection_id": 0,
      "class_name": "bus",
      "yolo_class_id": 5,
      "confidence": 0.7921648025512695,
      "bbox_xyxy": [
        398.2231140136719,
        355.5450744628906,
        538.9051513671875,
        440.8159484863281
      ],
      "bbox_yolo": [
        0.7321314811706543,
        0.6221570372581482,
        0.2198156863451004,
        0.13323573768138885
      ],
      "bbox_width_px": 140.68203735351562,
      "bbox_height_px": 85.2708740234375
    },
    {
      "detection_id": 1,
      "class_name": "bus",
      "yolo_class_id": 5,
      "confidence": 0.8189444541931152,
      "bbox_xyxy": [
        189.48208618164062,
        366.968017578125,
        273.79302978515625,
        411.50640869140625
      ],
      "bbox_yolo": [
        0.3619336783885956,
        0.6081831455230713,
        0.13173584640026093,
        0.06959123909473419
      ],
      "bbox_width_px": 84.31094360351562,
      "bbox_height_px": 44.53839111328125
    },
    {
      "detection_id": 2,
      "class_name": "bus",
      "yolo_class_id": 5,
      "confidence": 0.785035252571106,
      "bbox_xyxy": [
        279.8772277832031,
        362.4266052246094,
        399.4488830566406,
        416.1775207519531
      ],
      "bbox_yolo": [
        0.530723512172699,
        0.6082844734191895,
        0.18683071434497833,
        0.08398580551147461
      ],
      "bbox_width_px": 119.5716552734375,
      "bbox_height_px": 53.75091552734375
    }
  ]
}