{
  "index": 4218,
  "dataframe_iter_index": 4218,
  "image_path": "./datasets/sVOC_FLUXFP8/images/4218.png",
  "image_width": 640,
  "image_height": 640,
  "ground_truth_class": "bus",
  "grounding_prompt": "bus",
  "timestamp": "2026-05-22T11:28:14.541777",
  "num_detections": 1,
  "detections": [
    {
      "detection_id": 0,
      "class_name": "bus",
      "yolo_class_id": 5,
      "confidence": 0.9386095404624939,
      "bbox_xyxy": [
        111.6820068359375,
        276.7708740234375,
        452.28289794921875,
        455.375
      ],
      "bbox_yolo": [
        0.4405975937843323,
        0.5719889402389526,
        0.532188892364502,
        0.2790689468383789
      ],
      "bbox_width_px": 340.60089111328125,
      "bbox_height_px": 178.6041259765625
    }
  ]
}