{
  "index": 4219,
  "dataframe_iter_index": 4219,
  "image_path": "./datasets/sVOC_FLUXFP8/images/4219.png",
  "image_width": 640,
  "image_height": 640,
  "ground_truth_class": "bus",
  "grounding_prompt": "bus",
  "timestamp": "2026-05-22T11:28:15.632388",
  "num_detections": 1,
  "detections": [
    {
      "detection_id": 0,
      "class_name": "bus",
      "yolo_class_id": 5,
      "confidence": 0.9621005058288574,
      "bbox_xyxy": [
        90.63748168945312,
        190.04754638671875,
        490.5458679199219,
        390.139404296875
      ],
      "bbox_yolo": [
        0.4540494978427887,
        0.4532710611820221,
        0.6248568296432495,
        0.31264352798461914
      ],
      "bbox_width_px": 399.90838623046875,
      "bbox_height_px": 200.09185791015625
    }
  ]
}