{
  "index": 4244,
  "dataframe_iter_index": 4244,
  "image_path": "./datasets/sVOC_FLUXFP8/images/4244.png",
  "image_width": 640,
  "image_height": 640,
  "ground_truth_class": "bus",
  "grounding_prompt": "bus",
  "timestamp": "2026-05-22T11:28:43.753719",
  "num_detections": 1,
  "detections": [
    {
      "detection_id": 0,
      "class_name": "bus",
      "yolo_class_id": 5,
      "confidence": 0.9613306522369385,
      "bbox_xyxy": [
        163.9425048828125,
        272.2340087890625,
        437.31207275390625,
        453.4530029296875
      ],
      "bbox_yolo": [
        0.4697301387786865,
        0.5669429898262024,
        0.42713993787765503,
        0.2831546664237976
      ],
      "bbox_width_px": 273.36956787109375,
      "bbox_height_px": 181.218994140625
    }
  ]
}