{
  "index": 4248,
  "dataframe_iter_index": 4248,
  "image_path": "./datasets/sVOC_FLUXFP8/images/4248.png",
  "image_width": 640,
  "image_height": 640,
  "ground_truth_class": "bus",
  "grounding_prompt": "bus",
  "timestamp": "2026-05-22T11:28:48.170418",
  "num_detections": 1,
  "detections": [
    {
      "detection_id": 0,
      "class_name": "bus",
      "yolo_class_id": 5,
      "confidence": 0.952389657497406,
      "bbox_xyxy": [
        72.25564575195312,
        181.17825317382812,
        494.2581481933594,
        488.9557189941406
      ],
      "bbox_yolo": [
        0.4425888955593109,
        0.5235421657562256,
        0.6593788862228394,
        0.4809022843837738
      ],
      "bbox_width_px": 422.00250244140625,
      "bbox_height_px": 307.7774658203125
    }
  ]
}