{
  "index": 425,
  "dataframe_iter_index": 425,
  "image_path": "./datasets/sVOC_FLUXFP8/images/425.png",
  "image_width": 640,
  "image_height": 640,
  "ground_truth_class": "aeroplane",
  "grounding_prompt": "aeroplane",
  "timestamp": "2026-05-22T10:14:07.387996",
  "num_detections": 2,
  "detections": [
    {
      "detection_id": 0,
      "class_name": "aeroplane",
      "yolo_class_id": 0,
      "confidence": 0.4999206066131592,
      "bbox_xyxy": [
        373.287841796875,
        280.1523132324219,
        470.97314453125,
        317.7812805175781
      ],
      "bbox_yolo": [
        0.6595789194107056,
        0.46713560819625854,
        0.15263327956199646,
        0.0587952621281147
      ],
      "bbox_width_px": 97.685302734375,
      "bbox_height_px": 37.62896728515625
    },
    {
      "detection_id": 1,
      "class_name": "aeroplane",
      "yolo_class_id": 0,
      "confidence": 0.7251282930374146,
      "bbox_xyxy": [
        53.820411682128906,
        305.03369140625,
        273.9643249511719,
        373.80548095703125
      ],
      "bbox_yolo": [
        0.25608181953430176,
        0.5303431153297424,
        0.34397488832473755,
        0.10745592415332794
      ],
      "bbox_width_px": 220.1439208984375,
      "bbox_height_px": 68.77178955078125
    }
  ]
}