{
  "index": 4250,
  "dataframe_iter_index": 4250,
  "image_path": "./datasets/sVOC_FLUXFP8/images/4250.png",
  "image_width": 640,
  "image_height": 640,
  "ground_truth_class": "bus",
  "grounding_prompt": "bus",
  "timestamp": "2026-05-22T11:28:50.468367",
  "num_detections": 3,
  "detections": [
    {
      "detection_id": 0,
      "class_name": "bus",
      "yolo_class_id": 5,
      "confidence": 0.8180960416793823,
      "bbox_xyxy": [
        283.6013488769531,
        331.29791259765625,
        409.9604187011719,
        464.916748046875
      ],
      "bbox_yolo": [
        0.5418451428413391,
        0.622042715549469,
        0.19743604958057404,
        0.20877942442893982
      ],
      "bbox_width_px": 126.35906982421875,
      "bbox_height_px": 133.61883544921875
    },
    {
      "detection_id": 1,
      "class_name": "bus",
      "yolo_class_id": 5,
      "confidence": 0.8003371953964233,
      "bbox_xyxy": [
        404.4519348144531,
        341.22344970703125,
        550.2901611328125,
        457.66961669921875
      ],
      "bbox_yolo": [
        0.7458922266960144,
        0.6241351962089539,
        0.22787222266197205,
        0.18194714188575745
      ],
      "bbox_width_px": 145.83822631835938,
      "bbox_height_px": 116.4461669921875
    },
    {
      "detection_id": 2,
      "class_name": "bus",
      "yolo_class_id": 5,
      "confidence": 0.850219190120697,
      "bbox_xyxy": [
        87.47718048095703,
        303.5060119628906,
        272.7710876464844,
        487.3463439941406
      ],
      "bbox_yolo": [
        0.2814439535140991,
        0.6178534030914307,
        0.2895217537879944,
        0.2872505187988281
      ],
      "bbox_width_px": 185.29391479492188,
      "bbox_height_px": 183.84033203125
    }
  ]
}