{
  "index": 4270,
  "dataframe_iter_index": 4270,
  "image_path": "./datasets/sVOC_FLUXFP8/images/4270.png",
  "image_width": 640,
  "image_height": 640,
  "ground_truth_class": "bus",
  "grounding_prompt": "bus",
  "timestamp": "2026-05-22T11:29:13.266578",
  "num_detections": 3,
  "detections": [
    {
      "detection_id": 0,
      "class_name": "bus",
      "yolo_class_id": 5,
      "confidence": 0.8885661363601685,
      "bbox_xyxy": [
        87.11802673339844,
        312.9831848144531,
        343.5087890625,
        508.4410705566406
      ],
      "bbox_yolo": [
        0.3364272117614746,
        0.641737699508667,
        0.4006105363368988,
        0.305402934551239
      ],
      "bbox_width_px": 256.3907470703125,
      "bbox_height_px": 195.4578857421875
    },
    {
      "detection_id": 1,
      "class_name": "bus",
      "yolo_class_id": 5,
      "confidence": 0.8068369626998901,
      "bbox_xyxy": [
        419.2734069824219,
        361.6663513183594,
        532.5921630859375,
        471.4552917480469
      ],
      "bbox_yolo": [
        0.7436450123786926,
        0.6508762836456299,
        0.1770605593919754,
        0.17154522240161896
      ],
      "bbox_width_px": 113.31875610351562,
      "bbox_height_px": 109.7889404296875
    },
    {
      "detection_id": 2,
      "class_name": "bus",
      "yolo_class_id": 5,
      "confidence": 0.7386445999145508,
      "bbox_xyxy": [
        375.54888916015625,
        380.60205078125,
        422.96868896484375,
        444.79443359375
      ],
      "bbox_yolo": [
        0.6238418817520142,
        0.6448410153388977,
        0.07409343868494034,
        0.10030059516429901
      ],
      "bbox_width_px": 47.4197998046875,
      "bbox_height_px": 64.1923828125
    }
  ]
}