{
  "index": 4280,
  "dataframe_iter_index": 4280,
  "image_path": "./datasets/sVOC_FLUXFP8/images/4280.png",
  "image_width": 640,
  "image_height": 640,
  "ground_truth_class": "bus",
  "grounding_prompt": "bus",
  "timestamp": "2026-05-22T11:29:24.383384",
  "num_detections": 1,
  "detections": [
    {
      "detection_id": 0,
      "class_name": "bus",
      "yolo_class_id": 5,
      "confidence": 0.895041286945343,
      "bbox_xyxy": [
        81.85635375976562,
        105.57797241210938,
        498.7641296386719,
        512.959228515625
      ],
      "bbox_yolo": [
        0.45360976457595825,
        0.48323220014572144,
        0.6514183878898621,
        0.6365332007408142
      ],
      "bbox_width_px": 416.90777587890625,
      "bbox_height_px": 407.3812561035156
    }
  ]
}