{
  "index": 4299,
  "dataframe_iter_index": 4299,
  "image_path": "./datasets/sVOC_FLUXFP8/images/4299.png",
  "image_width": 640,
  "image_height": 640,
  "ground_truth_class": "bus",
  "grounding_prompt": "bus",
  "timestamp": "2026-05-22T11:29:45.937653",
  "num_detections": 2,
  "detections": [
    {
      "detection_id": 0,
      "class_name": "bus",
      "yolo_class_id": 5,
      "confidence": 0.833048939704895,
      "bbox_xyxy": [
        362.50885009765625,
        206.13592529296875,
        561.9481811523438,
        408.36920166015625
      ],
      "bbox_yolo": [
        0.7222320437431335,
        0.48008212447166443,
        0.3116239607334137,
        0.31598949432373047
      ],
      "bbox_width_px": 199.4393310546875,
      "bbox_height_px": 202.2332763671875
    },
    {
      "detection_id": 1,
      "class_name": "bus",
      "yolo_class_id": 5,
      "confidence": 0.8215152621269226,
      "bbox_xyxy": [
        0.3685302734375,
        62.5814208984375,
        370.2911376953125,
        487.1387939453125
      ],
      "bbox_yolo": [
        0.2895778715610504,
        0.42946892976760864,
        0.5780040621757507,
        0.6633709073066711
      ],
      "bbox_width_px": 369.922607421875,
      "bbox_height_px": 424.557373046875
    }
  ]
}