{
  "index": 4308,
  "dataframe_iter_index": 4308,
  "image_path": "./datasets/sVOC_FLUXFP8/images/4308.png",
  "image_width": 640,
  "image_height": 640,
  "ground_truth_class": "bus",
  "grounding_prompt": "bus",
  "timestamp": "2026-05-22T11:29:56.031918",
  "num_detections": 1,
  "detections": [
    {
      "detection_id": 0,
      "class_name": "bus",
      "yolo_class_id": 5,
      "confidence": 0.9594311714172363,
      "bbox_xyxy": [
        164.23089599609375,
        282.9778747558594,
        417.25640869140625,
        440.9339904785156
      ],
      "bbox_yolo": [
        0.45428696274757385,
        0.5655561685562134,
        0.3953523635864258,
        0.24680642783641815
      ],
      "bbox_width_px": 253.0255126953125,
      "bbox_height_px": 157.95611572265625
    }
  ]
}