{
  "index": 4339,
  "dataframe_iter_index": 4339,
  "image_path": "./datasets/sVOC_FLUXFP8/images/4339.png",
  "image_width": 640,
  "image_height": 640,
  "ground_truth_class": "bus",
  "grounding_prompt": "bus",
  "timestamp": "2026-05-22T11:30:32.498961",
  "num_detections": 1,
  "detections": [
    {
      "detection_id": 0,
      "class_name": "bus",
      "yolo_class_id": 5,
      "confidence": 0.9390801787376404,
      "bbox_xyxy": [
        83.379638671875,
        160.97752380371094,
        564.0477905273438,
        504.60711669921875
      ],
      "bbox_yolo": [
        0.5058026909828186,
        0.5199880003929138,
        0.751043975353241,
        0.5369212031364441
      ],
      "bbox_width_px": 480.66815185546875,
      "bbox_height_px": 343.62957763671875
    }
  ]
}