{
  "index": 4347,
  "dataframe_iter_index": 4347,
  "image_path": "./datasets/sVOC_FLUXFP8/images/4347.png",
  "image_width": 640,
  "image_height": 640,
  "ground_truth_class": "bus",
  "grounding_prompt": "bus",
  "timestamp": "2026-05-22T11:30:41.408287",
  "num_detections": 1,
  "detections": [
    {
      "detection_id": 0,
      "class_name": "bus",
      "yolo_class_id": 5,
      "confidence": 0.935874879360199,
      "bbox_xyxy": [
        131.4751739501953,
        193.8019256591797,
        481.775634765625,
        494.89569091796875
      ],
      "bbox_yolo": [
        0.4791021943092346,
        0.5380450487136841,
        0.5473445057868958,
        0.470458984375
      ],
      "bbox_width_px": 350.30047607421875,
      "bbox_height_px": 301.09375
    }
  ]
}