{
  "index": 4360,
  "dataframe_iter_index": 4360,
  "image_path": "./datasets/sVOC_FLUXFP8/images/4360.png",
  "image_width": 640,
  "image_height": 640,
  "ground_truth_class": "bus",
  "grounding_prompt": "bus",
  "timestamp": "2026-05-22T11:30:55.894246",
  "num_detections": 1,
  "detections": [
    {
      "detection_id": 0,
      "class_name": "bus",
      "yolo_class_id": 5,
      "confidence": 0.9446327686309814,
      "bbox_xyxy": [
        177.7640838623047,
        348.63128662109375,
        332.62921142578125,
        497.4346923828125
      ],
      "bbox_yolo": [
        0.39874476194381714,
        0.6609890460968018,
        0.2419767677783966,
        0.23250532150268555
      ],
      "bbox_width_px": 154.86512756347656,
      "bbox_height_px": 148.80340576171875
    }
  ]
}