{
  "index": 4387,
  "dataframe_iter_index": 4387,
  "image_path": "./datasets/sVOC_FLUXFP8/images/4387.png",
  "image_width": 640,
  "image_height": 640,
  "ground_truth_class": "bus",
  "grounding_prompt": "bus",
  "timestamp": "2026-05-22T11:31:26.219387",
  "num_detections": 1,
  "detections": [
    {
      "detection_id": 0,
      "class_name": "bus",
      "yolo_class_id": 5,
      "confidence": 0.9401630759239197,
      "bbox_xyxy": [
        43.668609619140625,
        193.73846435546875,
        449.22967529296875,
        462.60284423828125
      ],
      "bbox_yolo": [
        0.3850767910480499,
        0.5127666592597961,
        0.6336891651153564,
        0.420100599527359
      ],
      "bbox_width_px": 405.5610656738281,
      "bbox_height_px": 268.8643798828125
    }
  ]
}