{
  "index": 4407,
  "dataframe_iter_index": 4407,
  "image_path": "./datasets/sVOC_FLUXFP8/images/4407.png",
  "image_width": 640,
  "image_height": 640,
  "ground_truth_class": "bus",
  "grounding_prompt": "bus",
  "timestamp": "2026-05-22T11:31:49.958276",
  "num_detections": 1,
  "detections": [
    {
      "detection_id": 0,
      "class_name": "bus",
      "yolo_class_id": 5,
      "confidence": 0.9405434131622314,
      "bbox_xyxy": [
        99.2031021118164,
        337.94451904296875,
        348.2566223144531,
        500.2161865234375
      ],
      "bbox_yolo": [
        0.3495779037475586,
        0.6548130512237549,
        0.3891461491584778,
        0.2535494863986969
      ],
      "bbox_width_px": 249.05352783203125,
      "bbox_height_px": 162.27166748046875
    }
  ]
}