{
  "index": 446,
  "dataframe_iter_index": 446,
  "image_path": "./datasets/sVOC_FLUXFP8/images/446.png",
  "image_width": 640,
  "image_height": 640,
  "ground_truth_class": "aeroplane",
  "grounding_prompt": "aeroplane",
  "timestamp": "2026-05-22T10:14:31.558817",
  "num_detections": 3,
  "detections": [
    {
      "detection_id": 0,
      "class_name": "aeroplane",
      "yolo_class_id": 0,
      "confidence": 0.8058066368103027,
      "bbox_xyxy": [
        370.4798278808594,
        149.07955932617188,
        546.5336303710938,
        290.9806823730469
      ],
      "bbox_yolo": [
        0.7164167165756226,
        0.34379705786705017,
        0.27508407831192017,
        0.22172050178050995
      ],
      "bbox_width_px": 176.05380249023438,
      "bbox_height_px": 141.901123046875
    },
    {
      "detection_id": 1,
      "class_name": "aeroplane",
      "yolo_class_id": 0,
      "confidence": 0.7507222294807434,
      "bbox_xyxy": [
        97.13092803955078,
        301.0121765136719,
        213.49249267578125,
        379.9394836425781
      ],
      "bbox_yolo": [
        0.2426745444536209,
        0.5319935083389282,
        0.18181493878364563,
        0.12332391738891602
      ],
      "bbox_width_px": 116.36156463623047,
      "bbox_height_px": 78.92730712890625
    },
    {
      "detection_id": 2,
      "class_name": "aeroplane",
      "yolo_class_id": 0,
      "confidence": 0.7098202705383301,
      "bbox_xyxy": [
        279.53564453125,
        370.5379333496094,
        338.0079345703125,
        401.1841125488281
      ],
      "bbox_yolo": [
        0.48245590925216675,
        0.6029078364372253,
        0.09136295318603516,
        0.04788465425372124
      ],
      "bbox_width_px": 58.4722900390625,
      "bbox_height_px": 30.64617919921875
    }
  ]
}