{
  "index": 4482,
  "dataframe_iter_index": 4482,
  "image_path": "./datasets/sVOC_FLUXFP8/images/4482.png",
  "image_width": 640,
  "image_height": 640,
  "ground_truth_class": "bus",
  "grounding_prompt": "bus",
  "timestamp": "2026-05-22T11:33:18.163349",
  "num_detections": 3,
  "detections": [
    {
      "detection_id": 0,
      "class_name": "bus",
      "yolo_class_id": 5,
      "confidence": 0.8736898303031921,
      "bbox_xyxy": [
        418.9375,
        314.6728820800781,
        610.6329345703125,
        483.5423278808594
      ],
      "bbox_yolo": [
        0.8043519258499146,
        0.6236056089401245,
        0.29952412843704224,
        0.26385849714279175
      ],
      "bbox_width_px": 191.6954345703125,
      "bbox_height_px": 168.86944580078125
    },
    {
      "detection_id": 1,
      "class_name": "bus",
      "yolo_class_id": 5,
      "confidence": 0.8828912973403931,
      "bbox_xyxy": [
        7.5777130126953125,
        300.0414733886719,
        274.71966552734375,
        509.1119079589844
      ],
      "bbox_yolo": [
        0.22054481506347656,
        0.6321510672569275,
        0.41740933060646057,
        0.3266725540161133
      ],
      "bbox_width_px": 267.1419677734375,
      "bbox_height_px": 209.0704345703125
    },
    {
      "detection_id": 2,
      "class_name": "bus",
      "yolo_class_id": 5,
      "confidence": 0.7508977055549622,
      "bbox_xyxy": [
        304.74053955078125,
        359.4452819824219,
        390.30535888671875,
        455.2931823730469
      ],
      "bbox_yolo": [
        0.5430046319961548,
        0.63651442527771,
        0.13369503617286682,
        0.1497623473405838
      ],
      "bbox_width_px": 85.5648193359375,
      "bbox_height_px": 95.847900390625
    }
  ]
}