{
  "index": 4499,
  "dataframe_iter_index": 4499,
  "image_path": "./datasets/sVOC_FLUXFP8/images/4499.png",
  "image_width": 640,
  "image_height": 640,
  "ground_truth_class": "bus",
  "grounding_prompt": "bus",
  "timestamp": "2026-05-22T11:33:37.363891",
  "num_detections": 1,
  "detections": [
    {
      "detection_id": 0,
      "class_name": "bus",
      "yolo_class_id": 5,
      "confidence": 0.9364527463912964,
      "bbox_xyxy": [
        70.90914916992188,
        160.32200622558594,
        445.5270690917969,
        507.5054931640625
      ],
      "bbox_yolo": [
        0.40346580743789673,
        0.5217402577400208,
        0.5853404998779297,
        0.5424741506576538
      ],
      "bbox_width_px": 374.617919921875,
      "bbox_height_px": 347.1834716796875
    }
  ]
}