{
  "index": 4554,
  "dataframe_iter_index": 4554,
  "image_path": "./datasets/sVOC_FLUXFP8/images/4554.png",
  "image_width": 640,
  "image_height": 640,
  "ground_truth_class": "bus",
  "grounding_prompt": "bus",
  "timestamp": "2026-05-22T11:34:43.830398",
  "num_detections": 3,
  "detections": [
    {
      "detection_id": 0,
      "class_name": "bus",
      "yolo_class_id": 5,
      "confidence": 0.8600198030471802,
      "bbox_xyxy": [
        2.2410888671875,
        252.03573608398438,
        422.6566162109375,
        508.5877990722656
      ],
      "bbox_yolo": [
        0.3319513201713562,
        0.5942371487617493,
        0.6568992733955383,
        0.40086260437965393
      ],
      "bbox_width_px": 420.41552734375,
      "bbox_height_px": 256.55206298828125
    },
    {
      "detection_id": 1,
      "class_name": "bus",
      "yolo_class_id": 5,
      "confidence": 0.6950028538703918,
      "bbox_xyxy": [
        459.67413330078125,
        351.5555419921875,
        594.2700805664062,
        453.04559326171875
      ],
      "bbox_yolo": [
        0.8233939409255981,
        0.6285946369171143,
        0.21030616760253906,
        0.15857820212841034
      ],
      "bbox_width_px": 134.595947265625,
      "bbox_height_px": 101.49005126953125
    },
    {
      "detection_id": 2,
      "class_name": "bus",
      "yolo_class_id": 5,
      "confidence": 0.6436027884483337,
      "bbox_xyxy": [
        418.21929931640625,
        340.11578369140625,
        492.99639892578125,
        441.1162109375
      ],
      "bbox_yolo": [
        0.7118872404098511,
        0.610337495803833,
        0.1168392151594162,
        0.157813161611557
      ],
      "bbox_width_px": 74.777099609375,
      "bbox_height_px": 101.00042724609375
    }
  ]
}