{
  "index": 4579,
  "dataframe_iter_index": 4579,
  "image_path": "./datasets/sVOC_FLUXFP8/images/4579.png",
  "image_width": 640,
  "image_height": 640,
  "ground_truth_class": "bus",
  "grounding_prompt": "bus",
  "timestamp": "2026-05-22T11:35:12.997696",
  "num_detections": 1,
  "detections": [
    {
      "detection_id": 0,
      "class_name": "bus",
      "yolo_class_id": 5,
      "confidence": 0.9553354978561401,
      "bbox_xyxy": [
        127.55696105957031,
        277.5516052246094,
        441.956298828125,
        479.6115417480469
      ],
      "bbox_yolo": [
        0.444932222366333,
        0.5915337204933167,
        0.4912489950656891,
        0.3157186508178711
      ],
      "bbox_width_px": 314.39935302734375,
      "bbox_height_px": 202.0599365234375
    }
  ]
}