{
  "index": 4580,
  "dataframe_iter_index": 4580,
  "image_path": "./datasets/sVOC_FLUXFP8/images/4580.png",
  "image_width": 640,
  "image_height": 640,
  "ground_truth_class": "bus",
  "grounding_prompt": "bus",
  "timestamp": "2026-05-22T11:35:14.113721",
  "num_detections": 1,
  "detections": [
    {
      "detection_id": 0,
      "class_name": "bus",
      "yolo_class_id": 5,
      "confidence": 0.9401284456253052,
      "bbox_xyxy": [
        78.63345336914062,
        139.4296417236328,
        533.4683837890625,
        515.0208129882812
      ],
      "bbox_yolo": [
        0.47820454835891724,
        0.5112894177436829,
        0.7106795907020569,
        0.586861252784729
      ],
      "bbox_width_px": 454.8349304199219,
      "bbox_height_px": 375.5911865234375
    }
  ]
}