{
  "index": 4582,
  "dataframe_iter_index": 4582,
  "image_path": "./datasets/sVOC_FLUXFP8/images/4582.png",
  "image_width": 640,
  "image_height": 640,
  "ground_truth_class": "bus",
  "grounding_prompt": "bus",
  "timestamp": "2026-05-22T11:35:16.496841",
  "num_detections": 3,
  "detections": [
    {
      "detection_id": 0,
      "class_name": "bus",
      "yolo_class_id": 5,
      "confidence": 0.8265682458877563,
      "bbox_xyxy": [
        45.46661376953125,
        309.129638671875,
        264.5362243652344,
        518.880126953125
      ],
      "bbox_yolo": [
        0.24218972027301788,
        0.6468826532363892,
        0.3422962725162506,
        0.32773512601852417
      ],
      "bbox_width_px": 219.06961059570312,
      "bbox_height_px": 209.75048828125
    },
    {
      "detection_id": 1,
      "class_name": "bus",
      "yolo_class_id": 5,
      "confidence": 0.7762231826782227,
      "bbox_xyxy": [
        421.29095458984375,
        343.6290283203125,
        597.3557739257812,
        515.6666870117188
      ],
      "bbox_yolo": [
        0.7958177328109741,
        0.6713247895240784,
        0.27510127425193787,
        0.26880884170532227
      ],
      "bbox_width_px": 176.0648193359375,
      "bbox_height_px": 172.03765869140625
    },
    {
      "detection_id": 2,
      "class_name": "bus",
      "yolo_class_id": 5,
      "confidence": 0.81178218126297,
      "bbox_xyxy": [
        244.2650909423828,
        306.6874694824219,
        436.1868896484375,
        519.575439453125
      ],
      "bbox_yolo": [
        0.5316030979156494,
        0.6455179452896118,
        0.2998778223991394,
        0.3326374590396881
      ],
      "bbox_width_px": 191.9217987060547,
      "bbox_height_px": 212.88796997070312
    }
  ]
}