{
  "index": 460,
  "dataframe_iter_index": 460,
  "image_path": "./datasets/sVOC_FLUXFP8/images/460.png",
  "image_width": 640,
  "image_height": 640,
  "ground_truth_class": "aeroplane",
  "grounding_prompt": "aeroplane",
  "timestamp": "2026-05-22T10:14:47.760826",
  "num_detections": 1,
  "detections": [
    {
      "detection_id": 0,
      "class_name": "aeroplane",
      "yolo_class_id": 0,
      "confidence": 0.9546942114830017,
      "bbox_xyxy": [
        144.67735290527344,
        321.3143310546875,
        495.4207763671875,
        418.25445556640625
      ],
      "bbox_yolo": [
        0.5000766515731812,
        0.5777881145477295,
        0.5480365753173828,
        0.15146894752979279
      ],
      "bbox_width_px": 350.743408203125,
      "bbox_height_px": 96.94012451171875
    }
  ]
}