{
  "index": 4622,
  "dataframe_iter_index": 4622,
  "image_path": "./datasets/sVOC_FLUXFP8/images/4622.png",
  "image_width": 640,
  "image_height": 640,
  "ground_truth_class": "bus",
  "grounding_prompt": "bus",
  "timestamp": "2026-05-22T11:36:03.444235",
  "num_detections": 3,
  "detections": [
    {
      "detection_id": 0,
      "class_name": "bus",
      "yolo_class_id": 5,
      "confidence": 0.889262318611145,
      "bbox_xyxy": [
        47.06707763671875,
        294.61968994140625,
        352.07574462890625,
        504.9722900390625
      ],
      "bbox_yolo": [
        0.3118303418159485,
        0.6246812343597412,
        0.476576030254364,
        0.32867592573165894
      ],
      "bbox_width_px": 305.0086669921875,
      "bbox_height_px": 210.35260009765625
    },
    {
      "detection_id": 1,
      "class_name": "bus",
      "yolo_class_id": 5,
      "confidence": 0.7811634540557861,
      "bbox_xyxy": [
        453.4859619140625,
        349.2236328125,
        544.3179931640625,
        455.79779052734375
      ],
      "bbox_yolo": [
        0.7795343399047852,
        0.6289229989051819,
        0.14192505180835724,
        0.16652211546897888
      ],
      "bbox_width_px": 90.83203125,
      "bbox_height_px": 106.57415771484375
    },
    {
      "detection_id": 2,
      "class_name": "bus",
      "yolo_class_id": 5,
      "confidence": 0.7287819385528564,
      "bbox_xyxy": [
        376.6841125488281,
        361.5234680175781,
        454.9668884277344,
        443.7267761230469
      ],
      "bbox_yolo": [
        0.6497273445129395,
        0.6291017532348633,
        0.12231683731079102,
        0.1284426748752594
      ],
      "bbox_width_px": 78.28277587890625,
      "bbox_height_px": 82.20330810546875
    }
  ]
}