{
  "index": 4659,
  "dataframe_iter_index": 4659,
  "image_path": "./datasets/sVOC_FLUXFP8/images/4659.png",
  "image_width": 640,
  "image_height": 640,
  "ground_truth_class": "bus",
  "grounding_prompt": "bus",
  "timestamp": "2026-05-22T11:36:46.900723",
  "num_detections": 2,
  "detections": [
    {
      "detection_id": 0,
      "class_name": "bus",
      "yolo_class_id": 5,
      "confidence": 0.8807463645935059,
      "bbox_xyxy": [
        73.61005401611328,
        338.21484375,
        325.2482604980469,
        519.1429443359375
      ],
      "bbox_yolo": [
        0.31160804629325867,
        0.6698107719421387,
        0.39318472146987915,
        0.28270015120506287
      ],
      "bbox_width_px": 251.63821411132812,
      "bbox_height_px": 180.9281005859375
    },
    {
      "detection_id": 1,
      "class_name": "bus",
      "yolo_class_id": 5,
      "confidence": 0.4298265278339386,
      "bbox_xyxy": [
        341.9772033691406,
        429.3124694824219,
        368.4751281738281,
        448.3211364746094
      ],
      "bbox_yolo": [
        0.5550408959388733,
        0.6856512427330017,
        0.04140300676226616,
        0.02970104292035103
      ],
      "bbox_width_px": 26.4979248046875,
      "bbox_height_px": 19.0086669921875
    }
  ]
}