{
  "index": 4715,
  "dataframe_iter_index": 4715,
  "image_path": "./datasets/sVOC_FLUXFP8/images/4715.png",
  "image_width": 640,
  "image_height": 640,
  "ground_truth_class": "bus",
  "grounding_prompt": "bus",
  "timestamp": "2026-05-22T11:37:53.591971",
  "num_detections": 1,
  "detections": [
    {
      "detection_id": 0,
      "class_name": "bus",
      "yolo_class_id": 5,
      "confidence": 0.9171649217605591,
      "bbox_xyxy": [
        117.822021484375,
        95.29278564453125,
        496.1356201171875,
        483.603515625
      ],
      "bbox_yolo": [
        0.4796544015407562,
        0.4522627294063568,
        0.5911149978637695,
        0.6067355275154114
      ],
      "bbox_width_px": 378.3135986328125,
      "bbox_height_px": 388.31072998046875
    }
  ]
}