{
  "index": 4722,
  "dataframe_iter_index": 4722,
  "image_path": "./datasets/sVOC_FLUXFP8/images/4722.png",
  "image_width": 640,
  "image_height": 640,
  "ground_truth_class": "bus",
  "grounding_prompt": "bus",
  "timestamp": "2026-05-22T11:38:02.087488",
  "num_detections": 3,
  "detections": [
    {
      "detection_id": 0,
      "class_name": "bus",
      "yolo_class_id": 5,
      "confidence": 0.7938438057899475,
      "bbox_xyxy": [
        458.15386962890625,
        347.4195556640625,
        564.47216796875,
        457.602294921875
      ],
      "bbox_yolo": [
        0.798926591873169,
        0.6289232969284058,
        0.16612234711647034,
        0.1721605360507965
      ],
      "bbox_width_px": 106.31829833984375,
      "bbox_height_px": 110.1827392578125
    },
    {
      "detection_id": 1,
      "class_name": "bus",
      "yolo_class_id": 5,
      "confidence": 0.884087324142456,
      "bbox_xyxy": [
        34.929351806640625,
        294.5467224121094,
        349.7545471191406,
        517.546875
      ],
      "bbox_yolo": [
        0.30053430795669556,
        0.6344481706619263,
        0.4919143617153168,
        0.34843772649765015
      ],
      "bbox_width_px": 314.8251953125,
      "bbox_height_px": 223.00015258789062
    },
    {
      "detection_id": 2,
      "class_name": "bus",
      "yolo_class_id": 5,
      "confidence": 0.8020794987678528,
      "bbox_xyxy": [
        346.2076721191406,
        349.0560302734375,
        448.4013977050781,
        457.0552978515625
      ],
      "bbox_yolo": [
        0.6207883358001709,
        0.6297744512557983,
        0.15967769920825958,
        0.1687488555908203
      ],
      "bbox_width_px": 102.1937255859375,
      "bbox_height_px": 107.999267578125
    }
  ]
}