{
  "index": 473,
  "dataframe_iter_index": 473,
  "image_path": "./datasets/sVOC_FLUXFP8/images/473.png",
  "image_width": 640,
  "image_height": 640,
  "ground_truth_class": "aeroplane",
  "grounding_prompt": "aeroplane",
  "timestamp": "2026-05-22T10:15:02.614279",
  "num_detections": 2,
  "detections": [
    {
      "detection_id": 0,
      "class_name": "aeroplane",
      "yolo_class_id": 0,
      "confidence": 0.7143474221229553,
      "bbox_xyxy": [
        223.05953979492188,
        357.30853271484375,
        562.3111572265625,
        445.49090576171875
      ],
      "bbox_yolo": [
        0.6135708689689636,
        0.6271870732307434,
        0.5300806760787964,
        0.1377849578857422
      ],
      "bbox_width_px": 339.2516174316406,
      "bbox_height_px": 88.182373046875
    },
    {
      "detection_id": 1,
      "class_name": "aeroplane",
      "yolo_class_id": 0,
      "confidence": 0.7512016296386719,
      "bbox_xyxy": [
        91.92469024658203,
        304.0540771484375,
        247.63653564453125,
        378.80352783203125
      ],
      "bbox_yolo": [
        0.26528221368789673,
        0.5334824919700623,
        0.24329976737499237,
        0.11679601669311523
      ],
      "bbox_width_px": 155.71185302734375,
      "bbox_height_px": 74.74945068359375
    }
  ]
}