{
  "index": 4758,
  "dataframe_iter_index": 4758,
  "image_path": "./datasets/sVOC_FLUXFP8/images/4758.png",
  "image_width": 640,
  "image_height": 640,
  "ground_truth_class": "bus",
  "grounding_prompt": "bus",
  "timestamp": "2026-05-22T11:38:46.052410",
  "num_detections": 3,
  "detections": [
    {
      "detection_id": 0,
      "class_name": "bus",
      "yolo_class_id": 5,
      "confidence": 0.9054089784622192,
      "bbox_xyxy": [
        55.66996765136719,
        305.47967529296875,
        347.71490478515625,
        505.11224365234375
      ],
      "bbox_yolo": [
        0.31514444947242737,
        0.6332749128341675,
        0.456320196390152,
        0.31192588806152344
      ],
      "bbox_width_px": 292.044921875,
      "bbox_height_px": 199.632568359375
    },
    {
      "detection_id": 1,
      "class_name": "bus",
      "yolo_class_id": 5,
      "confidence": 0.7798874974250793,
      "bbox_xyxy": [
        442.12518310546875,
        351.5577392578125,
        539.305419921875,
        450.68804931640625
      ],
      "bbox_yolo": [
        0.7667426466941833,
        0.6267545223236084,
        0.1518441140651703,
        0.15489110350608826
      ],
      "bbox_width_px": 97.18023681640625,
      "bbox_height_px": 99.13031005859375
    },
    {
      "detection_id": 2,
      "class_name": "bus",
      "yolo_class_id": 5,
      "confidence": 0.752152681350708,
      "bbox_xyxy": [
        377.39996337890625,
        369.89447021484375,
        445.39788818359375,
        435.92547607421875
      ],
      "bbox_yolo": [
        0.6428108215332031,
        0.6295468211174011,
        0.10624675452709198,
        0.10317344963550568
      ],
      "bbox_width_px": 67.9979248046875,
      "bbox_height_px": 66.031005859375
    }
  ]
}