{
  "index": 4762,
  "dataframe_iter_index": 4762,
  "image_path": "./datasets/sVOC_FLUXFP8/images/4762.png",
  "image_width": 640,
  "image_height": 640,
  "ground_truth_class": "bus",
  "grounding_prompt": "bus",
  "timestamp": "2026-05-22T11:38:50.877280",
  "num_detections": 3,
  "detections": [
    {
      "detection_id": 0,
      "class_name": "bus",
      "yolo_class_id": 5,
      "confidence": 0.8155263066291809,
      "bbox_xyxy": [
        341.07623291015625,
        306.8653259277344,
        448.68743896484375,
        438.9172058105469
      ],
      "bbox_yolo": [
        0.6170028448104858,
        0.5826426148414612,
        0.16814251244068146,
        0.2063310593366623
      ],
      "bbox_width_px": 107.6112060546875,
      "bbox_height_px": 132.0518798828125
    },
    {
      "detection_id": 1,
      "class_name": "bus",
      "yolo_class_id": 5,
      "confidence": 0.8340429663658142,
      "bbox_xyxy": [
        456.8232116699219,
        312.15106201171875,
        583.3401489257812,
        457.80242919921875
      ],
      "bbox_yolo": [
        0.8126276135444641,
        0.601526141166687,
        0.1976827085018158,
        0.227580264210701
      ],
      "bbox_width_px": 126.51693725585938,
      "bbox_height_px": 145.6513671875
    },
    {
      "detection_id": 2,
      "class_name": "bus",
      "yolo_class_id": 5,
      "confidence": 0.8686022758483887,
      "bbox_xyxy": [
        7.1613311767578125,
        255.70794677734375,
        353.80841064453125,
        507.847900390625
      ],
      "bbox_yolo": [
        0.2820076048374176,
        0.5965279936790466,
        0.5416361093521118,
        0.3939686715602875
      ],
      "bbox_width_px": 346.6470947265625,
      "bbox_height_px": 252.13995361328125
    }
  ]
}