{
  "index": 4835,
  "dataframe_iter_index": 4835,
  "image_path": "./datasets/sVOC_FLUXFP8/images/4835.png",
  "image_width": 640,
  "image_height": 640,
  "ground_truth_class": "car",
  "grounding_prompt": "car",
  "timestamp": "2026-05-22T11:40:25.074869",
  "num_detections": 1,
  "detections": [
    {
      "detection_id": 0,
      "class_name": "car",
      "yolo_class_id": 6,
      "confidence": 0.9365823864936829,
      "bbox_xyxy": [
        217.20147705078125,
        339.6256103515625,
        395.6192626953125,
        444.3963623046875
      ],
      "bbox_yolo": [
        0.47876620292663574,
        0.6125171780586243,
        0.2787777781486511,
        0.1637043058872223
      ],
      "bbox_width_px": 178.41778564453125,
      "bbox_height_px": 104.770751953125
    }
  ]
}