{
  "index": 4866,
  "dataframe_iter_index": 4866,
  "image_path": "./datasets/sVOC_FLUXFP8/images/4866.png",
  "image_width": 640,
  "image_height": 640,
  "ground_truth_class": "car",
  "grounding_prompt": "car",
  "timestamp": "2026-05-22T11:41:04.562066",
  "num_detections": 3,
  "detections": [
    {
      "detection_id": 0,
      "class_name": "car",
      "yolo_class_id": 6,
      "confidence": 0.8161019086837769,
      "bbox_xyxy": [
        139.26809692382812,
        436.00567626953125,
        288.0067138671875,
        522.454345703125
      ],
      "bbox_yolo": [
        0.33380845189094543,
        0.7487968802452087,
        0.23240408301353455,
        0.13507604598999023
      ],
      "bbox_width_px": 148.73861694335938,
      "bbox_height_px": 86.44866943359375
    },
    {
      "detection_id": 1,
      "class_name": "car",
      "yolo_class_id": 6,
      "confidence": 0.7801043391227722,
      "bbox_xyxy": [
        382.49395751953125,
        413.86114501953125,
        440.063720703125,
        456.00323486328125
      ],
      "bbox_yolo": [
        0.6426231861114502,
        0.6795815229415894,
        0.089952751994133,
        0.0658470168709755
      ],
      "bbox_width_px": 57.56976318359375,
      "bbox_height_px": 42.14208984375
    },
    {
      "detection_id": 2,
      "class_name": "car",
      "yolo_class_id": 6,
      "confidence": 0.7713251113891602,
      "bbox_xyxy": [
        314.3181457519531,
        416.3724365234375,
        367.6568908691406,
        456.525146484375
      ],
      "bbox_yolo": [
        0.5327929854393005,
        0.6819512248039246,
        0.08334179222583771,
        0.06273861229419708
      ],
      "bbox_width_px": 53.3387451171875,
      "bbox_height_px": 40.1527099609375
    }
  ]
}