{
  "index": 4914,
  "dataframe_iter_index": 4914,
  "image_path": "./datasets/sVOC_FLUXFP8/images/4914.png",
  "image_width": 640,
  "image_height": 640,
  "ground_truth_class": "car",
  "grounding_prompt": "car",
  "timestamp": "2026-05-22T11:42:06.697554",
  "num_detections": 3,
  "detections": [
    {
      "detection_id": 0,
      "class_name": "car",
      "yolo_class_id": 6,
      "confidence": 0.6808715462684631,
      "bbox_xyxy": [
        305.82110595703125,
        354.4735107421875,
        439.88409423828125,
        462.4586181640625
      ],
      "bbox_yolo": [
        0.5825821757316589,
        0.6382282376289368,
        0.2094734162092209,
        0.16872672736644745
      ],
      "bbox_width_px": 134.06298828125,
      "bbox_height_px": 107.985107421875
    },
    {
      "detection_id": 1,
      "class_name": "car",
      "yolo_class_id": 6,
      "confidence": 0.6709044575691223,
      "bbox_xyxy": [
        459.9681396484375,
        350.17083740234375,
        570.447509765625,
        441.07476806640625
      ],
      "bbox_yolo": [
        0.8050122261047363,
        0.618160605430603,
        0.17262402176856995,
        0.14203739166259766
      ],
      "bbox_width_px": 110.4793701171875,
      "bbox_height_px": 90.9039306640625
    },
    {
      "detection_id": 2,
      "class_name": "car",
      "yolo_class_id": 6,
      "confidence": 0.5727814435958862,
      "bbox_xyxy": [
        44.09849548339844,
        333.1919860839844,
        274.3115234375,
        526.4486083984375
      ],
      "bbox_yolo": [
        0.24875783920288086,
        0.6715942621231079,
        0.35970786213874817,
        0.3019634783267975
      ],
      "bbox_width_px": 230.21302795410156,
      "bbox_height_px": 193.25662231445312
    }
  ]
}