{
  "index": 4915,
  "dataframe_iter_index": 4915,
  "image_path": "./datasets/sVOC_FLUXFP8/images/4915.png",
  "image_width": 640,
  "image_height": 640,
  "ground_truth_class": "car",
  "grounding_prompt": "car",
  "timestamp": "2026-05-22T11:42:08.024480",
  "num_detections": 1,
  "detections": [
    {
      "detection_id": 0,
      "class_name": "car",
      "yolo_class_id": 6,
      "confidence": 0.9346705079078674,
      "bbox_xyxy": [
        46.821258544921875,
        270.0699462890625,
        589.34912109375,
        504.4317626953125
      ],
      "bbox_yolo": [
        0.49700814485549927,
        0.6050794720649719,
        0.847699761390686,
        0.3661903440952301
      ],
      "bbox_width_px": 542.52783203125,
      "bbox_height_px": 234.36181640625
    }
  ]
}