{
  "index": 4998,
  "dataframe_iter_index": 4998,
  "image_path": "./datasets/sVOC_FLUXFP8/images/4998.png",
  "image_width": 640,
  "image_height": 640,
  "ground_truth_class": "car",
  "grounding_prompt": "car",
  "timestamp": "2026-05-22T11:43:56.435517",
  "num_detections": 3,
  "detections": [
    {
      "detection_id": 0,
      "class_name": "car",
      "yolo_class_id": 6,
      "confidence": 0.7470837831497192,
      "bbox_xyxy": [
        348.7076721191406,
        367.5878601074219,
        559.417724609375,
        433.0845031738281
      ],
      "bbox_yolo": [
        0.7094729542732239,
        0.6255252957344055,
        0.32923445105552673,
        0.102338507771492
      ],
      "bbox_width_px": 210.71005249023438,
      "bbox_height_px": 65.49664306640625
    },
    {
      "detection_id": 1,
      "class_name": "car",
      "yolo_class_id": 6,
      "confidence": 0.7249001264572144,
      "bbox_xyxy": [
        227.6910400390625,
        364.8013916015625,
        409.140380859375,
        418.23138427734375
      ],
      "bbox_yolo": [
        0.49752455949783325,
        0.6117443442344666,
        0.2835145890712738,
        0.08348436653614044
      ],
      "bbox_width_px": 181.4493408203125,
      "bbox_height_px": 53.42999267578125
    },
    {
      "detection_id": 2,
      "class_name": "car",
      "yolo_class_id": 6,
      "confidence": 0.7504130601882935,
      "bbox_xyxy": [
        87.81059265136719,
        363.5318603515625,
        259.71551513671875,
        412.5081787109375
      ],
      "bbox_yolo": [
        0.27150478959083557,
        0.6062812805175781,
        0.2686014473438263,
        0.0765254944562912
      ],
      "bbox_width_px": 171.90492248535156,
      "bbox_height_px": 48.976318359375
    }
  ]
}