{
  "index": 5030,
  "dataframe_iter_index": 5030,
  "image_path": "./datasets/sVOC_FLUXFP8/images/5030.png",
  "image_width": 640,
  "image_height": 640,
  "ground_truth_class": "car",
  "grounding_prompt": "car",
  "timestamp": "2026-05-22T11:44:38.354245",
  "num_detections": 3,
  "detections": [
    {
      "detection_id": 0,
      "class_name": "car",
      "yolo_class_id": 6,
      "confidence": 0.7374557256698608,
      "bbox_xyxy": [
        240.15634155273438,
        365.423828125,
        411.9240417480469,
        447.50738525390625
      ],
      "bbox_yolo": [
        0.5094377994537354,
        0.6351025104522705,
        0.2683870196342468,
        0.12825556099414825
      ],
      "bbox_width_px": 171.7677001953125,
      "bbox_height_px": 82.08355712890625
    },
    {
      "detection_id": 1,
      "class_name": "car",
      "yolo_class_id": 6,
      "confidence": 0.7574708461761475,
      "bbox_xyxy": [
        85.16268920898438,
        366.3481750488281,
        272.6329040527344,
        445.9327697753906
      ],
      "bbox_yolo": [
        0.27952781319618225,
        0.6345945000648499,
        0.2929221987724304,
        0.12435092777013779
      ],
      "bbox_width_px": 187.47021484375,
      "bbox_height_px": 79.5845947265625
    },
    {
      "detection_id": 2,
      "class_name": "car",
      "yolo_class_id": 6,
      "confidence": 0.7698685526847839,
      "bbox_xyxy": [
        384.53363037109375,
        347.8179016113281,
        576.3364868164062,
        458.9294128417969
      ],
      "bbox_yolo": [
        0.7506797909736633,
        0.630271315574646,
        0.29969197511672974,
        0.17361173033714294
      ],
      "bbox_width_px": 191.8028564453125,
      "bbox_height_px": 111.11151123046875
    }
  ]
}