{
  "index": 5031,
  "dataframe_iter_index": 5031,
  "image_path": "./datasets/sVOC_FLUXFP8/images/5031.png",
  "image_width": 640,
  "image_height": 640,
  "ground_truth_class": "car",
  "grounding_prompt": "car",
  "timestamp": "2026-05-22T11:44:39.605686",
  "num_detections": 1,
  "detections": [
    {
      "detection_id": 0,
      "class_name": "car",
      "yolo_class_id": 6,
      "confidence": 0.9392310976982117,
      "bbox_xyxy": [
        119.43730163574219,
        300.40692138671875,
        524.9560546875,
        460.44268798828125
      ],
      "bbox_yolo": [
        0.5034323334693909,
        0.5944137573242188,
        0.6336230039596558,
        0.25005587935447693
      ],
      "bbox_width_px": 405.51873779296875,
      "bbox_height_px": 160.0357666015625
    }
  ]
}