{
  "index": 5037,
  "dataframe_iter_index": 5037,
  "image_path": "./datasets/sVOC_FLUXFP8/images/5037.png",
  "image_width": 640,
  "image_height": 640,
  "ground_truth_class": "car",
  "grounding_prompt": "car",
  "timestamp": "2026-05-22T11:44:47.729101",
  "num_detections": 2,
  "detections": [
    {
      "detection_id": 0,
      "class_name": "car",
      "yolo_class_id": 6,
      "confidence": 0.8473609089851379,
      "bbox_xyxy": [
        51.422882080078125,
        301.810302734375,
        329.7897644042969,
        514.3759155273438
      ],
      "bbox_yolo": [
        0.29782238602638245,
        0.6376454830169678,
        0.43494826555252075,
        0.33213376998901367
      ],
      "bbox_width_px": 278.36688232421875,
      "bbox_height_px": 212.56561279296875
    },
    {
      "detection_id": 1,
      "class_name": "car",
      "yolo_class_id": 6,
      "confidence": 0.7614676356315613,
      "bbox_xyxy": [
        353.6435546875,
        313.609375,
        558.3765869140625,
        453.658447265625
      ],
      "bbox_yolo": [
        0.7125157117843628,
        0.5994279980659485,
        0.31989535689353943,
        0.21882668137550354
      ],
      "bbox_width_px": 204.7330322265625,
      "bbox_height_px": 140.049072265625
    }
  ]
}