{
  "index": 506,
  "dataframe_iter_index": 506,
  "image_path": "./datasets/sVOC_FLUXFP8/images/506.png",
  "image_width": 640,
  "image_height": 640,
  "ground_truth_class": "aeroplane",
  "grounding_prompt": "aeroplane",
  "timestamp": "2026-05-22T10:15:40.600892",
  "num_detections": 1,
  "detections": [
    {
      "detection_id": 0,
      "class_name": "aeroplane",
      "yolo_class_id": 0,
      "confidence": 0.556490421295166,
      "bbox_xyxy": [
        382.356201171875,
        145.48760986328125,
        549.72412109375,
        293.19512939453125
      ],
      "bbox_yolo": [
        0.7281877398490906,
        0.3427208960056305,
        0.2615123689174652,
        0.23079299926757812
      ],
      "bbox_width_px": 167.367919921875,
      "bbox_height_px": 147.70751953125
    }
  ]
}