{
  "index": 5082,
  "dataframe_iter_index": 5082,
  "image_path": "./datasets/sVOC_FLUXFP8/images/5082.png",
  "image_width": 640,
  "image_height": 640,
  "ground_truth_class": "car",
  "grounding_prompt": "car",
  "timestamp": "2026-05-22T11:45:47.480936",
  "num_detections": 3,
  "detections": [
    {
      "detection_id": 0,
      "class_name": "car",
      "yolo_class_id": 6,
      "confidence": 0.7273183465003967,
      "bbox_xyxy": [
        39.852569580078125,
        259.503173828125,
        342.5209045410156,
        511.13226318359375
      ],
      "bbox_yolo": [
        0.29872927069664,
        0.6020589470863342,
        0.4729192852973938,
        0.39317044615745544
      ],
      "bbox_width_px": 302.6683349609375,
      "bbox_height_px": 251.62908935546875
    },
    {
      "detection_id": 1,
      "class_name": "car",
      "yolo_class_id": 6,
      "confidence": 0.679713249206543,
      "bbox_xyxy": [
        376.1014404296875,
        290.0228271484375,
        616.0611572265625,
        442.02764892578125
      ],
      "bbox_yolo": [
        0.7751270532608032,
        0.5719144344329834,
        0.3749370574951172,
        0.23750753700733185
      ],
      "bbox_width_px": 239.959716796875,
      "bbox_height_px": 152.00482177734375
    },
    {
      "detection_id": 2,
      "class_name": "car",
      "yolo_class_id": 6,
      "confidence": 0.6283797025680542,
      "bbox_xyxy": [
        307.7768859863281,
        274.6996765136719,
        439.9776916503906,
        370.8382873535156
      ],
      "bbox_yolo": [
        0.5841832756996155,
        0.5043265223503113,
        0.20656375586986542,
        0.15021657943725586
      ],
      "bbox_width_px": 132.2008056640625,
      "bbox_height_px": 96.13861083984375
    }
  ]
}