{
  "index": 5105,
  "dataframe_iter_index": 5105,
  "image_path": "./datasets/sVOC_FLUXFP8/images/5105.png",
  "image_width": 640,
  "image_height": 640,
  "ground_truth_class": "car",
  "grounding_prompt": "car",
  "timestamp": "2026-05-22T11:46:18.298583",
  "num_detections": 2,
  "detections": [
    {
      "detection_id": 0,
      "class_name": "car",
      "yolo_class_id": 6,
      "confidence": 0.8501177430152893,
      "bbox_xyxy": [
        73.04447937011719,
        363.07568359375,
        347.78118896484375,
        514.978515625
      ],
      "bbox_yolo": [
        0.32877007126808167,
        0.6859798431396484,
        0.42927607893943787,
        0.23734816908836365
      ],
      "bbox_width_px": 274.7366943359375,
      "bbox_height_px": 151.90283203125
    },
    {
      "detection_id": 1,
      "class_name": "car",
      "yolo_class_id": 6,
      "confidence": 0.7820395827293396,
      "bbox_xyxy": [
        353.5111999511719,
        366.7639465332031,
        544.7544555664062,
        456.0645446777344
      ],
      "bbox_yolo": [
        0.701770007610321,
        0.6428347826004028,
        0.29881757497787476,
        0.1395321786403656
      ],
      "bbox_width_px": 191.24325561523438,
      "bbox_height_px": 89.30059814453125
    }
  ]
}