{
  "index": 5136,
  "dataframe_iter_index": 5136,
  "image_path": "./datasets/sVOC_FLUXFP8/images/5136.png",
  "image_width": 640,
  "image_height": 640,
  "ground_truth_class": "car",
  "grounding_prompt": "car",
  "timestamp": "2026-05-22T11:46:59.666281",
  "num_detections": 1,
  "detections": [
    {
      "detection_id": 0,
      "class_name": "car",
      "yolo_class_id": 6,
      "confidence": 0.9443029165267944,
      "bbox_xyxy": [
        34.716522216796875,
        281.42626953125,
        585.63330078125,
        492.6116943359375
      ],
      "bbox_yolo": [
        0.48464831709861755,
        0.6047171354293823,
        0.8608074188232422,
        0.32997721433639526
      ],
      "bbox_width_px": 550.916748046875,
      "bbox_height_px": 211.1854248046875
    }
  ]
}