{
  "index": 5193,
  "dataframe_iter_index": 5193,
  "image_path": "./datasets/sVOC_FLUXFP8/images/5193.png",
  "image_width": 640,
  "image_height": 640,
  "ground_truth_class": "car",
  "grounding_prompt": "car",
  "timestamp": "2026-05-22T11:48:16.738877",
  "num_detections": 2,
  "detections": [
    {
      "detection_id": 0,
      "class_name": "car",
      "yolo_class_id": 6,
      "confidence": 0.7657843232154846,
      "bbox_xyxy": [
        302.7356872558594,
        344.60528564453125,
        529.7445068359375,
        431.99481201171875
      ],
      "bbox_yolo": [
        0.6503751873970032,
        0.6067188382148743,
        0.35470128059387207,
        0.13654613494873047
      ],
      "bbox_width_px": 227.00881958007812,
      "bbox_height_px": 87.3895263671875
    },
    {
      "detection_id": 1,
      "class_name": "car",
      "yolo_class_id": 6,
      "confidence": 0.7624624967575073,
      "bbox_xyxy": [
        124.13439178466797,
        333.68975830078125,
        306.4203796386719,
        438.66119384765625
      ],
      "bbox_yolo": [
        0.33637091517448425,
        0.6033991575241089,
        0.28482183814048767,
        0.16401787102222443
      ],
      "bbox_width_px": 182.28598022460938,
      "bbox_height_px": 104.971435546875
    }
  ]
}