{
  "index": 5201,
  "dataframe_iter_index": 5201,
  "image_path": "./datasets/sVOC_FLUXFP8/images/5201.png",
  "image_width": 640,
  "image_height": 640,
  "ground_truth_class": "car",
  "grounding_prompt": "car",
  "timestamp": "2026-05-22T11:48:27.432975",
  "num_detections": 2,
  "detections": [
    {
      "detection_id": 0,
      "class_name": "car",
      "yolo_class_id": 6,
      "confidence": 0.755994975566864,
      "bbox_xyxy": [
        311.5210266113281,
        325.3575744628906,
        523.450927734375,
        438.8274841308594
      ],
      "bbox_yolo": [
        0.6523218154907227,
        0.5970195531845093,
        0.3311404585838318,
        0.1772967278957367
      ],
      "bbox_width_px": 211.92990112304688,
      "bbox_height_px": 113.46990966796875
    },
    {
      "detection_id": 1,
      "class_name": "car",
      "yolo_class_id": 6,
      "confidence": 0.7856494188308716,
      "bbox_xyxy": [
        125.3846435546875,
        313.66278076171875,
        330.130859375,
        438.10931396484375
      ],
      "bbox_yolo": [
        0.3558714985847473,
        0.587321937084198,
        0.3199159502983093,
        0.19444771111011505
      ],
      "bbox_width_px": 204.7462158203125,
      "bbox_height_px": 124.446533203125
    }
  ]
}