{
  "index": 5207,
  "dataframe_iter_index": 5207,
  "image_path": "./datasets/sVOC_FLUXFP8/images/5207.png",
  "image_width": 640,
  "image_height": 640,
  "ground_truth_class": "car",
  "grounding_prompt": "car",
  "timestamp": "2026-05-22T11:48:35.520439",
  "num_detections": 1,
  "detections": [
    {
      "detection_id": 0,
      "class_name": "car",
      "yolo_class_id": 6,
      "confidence": 0.955267608165741,
      "bbox_xyxy": [
        279.8410949707031,
        363.31182861328125,
        372.7022399902344,
        392.47784423828125
      ],
      "bbox_yolo": [
        0.5097994804382324,
        0.5904606580734253,
        0.14509554207324982,
        0.04557190090417862
      ],
      "bbox_width_px": 92.86114501953125,
      "bbox_height_px": 29.166015625
    }
  ]
}