{
  "index": 5228,
  "dataframe_iter_index": 5228,
  "image_path": "./datasets/sVOC_FLUXFP8/images/5228.png",
  "image_width": 640,
  "image_height": 640,
  "ground_truth_class": "car",
  "grounding_prompt": "car",
  "timestamp": "2026-05-22T11:49:03.726428",
  "num_detections": 1,
  "detections": [
    {
      "detection_id": 0,
      "class_name": "car",
      "yolo_class_id": 6,
      "confidence": 0.9347808957099915,
      "bbox_xyxy": [
        337.18450927734375,
        425.1927490234375,
        367.56195068359375,
        452.5478515625
      ],
      "bbox_yolo": [
        0.5505831837654114,
        0.6857348680496216,
        0.047464750707149506,
        0.042742349207401276
      ],
      "bbox_width_px": 30.37744140625,
      "bbox_height_px": 27.3551025390625
    }
  ]
}