{
  "index": 5376,
  "dataframe_iter_index": 5376,
  "image_path": "./datasets/sVOC_FLUXFP8/images/5376.png",
  "image_width": 640,
  "image_height": 640,
  "ground_truth_class": "car",
  "grounding_prompt": "car",
  "timestamp": "2026-05-22T11:52:28.645617",
  "num_detections": 3,
  "detections": [
    {
      "detection_id": 0,
      "class_name": "car",
      "yolo_class_id": 6,
      "confidence": 0.8152721524238586,
      "bbox_xyxy": [
        61.99907684326172,
        424.3815002441406,
        200.0262451171875,
        483.3934631347656
      ],
      "bbox_yolo": [
        0.2047072947025299,
        0.7091991901397705,
        0.21566744148731232,
        0.0922061949968338
      ],
      "bbox_width_px": 138.02716064453125,
      "bbox_height_px": 59.011962890625
    },
    {
      "detection_id": 1,
      "class_name": "car",
      "yolo_class_id": 6,
      "confidence": 0.5665789246559143,
      "bbox_xyxy": [
        518.9049682617188,
        423.1966552734375,
        557.8453979492188,
        439.25018310546875
      ],
      "bbox_yolo": [
        0.841211199760437,
        0.6737865805625916,
        0.06084442138671875,
        0.0250836368650198
      ],
      "bbox_width_px": 38.9404296875,
      "bbox_height_px": 16.05352783203125
    },
    {
      "detection_id": 2,
      "class_name": "car",
      "yolo_class_id": 6,
      "confidence": 0.566882848739624,
      "bbox_xyxy": [
        594.8497314453125,
        414.1560974121094,
        639.8365478515625,
        441.8482971191406
      ],
      "bbox_yolo": [
        0.9645986557006836,
        0.668753445148468,
        0.0702918991446495,
        0.04326906055212021
      ],
      "bbox_width_px": 44.98681640625,
      "bbox_height_px": 27.69219970703125
    }
  ]
}