{
  "index": 542,
  "dataframe_iter_index": 542,
  "image_path": "./datasets/sVOC_FLUXFP8/images/542.png",
  "image_width": 640,
  "image_height": 640,
  "ground_truth_class": "aeroplane",
  "grounding_prompt": "aeroplane",
  "timestamp": "2026-05-22T10:16:21.744657",
  "num_detections": 3,
  "detections": [
    {
      "detection_id": 0,
      "class_name": "aeroplane",
      "yolo_class_id": 0,
      "confidence": 0.37248873710632324,
      "bbox_xyxy": [
        89.68480682373047,
        289.6635437011719,
        256.70660400390625,
        374.0192565917969
      ],
      "bbox_yolo": [
        0.2706182897090912,
        0.5185021758079529,
        0.2609715461730957,
        0.13180580735206604
      ],
      "bbox_width_px": 167.02178955078125,
      "bbox_height_px": 84.355712890625
    },
    {
      "detection_id": 1,
      "class_name": "aeroplane",
      "yolo_class_id": 0,
      "confidence": 0.3713769018650055,
      "bbox_xyxy": [
        237.33755493164062,
        338.58868408203125,
        407.8064880371094,
        416.6126708984375
      ],
      "bbox_yolo": [
        0.5040187835693359,
        0.5900010466575623,
        0.2663577198982239,
        0.12191247940063477
      ],
      "bbox_width_px": 170.46893310546875,
      "bbox_height_px": 78.02398681640625
    },
    {
      "detection_id": 2,
      "class_name": "aeroplane",
      "yolo_class_id": 0,
      "confidence": 0.3651050627231598,
      "bbox_xyxy": [
        133.36544799804688,
        102.8743667602539,
        432.5956115722656,
        276.3907775878906
      ],
      "bbox_yolo": [
        0.4421570897102356,
        0.29630088806152344,
        0.46754711866378784,
        0.2711194157600403
      ],
      "bbox_width_px": 299.23016357421875,
      "bbox_height_px": 173.51641845703125
    }
  ]
}