{
  "index": 5430,
  "dataframe_iter_index": 5430,
  "image_path": "./datasets/sVOC_FLUXFP8/images/5430.png",
  "image_width": 640,
  "image_height": 640,
  "ground_truth_class": "car",
  "grounding_prompt": "car",
  "timestamp": "2026-05-22T11:53:43.397515",
  "num_detections": 3,
  "detections": [
    {
      "detection_id": 0,
      "class_name": "car",
      "yolo_class_id": 6,
      "confidence": 0.8146131634712219,
      "bbox_xyxy": [
        73.25535583496094,
        365.93707275390625,
        270.327392578125,
        502.46771240234375
      ],
      "bbox_yolo": [
        0.26842403411865234,
        0.6784412264823914,
        0.3079250454902649,
        0.21332912147045135
      ],
      "bbox_width_px": 197.07203674316406,
      "bbox_height_px": 136.5306396484375
    },
    {
      "detection_id": 1,
      "class_name": "car",
      "yolo_class_id": 6,
      "confidence": 0.788651704788208,
      "bbox_xyxy": [
        404.3321228027344,
        373.1875915527344,
        529.3836059570312,
        459.7688903808594
      ],
      "bbox_yolo": [
        0.7294653654098511,
        0.6507472395896912,
        0.1953929364681244,
        0.13528327643871307
      ],
      "bbox_width_px": 125.05148315429688,
      "bbox_height_px": 86.581298828125
    },
    {
      "detection_id": 2,
      "class_name": "car",
      "yolo_class_id": 6,
      "confidence": 0.7039429545402527,
      "bbox_xyxy": [
        271.8416748046875,
        370.9350280761719,
        332.4642333984375,
        422.6596984863281
      ],
      "bbox_yolo": [
        0.4721139967441559,
        0.6199958920478821,
        0.09472274780273438,
        0.08081980049610138
      ],
      "bbox_width_px": 60.62255859375,
      "bbox_height_px": 51.72467041015625
    }
  ]
}