{
  "index": 5457,
  "dataframe_iter_index": 5457,
  "image_path": "./datasets/sVOC_FLUXFP8/images/5457.png",
  "image_width": 640,
  "image_height": 640,
  "ground_truth_class": "car",
  "grounding_prompt": "car",
  "timestamp": "2026-05-22T11:54:21.737621",
  "num_detections": 3,
  "detections": [
    {
      "detection_id": 0,
      "class_name": "car",
      "yolo_class_id": 6,
      "confidence": 0.7102966904640198,
      "bbox_xyxy": [
        358.24603271484375,
        288.3834533691406,
        581.6187744140625,
        447.5282897949219
      ],
      "bbox_yolo": [
        0.734269380569458,
        0.5749310255050659,
        0.3490199148654938,
        0.24866381287574768
      ],
      "bbox_width_px": 223.37274169921875,
      "bbox_height_px": 159.14483642578125
    },
    {
      "detection_id": 1,
      "class_name": "car",
      "yolo_class_id": 6,
      "confidence": 0.6916577816009521,
      "bbox_xyxy": [
        28.647674560546875,
        257.6882629394531,
        335.1191101074219,
        495.2417297363281
      ],
      "bbox_yolo": [
        0.2841928005218506,
        0.5882265567779541,
        0.47886162996292114,
        0.3711772859096527
      ],
      "bbox_width_px": 306.471435546875,
      "bbox_height_px": 237.553466796875
    },
    {
      "detection_id": 2,
      "class_name": "car",
      "yolo_class_id": 6,
      "confidence": 0.4771711230278015,
      "bbox_xyxy": [
        545.8712158203125,
        325.7516784667969,
        627.286865234375,
        387.4338684082031
      ],
      "bbox_yolo": [
        0.9165297746658325,
        0.5571762323379517,
        0.12721195816993713,
        0.09637842327356339
      ],
      "bbox_width_px": 81.4156494140625,
      "bbox_height_px": 61.68218994140625
    }
  ]
}