{
  "index": 5458,
  "dataframe_iter_index": 5458,
  "image_path": "./datasets/sVOC_FLUXFP8/images/5458.png",
  "image_width": 640,
  "image_height": 640,
  "ground_truth_class": "car",
  "grounding_prompt": "car",
  "timestamp": "2026-05-22T11:54:23.120256",
  "num_detections": 4,
  "detections": [
    {
      "detection_id": 0,
      "class_name": "car",
      "yolo_class_id": 6,
      "confidence": 0.6942667961120605,
      "bbox_xyxy": [
        28.103363037109375,
        254.18931579589844,
        373.9119567871094,
        530.6220092773438
      ],
      "bbox_yolo": [
        0.31407445669174194,
        0.6131338477134705,
        0.540325939655304,
        0.43192607164382935
      ],
      "bbox_width_px": 345.80859375,
      "bbox_height_px": 276.43267822265625
    },
    {
      "detection_id": 1,
      "class_name": "car",
      "yolo_class_id": 6,
      "confidence": 0.639806866645813,
      "bbox_xyxy": [
        340.948974609375,
        283.2413024902344,
        509.82977294921875,
        457.3949279785156
      ],
      "bbox_yolo": [
        0.6646708846092224,
        0.578622043132782,
        0.2638762593269348,
        0.2721150517463684
      ],
      "bbox_width_px": 168.88079833984375,
      "bbox_height_px": 174.15362548828125
    },
    {
      "detection_id": 2,
      "class_name": "car",
      "yolo_class_id": 6,
      "confidence": 0.5976782441139221,
      "bbox_xyxy": [
        473.9715576171875,
        287.0238952636719,
        601.019775390625,
        419.4581604003906
      ],
      "bbox_yolo": [
        0.8398369550704956,
        0.5519391298294067,
        0.19851283729076385,
        0.2069285362958908
      ],
      "bbox_width_px": 127.0482177734375,
      "bbox_height_px": 132.43426513671875
    },
    {
      "detection_id": 3,
      "class_name": "car",
      "yolo_class_id": 6,
      "confidence": 0.5327775478363037,
      "bbox_xyxy": [
        581.1657104492188,
        323.3944091796875,
        639.9308471679688,
        381.34423828125
      ],
      "bbox_yolo": [
        0.9539816975593567,
        0.5505770444869995,
        0.09182052314281464,
        0.0905466079711914
      ],
      "bbox_width_px": 58.76513671875,
      "bbox_height_px": 57.9498291015625
    }
  ]
}