{
  "index": 5462,
  "dataframe_iter_index": 5462,
  "image_path": "./datasets/sVOC_FLUXFP8/images/5462.png",
  "image_width": 640,
  "image_height": 640,
  "ground_truth_class": "car",
  "grounding_prompt": "car",
  "timestamp": "2026-05-22T11:54:28.551147",
  "num_detections": 3,
  "detections": [
    {
      "detection_id": 0,
      "class_name": "car",
      "yolo_class_id": 6,
      "confidence": 0.8012096881866455,
      "bbox_xyxy": [
        73.17375183105469,
        366.8138427734375,
        271.3919677734375,
        502.09393310546875
      ],
      "bbox_yolo": [
        0.2691919803619385,
        0.6788341999053955,
        0.30971595644950867,
        0.2113751471042633
      ],
      "bbox_width_px": 198.2182159423828,
      "bbox_height_px": 135.28009033203125
    },
    {
      "detection_id": 1,
      "class_name": "car",
      "yolo_class_id": 6,
      "confidence": 0.7256746888160706,
      "bbox_xyxy": [
        283.8990478515625,
        371.0653076171875,
        370.68524169921875,
        442.83551025390625
      ],
      "bbox_yolo": [
        0.5113939642906189,
        0.635860025882721,
        0.1356034278869629,
        0.11214093863964081
      ],
      "bbox_width_px": 86.78619384765625,
      "bbox_height_px": 71.77020263671875
    },
    {
      "detection_id": 2,
      "class_name": "car",
      "yolo_class_id": 6,
      "confidence": 0.7878365516662598,
      "bbox_xyxy": [
        422.2049865722656,
        372.4540710449219,
        581.1409301757812,
        478.3817443847656
      ],
      "bbox_yolo": [
        0.7838640213012695,
        0.6647154688835144,
        0.24833741784095764,
        0.16551199555397034
      ],
      "bbox_width_px": 158.93594360351562,
      "bbox_height_px": 105.92767333984375
    }
  ]
}