{
  "index": 5487,
  "dataframe_iter_index": 5487,
  "image_path": "./datasets/sVOC_FLUXFP8/images/5487.png",
  "image_width": 640,
  "image_height": 640,
  "ground_truth_class": "car",
  "grounding_prompt": "car",
  "timestamp": "2026-05-22T11:55:04.010334",
  "num_detections": 1,
  "detections": [
    {
      "detection_id": 0,
      "class_name": "car",
      "yolo_class_id": 6,
      "confidence": 0.505702555179596,
      "bbox_xyxy": [
        112.26170349121094,
        219.80865478515625,
        482.8775634765625,
        448.80853271484375
      ],
      "bbox_yolo": [
        0.4649525582790375,
        0.522357165813446,
        0.5790872573852539,
        0.3578123152256012
      ],
      "bbox_width_px": 370.6158447265625,
      "bbox_height_px": 228.9998779296875
    }
  ]
}