{
  "index": 5511,
  "dataframe_iter_index": 5511,
  "image_path": "./datasets/sVOC_FLUXFP8/images/5511.png",
  "image_width": 640,
  "image_height": 640,
  "ground_truth_class": "car",
  "grounding_prompt": "car",
  "timestamp": "2026-05-22T11:55:37.081528",
  "num_detections": 1,
  "detections": [
    {
      "detection_id": 0,
      "class_name": "car",
      "yolo_class_id": 6,
      "confidence": 0.9243181943893433,
      "bbox_xyxy": [
        33.667633056640625,
        214.07080078125,
        596.498046875,
        538.3702392578125
      ],
      "bbox_yolo": [
        0.4923169016838074,
        0.5878445506095886,
        0.8794225454330444,
        0.5067178606987
      ],
      "bbox_width_px": 562.8304443359375,
      "bbox_height_px": 324.2994384765625
    }
  ]
}