{
  "index": 5524,
  "dataframe_iter_index": 5524,
  "image_path": "./datasets/sVOC_FLUXFP8/images/5524.png",
  "image_width": 640,
  "image_height": 640,
  "ground_truth_class": "car",
  "grounding_prompt": "car",
  "timestamp": "2026-05-22T11:55:55.232503",
  "num_detections": 1,
  "detections": [
    {
      "detection_id": 0,
      "class_name": "car",
      "yolo_class_id": 6,
      "confidence": 0.933384895324707,
      "bbox_xyxy": [
        278.6553955078125,
        374.67315673828125,
        339.911865234375,
        426.23345947265625
      ],
      "bbox_yolo": [
        0.48325568437576294,
        0.625708281993866,
        0.09571323543787003,
        0.08056297153234482
      ],
      "bbox_width_px": 61.2564697265625,
      "bbox_height_px": 51.560302734375
    }
  ]
}