{
  "index": 5546,
  "dataframe_iter_index": 5546,
  "image_path": "./datasets/sVOC_FLUXFP8/images/5546.png",
  "image_width": 640,
  "image_height": 640,
  "ground_truth_class": "car",
  "grounding_prompt": "car",
  "timestamp": "2026-05-22T11:56:25.687160",
  "num_detections": 4,
  "detections": [
    {
      "detection_id": 0,
      "class_name": "car",
      "yolo_class_id": 6,
      "confidence": 0.7230479717254639,
      "bbox_xyxy": [
        17.382431030273438,
        293.06170654296875,
        273.39788818359375,
        484.31878662109375
      ],
      "bbox_yolo": [
        0.2271721363067627,
        0.6073285341262817,
        0.4000241160392761,
        0.29883918166160583
      ],
      "bbox_width_px": 256.01544189453125,
      "bbox_height_px": 191.257080078125
    },
    {
      "detection_id": 1,
      "class_name": "car",
      "yolo_class_id": 6,
      "confidence": 0.7126625180244446,
      "bbox_xyxy": [
        409.84271240234375,
        299.3297424316406,
        578.0338134765625,
        434.8990173339844
      ],
      "bbox_yolo": [
        0.7717785239219666,
        0.5736162066459656,
        0.26279860734939575,
        0.21182699501514435
      ],
      "bbox_width_px": 168.19110107421875,
      "bbox_height_px": 135.56927490234375
    },
    {
      "detection_id": 2,
      "class_name": "car",
      "yolo_class_id": 6,
      "confidence": 0.6671817898750305,
      "bbox_xyxy": [
        271.57562255859375,
        293.6888122558594,
        403.80615234375,
        407.7216491699219
      ],
      "bbox_yolo": [
        0.527642011642456,
        0.5479769110679626,
        0.20661020278930664,
        0.17817631363868713
      ],
      "bbox_width_px": 132.23052978515625,
      "bbox_height_px": 114.0328369140625
    },
    {
      "detection_id": 3,
      "class_name": "car",
      "yolo_class_id": 6,
      "confidence": 0.48811569809913635,
      "bbox_xyxy": [
        396.11822509765625,
        307.7336730957031,
        419.49761962890625,
        330.7217712402344
      ],
      "bbox_yolo": [
        0.637199878692627,
        0.4987933039665222,
        0.036530304700136185,
        0.03591890260577202
      ],
      "bbox_width_px": 23.37939453125,
      "bbox_height_px": 22.98809814453125
    }
  ]
}