{
  "index": 5607,
  "dataframe_iter_index": 5607,
  "image_path": "./datasets/sVOC_FLUXFP8/images/5607.png",
  "image_width": 640,
  "image_height": 640,
  "ground_truth_class": "cat",
  "grounding_prompt": "cat",
  "timestamp": "2026-05-22T11:57:52.247974",
  "num_detections": 1,
  "detections": [
    {
      "detection_id": 0,
      "class_name": "cat",
      "yolo_class_id": 7,
      "confidence": 0.9599098563194275,
      "bbox_xyxy": [
        72.6769027709961,
        244.92198181152344,
        315.7940979003906,
        624.6245727539062
      ],
      "bbox_yolo": [
        0.3034929633140564,
        0.6793332695960999,
        0.37987059354782104,
        0.5932852625846863
      ],
      "bbox_width_px": 243.1171875,
      "bbox_height_px": 379.70257568359375
    }
  ]
}