{
  "index": 5644,
  "dataframe_iter_index": 5644,
  "image_path": "./datasets/sVOC_FLUXFP8/images/5644.png",
  "image_width": 640,
  "image_height": 640,
  "ground_truth_class": "cat",
  "grounding_prompt": "cat",
  "timestamp": "2026-05-22T11:58:43.433837",
  "num_detections": 1,
  "detections": [
    {
      "detection_id": 0,
      "class_name": "cat",
      "yolo_class_id": 7,
      "confidence": 0.9688341617584229,
      "bbox_xyxy": [
        244.2756805419922,
        354.3150634765625,
        341.5874328613281,
        516.2813110351562
      ],
      "bbox_yolo": [
        0.457705557346344,
        0.6801534295082092,
        0.15204961597919464,
        0.25307226181030273
      ],
      "bbox_width_px": 97.31175231933594,
      "bbox_height_px": 161.96624755859375
    }
  ]
}