{
  "index": 5649,
  "dataframe_iter_index": 5649,
  "image_path": "./datasets/sVOC_FLUXFP8/images/5649.png",
  "image_width": 640,
  "image_height": 640,
  "ground_truth_class": "cat",
  "grounding_prompt": "cat",
  "timestamp": "2026-05-22T11:58:50.291951",
  "num_detections": 2,
  "detections": [
    {
      "detection_id": 0,
      "class_name": "cat",
      "yolo_class_id": 7,
      "confidence": 0.8858345746994019,
      "bbox_xyxy": [
        59.6934814453125,
        189.43760681152344,
        322.96209716796875,
        578.4859008789062
      ],
      "bbox_yolo": [
        0.298949658870697,
        0.5999402403831482,
        0.41135722398757935,
        0.6078879237174988
      ],
      "bbox_width_px": 263.26861572265625,
      "bbox_height_px": 389.04827880859375
    },
    {
      "detection_id": 1,
      "class_name": "cat",
      "yolo_class_id": 7,
      "confidence": 0.8860040903091431,
      "bbox_xyxy": [
        302.3627624511719,
        219.60691833496094,
        597.0867919921875,
        552.3555908203125
      ],
      "bbox_yolo": [
        0.7026950120925903,
        0.6030957102775574,
        0.46050629019737244,
        0.519919753074646
      ],
      "bbox_width_px": 294.7240295410156,
      "bbox_height_px": 332.7486572265625
    }
  ]
}