{
  "index": 5652,
  "dataframe_iter_index": 5652,
  "image_path": "./datasets/sVOC_FLUXFP8/images/5652.png",
  "image_width": 640,
  "image_height": 640,
  "ground_truth_class": "cat",
  "grounding_prompt": "cat",
  "timestamp": "2026-05-22T11:58:54.326455",
  "num_detections": 1,
  "detections": [
    {
      "detection_id": 0,
      "class_name": "cat",
      "yolo_class_id": 7,
      "confidence": 0.9706427454948425,
      "bbox_xyxy": [
        253.45608520507812,
        288.294189453125,
        374.4218444824219,
        481.8359375
      ],
      "bbox_yolo": [
        0.4905296266078949,
        0.6016641855239868,
        0.18900899589061737,
        0.30240899324417114
      ],
      "bbox_width_px": 120.96575927734375,
      "bbox_height_px": 193.541748046875
    }
  ]
}