{
  "index": 5653,
  "dataframe_iter_index": 5653,
  "image_path": "./datasets/sVOC_FLUXFP8/images/5653.png",
  "image_width": 640,
  "image_height": 640,
  "ground_truth_class": "cat",
  "grounding_prompt": "cat",
  "timestamp": "2026-05-22T11:58:55.753560",
  "num_detections": 2,
  "detections": [
    {
      "detection_id": 0,
      "class_name": "cat",
      "yolo_class_id": 7,
      "confidence": 0.9157702922821045,
      "bbox_xyxy": [
        321.835205078125,
        279.09698486328125,
        531.97705078125,
        524.6506958007812
      ],
      "bbox_yolo": [
        0.6670408248901367,
        0.6279278993606567,
        0.3283466398715973,
        0.3836776614189148
      ],
      "bbox_width_px": 210.141845703125,
      "bbox_height_px": 245.5537109375
    },
    {
      "detection_id": 1,
      "class_name": "cat",
      "yolo_class_id": 7,
      "confidence": 0.8799906969070435,
      "bbox_xyxy": [
        72.83438873291016,
        282.6006164550781,
        263.0498352050781,
        534.1388549804688
      ],
      "bbox_yolo": [
        0.2624095380306244,
        0.6380777359008789,
        0.2972116470336914,
        0.39302849769592285
      ],
      "bbox_width_px": 190.2154541015625,
      "bbox_height_px": 251.53823852539062
    }
  ]
}