{
  "index": 5658,
  "dataframe_iter_index": 5658,
  "image_path": "./datasets/sVOC_FLUXFP8/images/5658.png",
  "image_width": 640,
  "image_height": 640,
  "ground_truth_class": "cat",
  "grounding_prompt": "cat",
  "timestamp": "2026-05-22T11:59:02.862580",
  "num_detections": 3,
  "detections": [
    {
      "detection_id": 0,
      "class_name": "cat",
      "yolo_class_id": 7,
      "confidence": 0.8395491242408752,
      "bbox_xyxy": [
        59.46034240722656,
        175.18093872070312,
        234.61830139160156,
        516.0113525390625
      ],
      "bbox_yolo": [
        0.22974893450737,
        0.539993941783905,
        0.2736843228340149,
        0.5325475335121155
      ],
      "bbox_width_px": 175.157958984375,
      "bbox_height_px": 340.8304138183594
    },
    {
      "detection_id": 1,
      "class_name": "cat",
      "yolo_class_id": 7,
      "confidence": 0.8373457193374634,
      "bbox_xyxy": [
        269.1366882324219,
        273.57135009765625,
        425.1962585449219,
        516.5531616210938
      ],
      "bbox_yolo": [
        0.5424476265907288,
        0.6172847747802734,
        0.24384307861328125,
        0.37965908646583557
      ],
      "bbox_width_px": 156.0595703125,
      "bbox_height_px": 242.9818115234375
    },
    {
      "detection_id": 2,
      "class_name": "cat",
      "yolo_class_id": 7,
      "confidence": 0.8383512496948242,
      "bbox_xyxy": [
        415.35809326171875,
        203.87844848632812,
        570.5521850585938,
        472.3870544433594
      ],
      "bbox_yolo": [
        0.7702423930168152,
        0.5283324122428894,
        0.2424907684326172,
        0.41954469680786133
      ],
      "bbox_width_px": 155.194091796875,
      "bbox_height_px": 268.50860595703125
    }
  ]
}