{
  "index": 5679,
  "dataframe_iter_index": 5679,
  "image_path": "./datasets/sVOC_FLUXFP8/images/5679.png",
  "image_width": 640,
  "image_height": 640,
  "ground_truth_class": "cat",
  "grounding_prompt": "cat",
  "timestamp": "2026-05-22T11:59:31.699064",
  "num_detections": 1,
  "detections": [
    {
      "detection_id": 0,
      "class_name": "cat",
      "yolo_class_id": 7,
      "confidence": 0.9422169923782349,
      "bbox_xyxy": [
        445.0079650878906,
        349.37872314453125,
        510.2238464355469,
        442.5408935546875
      ],
      "bbox_yolo": [
        0.7462748289108276,
        0.6186872124671936,
        0.10189981758594513,
        0.14556589722633362
      ],
      "bbox_width_px": 65.21588134765625,
      "bbox_height_px": 93.16217041015625
    }
  ]
}