{
  "index": 5692,
  "dataframe_iter_index": 5692,
  "image_path": "./datasets/sVOC_FLUXFP8/images/5692.png",
  "image_width": 640,
  "image_height": 640,
  "ground_truth_class": "cat",
  "grounding_prompt": "cat",
  "timestamp": "2026-05-22T11:59:49.692463",
  "num_detections": 1,
  "detections": [
    {
      "detection_id": 0,
      "class_name": "cat",
      "yolo_class_id": 7,
      "confidence": 0.9681821465492249,
      "bbox_xyxy": [
        261.5579528808594,
        216.836669921875,
        397.7422180175781,
        400.4180908203125
      ],
      "bbox_yolo": [
        0.5150782465934753,
        0.4822302758693695,
        0.2127879112958908,
        0.28684598207473755
      ],
      "bbox_width_px": 136.18426513671875,
      "bbox_height_px": 183.5814208984375
    }
  ]
}