{
  "index": 5707,
  "dataframe_iter_index": 5707,
  "image_path": "./datasets/sVOC_FLUXFP8/images/5707.png",
  "image_width": 640,
  "image_height": 640,
  "ground_truth_class": "cat",
  "grounding_prompt": "cat",
  "timestamp": "2026-05-22T12:00:10.518545",
  "num_detections": 1,
  "detections": [
    {
      "detection_id": 0,
      "class_name": "cat",
      "yolo_class_id": 7,
      "confidence": 0.9639497399330139,
      "bbox_xyxy": [
        0.4136199951171875,
        204.16122436523438,
        423.00164794921875,
        521.6387939453125
      ],
      "bbox_yolo": [
        0.33079320192337036,
        0.5670312643051147,
        0.6602937579154968,
        0.49605870246887207
      ],
      "bbox_width_px": 422.5880126953125,
      "bbox_height_px": 317.4775695800781
    }
  ]
}