{
  "index": 5734,
  "dataframe_iter_index": 5734,
  "image_path": "./datasets/sVOC_FLUXFP8/images/5734.png",
  "image_width": 640,
  "image_height": 640,
  "ground_truth_class": "cat",
  "grounding_prompt": "cat",
  "timestamp": "2026-05-22T12:00:47.812208",
  "num_detections": 3,
  "detections": [
    {
      "detection_id": 0,
      "class_name": "cat",
      "yolo_class_id": 7,
      "confidence": 0.8768357038497925,
      "bbox_xyxy": [
        23.28815460205078,
        295.7862854003906,
        237.565185546875,
        520.2550048828125
      ],
      "bbox_yolo": [
        0.20379166305065155,
        0.6375322341918945,
        0.3348078727722168,
        0.35073238611221313
      ],
      "bbox_width_px": 214.27703857421875,
      "bbox_height_px": 224.46871948242188
    },
    {
      "detection_id": 1,
      "class_name": "cat",
      "yolo_class_id": 7,
      "confidence": 0.8466514945030212,
      "bbox_xyxy": [
        375.2374267578125,
        278.0171203613281,
        601.9368896484375,
        512.8233032226562
      ],
      "bbox_yolo": [
        0.7634174227714539,
        0.6178441047668457,
        0.35421791672706604,
        0.36688464879989624
      ],
      "bbox_width_px": 226.699462890625,
      "bbox_height_px": 234.80618286132812
    },
    {
      "detection_id": 2,
      "class_name": "cat",
      "yolo_class_id": 7,
      "confidence": 0.8356304168701172,
      "bbox_xyxy": [
        250.9386749267578,
        275.3341979980469,
        398.15875244140625,
        512.8761596679688
      ],
      "bbox_yolo": [
        0.5071073770523071,
        0.6157892942428589,
        0.23003137111663818,
        0.37115931510925293
      ],
      "bbox_width_px": 147.22007751464844,
      "bbox_height_px": 237.54196166992188
    }
  ]
}