{
  "index": 5767,
  "dataframe_iter_index": 5767,
  "image_path": "./datasets/sVOC_FLUXFP8/images/5767.png",
  "image_width": 640,
  "image_height": 640,
  "ground_truth_class": "cat",
  "grounding_prompt": "cat",
  "timestamp": "2026-05-22T12:01:33.010835",
  "num_detections": 1,
  "detections": [
    {
      "detection_id": 0,
      "class_name": "cat",
      "yolo_class_id": 7,
      "confidence": 0.9675965309143066,
      "bbox_xyxy": [
        85.63539123535156,
        157.76226806640625,
        360.43011474609375,
        530.173583984375
      ],
      "bbox_yolo": [
        0.3484886586666107,
        0.5374498963356018,
        0.4293667674064636,
        0.5818926692008972
      ],
      "bbox_width_px": 274.79473876953125,
      "bbox_height_px": 372.41131591796875
    }
  ]
}