{
  "index": 5819,
  "dataframe_iter_index": 5819,
  "image_path": "./datasets/sVOC_FLUXFP8/images/5819.png",
  "image_width": 640,
  "image_height": 640,
  "ground_truth_class": "cat",
  "grounding_prompt": "cat",
  "timestamp": "2026-05-22T12:02:44.904555",
  "num_detections": 1,
  "detections": [
    {
      "detection_id": 0,
      "class_name": "cat",
      "yolo_class_id": 7,
      "confidence": 0.9528577327728271,
      "bbox_xyxy": [
        79.38259887695312,
        69.3035888671875,
        472.1402893066406,
        636.9080810546875
      ],
      "bbox_yolo": [
        0.4308772683143616,
        0.5517278909683228,
        0.6136838793754578,
        0.8868820071220398
      ],
      "bbox_width_px": 392.7576904296875,
      "bbox_height_px": 567.6044921875
    }
  ]
}