{
  "index": 5836,
  "dataframe_iter_index": 5836,
  "image_path": "./datasets/sVOC_FLUXFP8/images/5836.png",
  "image_width": 640,
  "image_height": 640,
  "ground_truth_class": "cat",
  "grounding_prompt": "cat",
  "timestamp": "2026-05-22T12:03:08.352661",
  "num_detections": 1,
  "detections": [
    {
      "detection_id": 0,
      "class_name": "cat",
      "yolo_class_id": 7,
      "confidence": 0.9558435082435608,
      "bbox_xyxy": [
        164.8163299560547,
        239.17144775390625,
        495.133056640625,
        523.43359375
      ],
      "bbox_yolo": [
        0.5155854821205139,
        0.5957852005958557,
        0.5161198377609253,
        0.444159597158432
      ],
      "bbox_width_px": 330.31671142578125,
      "bbox_height_px": 284.26214599609375
    }
  ]
}