{
  "index": 5864,
  "dataframe_iter_index": 5864,
  "image_path": "./datasets/sVOC_FLUXFP8/images/5864.png",
  "image_width": 640,
  "image_height": 640,
  "ground_truth_class": "cat",
  "grounding_prompt": "cat",
  "timestamp": "2026-05-22T12:03:46.864264",
  "num_detections": 1,
  "detections": [
    {
      "detection_id": 0,
      "class_name": "cat",
      "yolo_class_id": 7,
      "confidence": 0.9664525389671326,
      "bbox_xyxy": [
        254.64151000976562,
        271.12823486328125,
        405.4159240722656,
        514.0946044921875
      ],
      "bbox_yolo": [
        0.5156698822975159,
        0.6134553551673889,
        0.235585018992424,
        0.37963494658470154
      ],
      "bbox_width_px": 150.7744140625,
      "bbox_height_px": 242.96636962890625
    }
  ]
}