{
  "index": 5899,
  "dataframe_iter_index": 5899,
  "image_path": "./datasets/sVOC_FLUXFP8/images/5899.png",
  "image_width": 640,
  "image_height": 640,
  "ground_truth_class": "cat",
  "grounding_prompt": "cat",
  "timestamp": "2026-05-22T12:04:35.220059",
  "num_detections": 1,
  "detections": [
    {
      "detection_id": 0,
      "class_name": "cat",
      "yolo_class_id": 7,
      "confidence": 0.9595266580581665,
      "bbox_xyxy": [
        128.5879364013672,
        299.00762939453125,
        321.89202880859375,
        567.352783203125
      ],
      "bbox_yolo": [
        0.351937472820282,
        0.67684406042099,
        0.30203765630722046,
        0.4192892909049988
      ],
      "bbox_width_px": 193.30409240722656,
      "bbox_height_px": 268.34515380859375
    }
  ]
}