{
  "index": 5901,
  "dataframe_iter_index": 5901,
  "image_path": "./datasets/sVOC_FLUXFP8/images/5901.png",
  "image_width": 640,
  "image_height": 640,
  "ground_truth_class": "cat",
  "grounding_prompt": "cat",
  "timestamp": "2026-05-22T12:04:38.024571",
  "num_detections": 2,
  "detections": [
    {
      "detection_id": 0,
      "class_name": "cat",
      "yolo_class_id": 7,
      "confidence": 0.9038012027740479,
      "bbox_xyxy": [
        114.75877380371094,
        196.1600341796875,
        284.69024658203125,
        636.61279296875
      ],
      "bbox_yolo": [
        0.3120695650577545,
        0.6506037712097168,
        0.265517920255661,
        0.6882074475288391
      ],
      "bbox_width_px": 169.9314727783203,
      "bbox_height_px": 440.4527587890625
    },
    {
      "detection_id": 1,
      "class_name": "cat",
      "yolo_class_id": 7,
      "confidence": 0.8410232663154602,
      "bbox_xyxy": [
        271.88897705078125,
        207.28050231933594,
        437.79339599609375,
        510.536865234375
      ],
      "bbox_yolo": [
        0.5544393658638,
        0.5607948303222656,
        0.25922566652297974,
        0.47383803129196167
      ],
      "bbox_width_px": 165.9044189453125,
      "bbox_height_px": 303.25634765625
    }
  ]
}