{
  "index": 5921,
  "dataframe_iter_index": 5921,
  "image_path": "./datasets/sVOC_FLUXFP8/images/5921.png",
  "image_width": 640,
  "image_height": 640,
  "ground_truth_class": "cat",
  "grounding_prompt": "cat",
  "timestamp": "2026-05-22T12:05:05.421209",
  "num_detections": 2,
  "detections": [
    {
      "detection_id": 0,
      "class_name": "cat",
      "yolo_class_id": 7,
      "confidence": 0.9080455899238586,
      "bbox_xyxy": [
        62.248046875,
        160.2008056640625,
        308.8869323730469,
        574.2782592773438
      ],
      "bbox_yolo": [
        0.2899492084980011,
        0.5738117694854736,
        0.3853732645511627,
        0.646996021270752
      ],
      "bbox_width_px": 246.63888549804688,
      "bbox_height_px": 414.07745361328125
    },
    {
      "detection_id": 1,
      "class_name": "cat",
      "yolo_class_id": 7,
      "confidence": 0.898735523223877,
      "bbox_xyxy": [
        277.6610412597656,
        169.79200744628906,
        517.7466430664062,
        561.3922119140625
      ],
      "bbox_yolo": [
        0.6214122772216797,
        0.5712376832962036,
        0.375133752822876,
        0.6118753552436829
      ],
      "bbox_width_px": 240.08560180664062,
      "bbox_height_px": 391.6002197265625
    }
  ]
}