{
  "index": 5925,
  "dataframe_iter_index": 5925,
  "image_path": "./datasets/sVOC_FLUXFP8/images/5925.png",
  "image_width": 640,
  "image_height": 640,
  "ground_truth_class": "cat",
  "grounding_prompt": "cat",
  "timestamp": "2026-05-22T12:05:10.950359",
  "num_detections": 2,
  "detections": [
    {
      "detection_id": 0,
      "class_name": "cat",
      "yolo_class_id": 7,
      "confidence": 0.8530548810958862,
      "bbox_xyxy": [
        62.00757598876953,
        186.961181640625,
        316.4664306640625,
        576.021484375
      ],
      "bbox_yolo": [
        0.295682817697525,
        0.5960801839828491,
        0.3975919783115387,
        0.607906699180603
      ],
      "bbox_width_px": 254.4588623046875,
      "bbox_height_px": 389.060302734375
    },
    {
      "detection_id": 1,
      "class_name": "cat",
      "yolo_class_id": 7,
      "confidence": 0.8954166769981384,
      "bbox_xyxy": [
        268.87481689453125,
        178.6729736328125,
        508.49090576171875,
        562.90234375
      ],
      "bbox_yolo": [
        0.6073169708251953,
        0.5793557167053223,
        0.37440013885498047,
        0.6003583669662476
      ],
      "bbox_width_px": 239.6160888671875,
      "bbox_height_px": 384.2293701171875
    }
  ]
}