{
  "index": 593,
  "dataframe_iter_index": 593,
  "image_path": "./datasets/sVOC_FLUXFP8/images/593.png",
  "image_width": 640,
  "image_height": 640,
  "ground_truth_class": "aeroplane",
  "grounding_prompt": "aeroplane",
  "timestamp": "2026-05-22T10:17:19.806387",
  "num_detections": 2,
  "detections": [
    {
      "detection_id": 0,
      "class_name": "aeroplane",
      "yolo_class_id": 0,
      "confidence": 0.40292149782180786,
      "bbox_xyxy": [
        317.51751708984375,
        276.7735900878906,
        618.2130126953125,
        435.3052673339844
      ],
      "bbox_yolo": [
        0.7310394644737244,
        0.5563116073608398,
        0.4698367118835449,
        0.24770574271678925
      ],
      "bbox_width_px": 300.69549560546875,
      "bbox_height_px": 158.53167724609375
    },
    {
      "detection_id": 1,
      "class_name": "aeroplane",
      "yolo_class_id": 0,
      "confidence": 0.38537734746932983,
      "bbox_xyxy": [
        1.0089569091796875,
        246.30862426757812,
        494.22515869140625,
        455.4419250488281
      ],
      "bbox_yolo": [
        0.3869016766548157,
        0.5482426285743713,
        0.7706502676010132,
        0.3267707824707031
      ],
      "bbox_width_px": 493.2161865234375,
      "bbox_height_px": 209.13330078125
    }
  ]
}