{
  "index": 5970,
  "dataframe_iter_index": 5970,
  "image_path": "./datasets/sVOC_FLUXFP8/images/5970.png",
  "image_width": 640,
  "image_height": 640,
  "ground_truth_class": "cat",
  "grounding_prompt": "cat",
  "timestamp": "2026-05-22T12:06:13.574126",
  "num_detections": 3,
  "detections": [
    {
      "detection_id": 0,
      "class_name": "cat",
      "yolo_class_id": 7,
      "confidence": 0.8880982995033264,
      "bbox_xyxy": [
        54.103248596191406,
        231.85365295410156,
        280.84686279296875,
        561.0559692382812
      ],
      "bbox_yolo": [
        0.2616797685623169,
        0.6194606423377991,
        0.35428690910339355,
        0.5143786668777466
      ],
      "bbox_width_px": 226.74362182617188,
      "bbox_height_px": 329.20233154296875
    },
    {
      "detection_id": 1,
      "class_name": "cat",
      "yolo_class_id": 7,
      "confidence": 0.8163245916366577,
      "bbox_xyxy": [
        406.8619079589844,
        342.86376953125,
        550.8760375976562,
        500.117919921875
      ],
      "bbox_yolo": [
        0.7482327222824097,
        0.6585794687271118,
        0.2250220775604248,
        0.2457096129655838
      ],
      "bbox_width_px": 144.01412963867188,
      "bbox_height_px": 157.254150390625
    },
    {
      "detection_id": 2,
      "class_name": "cat",
      "yolo_class_id": 7,
      "confidence": 0.8073043823242188,
      "bbox_xyxy": [
        290.6463623046875,
        265.6910400390625,
        413.03076171875,
        479.44085693359375
      ],
      "bbox_yolo": [
        0.5497477650642395,
        0.5821343064308167,
        0.19122561812400818,
        0.3339840769767761
      ],
      "bbox_width_px": 122.3843994140625,
      "bbox_height_px": 213.74981689453125
    }
  ]
}