{
  "index": 5997,
  "dataframe_iter_index": 5997,
  "image_path": "./datasets/sVOC_FLUXFP8/images/5997.png",
  "image_width": 640,
  "image_height": 640,
  "ground_truth_class": "cat",
  "grounding_prompt": "cat",
  "timestamp": "2026-05-22T12:06:51.073549",
  "num_detections": 2,
  "detections": [
    {
      "detection_id": 0,
      "class_name": "cat",
      "yolo_class_id": 7,
      "confidence": 0.8838474750518799,
      "bbox_xyxy": [
        164.86679077148438,
        247.69287109375,
        290.17425537109375,
        383.256103515625
      ],
      "bbox_yolo": [
        0.35550081729888916,
        0.4929288923740387,
        0.19579291343688965,
        0.21181754767894745
      ],
      "bbox_width_px": 125.30746459960938,
      "bbox_height_px": 135.563232421875
    },
    {
      "detection_id": 1,
      "class_name": "cat",
      "yolo_class_id": 7,
      "confidence": 0.8829624652862549,
      "bbox_xyxy": [
        319.4097595214844,
        271.80224609375,
        462.6587829589844,
        426.6566162109375
      ],
      "bbox_yolo": [
        0.6109910607337952,
        0.5456709861755371,
        0.223826602101326,
        0.24195995926856995
      ],
      "bbox_width_px": 143.2490234375,
      "bbox_height_px": 154.8543701171875
    }
  ]
}