{
  "index": 6008,
  "dataframe_iter_index": 6008,
  "image_path": "./datasets/sVOC_FLUXFP8/images/6008.png",
  "image_width": 640,
  "image_height": 640,
  "ground_truth_class": "cat",
  "grounding_prompt": "cat",
  "timestamp": "2026-05-22T12:07:06.174982",
  "num_detections": 1,
  "detections": [
    {
      "detection_id": 0,
      "class_name": "cat",
      "yolo_class_id": 7,
      "confidence": 0.9527126550674438,
      "bbox_xyxy": [
        262.15997314453125,
        216.20848083496094,
        454.02838134765625,
        438.64202880859375
      ],
      "bbox_yolo": [
        0.5595221519470215,
        0.511601984500885,
        0.29979437589645386,
        0.34755241870880127
      ],
      "bbox_width_px": 191.868408203125,
      "bbox_height_px": 222.4335479736328
    }
  ]
}