{
  "index": 6018,
  "dataframe_iter_index": 6018,
  "image_path": "./datasets/sVOC_FLUXFP8/images/6018.png",
  "image_width": 640,
  "image_height": 640,
  "ground_truth_class": "cat",
  "grounding_prompt": "cat",
  "timestamp": "2026-05-22T12:07:20.357194",
  "num_detections": 3,
  "detections": [
    {
      "detection_id": 0,
      "class_name": "cat",
      "yolo_class_id": 7,
      "confidence": 0.8384901285171509,
      "bbox_xyxy": [
        362.4962463378906,
        252.67169189453125,
        470.1735534667969,
        485.69134521484375
      ],
      "bbox_yolo": [
        0.65052330493927,
        0.5768461227416992,
        0.16824579238891602,
        0.36409321427345276
      ],
      "bbox_width_px": 107.67730712890625,
      "bbox_height_px": 233.0196533203125
    },
    {
      "detection_id": 1,
      "class_name": "cat",
      "yolo_class_id": 7,
      "confidence": 0.834977924823761,
      "bbox_xyxy": [
        258.4631042480469,
        257.4674072265625,
        366.9915466308594,
        484.8330078125
      ],
      "bbox_yolo": [
        0.48863643407821655,
        0.5799221992492676,
        0.16957569122314453,
        0.3552587628364563
      ],
      "bbox_width_px": 108.5284423828125,
      "bbox_height_px": 227.3656005859375
    },
    {
      "detection_id": 2,
      "class_name": "cat",
      "yolo_class_id": 7,
      "confidence": 0.8691419959068298,
      "bbox_xyxy": [
        65.3223648071289,
        228.99766540527344,
        268.3975524902344,
        495.0975341796875
      ],
      "bbox_yolo": [
        0.2607186734676361,
        0.5656993985176086,
        0.3173049986362457,
        0.41578102111816406
      ],
      "bbox_width_px": 203.0751953125,
      "bbox_height_px": 266.099853515625
    }
  ]
}