{
  "index": 6022,
  "dataframe_iter_index": 6022,
  "image_path": "./datasets/sVOC_FLUXFP8/images/6022.png",
  "image_width": 640,
  "image_height": 640,
  "ground_truth_class": "cat",
  "grounding_prompt": "cat",
  "timestamp": "2026-05-22T12:07:26.308972",
  "num_detections": 3,
  "detections": [
    {
      "detection_id": 0,
      "class_name": "cat",
      "yolo_class_id": 7,
      "confidence": 0.8760717511177063,
      "bbox_xyxy": [
        379.12567138671875,
        315.2591857910156,
        575.1607055664062,
        609.23681640625
      ],
      "bbox_yolo": [
        0.745536208152771,
        0.7222625017166138,
        0.3063047528266907,
        0.45934003591537476
      ],
      "bbox_width_px": 196.0350341796875,
      "bbox_height_px": 293.9776306152344
    },
    {
      "detection_id": 1,
      "class_name": "cat",
      "yolo_class_id": 7,
      "confidence": 0.8779562711715698,
      "bbox_xyxy": [
        263.24493408203125,
        331.9442138671875,
        379.9619140625,
        580.9222412109375
      ],
      "bbox_yolo": [
        0.502505362033844,
        0.7131769061088562,
        0.18237027525901794,
        0.3890281617641449
      ],
      "bbox_width_px": 116.71697998046875,
      "bbox_height_px": 248.97802734375
    },
    {
      "detection_id": 2,
      "class_name": "cat",
      "yolo_class_id": 7,
      "confidence": 0.7813847661018372,
      "bbox_xyxy": [
        55.11468505859375,
        301.10821533203125,
        243.6436767578125,
        582.0951538085938
      ],
      "bbox_yolo": [
        0.2334049642086029,
        0.6900026202201843,
        0.2945765554904938,
        0.4390420913696289
      ],
      "bbox_width_px": 188.52899169921875,
      "bbox_height_px": 280.9869384765625
    }
  ]
}