{
  "index": 6075,
  "dataframe_iter_index": 6075,
  "image_path": "./datasets/sVOC_FLUXFP8/images/6075.png",
  "image_width": 640,
  "image_height": 640,
  "ground_truth_class": "cat",
  "grounding_prompt": "cat",
  "timestamp": "2026-05-22T12:08:40.074247",
  "num_detections": 1,
  "detections": [
    {
      "detection_id": 0,
      "class_name": "cat",
      "yolo_class_id": 7,
      "confidence": 0.9680077433586121,
      "bbox_xyxy": [
        262.55841064453125,
        211.4114532470703,
        451.2037353515625,
        523.8778686523438
      ],
      "bbox_yolo": [
        0.5576266646385193,
        0.5744447708129883,
        0.29475831985473633,
        0.48822879791259766
      ],
      "bbox_width_px": 188.64532470703125,
      "bbox_height_px": 312.4664306640625
    }
  ]
}