{
  "index": 6092,
  "dataframe_iter_index": 6092,
  "image_path": "./datasets/sVOC_FLUXFP8/images/6092.png",
  "image_width": 640,
  "image_height": 640,
  "ground_truth_class": "cat",
  "grounding_prompt": "cat",
  "timestamp": "2026-05-22T12:09:03.481130",
  "num_detections": 1,
  "detections": [
    {
      "detection_id": 0,
      "class_name": "cat",
      "yolo_class_id": 7,
      "confidence": 0.9643102288246155,
      "bbox_xyxy": [
        60.548553466796875,
        254.53919982910156,
        391.57818603515625,
        581.2232055664062
      ],
      "bbox_yolo": [
        0.3532240092754364,
        0.6529393792152405,
        0.5172337889671326,
        0.5104438066482544
      ],
      "bbox_width_px": 331.0296325683594,
      "bbox_height_px": 326.68402099609375
    }
  ]
}