{
  "index": 6112,
  "dataframe_iter_index": 6112,
  "image_path": "./datasets/sVOC_FLUXFP8/images/6112.png",
  "image_width": 640,
  "image_height": 640,
  "ground_truth_class": "cat",
  "grounding_prompt": "cat",
  "timestamp": "2026-05-22T12:09:31.496280",
  "num_detections": 1,
  "detections": [
    {
      "detection_id": 0,
      "class_name": "cat",
      "yolo_class_id": 7,
      "confidence": 0.9679248929023743,
      "bbox_xyxy": [
        98.70692443847656,
        265.56109619140625,
        550.399169921875,
        559.5962524414062
      ],
      "bbox_yolo": [
        0.5071141123771667,
        0.6446541547775269,
        0.7057691812515259,
        0.45942991971969604
      ],
      "bbox_width_px": 451.6922607421875,
      "bbox_height_px": 294.03515625
    }
  ]
}