{
  "index": 6122,
  "dataframe_iter_index": 6122,
  "image_path": "./datasets/sVOC_FLUXFP8/images/6122.png",
  "image_width": 640,
  "image_height": 640,
  "ground_truth_class": "cat",
  "grounding_prompt": "cat",
  "timestamp": "2026-05-22T12:09:45.542350",
  "num_detections": 3,
  "detections": [
    {
      "detection_id": 0,
      "class_name": "cat",
      "yolo_class_id": 7,
      "confidence": 0.8715248703956604,
      "bbox_xyxy": [
        352.94036865234375,
        232.18905639648438,
        611.080078125,
        537.777099609375
      ],
      "bbox_yolo": [
        0.7531409859657288,
        0.6015360951423645,
        0.4033432900905609,
        0.47748130559921265
      ],
      "bbox_width_px": 258.13970947265625,
      "bbox_height_px": 305.5880432128906
    },
    {
      "detection_id": 1,
      "class_name": "cat",
      "yolo_class_id": 7,
      "confidence": 0.8401166796684265,
      "bbox_xyxy": [
        185.28707885742188,
        223.41763305664062,
        364.7239074707031,
        526.06396484375
      ],
      "bbox_yolo": [
        0.42969608306884766,
        0.5855324864387512,
        0.2803700566291809,
        0.4728848934173584
      ],
      "bbox_width_px": 179.43682861328125,
      "bbox_height_px": 302.6463317871094
    },
    {
      "detection_id": 2,
      "class_name": "cat",
      "yolo_class_id": 7,
      "confidence": 0.8080719709396362,
      "bbox_xyxy": [
        44.773704528808594,
        235.32748413085938,
        206.77761840820312,
        532.5927734375
      ],
      "bbox_yolo": [
        0.1965244710445404,
        0.5999377369880676,
        0.25313109159469604,
        0.464477002620697
      ],
      "bbox_width_px": 162.00390625,
      "bbox_height_px": 297.2652893066406
    }
  ]
}