{
  "index": 6125,
  "dataframe_iter_index": 6125,
  "image_path": "./datasets/sVOC_FLUXFP8/images/6125.png",
  "image_width": 640,
  "image_height": 640,
  "ground_truth_class": "cat",
  "grounding_prompt": "cat",
  "timestamp": "2026-05-22T12:09:49.866271",
  "num_detections": 2,
  "detections": [
    {
      "detection_id": 0,
      "class_name": "cat",
      "yolo_class_id": 7,
      "confidence": 0.8050785660743713,
      "bbox_xyxy": [
        44.59144592285156,
        107.10166931152344,
        314.45867919921875,
        588.1029052734375
      ],
      "bbox_yolo": [
        0.280507892370224,
        0.5431286096572876,
        0.42166757583618164,
        0.7515643835067749
      ],
      "bbox_width_px": 269.86724853515625,
      "bbox_height_px": 481.001220703125
    },
    {
      "detection_id": 1,
      "class_name": "cat",
      "yolo_class_id": 7,
      "confidence": 0.5886615514755249,
      "bbox_xyxy": [
        292.3756103515625,
        99.02902221679688,
        603.2078247070312,
        592.7763671875
      ],
      "bbox_yolo": [
        0.6996745467185974,
        0.5404729843139648,
        0.4856753349304199,
        0.7714802026748657
      ],
      "bbox_width_px": 310.83221435546875,
      "bbox_height_px": 493.7473449707031
    }
  ]
}