{
  "index": 6137,
  "dataframe_iter_index": 6137,
  "image_path": "./datasets/sVOC_FLUXFP8/images/6137.png",
  "image_width": 640,
  "image_height": 640,
  "ground_truth_class": "cat",
  "grounding_prompt": "cat",
  "timestamp": "2026-05-22T12:10:06.428395",
  "num_detections": 2,
  "detections": [
    {
      "detection_id": 0,
      "class_name": "cat",
      "yolo_class_id": 7,
      "confidence": 0.889781653881073,
      "bbox_xyxy": [
        29.724533081054688,
        213.72860717773438,
        304.87847900390625,
        528.10986328125
      ],
      "bbox_yolo": [
        0.26140862703323364,
        0.5795613527297974,
        0.4299280047416687,
        0.49122071266174316
      ],
      "bbox_width_px": 275.1539306640625,
      "bbox_height_px": 314.3812561035156
    },
    {
      "detection_id": 1,
      "class_name": "cat",
      "yolo_class_id": 7,
      "confidence": 0.8937340974807739,
      "bbox_xyxy": [
        309.46875,
        233.24191284179688,
        598.7697143554688,
        522.45068359375
      ],
      "bbox_yolo": [
        0.709561288356781,
        0.590384840965271,
        0.45203274488449097,
        0.45188871026039124
      ],
      "bbox_width_px": 289.30096435546875,
      "bbox_height_px": 289.2087707519531
    }
  ]
}