{
  "index": 6140,
  "dataframe_iter_index": 6140,
  "image_path": "./datasets/sVOC_FLUXFP8/images/6140.png",
  "image_width": 640,
  "image_height": 640,
  "ground_truth_class": "cat",
  "grounding_prompt": "cat",
  "timestamp": "2026-05-22T12:10:10.730217",
  "num_detections": 1,
  "detections": [
    {
      "detection_id": 0,
      "class_name": "cat",
      "yolo_class_id": 7,
      "confidence": 0.9752942323684692,
      "bbox_xyxy": [
        61.93141174316406,
        356.4212951660156,
        344.1666259765625,
        493.6137390136719
      ],
      "bbox_yolo": [
        0.3172640800476074,
        0.6640898585319519,
        0.440992534160614,
        0.2143631875514984
      ],
      "bbox_width_px": 282.2352294921875,
      "bbox_height_px": 137.19244384765625
    }
  ]
}