{
  "index": 6212,
  "dataframe_iter_index": 6212,
  "image_path": "./datasets/sVOC_FLUXFP8/images/6212.png",
  "image_width": 640,
  "image_height": 640,
  "ground_truth_class": "cat",
  "grounding_prompt": "cat",
  "timestamp": "2026-05-22T12:11:50.856520",
  "num_detections": 1,
  "detections": [
    {
      "detection_id": 0,
      "class_name": "cat",
      "yolo_class_id": 7,
      "confidence": 0.9791080355644226,
      "bbox_xyxy": [
        107.87898254394531,
        255.52609252929688,
        357.5906982421875,
        504.8015441894531
      ],
      "bbox_yolo": [
        0.3636481761932373,
        0.5940059423446655,
        0.3901745676994324,
        0.3894928991794586
      ],
      "bbox_width_px": 249.7117156982422,
      "bbox_height_px": 249.27545166015625
    }
  ]
}