{
  "index": 6236,
  "dataframe_iter_index": 6236,
  "image_path": "./datasets/sVOC_FLUXFP8/images/6236.png",
  "image_width": 640,
  "image_height": 640,
  "ground_truth_class": "cat",
  "grounding_prompt": "cat",
  "timestamp": "2026-05-22T12:12:24.376145",
  "num_detections": 1,
  "detections": [
    {
      "detection_id": 0,
      "class_name": "cat",
      "yolo_class_id": 7,
      "confidence": 0.9567375779151917,
      "bbox_xyxy": [
        135.4197540283203,
        293.9192810058594,
        443.0477294921875,
        457.2654724121094
      ],
      "bbox_yolo": [
        0.45192772150039673,
        0.586863100528717,
        0.48066872358322144,
        0.2552284300327301
      ],
      "bbox_width_px": 307.62799072265625,
      "bbox_height_px": 163.34619140625
    }
  ]
}