{
  "index": 6248,
  "dataframe_iter_index": 6248,
  "image_path": "./datasets/sVOC_FLUXFP8/images/6248.png",
  "image_width": 640,
  "image_height": 640,
  "ground_truth_class": "cat",
  "grounding_prompt": "cat",
  "timestamp": "2026-05-22T12:12:41.190590",
  "num_detections": 1,
  "detections": [
    {
      "detection_id": 0,
      "class_name": "cat",
      "yolo_class_id": 7,
      "confidence": 0.9559271931648254,
      "bbox_xyxy": [
        69.6143798828125,
        248.84124755859375,
        321.2938232421875,
        588.7954711914062
      ],
      "bbox_yolo": [
        0.30539703369140625,
        0.6544036865234375,
        0.39324912428855896,
        0.5311784744262695
      ],
      "bbox_width_px": 251.679443359375,
      "bbox_height_px": 339.9542236328125
    }
  ]
}