{
  "index": 6265,
  "dataframe_iter_index": 6265,
  "image_path": "./datasets/sVOC_FLUXFP8/images/6265.png",
  "image_width": 640,
  "image_height": 640,
  "ground_truth_class": "cat",
  "grounding_prompt": "cat",
  "timestamp": "2026-05-22T12:13:04.953810",
  "num_detections": 2,
  "detections": [
    {
      "detection_id": 0,
      "class_name": "cat",
      "yolo_class_id": 7,
      "confidence": 0.847191333770752,
      "bbox_xyxy": [
        59.86296081542969,
        127.22447204589844,
        321.93328857421875,
        505.88958740234375
      ],
      "bbox_yolo": [
        0.2982783317565918,
        0.4946203827857971,
        0.40948486328125,
        0.59166419506073
      ],
      "bbox_width_px": 262.0703125,
      "bbox_height_px": 378.66510009765625
    },
    {
      "detection_id": 1,
      "class_name": "cat",
      "yolo_class_id": 7,
      "confidence": 0.6799173355102539,
      "bbox_xyxy": [
        342.9009704589844,
        73.7999038696289,
        594.8592529296875,
        311.7195129394531
      ],
      "bbox_yolo": [
        0.7326251864433289,
        0.30118703842163086,
        0.3936848044395447,
        0.3717494010925293
      ],
      "bbox_width_px": 251.95828247070312,
      "bbox_height_px": 237.91961669921875
    }
  ]
}