{
  "index": 6279,
  "dataframe_iter_index": 6279,
  "image_path": "./datasets/sVOC_FLUXFP8/images/6279.png",
  "image_width": 640,
  "image_height": 640,
  "ground_truth_class": "cat",
  "grounding_prompt": "cat",
  "timestamp": "2026-05-22T12:13:24.646097",
  "num_detections": 3,
  "detections": [
    {
      "detection_id": 0,
      "class_name": "cat",
      "yolo_class_id": 7,
      "confidence": 0.9339630603790283,
      "bbox_xyxy": [
        58.90058898925781,
        188.77529907226562,
        320.9715576171875,
        533.1397705078125
      ],
      "bbox_yolo": [
        0.29677510261535645,
        0.5639961361885071,
        0.40948590636253357,
        0.538069486618042
      ],
      "bbox_width_px": 262.07098388671875,
      "bbox_height_px": 344.3644714355469
    },
    {
      "detection_id": 1,
      "class_name": "cat",
      "yolo_class_id": 7,
      "confidence": 0.5046708583831787,
      "bbox_xyxy": [
        373.60009765625,
        284.99627685546875,
        432.55828857421875,
        361.80462646484375
      ],
      "bbox_yolo": [
        0.6298112273216248,
        0.5053132176399231,
        0.09212217479944229,
        0.1200130432844162
      ],
      "bbox_width_px": 58.95819091796875,
      "bbox_height_px": 76.808349609375
    },
    {
      "detection_id": 2,
      "class_name": "cat",
      "yolo_class_id": 7,
      "confidence": 0.47290316224098206,
      "bbox_xyxy": [
        320.0085754394531,
        279.57958984375,
        373.2817687988281,
        356.19500732421875
      ],
      "bbox_yolo": [
        0.5416330695152283,
        0.49669891595840454,
        0.0832393616437912,
        0.11971159279346466
      ],
      "bbox_width_px": 53.273193359375,
      "bbox_height_px": 76.61541748046875
    }
  ]
}