{
  "index": 628,
  "dataframe_iter_index": 628,
  "image_path": "./datasets/sVOC_FLUXFP8/images/628.png",
  "image_width": 640,
  "image_height": 640,
  "ground_truth_class": "aeroplane",
  "grounding_prompt": "aeroplane",
  "timestamp": "2026-05-22T10:18:00.012934",
  "num_detections": 1,
  "detections": [
    {
      "detection_id": 0,
      "class_name": "aeroplane",
      "yolo_class_id": 0,
      "confidence": 0.954002857208252,
      "bbox_xyxy": [
        244.66204833984375,
        217.4466094970703,
        386.45416259765625,
        277.8120422363281
      ],
      "bbox_yolo": [
        0.49305954575538635,
        0.38692083954811096,
        0.22155018150806427,
        0.09432099014520645
      ],
      "bbox_width_px": 141.7921142578125,
      "bbox_height_px": 60.36543273925781
    }
  ]
}