{
  "index": 6300,
  "dataframe_iter_index": 6300,
  "image_path": "./datasets/sVOC_FLUXFP8/images/6300.png",
  "image_width": 640,
  "image_height": 640,
  "ground_truth_class": "cat",
  "grounding_prompt": "cat",
  "timestamp": "2026-05-22T12:13:54.182902",
  "num_detections": 1,
  "detections": [
    {
      "detection_id": 0,
      "class_name": "cat",
      "yolo_class_id": 7,
      "confidence": 0.9619423747062683,
      "bbox_xyxy": [
        72.52310180664062,
        273.08319091796875,
        593.5174560546875,
        525.2214965820312
      ],
      "bbox_yolo": [
        0.5203441381454468,
        0.623675525188446,
        0.8140537142753601,
        0.39396610856056213
      ],
      "bbox_width_px": 520.994384765625,
      "bbox_height_px": 252.1383056640625
    }
  ]
}