{
  "index": 6304,
  "dataframe_iter_index": 6304,
  "image_path": "./datasets/sVOC_FLUXFP8/images/6304.png",
  "image_width": 640,
  "image_height": 640,
  "ground_truth_class": "cat",
  "grounding_prompt": "cat",
  "timestamp": "2026-05-22T12:13:59.678372",
  "num_detections": 1,
  "detections": [
    {
      "detection_id": 0,
      "class_name": "cat",
      "yolo_class_id": 7,
      "confidence": 0.9726577401161194,
      "bbox_xyxy": [
        215.2637939453125,
        256.4326171875,
        386.28045654296875,
        496.38629150390625
      ],
      "bbox_yolo": [
        0.4699564576148987,
        0.5881397724151611,
        0.26721352338790894,
        0.3749276101589203
      ],
      "bbox_width_px": 171.01666259765625,
      "bbox_height_px": 239.95367431640625
    }
  ]
}