{
  "index": 64,
  "dataframe_iter_index": 64,
  "image_path": "./datasets/sVOC_FLUXFP8/images/64.png",
  "image_width": 640,
  "image_height": 640,
  "ground_truth_class": "aeroplane",
  "grounding_prompt": "aeroplane",
  "timestamp": "2026-05-22T10:07:14.585865",
  "num_detections": 1,
  "detections": [
    {
      "detection_id": 0,
      "class_name": "aeroplane",
      "yolo_class_id": 0,
      "confidence": 0.9532659649848938,
      "bbox_xyxy": [
        247.8980712890625,
        218.2757110595703,
        387.1514892578125,
        272.7366943359375
      ],
      "bbox_yolo": [
        0.4961324632167816,
        0.38360342383384705,
        0.21758346259593964,
        0.08509528636932373
      ],
      "bbox_width_px": 139.25341796875,
      "bbox_height_px": 54.46098327636719
    }
  ]
}