{
  "index": 6426,
  "dataframe_iter_index": 6426,
  "image_path": "./datasets/sVOC_FLUXFP8/images/6426.png",
  "image_width": 640,
  "image_height": 640,
  "ground_truth_class": "chair",
  "grounding_prompt": "chair",
  "timestamp": "2026-05-22T12:16:51.151910",
  "num_detections": 3,
  "detections": [
    {
      "detection_id": 0,
      "class_name": "chair",
      "yolo_class_id": 8,
      "confidence": 0.7383042573928833,
      "bbox_xyxy": [
        251.93983459472656,
        344.9568786621094,
        375.6925048828125,
        595.1004638671875
      ],
      "bbox_yolo": [
        0.4903377592563629,
        0.7344198226928711,
        0.19336354732513428,
        0.39084935188293457
      ],
      "bbox_width_px": 123.75267028808594,
      "bbox_height_px": 250.14358520507812
    },
    {
      "detection_id": 1,
      "class_name": "chair",
      "yolo_class_id": 8,
      "confidence": 0.7197220921516418,
      "bbox_xyxy": [
        57.7967529296875,
        344.0516662597656,
        199.39645385742188,
        594.8306884765625
      ],
      "bbox_yolo": [
        0.20093218982219696,
        0.7335017919540405,
        0.2212495356798172,
        0.39184221625328064
      ],
      "bbox_width_px": 141.59970092773438,
      "bbox_height_px": 250.77902221679688
    },
    {
      "detection_id": 2,
      "class_name": "chair",
      "yolo_class_id": 8,
      "confidence": 0.7308870553970337,
      "bbox_xyxy": [
        440.2239074707031,
        347.65435791015625,
        584.0966796875,
        598.71337890625
      ],
      "bbox_yolo": [
        0.8002504110336304,
        0.7393497824668884,
        0.2248012125492096,
        0.392279714345932
      ],
      "bbox_width_px": 143.87277221679688,
      "bbox_height_px": 251.05902099609375
    }
  ]
}