{
  "index": 6440,
  "dataframe_iter_index": 6440,
  "image_path": "./datasets/sVOC_FLUXFP8/images/6440.png",
  "image_width": 640,
  "image_height": 640,
  "ground_truth_class": "chair",
  "grounding_prompt": "chair",
  "timestamp": "2026-05-22T12:17:10.772722",
  "num_detections": 1,
  "detections": [
    {
      "detection_id": 0,
      "class_name": "chair",
      "yolo_class_id": 8,
      "confidence": 0.9209492206573486,
      "bbox_xyxy": [
        250.58944702148438,
        291.3545837402344,
        368.4430236816406,
        516.374267578125
      ],
      "bbox_yolo": [
        0.4836191236972809,
        0.6310381889343262,
        0.1841462105512619,
        0.3515932559967041
      ],
      "bbox_width_px": 117.85357666015625,
      "bbox_height_px": 225.01968383789062
    }
  ]
}