{
  "index": 6476,
  "dataframe_iter_index": 6476,
  "image_path": "./datasets/sVOC_FLUXFP8/images/6476.png",
  "image_width": 640,
  "image_height": 640,
  "ground_truth_class": "chair",
  "grounding_prompt": "chair",
  "timestamp": "2026-05-22T12:18:01.093993",
  "num_detections": 1,
  "detections": [
    {
      "detection_id": 0,
      "class_name": "chair",
      "yolo_class_id": 8,
      "confidence": 0.9377095699310303,
      "bbox_xyxy": [
        81.992919921875,
        212.07225036621094,
        339.7787780761719,
        549.1707763671875
      ],
      "bbox_yolo": [
        0.3295091390609741,
        0.5947211384773254,
        0.4027903974056244,
        0.526716411113739
      ],
      "bbox_width_px": 257.7858581542969,
      "bbox_height_px": 337.0985107421875
    }
  ]
}