{
  "index": 6519,
  "dataframe_iter_index": 6519,
  "image_path": "./datasets/sVOC_FLUXFP8/images/6519.png",
  "image_width": 640,
  "image_height": 640,
  "ground_truth_class": "chair",
  "grounding_prompt": "chair",
  "timestamp": "2026-05-22T12:19:00.483042",
  "num_detections": 1,
  "detections": [
    {
      "detection_id": 0,
      "class_name": "chair",
      "yolo_class_id": 8,
      "confidence": 0.8849495649337769,
      "bbox_xyxy": [
        214.22592163085938,
        281.31890869140625,
        424.6920471191406,
        521.3506469726562
      ],
      "bbox_yolo": [
        0.499154657125473,
        0.6270855665206909,
        0.3288533091545105,
        0.3750495910644531
      ],
      "bbox_width_px": 210.46612548828125,
      "bbox_height_px": 240.03173828125
    }
  ]
}