{
  "index": 6527,
  "dataframe_iter_index": 6527,
  "image_path": "./datasets/sVOC_FLUXFP8/images/6527.png",
  "image_width": 640,
  "image_height": 640,
  "ground_truth_class": "chair",
  "grounding_prompt": "chair",
  "timestamp": "2026-05-22T12:19:11.446987",
  "num_detections": 1,
  "detections": [
    {
      "detection_id": 0,
      "class_name": "chair",
      "yolo_class_id": 8,
      "confidence": 0.9402804970741272,
      "bbox_xyxy": [
        280.859130859375,
        374.3822937011719,
        347.81756591796875,
        479.4720153808594
      ],
      "bbox_yolo": [
        0.49115365743637085,
        0.667073667049408,
        0.10462255775928497,
        0.16420269012451172
      ],
      "bbox_width_px": 66.95843505859375,
      "bbox_height_px": 105.0897216796875
    }
  ]
}