{
  "index": 6530,
  "dataframe_iter_index": 6530,
  "image_path": "./datasets/sVOC_FLUXFP8/images/6530.png",
  "image_width": 640,
  "image_height": 640,
  "ground_truth_class": "chair",
  "grounding_prompt": "chair",
  "timestamp": "2026-05-22T12:19:15.548196",
  "num_detections": 3,
  "detections": [
    {
      "detection_id": 0,
      "class_name": "chair",
      "yolo_class_id": 8,
      "confidence": 0.7681881189346313,
      "bbox_xyxy": [
        413.1929931640625,
        378.1013488769531,
        548.0786743164062,
        526.5099487304688
      ],
      "bbox_yolo": [
        0.7509934902191162,
        0.7067276239395142,
        0.21075887978076935,
        0.23188844323158264
      ],
      "bbox_width_px": 134.88568115234375,
      "bbox_height_px": 148.40859985351562
    },
    {
      "detection_id": 1,
      "class_name": "chair",
      "yolo_class_id": 8,
      "confidence": 0.736811637878418,
      "bbox_xyxy": [
        248.33616638183594,
        373.70062255859375,
        373.02880859375,
        524.307861328125
      ],
      "bbox_yolo": [
        0.4854413866996765,
        0.701569139957428,
        0.19483225047588348,
        0.23532381653785706
      ],
      "bbox_width_px": 124.69264221191406,
      "bbox_height_px": 150.60723876953125
    },
    {
      "detection_id": 2,
      "class_name": "chair",
      "yolo_class_id": 8,
      "confidence": 0.7481703758239746,
      "bbox_xyxy": [
        90.25485229492188,
        378.5629577636719,
        233.02328491210938,
        523.4417724609375
      ],
      "bbox_yolo": [
        0.2525610327720642,
        0.7046912312507629,
        0.22307567298412323,
        0.22637315094470978
      ],
      "bbox_width_px": 142.7684326171875,
      "bbox_height_px": 144.87881469726562
    }
  ]
}