{
  "index": 6540,
  "dataframe_iter_index": 6540,
  "image_path": "./datasets/sVOC_FLUXFP8/images/6540.png",
  "image_width": 640,
  "image_height": 640,
  "ground_truth_class": "chair",
  "grounding_prompt": "chair",
  "timestamp": "2026-05-22T12:19:29.587836",
  "num_detections": 1,
  "detections": [
    {
      "detection_id": 0,
      "class_name": "chair",
      "yolo_class_id": 8,
      "confidence": 0.9463008642196655,
      "bbox_xyxy": [
        117.20904541015625,
        276.75408935546875,
        336.49383544921875,
        520.3004150390625
      ],
      "bbox_yolo": [
        0.3544553816318512,
        0.6226988434791565,
        0.3426324725151062,
        0.3805411458015442
      ],
      "bbox_width_px": 219.2847900390625,
      "bbox_height_px": 243.54632568359375
    }
  ]
}