{
  "index": 6544,
  "dataframe_iter_index": 6544,
  "image_path": "./datasets/sVOC_FLUXFP8/images/6544.png",
  "image_width": 640,
  "image_height": 640,
  "ground_truth_class": "chair",
  "grounding_prompt": "chair",
  "timestamp": "2026-05-22T12:19:35.094383",
  "num_detections": 1,
  "detections": [
    {
      "detection_id": 0,
      "class_name": "chair",
      "yolo_class_id": 8,
      "confidence": 0.9457401037216187,
      "bbox_xyxy": [
        128.66775512695312,
        297.408203125,
        337.3857727050781,
        500.9210205078125
      ],
      "bbox_yolo": [
        0.36410433053970337,
        0.6236947178840637,
        0.32612189650535583,
        0.317988783121109
      ],
      "bbox_width_px": 208.718017578125,
      "bbox_height_px": 203.5128173828125
    }
  ]
}