{
  "index": 6545,
  "dataframe_iter_index": 6545,
  "image_path": "./datasets/sVOC_FLUXFP8/images/6545.png",
  "image_width": 640,
  "image_height": 640,
  "ground_truth_class": "chair",
  "grounding_prompt": "chair",
  "timestamp": "2026-05-22T12:19:36.444736",
  "num_detections": 2,
  "detections": [
    {
      "detection_id": 0,
      "class_name": "chair",
      "yolo_class_id": 8,
      "confidence": 0.7997803092002869,
      "bbox_xyxy": [
        131.1533966064453,
        349.162109375,
        284.14892578125,
        531.0458984375
      ],
      "bbox_yolo": [
        0.3244549334049225,
        0.6876624822616577,
        0.23905551433563232,
        0.2841934263706207
      ],
      "bbox_width_px": 152.9955291748047,
      "bbox_height_px": 181.8837890625
    },
    {
      "detection_id": 1,
      "class_name": "chair",
      "yolo_class_id": 8,
      "confidence": 0.7911506295204163,
      "bbox_xyxy": [
        375.39959716796875,
        350.2939147949219,
        534.647705078125,
        531.4707641601562
      ],
      "bbox_yolo": [
        0.7109744548797607,
        0.6888786554336548,
        0.24882516264915466,
        0.2830888330936432
      ],
      "bbox_width_px": 159.24810791015625,
      "bbox_height_px": 181.17684936523438
    }
  ]
}