{
  "index": 6575,
  "dataframe_iter_index": 6575,
  "image_path": "./datasets/sVOC_FLUXFP8/images/6575.png",
  "image_width": 640,
  "image_height": 640,
  "ground_truth_class": "chair",
  "grounding_prompt": "chair",
  "timestamp": "2026-05-22T12:20:18.664357",
  "num_detections": 1,
  "detections": [
    {
      "detection_id": 0,
      "class_name": "chair",
      "yolo_class_id": 8,
      "confidence": 0.9292165040969849,
      "bbox_xyxy": [
        216.91259765625,
        286.9326477050781,
        421.291259765625,
        453.5624694824219
      ],
      "bbox_yolo": [
        0.49859675765037537,
        0.5785118341445923,
        0.31934165954589844,
        0.26035910844802856
      ],
      "bbox_width_px": 204.378662109375,
      "bbox_height_px": 166.62982177734375
    }
  ]
}