{
  "index": 6580,
  "dataframe_iter_index": 6580,
  "image_path": "./datasets/sVOC_FLUXFP8/images/6580.png",
  "image_width": 640,
  "image_height": 640,
  "ground_truth_class": "chair",
  "grounding_prompt": "chair",
  "timestamp": "2026-05-22T12:20:25.808110",
  "num_detections": 1,
  "detections": [
    {
      "detection_id": 0,
      "class_name": "chair",
      "yolo_class_id": 8,
      "confidence": 0.8958276510238647,
      "bbox_xyxy": [
        281.4653625488281,
        317.22381591796875,
        369.3512268066406,
        423.09722900390625
      ],
      "bbox_yolo": [
        0.508450448513031,
        0.5783758163452148,
        0.13732166588306427,
        0.16542720794677734
      ],
      "bbox_width_px": 87.8858642578125,
      "bbox_height_px": 105.8734130859375
    }
  ]
}