{
  "index": 6588,
  "dataframe_iter_index": 6588,
  "image_path": "./datasets/sVOC_FLUXFP8/images/6588.png",
  "image_width": 640,
  "image_height": 640,
  "ground_truth_class": "chair",
  "grounding_prompt": "chair",
  "timestamp": "2026-05-22T12:20:36.937334",
  "num_detections": 1,
  "detections": [
    {
      "detection_id": 0,
      "class_name": "chair",
      "yolo_class_id": 8,
      "confidence": 0.9258067607879639,
      "bbox_xyxy": [
        199.33761596679688,
        258.3697509765625,
        369.0491638183594,
        446.503173828125
      ],
      "bbox_yolo": [
        0.44405215978622437,
        0.5506819486618042,
        0.2651742994785309,
        0.29395848512649536
      ],
      "bbox_width_px": 169.7115478515625,
      "bbox_height_px": 188.1334228515625
    }
  ]
}