{
  "index": 6618,
  "dataframe_iter_index": 6618,
  "image_path": "./datasets/sVOC_FLUXFP8/images/6618.png",
  "image_width": 640,
  "image_height": 640,
  "ground_truth_class": "chair",
  "grounding_prompt": "chair",
  "timestamp": "2026-05-22T12:21:18.870009",
  "num_detections": 4,
  "detections": [
    {
      "detection_id": 0,
      "class_name": "chair",
      "yolo_class_id": 8,
      "confidence": 0.692040205001831,
      "bbox_xyxy": [
        124.45111846923828,
        342.6084289550781,
        228.962646484375,
        444.2934875488281
      ],
      "bbox_yolo": [
        0.27610450983047485,
        0.6147671341896057,
        0.16329926252365112,
        0.15888290107250214
      ],
      "bbox_width_px": 104.51152801513672,
      "bbox_height_px": 101.68505859375
    },
    {
      "detection_id": 1,
      "class_name": "chair",
      "yolo_class_id": 8,
      "confidence": 0.6401078104972839,
      "bbox_xyxy": [
        277.9964904785156,
        347.3574523925781,
        375.1531677246094,
        444.9732360839844
      ],
      "bbox_yolo": [
        0.5102731585502625,
        0.6190083622932434,
        0.15180730819702148,
        0.1525246649980545
      ],
      "bbox_width_px": 97.15667724609375,
      "bbox_height_px": 97.61578369140625
    },
    {
      "detection_id": 2,
      "class_name": "chair",
      "yolo_class_id": 8,
      "confidence": 0.5317502021789551,
      "bbox_xyxy": [
        416.4157409667969,
        345.36895751953125,
        527.5953979492188,
        444.96234130859375
      ],
      "bbox_yolo": [
        0.7375086545944214,
        0.6174463033676147,
        0.17371821403503418,
        0.15561465919017792
      ],
      "bbox_width_px": 111.17965698242188,
      "bbox_height_px": 99.5933837890625
    },
    {
      "detection_id": 3,
      "class_name": "chair",
      "yolo_class_id": 8,
      "confidence": 0.3658582866191864,
      "bbox_xyxy": [
        278.19769287109375,
        444.9107360839844,
        374.93133544921875,
        552.31201171875
      ],
      "bbox_yolo": [
        0.5102570652961731,
        0.7790802717208862,
        0.1511463224887848,
        0.1678144931793213
      ],
      "bbox_width_px": 96.733642578125,
      "bbox_height_px": 107.40127563476562
    }
  ]
}