{
  "index": 6670,
  "dataframe_iter_index": 6670,
  "image_path": "./datasets/sVOC_FLUXFP8/images/6670.png",
  "image_width": 640,
  "image_height": 640,
  "ground_truth_class": "chair",
  "grounding_prompt": "chair",
  "timestamp": "2026-05-22T12:22:31.125874",
  "num_detections": 3,
  "detections": [
    {
      "detection_id": 0,
      "class_name": "chair",
      "yolo_class_id": 8,
      "confidence": 0.7089676856994629,
      "bbox_xyxy": [
        254.27423095703125,
        369.2331848144531,
        366.69415283203125,
        570.2730712890625
      ],
      "bbox_yolo": [
        0.48513156175613403,
        0.7339892387390137,
        0.17565612494945526,
        0.31412482261657715
      ],
      "bbox_width_px": 112.419921875,
      "bbox_height_px": 201.03988647460938
    },
    {
      "detection_id": 1,
      "class_name": "chair",
      "yolo_class_id": 8,
      "confidence": 0.7197507619857788,
      "bbox_xyxy": [
        400.42706298828125,
        358.02899169921875,
        546.431396484375,
        557.6815185546875
      ],
      "bbox_yolo": [
        0.7397331595420837,
        0.7153988480567932,
        0.22813177108764648,
        0.31195706129074097
      ],
      "bbox_width_px": 146.00433349609375,
      "bbox_height_px": 199.65252685546875
    },
    {
      "detection_id": 2,
      "class_name": "chair",
      "yolo_class_id": 8,
      "confidence": 0.7322998046875,
      "bbox_xyxy": [
        84.83391571044922,
        363.8145446777344,
        236.85586547851562,
        569.1168823242188
      ],
      "bbox_yolo": [
        0.25132015347480774,
        0.7288526296615601,
        0.2375342845916748,
        0.32078489661216736
      ],
      "bbox_width_px": 152.02194213867188,
      "bbox_height_px": 205.30233764648438
    }
  ]
}