{
  "index": 6676,
  "dataframe_iter_index": 6676,
  "image_path": "./datasets/sVOC_FLUXFP8/images/6676.png",
  "image_width": 640,
  "image_height": 640,
  "ground_truth_class": "chair",
  "grounding_prompt": "chair",
  "timestamp": "2026-05-22T12:22:39.526141",
  "num_detections": 1,
  "detections": [
    {
      "detection_id": 0,
      "class_name": "chair",
      "yolo_class_id": 8,
      "confidence": 0.8994026780128479,
      "bbox_xyxy": [
        252.12767028808594,
        369.3192138671875,
        371.75689697265625,
        558.8154296875
      ],
      "bbox_yolo": [
        0.4874098300933838,
        0.7251051664352417,
        0.1869206726551056,
        0.2960878312587738
      ],
      "bbox_width_px": 119.62922668457031,
      "bbox_height_px": 189.4962158203125
    }
  ]
}