{
  "index": 6713,
  "dataframe_iter_index": 6713,
  "image_path": "./datasets/sVOC_FLUXFP8/images/6713.png",
  "image_width": 640,
  "image_height": 640,
  "ground_truth_class": "chair",
  "grounding_prompt": "chair",
  "timestamp": "2026-05-22T12:23:31.664743",
  "num_detections": 2,
  "detections": [
    {
      "detection_id": 0,
      "class_name": "chair",
      "yolo_class_id": 8,
      "confidence": 0.7819673418998718,
      "bbox_xyxy": [
        327.7064514160156,
        303.3403015136719,
        496.0298767089844,
        519.2315063476562
      ],
      "bbox_yolo": [
        0.6435440182685852,
        0.6426342129707336,
        0.2630053460597992,
        0.33733001351356506
      ],
      "bbox_width_px": 168.32342529296875,
      "bbox_height_px": 215.89120483398438
    },
    {
      "detection_id": 1,
      "class_name": "chair",
      "yolo_class_id": 8,
      "confidence": 0.7882508635520935,
      "bbox_xyxy": [
        128.71334838867188,
        302.6120910644531,
        275.6761474609375,
        516.442626953125
      ],
      "bbox_yolo": [
        0.3159292936325073,
        0.6398864984512329,
        0.22962936758995056,
        0.33411020040512085
      ],
      "bbox_width_px": 146.96279907226562,
      "bbox_height_px": 213.83053588867188
    }
  ]
}