{
  "index": 6784,
  "dataframe_iter_index": 6784,
  "image_path": "./datasets/sVOC_FLUXFP8/images/6784.png",
  "image_width": 640,
  "image_height": 640,
  "ground_truth_class": "chair",
  "grounding_prompt": "chair",
  "timestamp": "2026-05-22T12:25:12.403993",
  "num_detections": 1,
  "detections": [
    {
      "detection_id": 0,
      "class_name": "chair",
      "yolo_class_id": 8,
      "confidence": 0.9416106939315796,
      "bbox_xyxy": [
        234.51780700683594,
        374.6872863769531,
        367.2164306640625,
        541.6866455078125
      ],
      "bbox_yolo": [
        0.4701048731803894,
        0.7159171104431152,
        0.20734159648418427,
        0.2609364986419678
      ],
      "bbox_width_px": 132.69862365722656,
      "bbox_height_px": 166.99935913085938
    }
  ]
}