{
  "index": 6875,
  "dataframe_iter_index": 6875,
  "image_path": "./datasets/sVOC_FLUXFP8/images/6875.png",
  "image_width": 640,
  "image_height": 640,
  "ground_truth_class": "chair",
  "grounding_prompt": "chair",
  "timestamp": "2026-05-22T12:27:20.317981",
  "num_detections": 1,
  "detections": [
    {
      "detection_id": 0,
      "class_name": "chair",
      "yolo_class_id": 8,
      "confidence": 0.9366726279258728,
      "bbox_xyxy": [
        257.88970947265625,
        292.9429016113281,
        422.31597900390625,
        505.4790954589844
      ],
      "bbox_yolo": [
        0.5314106941223145,
        0.6237671971321106,
        0.2569160461425781,
        0.33208781480789185
      ],
      "bbox_width_px": 164.42626953125,
      "bbox_height_px": 212.53619384765625
    }
  ]
}