{
  "index": 689,
  "dataframe_iter_index": 689,
  "image_path": "./datasets/sVOC_FLUXFP8/images/689.png",
  "image_width": 640,
  "image_height": 640,
  "ground_truth_class": "aeroplane",
  "grounding_prompt": "aeroplane",
  "timestamp": "2026-05-22T10:19:09.878132",
  "num_detections": 1,
  "detections": [
    {
      "detection_id": 0,
      "class_name": "aeroplane",
      "yolo_class_id": 0,
      "confidence": 0.4325113594532013,
      "bbox_xyxy": [
        0.676422119140625,
        278.9140319824219,
        638.048095703125,
        450.8926086425781
      ],
      "bbox_yolo": [
        0.49900349974632263,
        0.5701614618301392,
        0.9958932995796204,
        0.2687165141105652
      ],
      "bbox_width_px": 637.3717041015625,
      "bbox_height_px": 171.97857666015625
    }
  ]
}