{
  "index": 6949,
  "dataframe_iter_index": 6949,
  "image_path": "./datasets/sVOC_FLUXFP8/images/6949.png",
  "image_width": 640,
  "image_height": 640,
  "ground_truth_class": "chair",
  "grounding_prompt": "chair",
  "timestamp": "2026-05-22T12:29:05.293835",
  "num_detections": 2,
  "detections": [
    {
      "detection_id": 0,
      "class_name": "chair",
      "yolo_class_id": 8,
      "confidence": 0.7368670105934143,
      "bbox_xyxy": [
        92.42987060546875,
        232.63580322265625,
        353.2132568359375,
        624.6139526367188
      ],
      "bbox_yolo": [
        0.34815868735313416,
        0.6697263717651367,
        0.4074740409851074,
        0.6124658584594727
      ],
      "bbox_width_px": 260.78338623046875,
      "bbox_height_px": 391.9781494140625
    },
    {
      "detection_id": 1,
      "class_name": "chair",
      "yolo_class_id": 8,
      "confidence": 0.7327590584754944,
      "bbox_xyxy": [
        334.4677734375,
        230.3268585205078,
        589.1547241210938,
        585.1105346679688
      ],
      "bbox_yolo": [
        0.7215800881385803,
        0.6370604634284973,
        0.39794835448265076,
        0.5543495416641235
      ],
      "bbox_width_px": 254.68695068359375,
      "bbox_height_px": 354.78369140625
    }
  ]
}