{
  "index": 6972,
  "dataframe_iter_index": 6972,
  "image_path": "./datasets/sVOC_FLUXFP8/images/6972.png",
  "image_width": 640,
  "image_height": 640,
  "ground_truth_class": "chair",
  "grounding_prompt": "chair",
  "timestamp": "2026-05-22T12:29:37.581887",
  "num_detections": 1,
  "detections": [
    {
      "detection_id": 0,
      "class_name": "chair",
      "yolo_class_id": 8,
      "confidence": 0.9412320256233215,
      "bbox_xyxy": [
        141.09886169433594,
        189.74700927734375,
        414.5601806640625,
        601.6937866210938
      ],
      "bbox_yolo": [
        0.4341086447238922,
        0.6183131337165833,
        0.42728328704833984,
        0.6436668634414673
      ],
      "bbox_width_px": 273.4613037109375,
      "bbox_height_px": 411.94677734375
    }
  ]
}