{
  "index": 6993,
  "dataframe_iter_index": 6993,
  "image_path": "./datasets/sVOC_FLUXFP8/images/6993.png",
  "image_width": 640,
  "image_height": 640,
  "ground_truth_class": "chair",
  "grounding_prompt": "chair",
  "timestamp": "2026-05-22T12:30:08.310634",
  "num_detections": 2,
  "detections": [
    {
      "detection_id": 0,
      "class_name": "chair",
      "yolo_class_id": 8,
      "confidence": 0.8124143481254578,
      "bbox_xyxy": [
        91.85200500488281,
        205.71182250976562,
        355.7379150390625,
        567.9442138671875
      ],
      "bbox_yolo": [
        0.3496796190738678,
        0.6044187545776367,
        0.4123217463493347,
        0.5659881234169006
      ],
      "bbox_width_px": 263.88592529296875,
      "bbox_height_px": 362.2323913574219
    },
    {
      "detection_id": 1,
      "class_name": "chair",
      "yolo_class_id": 8,
      "confidence": 0.7992088794708252,
      "bbox_xyxy": [
        344.7945861816406,
        182.8880157470703,
        576.281494140625,
        537.1201782226562
      ],
      "bbox_yolo": [
        0.7195906639099121,
        0.562506377696991,
        0.36169829964637756,
        0.5534877777099609
      ],
      "bbox_width_px": 231.48690795898438,
      "bbox_height_px": 354.232177734375
    }
  ]
}