{
  "index": 7016,
  "dataframe_iter_index": 7016,
  "image_path": "./datasets/sVOC_FLUXFP8/images/7016.png",
  "image_width": 640,
  "image_height": 640,
  "ground_truth_class": "chair",
  "grounding_prompt": "chair",
  "timestamp": "2026-05-22T12:30:40.353572",
  "num_detections": 1,
  "detections": [
    {
      "detection_id": 0,
      "class_name": "chair",
      "yolo_class_id": 8,
      "confidence": 0.8765588998794556,
      "bbox_xyxy": [
        43.22857666015625,
        116.486572265625,
        375.9458923339844,
        543.93115234375
      ],
      "bbox_yolo": [
        0.3274800479412079,
        0.5159513354301453,
        0.5198708176612854,
        0.6678821444511414
      ],
      "bbox_width_px": 332.7173156738281,
      "bbox_height_px": 427.444580078125
    }
  ]
}