{
  "index": 7049,
  "dataframe_iter_index": 7049,
  "image_path": "./datasets/sVOC_FLUXFP8/images/7049.png",
  "image_width": 640,
  "image_height": 640,
  "ground_truth_class": "chair",
  "grounding_prompt": "chair",
  "timestamp": "2026-05-22T12:31:27.239208",
  "num_detections": 2,
  "detections": [
    {
      "detection_id": 0,
      "class_name": "chair",
      "yolo_class_id": 8,
      "confidence": 0.7221395373344421,
      "bbox_xyxy": [
        63.60955810546875,
        335.97589111328125,
        272.79132080078125,
        607.1002807617188
      ],
      "bbox_yolo": [
        0.26281318068504333,
        0.7367782592773438,
        0.32684651017189026,
        0.42363184690475464
      ],
      "bbox_width_px": 209.1817626953125,
      "bbox_height_px": 271.1243896484375
    },
    {
      "detection_id": 1,
      "class_name": "chair",
      "yolo_class_id": 8,
      "confidence": 0.7117244005203247,
      "bbox_xyxy": [
        338.9671630859375,
        340.63470458984375,
        581.4520874023438,
        603.2406616210938
      ],
      "bbox_yolo": [
        0.7190775275230408,
        0.737402617931366,
        0.3788827061653137,
        0.41032180190086365
      ],
      "bbox_width_px": 242.48492431640625,
      "bbox_height_px": 262.60595703125
    }
  ]
}