{
  "index": 7054,
  "dataframe_iter_index": 7054,
  "image_path": "./datasets/sVOC_FLUXFP8/images/7054.png",
  "image_width": 640,
  "image_height": 640,
  "ground_truth_class": "chair",
  "grounding_prompt": "chair",
  "timestamp": "2026-05-22T12:31:34.470989",
  "num_detections": 3,
  "detections": [
    {
      "detection_id": 0,
      "class_name": "chair",
      "yolo_class_id": 8,
      "confidence": 0.6679250597953796,
      "bbox_xyxy": [
        422.78369140625,
        371.99395751953125,
        606.4627685546875,
        633.1279907226562
      ],
      "bbox_yolo": [
        0.8040987849235535,
        0.7852514982223511,
        0.28699856996536255,
        0.4080219268798828
      ],
      "bbox_width_px": 183.6790771484375,
      "bbox_height_px": 261.134033203125
    },
    {
      "detection_id": 1,
      "class_name": "chair",
      "yolo_class_id": 8,
      "confidence": 0.6478241086006165,
      "bbox_xyxy": [
        238.70895385742188,
        370.87628173828125,
        405.1893615722656,
        632.2391967773438
      ],
      "bbox_yolo": [
        0.5030455589294434,
        0.7836839556694031,
        0.26012563705444336,
        0.40837955474853516
      ],
      "bbox_width_px": 166.48040771484375,
      "bbox_height_px": 261.3629150390625
    },
    {
      "detection_id": 2,
      "class_name": "chair",
      "yolo_class_id": 8,
      "confidence": 0.6706855893135071,
      "bbox_xyxy": [
        38.71403503417969,
        371.1485290527344,
        216.63302612304688,
        630.06689453125
      ],
      "bbox_yolo": [
        0.19948989152908325,
        0.7821995615959167,
        0.2779984176158905,
        0.4045599400997162
      ],
      "bbox_width_px": 177.9189910888672,
      "bbox_height_px": 258.9183654785156
    }
  ]
}