{
  "index": 7088,
  "dataframe_iter_index": 7088,
  "image_path": "./datasets/sVOC_FLUXFP8/images/7088.png",
  "image_width": 640,
  "image_height": 640,
  "ground_truth_class": "chair",
  "grounding_prompt": "chair",
  "timestamp": "2026-05-22T12:32:23.275070",
  "num_detections": 1,
  "detections": [
    {
      "detection_id": 0,
      "class_name": "chair",
      "yolo_class_id": 8,
      "confidence": 0.9120399951934814,
      "bbox_xyxy": [
        96.15768432617188,
        250.98072814941406,
        363.8466491699219,
        538.5155029296875
      ],
      "bbox_yolo": [
        0.3593783974647522,
        0.6167939305305481,
        0.4182640016078949,
        0.44927310943603516
      ],
      "bbox_width_px": 267.68896484375,
      "bbox_height_px": 287.5347900390625
    }
  ]
}