{
  "index": 71,
  "dataframe_iter_index": 71,
  "image_path": "./datasets/sVOC_FLUXFP8/images/71.png",
  "image_width": 640,
  "image_height": 640,
  "ground_truth_class": "aeroplane",
  "grounding_prompt": "aeroplane",
  "timestamp": "2026-05-22T10:07:22.676487",
  "num_detections": 2,
  "detections": [
    {
      "detection_id": 0,
      "class_name": "aeroplane",
      "yolo_class_id": 0,
      "confidence": 0.6474626064300537,
      "bbox_xyxy": [
        405.04974365234375,
        157.78875732421875,
        540.23291015625,
        215.95050048828125
      ],
      "bbox_yolo": [
        0.7385020852088928,
        0.29198378324508667,
        0.21122369170188904,
        0.0908777266740799
      ],
      "bbox_width_px": 135.18316650390625,
      "bbox_height_px": 58.1617431640625
    },
    {
      "detection_id": 1,
      "class_name": "aeroplane",
      "yolo_class_id": 0,
      "confidence": 0.41821298003196716,
      "bbox_xyxy": [
        273.42913818359375,
        103.35105895996094,
        349.275390625,
        134.4799041748047
      ],
      "bbox_yolo": [
        0.4864879250526428,
        0.18580543994903564,
        0.11850976943969727,
        0.04863882064819336
      ],
      "bbox_width_px": 75.84625244140625,
      "bbox_height_px": 31.12884521484375
    }
  ]
}