{
  "index": 7125,
  "dataframe_iter_index": 7125,
  "image_path": "./datasets/sVOC_FLUXFP8/images/7125.png",
  "image_width": 640,
  "image_height": 640,
  "ground_truth_class": "chair",
  "grounding_prompt": "chair",
  "timestamp": "2026-05-22T12:33:15.538424",
  "num_detections": 2,
  "detections": [
    {
      "detection_id": 0,
      "class_name": "chair",
      "yolo_class_id": 8,
      "confidence": 0.7228639125823975,
      "bbox_xyxy": [
        374.7044982910156,
        316.11126708984375,
        499.8108215332031,
        527.3551635742188
      ],
      "bbox_yolo": [
        0.6832150816917419,
        0.6589581370353699,
        0.1954786330461502,
        0.33006858825683594
      ],
      "bbox_width_px": 125.1063232421875,
      "bbox_height_px": 211.243896484375
    },
    {
      "detection_id": 1,
      "class_name": "chair",
      "yolo_class_id": 8,
      "confidence": 0.7823023200035095,
      "bbox_xyxy": [
        130.8135986328125,
        318.6086730957031,
        272.8310852050781,
        518.788330078125
      ],
      "bbox_yolo": [
        0.3153474032878876,
        0.6542164087295532,
        0.22190232574939728,
        0.3127807080745697
      ],
      "bbox_width_px": 142.01748657226562,
      "bbox_height_px": 200.17965698242188
    }
  ]
}