{
  "index": 7146,
  "dataframe_iter_index": 7146,
  "image_path": "./datasets/sVOC_FLUXFP8/images/7146.png",
  "image_width": 640,
  "image_height": 640,
  "ground_truth_class": "chair",
  "grounding_prompt": "chair",
  "timestamp": "2026-05-22T12:33:44.822762",
  "num_detections": 3,
  "detections": [
    {
      "detection_id": 0,
      "class_name": "chair",
      "yolo_class_id": 8,
      "confidence": 0.7013756036758423,
      "bbox_xyxy": [
        417.4281311035156,
        378.8999328613281,
        538.8029174804688,
        624.3239135742188
      ],
      "bbox_yolo": [
        0.7470555305480957,
        0.7837686538696289,
        0.1896481066942215,
        0.3834749758243561
      ],
      "bbox_width_px": 121.37478637695312,
      "bbox_height_px": 245.42398071289062
    },
    {
      "detection_id": 1,
      "class_name": "chair",
      "yolo_class_id": 8,
      "confidence": 0.675105631351471,
      "bbox_xyxy": [
        62.099212646484375,
        379.4521484375,
        197.42926025390625,
        620.580810546875
      ],
      "bbox_yolo": [
        0.2027566134929657,
        0.781275749206543,
        0.21145319938659668,
        0.3767635226249695
      ],
      "bbox_width_px": 135.33004760742188,
      "bbox_height_px": 241.128662109375
    },
    {
      "detection_id": 2,
      "class_name": "chair",
      "yolo_class_id": 8,
      "confidence": 0.6490716338157654,
      "bbox_xyxy": [
        237.45355224609375,
        374.57293701171875,
        360.95489501953125,
        619.4188842773438
      ],
      "bbox_yolo": [
        0.4675065875053406,
        0.776556134223938,
        0.19297084212303162,
        0.3825717866420746
      ],
      "bbox_width_px": 123.5013427734375,
      "bbox_height_px": 244.845947265625
    }
  ]
}