{
  "index": 7218,
  "dataframe_iter_index": 7218,
  "image_path": "./datasets/sVOC_FLUXFP8/images/7218.png",
  "image_width": 640,
  "image_height": 640,
  "ground_truth_class": "cow",
  "grounding_prompt": "cow",
  "timestamp": "2026-05-22T12:35:26.901151",
  "num_detections": 3,
  "detections": [
    {
      "detection_id": 0,
      "class_name": "cow",
      "yolo_class_id": 9,
      "confidence": 0.8322660326957703,
      "bbox_xyxy": [
        32.76039123535156,
        237.10443115234375,
        241.16990661621094,
        626.1871337890625
      ],
      "bbox_yolo": [
        0.21400804817676544,
        0.6744465231895447,
        0.32563987374305725,
        0.607941746711731
      ],
      "bbox_width_px": 208.40951538085938,
      "bbox_height_px": 389.08270263671875
    },
    {
      "detection_id": 1,
      "class_name": "cow",
      "yolo_class_id": 9,
      "confidence": 0.8313828706741333,
      "bbox_xyxy": [
        410.2052001953125,
        208.2078857421875,
        613.0523681640625,
        616.0386352539062
      ],
      "bbox_yolo": [
        0.7994199991226196,
        0.6439425945281982,
        0.31694871187210083,
        0.6372355222702026
      ],
      "bbox_width_px": 202.84716796875,
      "bbox_height_px": 407.83074951171875
    },
    {
      "detection_id": 2,
      "class_name": "cow",
      "yolo_class_id": 9,
      "confidence": 0.7847056984901428,
      "bbox_xyxy": [
        217.93186950683594,
        199.02976989746094,
        413.9825439453125,
        612.9564208984375
      ],
      "bbox_yolo": [
        0.4936831593513489,
        0.6343642473220825,
        0.3063291907310486,
        0.6467603445053101
      ],
      "bbox_width_px": 196.05067443847656,
      "bbox_height_px": 413.9266357421875
    }
  ]
}