{
  "index": 7224,
  "dataframe_iter_index": 7224,
  "image_path": "./datasets/sVOC_FLUXFP8/images/7224.png",
  "image_width": 640,
  "image_height": 640,
  "ground_truth_class": "cow",
  "grounding_prompt": "cow",
  "timestamp": "2026-05-22T12:35:35.216142",
  "num_detections": 1,
  "detections": [
    {
      "detection_id": 0,
      "class_name": "cow",
      "yolo_class_id": 9,
      "confidence": 0.9723860025405884,
      "bbox_xyxy": [
        109.39715576171875,
        171.5738983154297,
        490.5977783203125,
        618.7567749023438
      ],
      "bbox_yolo": [
        0.46874603629112244,
        0.6174458265304565,
        0.5956259965896606,
        0.6987231969833374
      ],
      "bbox_width_px": 381.20062255859375,
      "bbox_height_px": 447.182861328125
    }
  ]
}