{
  "index": 7249,
  "dataframe_iter_index": 7249,
  "image_path": "./datasets/sVOC_FLUXFP8/images/7249.png",
  "image_width": 640,
  "image_height": 640,
  "ground_truth_class": "cow",
  "grounding_prompt": "cow",
  "timestamp": "2026-05-22T12:36:10.312740",
  "num_detections": 2,
  "detections": [
    {
      "detection_id": 0,
      "class_name": "cow",
      "yolo_class_id": 9,
      "confidence": 0.8712725639343262,
      "bbox_xyxy": [
        113.62382507324219,
        237.32774353027344,
        328.77691650390625,
        581.1826782226562
      ],
      "bbox_yolo": [
        0.3456255793571472,
        0.6394612789154053,
        0.33617669343948364,
        0.5372732877731323
      ],
      "bbox_width_px": 215.15309143066406,
      "bbox_height_px": 343.85491943359375
    },
    {
      "detection_id": 1,
      "class_name": "cow",
      "yolo_class_id": 9,
      "confidence": 0.8420788645744324,
      "bbox_xyxy": [
        306.067138671875,
        256.7001953125,
        528.1864013671875,
        575.5428466796875
      ],
      "bbox_yolo": [
        0.6517605781555176,
        0.6501898765563965,
        0.3470613360404968,
        0.4981916546821594
      ],
      "bbox_width_px": 222.1192626953125,
      "bbox_height_px": 318.8426513671875
    }
  ]
}