{
  "index": 7252,
  "dataframe_iter_index": 7252,
  "image_path": "./datasets/sVOC_FLUXFP8/images/7252.png",
  "image_width": 640,
  "image_height": 640,
  "ground_truth_class": "cow",
  "grounding_prompt": "cow",
  "timestamp": "2026-05-22T12:36:14.463457",
  "num_detections": 1,
  "detections": [
    {
      "detection_id": 0,
      "class_name": "cow",
      "yolo_class_id": 9,
      "confidence": 0.9662351608276367,
      "bbox_xyxy": [
        202.54661560058594,
        346.5932312011719,
        416.68975830078125,
        506.3634338378906
      ],
      "bbox_yolo": [
        0.4837784171104431,
        0.6663724184036255,
        0.3345986604690552,
        0.24964094161987305
      ],
      "bbox_width_px": 214.1431427001953,
      "bbox_height_px": 159.77020263671875
    }
  ]
}