{
  "index": 7256,
  "dataframe_iter_index": 7256,
  "image_path": "./datasets/sVOC_FLUXFP8/images/7256.png",
  "image_width": 640,
  "image_height": 640,
  "ground_truth_class": "cow",
  "grounding_prompt": "cow",
  "timestamp": "2026-05-22T12:36:20.173240",
  "num_detections": 1,
  "detections": [
    {
      "detection_id": 0,
      "class_name": "cow",
      "yolo_class_id": 9,
      "confidence": 0.9773854613304138,
      "bbox_xyxy": [
        88.02285766601562,
        254.8797607421875,
        482.0490417480469,
        524.546142578125
      ],
      "bbox_yolo": [
        0.4453686773777008,
        0.6089264750480652,
        0.6156659126281738,
        0.4213537275791168
      ],
      "bbox_width_px": 394.02618408203125,
      "bbox_height_px": 269.6663818359375
    }
  ]
}