{
  "index": 7283,
  "dataframe_iter_index": 7283,
  "image_path": "./datasets/sVOC_FLUXFP8/images/7283.png",
  "image_width": 640,
  "image_height": 640,
  "ground_truth_class": "cow",
  "grounding_prompt": "cow",
  "timestamp": "2026-05-22T12:36:58.169264",
  "num_detections": 1,
  "detections": [
    {
      "detection_id": 0,
      "class_name": "cow",
      "yolo_class_id": 9,
      "confidence": 0.9609903693199158,
      "bbox_xyxy": [
        125.83906555175781,
        231.72259521484375,
        492.33074951171875,
        574.3814086914062
      ],
      "bbox_yolo": [
        0.48294514417648315,
        0.6297687292098999,
        0.5726432800292969,
        0.5354043841362
      ],
      "bbox_width_px": 366.49169921875,
      "bbox_height_px": 342.6588134765625
    }
  ]
}