{
  "index": 7343,
  "dataframe_iter_index": 7343,
  "image_path": "./datasets/sVOC_FLUXFP8/images/7343.png",
  "image_width": 640,
  "image_height": 640,
  "ground_truth_class": "cow",
  "grounding_prompt": "cow",
  "timestamp": "2026-05-22T12:38:22.315032",
  "num_detections": 1,
  "detections": [
    {
      "detection_id": 0,
      "class_name": "cow",
      "yolo_class_id": 9,
      "confidence": 0.9771223664283752,
      "bbox_xyxy": [
        125.96591186523438,
        260.25140380859375,
        483.5207824707031,
        536.0945434570312
      ],
      "bbox_yolo": [
        0.47616147994995117,
        0.6221452951431274,
        0.558679461479187,
        0.43100491166114807
      ],
      "bbox_width_px": 357.55487060546875,
      "bbox_height_px": 275.8431396484375
    }
  ]
}