{
  "index": 7380,
  "dataframe_iter_index": 7380,
  "image_path": "./datasets/sVOC_FLUXFP8/images/7380.png",
  "image_width": 640,
  "image_height": 640,
  "ground_truth_class": "cow",
  "grounding_prompt": "cow",
  "timestamp": "2026-05-22T12:39:14.100295",
  "num_detections": 1,
  "detections": [
    {
      "detection_id": 0,
      "class_name": "cow",
      "yolo_class_id": 9,
      "confidence": 0.9683798551559448,
      "bbox_xyxy": [
        261.9554138183594,
        270.58551025390625,
        380.0151062011719,
        402.1915283203125
      ],
      "bbox_yolo": [
        0.5015394687652588,
        0.5256070494651794,
        0.18446826934814453,
        0.20563440024852753
      ],
      "bbox_width_px": 118.0596923828125,
      "bbox_height_px": 131.60601806640625
    }
  ]
}