{
  "index": 7418,
  "dataframe_iter_index": 7418,
  "image_path": "./datasets/sVOC_FLUXFP8/images/7418.png",
  "image_width": 640,
  "image_height": 640,
  "ground_truth_class": "cow",
  "grounding_prompt": "cow",
  "timestamp": "2026-05-22T12:40:07.431024",
  "num_detections": 3,
  "detections": [
    {
      "detection_id": 0,
      "class_name": "cow",
      "yolo_class_id": 9,
      "confidence": 0.8908876776695251,
      "bbox_xyxy": [
        95.3749008178711,
        271.8738098144531,
        259.4982604980469,
        476.4549865722656
      ],
      "bbox_yolo": [
        0.2772446572780609,
        0.5846318602561951,
        0.25644272565841675,
        0.319658100605011
      ],
      "bbox_width_px": 164.12335205078125,
      "bbox_height_px": 204.5811767578125
    },
    {
      "detection_id": 1,
      "class_name": "cow",
      "yolo_class_id": 9,
      "confidence": 0.8732116222381592,
      "bbox_xyxy": [
        269.99371337890625,
        270.6199035644531,
        428.42205810546875,
        476.6875915527344
      ],
      "bbox_yolo": [
        0.545637309551239,
        0.5838339924812317,
        0.2475442886352539,
        0.3219807744026184
      ],
      "bbox_width_px": 158.4283447265625,
      "bbox_height_px": 206.06768798828125
    },
    {
      "detection_id": 2,
      "class_name": "cow",
      "yolo_class_id": 9,
      "confidence": 0.849778413772583,
      "bbox_xyxy": [
        444.97332763671875,
        335.72412109375,
        559.6709594726562,
        461.4761962890625
      ],
      "bbox_yolo": [
        0.7848783731460571,
        0.6228127479553223,
        0.17921504378318787,
        0.19648762047290802
      ],
      "bbox_width_px": 114.6976318359375,
      "bbox_height_px": 125.7520751953125
    }
  ]
}