{
  "index": 7453,
  "dataframe_iter_index": 7453,
  "image_path": "./datasets/sVOC_FLUXFP8/images/7453.png",
  "image_width": 640,
  "image_height": 640,
  "ground_truth_class": "cow",
  "grounding_prompt": "cow",
  "timestamp": "2026-05-22T12:40:56.007714",
  "num_detections": 3,
  "detections": [
    {
      "detection_id": 0,
      "class_name": "cow",
      "yolo_class_id": 9,
      "confidence": 0.8436809778213501,
      "bbox_xyxy": [
        102.83794403076172,
        122.47474670410156,
        342.759521484375,
        570.3911743164062
      ],
      "bbox_yolo": [
        0.3481230139732361,
        0.5413014888763428,
        0.3748774528503418,
        0.6998694539070129
      ],
      "bbox_width_px": 239.92156982421875,
      "bbox_height_px": 447.91644287109375
    },
    {
      "detection_id": 1,
      "class_name": "cow",
      "yolo_class_id": 9,
      "confidence": 0.8536967039108276,
      "bbox_xyxy": [
        338.5589904785156,
        142.37738037109375,
        564.8389892578125,
        538.2356567382812
      ],
      "bbox_yolo": [
        0.7057796716690063,
        0.5317289233207703,
        0.35356250405311584,
        0.6185285449028015
      ],
      "bbox_width_px": 226.27999877929688,
      "bbox_height_px": 395.8582763671875
    },
    {
      "detection_id": 2,
      "class_name": "cow",
      "yolo_class_id": 9,
      "confidence": 0.4370214641094208,
      "bbox_xyxy": [
        211.91171264648438,
        218.89637756347656,
        342.7285461425781,
        532.9816284179688
      ],
      "bbox_yolo": [
        0.43331271409988403,
        0.5874046683311462,
        0.20440129935741425,
        0.4907582402229309
      ],
      "bbox_width_px": 130.81683349609375,
      "bbox_height_px": 314.08526611328125
    }
  ]
}