{
  "index": 7475,
  "dataframe_iter_index": 7475,
  "image_path": "./datasets/sVOC_FLUXFP8/images/7475.png",
  "image_width": 640,
  "image_height": 640,
  "ground_truth_class": "cow",
  "grounding_prompt": "cow",
  "timestamp": "2026-05-22T12:41:26.981091",
  "num_detections": 1,
  "detections": [
    {
      "detection_id": 0,
      "class_name": "cow",
      "yolo_class_id": 9,
      "confidence": 0.9614725708961487,
      "bbox_xyxy": [
        116.53038024902344,
        218.0232391357422,
        501.9505615234375,
        587.8755493164062
      ],
      "bbox_yolo": [
        0.4831882417201996,
        0.6296084523200989,
        0.6022189855575562,
        0.5778942108154297
      ],
      "bbox_width_px": 385.420166015625,
      "bbox_height_px": 369.852294921875
    }
  ]
}