{
  "index": 7494,
  "dataframe_iter_index": 7494,
  "image_path": "./datasets/sVOC_FLUXFP8/images/7494.png",
  "image_width": 640,
  "image_height": 640,
  "ground_truth_class": "cow",
  "grounding_prompt": "cow",
  "timestamp": "2026-05-22T12:41:53.582170",
  "num_detections": 3,
  "detections": [
    {
      "detection_id": 0,
      "class_name": "cow",
      "yolo_class_id": 9,
      "confidence": 0.8005830645561218,
      "bbox_xyxy": [
        424.73529052734375,
        335.4834289550781,
        552.3636474609375,
        538.812744140625
      ],
      "bbox_yolo": [
        0.7633585333824158,
        0.6830438375473022,
        0.199419304728508,
        0.317702054977417
      ],
      "bbox_width_px": 127.62835693359375,
      "bbox_height_px": 203.32931518554688
    },
    {
      "detection_id": 1,
      "class_name": "cow",
      "yolo_class_id": 9,
      "confidence": 0.8181450963020325,
      "bbox_xyxy": [
        92.86386108398438,
        254.83670043945312,
        309.47393798828125,
        560.395751953125
      ],
      "bbox_yolo": [
        0.3143264055252075,
        0.6369003057479858,
        0.3384532332420349,
        0.47743600606918335
      ],
      "bbox_width_px": 216.61007690429688,
      "bbox_height_px": 305.5590515136719
    },
    {
      "detection_id": 2,
      "class_name": "cow",
      "yolo_class_id": 9,
      "confidence": 0.8161782026290894,
      "bbox_xyxy": [
        236.5242462158203,
        255.63372802734375,
        484.29608154296875,
        525.349853515625
      ],
      "bbox_yolo": [
        0.563140869140625,
        0.6101434230804443,
        0.38714349269866943,
        0.42143145203590393
      ],
      "bbox_width_px": 247.77183532714844,
      "bbox_height_px": 269.71612548828125
    }
  ]
}