{
  "index": 75,
  "dataframe_iter_index": 75,
  "image_path": "./datasets/sVOC_FLUXFP8/images/75.png",
  "image_width": 640,
  "image_height": 640,
  "ground_truth_class": "aeroplane",
  "grounding_prompt": "aeroplane",
  "timestamp": "2026-05-22T10:07:27.162151",
  "num_detections": 1,
  "detections": [
    {
      "detection_id": 0,
      "class_name": "aeroplane",
      "yolo_class_id": 0,
      "confidence": 0.7854070663452148,
      "bbox_xyxy": [
        62.60768127441406,
        297.00360107421875,
        467.6595458984375,
        543.7068481445312
      ],
      "bbox_yolo": [
        0.4142712652683258,
        0.6568050384521484,
        0.6328935623168945,
        0.3854738175868988
      ],
      "bbox_width_px": 405.0518798828125,
      "bbox_height_px": 246.7032470703125
    }
  ]
}