{
  "index": 7502,
  "dataframe_iter_index": 7502,
  "image_path": "./datasets/sVOC_FLUXFP8/images/7502.png",
  "image_width": 640,
  "image_height": 640,
  "ground_truth_class": "cow",
  "grounding_prompt": "cow",
  "timestamp": "2026-05-22T12:42:04.800493",
  "num_detections": 3,
  "detections": [
    {
      "detection_id": 0,
      "class_name": "cow",
      "yolo_class_id": 9,
      "confidence": 0.7999656796455383,
      "bbox_xyxy": [
        431.547119140625,
        348.2256774902344,
        550.6993408203125,
        538.0332641601562
      ],
      "bbox_yolo": [
        0.7673800587654114,
        0.6923897862434387,
        0.18617534637451172,
        0.29657435417175293
      ],
      "bbox_width_px": 119.1522216796875,
      "bbox_height_px": 189.80758666992188
    },
    {
      "detection_id": 1,
      "class_name": "cow",
      "yolo_class_id": 9,
      "confidence": 0.8520895838737488,
      "bbox_xyxy": [
        108.90525817871094,
        254.093017578125,
        477.08642578125,
        526.6181030273438
      ],
      "bbox_yolo": [
        0.4578060209751129,
        0.6099305748939514,
        0.5752830505371094,
        0.4258204400539398
      ],
      "bbox_width_px": 368.18115234375,
      "bbox_height_px": 272.52508544921875
    },
    {
      "detection_id": 2,
      "class_name": "cow",
      "yolo_class_id": 9,
      "confidence": 0.5026057958602905,
      "bbox_xyxy": [
        181.38693237304688,
        308.86834716796875,
        294.7167053222656,
        539.5814208984375
      ],
      "bbox_yolo": [
        0.3719559609889984,
        0.6628513932228088,
        0.1770777702331543,
        0.3604891896247864
      ],
      "bbox_width_px": 113.32977294921875,
      "bbox_height_px": 230.71307373046875
    }
  ]
}