{
  "index": 7526,
  "dataframe_iter_index": 7526,
  "image_path": "./datasets/sVOC_FLUXFP8/images/7526.png",
  "image_width": 640,
  "image_height": 640,
  "ground_truth_class": "cow",
  "grounding_prompt": "cow",
  "timestamp": "2026-05-22T12:42:38.981026",
  "num_detections": 3,
  "detections": [
    {
      "detection_id": 0,
      "class_name": "cow",
      "yolo_class_id": 9,
      "confidence": 0.8875885009765625,
      "bbox_xyxy": [
        268.55853271484375,
        268.08343505859375,
        441.40570068359375,
        522.0486450195312
      ],
      "bbox_yolo": [
        0.5546595454216003,
        0.6172906756401062,
        0.27007371187210083,
        0.39682063460350037
      ],
      "bbox_width_px": 172.84716796875,
      "bbox_height_px": 253.9652099609375
    },
    {
      "detection_id": 1,
      "class_name": "cow",
      "yolo_class_id": 9,
      "confidence": 0.898865282535553,
      "bbox_xyxy": [
        96.1798324584961,
        273.336669921875,
        246.99490356445312,
        529.46728515625
      ],
      "bbox_yolo": [
        0.26810526847839355,
        0.6271905899047852,
        0.23564854264259338,
        0.4002040922641754
      ],
      "bbox_width_px": 150.8150634765625,
      "bbox_height_px": 256.130615234375
    },
    {
      "detection_id": 2,
      "class_name": "cow",
      "yolo_class_id": 9,
      "confidence": 0.8485739827156067,
      "bbox_xyxy": [
        442.812744140625,
        336.61480712890625,
        564.5040283203125,
        489.282470703125
      ],
      "bbox_yolo": [
        0.7869662046432495,
        0.6452322602272034,
        0.19014263153076172,
        0.23854322731494904
      ],
      "bbox_width_px": 121.6912841796875,
      "bbox_height_px": 152.66766357421875
    }
  ]
}