{
  "index": 7528,
  "dataframe_iter_index": 7528,
  "image_path": "./datasets/sVOC_FLUXFP8/images/7528.png",
  "image_width": 640,
  "image_height": 640,
  "ground_truth_class": "cow",
  "grounding_prompt": "cow",
  "timestamp": "2026-05-22T12:42:41.969404",
  "num_detections": 1,
  "detections": [
    {
      "detection_id": 0,
      "class_name": "cow",
      "yolo_class_id": 9,
      "confidence": 0.9753406047821045,
      "bbox_xyxy": [
        125.49090576171875,
        230.1501922607422,
        496.65032958984375,
        541.1774291992188
      ],
      "bbox_yolo": [
        0.4860478341579437,
        0.6025997400283813,
        0.5799366235733032,
        0.4859800338745117
      ],
      "bbox_width_px": 371.159423828125,
      "bbox_height_px": 311.0272216796875
    }
  ]
}