{
  "index": 7554,
  "dataframe_iter_index": 7554,
  "image_path": "./datasets/sVOC_FLUXFP8/images/7554.png",
  "image_width": 640,
  "image_height": 640,
  "ground_truth_class": "cow",
  "grounding_prompt": "cow",
  "timestamp": "2026-05-22T12:43:19.099317",
  "num_detections": 3,
  "detections": [
    {
      "detection_id": 0,
      "class_name": "cow",
      "yolo_class_id": 9,
      "confidence": 0.8722853660583496,
      "bbox_xyxy": [
        382.9171142578125,
        304.0386962890625,
        563.32763671875,
        511.8546142578125
      ],
      "bbox_yolo": [
        0.7392536997795105,
        0.637416660785675,
        0.28189143538475037,
        0.3247123658657074
      ],
      "bbox_width_px": 180.4105224609375,
      "bbox_height_px": 207.81591796875
    },
    {
      "detection_id": 1,
      "class_name": "cow",
      "yolo_class_id": 9,
      "confidence": 0.881382942199707,
      "bbox_xyxy": [
        112.7665786743164,
        289.50250244140625,
        273.317138671875,
        520.5911254882812
      ],
      "bbox_yolo": [
        0.30162790417671204,
        0.6328856348991394,
        0.2508602738380432,
        0.3610759675502777
      ],
      "bbox_width_px": 160.55056762695312,
      "bbox_height_px": 231.088623046875
    },
    {
      "detection_id": 2,
      "class_name": "cow",
      "yolo_class_id": 9,
      "confidence": 0.8647930026054382,
      "bbox_xyxy": [
        280.7676696777344,
        283.17071533203125,
        416.9169006347656,
        512.0182495117188
      ],
      "bbox_yolo": [
        0.5450660586357117,
        0.6212413907051086,
        0.2127331793308258,
        0.3575742840766907
      ],
      "bbox_width_px": 136.14923095703125,
      "bbox_height_px": 228.8475341796875
    }
  ]
}