{
  "index": 7598,
  "dataframe_iter_index": 7598,
  "image_path": "./datasets/sVOC_FLUXFP8/images/7598.png",
  "image_width": 640,
  "image_height": 640,
  "ground_truth_class": "cow",
  "grounding_prompt": "cow",
  "timestamp": "2026-05-22T12:44:21.343611",
  "num_detections": 3,
  "detections": [
    {
      "detection_id": 0,
      "class_name": "cow",
      "yolo_class_id": 9,
      "confidence": 0.8614433407783508,
      "bbox_xyxy": [
        379.6454162597656,
        283.150390625,
        452.1117248535156,
        383.80426025390625
      ],
      "bbox_yolo": [
        0.649810254573822,
        0.5210583209991455,
        0.11322860419750214,
        0.15727166831493378
      ],
      "bbox_width_px": 72.46630859375,
      "bbox_height_px": 100.65386962890625
    },
    {
      "detection_id": 1,
      "class_name": "cow",
      "yolo_class_id": 9,
      "confidence": 0.8948416709899902,
      "bbox_xyxy": [
        260.34423828125,
        269.35211181640625,
        382.78387451171875,
        388.93853759765625
      ],
      "bbox_yolo": [
        0.5024438500404358,
        0.5142895579338074,
        0.19131192564964294,
        0.1868537962436676
      ],
      "bbox_width_px": 122.43963623046875,
      "bbox_height_px": 119.58642578125
    },
    {
      "detection_id": 2,
      "class_name": "cow",
      "yolo_class_id": 9,
      "confidence": 0.8983861804008484,
      "bbox_xyxy": [
        132.65380859375,
        302.3387451171875,
        238.86581420898438,
        410.41668701171875
      ],
      "bbox_yolo": [
        0.29024970531463623,
        0.556840181350708,
        0.1659562587738037,
        0.16887179017066956
      ],
      "bbox_width_px": 106.21200561523438,
      "bbox_height_px": 108.07794189453125
    }
  ]
}