{
  "index": 7600,
  "dataframe_iter_index": 7600,
  "image_path": "./datasets/sVOC_FLUXFP8/images/7600.png",
  "image_width": 640,
  "image_height": 640,
  "ground_truth_class": "cow",
  "grounding_prompt": "cow",
  "timestamp": "2026-05-22T12:44:24.243876",
  "num_detections": 1,
  "detections": [
    {
      "detection_id": 0,
      "class_name": "cow",
      "yolo_class_id": 9,
      "confidence": 0.9643293023109436,
      "bbox_xyxy": [
        126.66178894042969,
        252.25027465820312,
        484.01116943359375,
        528.02099609375
      ],
      "bbox_yolo": [
        0.4770882725715637,
        0.6095868945121765,
        0.558358371257782,
        0.430891752243042
      ],
      "bbox_width_px": 357.349365234375,
      "bbox_height_px": 275.7707214355469
    }
  ]
}