{
  "index": 7629,
  "dataframe_iter_index": 7629,
  "image_path": "./datasets/sVOC_FLUXFP8/images/7629.png",
  "image_width": 640,
  "image_height": 640,
  "ground_truth_class": "cow",
  "grounding_prompt": "cow",
  "timestamp": "2026-05-22T12:45:06.088167",
  "num_detections": 3,
  "detections": [
    {
      "detection_id": 0,
      "class_name": "cow",
      "yolo_class_id": 9,
      "confidence": 0.9244225025177002,
      "bbox_xyxy": [
        125.29220581054688,
        363.979736328125,
        343.416259765625,
        522.7783813476562
      ],
      "bbox_yolo": [
        0.3661784827709198,
        0.6927797794342041,
        0.3408188223838806,
        0.24812288582324982
      ],
      "bbox_width_px": 218.12405395507812,
      "bbox_height_px": 158.79864501953125
    },
    {
      "detection_id": 1,
      "class_name": "cow",
      "yolo_class_id": 9,
      "confidence": 0.8689438700675964,
      "bbox_xyxy": [
        365.0642395019531,
        375.4542541503906,
        513.0931396484375,
        482.8489685058594
      ],
      "bbox_yolo": [
        0.6860604286193848,
        0.6705493927001953,
        0.2312951534986496,
        0.16780424118041992
      ],
      "bbox_width_px": 148.02890014648438,
      "bbox_height_px": 107.39471435546875
    },
    {
      "detection_id": 2,
      "class_name": "cow",
      "yolo_class_id": 9,
      "confidence": 0.5532348155975342,
      "bbox_xyxy": [
        581.838134765625,
        435.75079345703125,
        601.525146484375,
        451.59417724609375
      ],
      "bbox_yolo": [
        0.9245025515556335,
        0.6932382583618164,
        0.030760955065488815,
        0.024755287915468216
      ],
      "bbox_width_px": 19.68701171875,
      "bbox_height_px": 15.8433837890625
    }
  ]
}