{
  "index": 7663,
  "dataframe_iter_index": 7663,
  "image_path": "./datasets/sVOC_FLUXFP8/images/7663.png",
  "image_width": 640,
  "image_height": 640,
  "ground_truth_class": "cow",
  "grounding_prompt": "cow",
  "timestamp": "2026-05-22T12:45:53.719869",
  "num_detections": 1,
  "detections": [
    {
      "detection_id": 0,
      "class_name": "cow",
      "yolo_class_id": 9,
      "confidence": 0.9763083457946777,
      "bbox_xyxy": [
        201.86904907226562,
        350.0634460449219,
        400.8831481933594,
        484.9558410644531
      ],
      "bbox_yolo": [
        0.47090014815330505,
        0.6523588299751282,
        0.31095951795578003,
        0.21076937019824982
      ],
      "bbox_width_px": 199.01409912109375,
      "bbox_height_px": 134.89239501953125
    }
  ]
}