{
  "index": 7671,
  "dataframe_iter_index": 7671,
  "image_path": "./datasets/sVOC_FLUXFP8/images/7671.png",
  "image_width": 640,
  "image_height": 640,
  "ground_truth_class": "cow",
  "grounding_prompt": "cow",
  "timestamp": "2026-05-22T12:46:05.211636",
  "num_detections": 1,
  "detections": [
    {
      "detection_id": 0,
      "class_name": "cow",
      "yolo_class_id": 9,
      "confidence": 0.9732945561408997,
      "bbox_xyxy": [
        131.6157989501953,
        251.19058227539062,
        479.2435302734375,
        502.6095886230469
      ],
      "bbox_yolo": [
        0.4772338271141052,
        0.5889064073562622,
        0.5431683659553528,
        0.39284220337867737
      ],
      "bbox_width_px": 347.62774658203125,
      "bbox_height_px": 251.41900634765625
    }
  ]
}