{
  "index": 7717,
  "dataframe_iter_index": 7717,
  "image_path": "./datasets/sVOC_FLUXFP8/images/7717.png",
  "image_width": 640,
  "image_height": 640,
  "ground_truth_class": "cow",
  "grounding_prompt": "cow",
  "timestamp": "2026-05-22T12:47:09.953736",
  "num_detections": 2,
  "detections": [
    {
      "detection_id": 0,
      "class_name": "cow",
      "yolo_class_id": 9,
      "confidence": 0.8787333965301514,
      "bbox_xyxy": [
        44.936614990234375,
        203.68896484375,
        368.1106262207031,
        639.413330078125
      ],
      "bbox_yolo": [
        0.3226931691169739,
        0.6586736440658569,
        0.5049594044685364,
        0.6808193325996399
      ],
      "bbox_width_px": 323.17401123046875,
      "bbox_height_px": 435.724365234375
    },
    {
      "detection_id": 1,
      "class_name": "cow",
      "yolo_class_id": 9,
      "confidence": 0.839194655418396,
      "bbox_xyxy": [
        333.7449645996094,
        158.478759765625,
        636.26025390625,
        639.2086181640625
      ],
      "bbox_yolo": [
        0.7578166127204895,
        0.6231932640075684,
        0.47268015146255493,
        0.7511404156684875
      ],
      "bbox_width_px": 302.5152893066406,
      "bbox_height_px": 480.7298583984375
    }
  ]
}