{
  "index": 7722,
  "dataframe_iter_index": 7722,
  "image_path": "./datasets/sVOC_FLUXFP8/images/7722.png",
  "image_width": 640,
  "image_height": 640,
  "ground_truth_class": "cow",
  "grounding_prompt": "cow",
  "timestamp": "2026-05-22T12:47:16.934996",
  "num_detections": 3,
  "detections": [
    {
      "detection_id": 0,
      "class_name": "cow",
      "yolo_class_id": 9,
      "confidence": 0.7813332080841064,
      "bbox_xyxy": [
        368.5589904785156,
        258.6201171875,
        597.0504150390625,
        587.6439819335938
      ],
      "bbox_yolo": [
        0.754382312297821,
        0.6611438393592834,
        0.35701784491539,
        0.5140997767448425
      ],
      "bbox_width_px": 228.49142456054688,
      "bbox_height_px": 329.02386474609375
    },
    {
      "detection_id": 1,
      "class_name": "cow",
      "yolo_class_id": 9,
      "confidence": 0.7659599781036377,
      "bbox_xyxy": [
        172.37680053710938,
        233.15635681152344,
        425.6039123535156,
        580.1964111328125
      ],
      "bbox_yolo": [
        0.46717244386672974,
        0.6354318857192993,
        0.3956673741340637,
        0.5422500371932983
      ],
      "bbox_width_px": 253.22711181640625,
      "bbox_height_px": 347.0400390625
    },
    {
      "detection_id": 2,
      "class_name": "cow",
      "yolo_class_id": 9,
      "confidence": 0.7373247146606445,
      "bbox_xyxy": [
        16.838150024414062,
        243.1587677001953,
        244.88392639160156,
        574.7163696289062
      ],
      "bbox_yolo": [
        0.20447036623954773,
        0.6389649510383606,
        0.3563215136528015,
        0.5180587768554688
      ],
      "bbox_width_px": 228.0457763671875,
      "bbox_height_px": 331.5576171875
    }
  ]
}