{
  "index": 7725,
  "dataframe_iter_index": 7725,
  "image_path": "./datasets/sVOC_FLUXFP8/images/7725.png",
  "image_width": 640,
  "image_height": 640,
  "ground_truth_class": "cow",
  "grounding_prompt": "cow",
  "timestamp": "2026-05-22T12:47:21.034133",
  "num_detections": 2,
  "detections": [
    {
      "detection_id": 0,
      "class_name": "cow",
      "yolo_class_id": 9,
      "confidence": 0.8916627764701843,
      "bbox_xyxy": [
        74.30320739746094,
        234.8063201904297,
        339.99591064453125,
        597.5480346679688
      ],
      "bbox_yolo": [
        0.3236711919307709,
        0.6502768397331238,
        0.41514483094215393,
        0.5667839050292969
      ],
      "bbox_width_px": 265.69268798828125,
      "bbox_height_px": 362.74169921875
    },
    {
      "detection_id": 1,
      "class_name": "cow",
      "yolo_class_id": 9,
      "confidence": 0.8579097390174866,
      "bbox_xyxy": [
        294.8870544433594,
        244.8438720703125,
        481.0677795410156,
        585.6734619140625
      ],
      "bbox_yolo": [
        0.606214702129364,
        0.6488416790962219,
        0.2909073829650879,
        0.5325462222099304
      ],
      "bbox_width_px": 186.18072509765625,
      "bbox_height_px": 340.82958984375
    }
  ]
}