{
  "index": 7733,
  "dataframe_iter_index": 7733,
  "image_path": "./datasets/sVOC_FLUXFP8/images/7733.png",
  "image_width": 640,
  "image_height": 640,
  "ground_truth_class": "cow",
  "grounding_prompt": "cow",
  "timestamp": "2026-05-22T12:47:32.216237",
  "num_detections": 2,
  "detections": [
    {
      "detection_id": 0,
      "class_name": "cow",
      "yolo_class_id": 9,
      "confidence": 0.8835101127624512,
      "bbox_xyxy": [
        74.73188781738281,
        274.0343017578125,
        282.94036865234375,
        586.4219970703125
      ],
      "bbox_yolo": [
        0.27943143248558044,
        0.6722314953804016,
        0.32532575726509094,
        0.48810577392578125
      ],
      "bbox_width_px": 208.20848083496094,
      "bbox_height_px": 312.3876953125
    },
    {
      "detection_id": 1,
      "class_name": "cow",
      "yolo_class_id": 9,
      "confidence": 0.8694223761558533,
      "bbox_xyxy": [
        281.4569091796875,
        262.39306640625,
        586.7597045898438,
        590.5885620117188
      ],
      "bbox_yolo": [
        0.6782942414283752,
        0.666391909122467,
        0.47703561186790466,
        0.5128054618835449
      ],
      "bbox_width_px": 305.30279541015625,
      "bbox_height_px": 328.19549560546875
    }
  ]
}