{
  "index": 7740,
  "dataframe_iter_index": 7740,
  "image_path": "./datasets/sVOC_FLUXFP8/images/7740.png",
  "image_width": 640,
  "image_height": 640,
  "ground_truth_class": "cow",
  "grounding_prompt": "cow",
  "timestamp": "2026-05-22T12:47:42.123757",
  "num_detections": 1,
  "detections": [
    {
      "detection_id": 0,
      "class_name": "cow",
      "yolo_class_id": 9,
      "confidence": 0.9647116661071777,
      "bbox_xyxy": [
        252.33273315429688,
        485.39727783203125,
        375.3345642089844,
        580.3305053710938
      ],
      "bbox_yolo": [
        0.49036508798599243,
        0.8325998187065125,
        0.19219036400318146,
        0.14833316206932068
      ],
      "bbox_width_px": 123.0018310546875,
      "bbox_height_px": 94.9332275390625
    }
  ]
}