{
  "index": 7745,
  "dataframe_iter_index": 7745,
  "image_path": "./datasets/sVOC_FLUXFP8/images/7745.png",
  "image_width": 640,
  "image_height": 640,
  "ground_truth_class": "cow",
  "grounding_prompt": "cow",
  "timestamp": "2026-05-22T12:47:49.057463",
  "num_detections": 2,
  "detections": [
    {
      "detection_id": 0,
      "class_name": "cow",
      "yolo_class_id": 9,
      "confidence": 0.8841162323951721,
      "bbox_xyxy": [
        332.24139404296875,
        131.72268676757812,
        598.76171875,
        639.486083984375
      ],
      "bbox_yolo": [
        0.7273461818695068,
        0.6025068163871765,
        0.4164380133152008,
        0.7933803200721741
      ],
      "bbox_width_px": 266.52032470703125,
      "bbox_height_px": 507.7633972167969
    },
    {
      "detection_id": 1,
      "class_name": "cow",
      "yolo_class_id": 9,
      "confidence": 0.8861238360404968,
      "bbox_xyxy": [
        60.63191223144531,
        117.80889892578125,
        320.29351806640625,
        639.1204223632812
      ],
      "bbox_yolo": [
        0.2975979745388031,
        0.5913510322570801,
        0.4057212769985199,
        0.8145492672920227
      ],
      "bbox_width_px": 259.66162109375,
      "bbox_height_px": 521.3115234375
    }
  ]
}