{
  "index": 7756,
  "dataframe_iter_index": 7756,
  "image_path": "./datasets/sVOC_FLUXFP8/images/7756.png",
  "image_width": 640,
  "image_height": 640,
  "ground_truth_class": "cow",
  "grounding_prompt": "cow",
  "timestamp": "2026-05-22T12:48:04.393633",
  "num_detections": 1,
  "detections": [
    {
      "detection_id": 0,
      "class_name": "cow",
      "yolo_class_id": 9,
      "confidence": 0.9699908494949341,
      "bbox_xyxy": [
        115.39517211914062,
        234.9628143310547,
        510.7452087402344,
        585.0291748046875
      ],
      "bbox_yolo": [
        0.48917216062545776,
        0.6406187415122986,
        0.617734432220459,
        0.5469786524772644
      ],
      "bbox_width_px": 395.35003662109375,
      "bbox_height_px": 350.06634521484375
    }
  ]
}