{
  "index": 7780,
  "dataframe_iter_index": 7780,
  "image_path": "./datasets/sVOC_FLUXFP8/images/7780.png",
  "image_width": 640,
  "image_height": 640,
  "ground_truth_class": "cow",
  "grounding_prompt": "cow",
  "timestamp": "2026-05-22T12:48:38.401857",
  "num_detections": 1,
  "detections": [
    {
      "detection_id": 0,
      "class_name": "cow",
      "yolo_class_id": 9,
      "confidence": 0.9396575093269348,
      "bbox_xyxy": [
        143.61183166503906,
        542.4393920898438,
        190.17726135253906,
        576.0140991210938
      ],
      "bbox_yolo": [
        0.2607727348804474,
        0.8737918138504028,
        0.07275848090648651,
        0.052460480481386185
      ],
      "bbox_width_px": 46.5654296875,
      "bbox_height_px": 33.57470703125
    }
  ]
}