{
  "index": 7801,
  "dataframe_iter_index": 7801,
  "image_path": "./datasets/sVOC_FLUXFP8/images/7801.png",
  "image_width": 640,
  "image_height": 640,
  "ground_truth_class": "cow",
  "grounding_prompt": "cow",
  "timestamp": "2026-05-22T12:49:08.526136",
  "num_detections": 2,
  "detections": [
    {
      "detection_id": 0,
      "class_name": "cow",
      "yolo_class_id": 9,
      "confidence": 0.8686327338218689,
      "bbox_xyxy": [
        310.84716796875,
        158.93508911132812,
        584.8673095703125,
        639.3389892578125
      ],
      "bbox_yolo": [
        0.6997769474983215,
        0.6236516237258911,
        0.42815646529197693,
        0.7506310939788818
      ],
      "bbox_width_px": 274.0201416015625,
      "bbox_height_px": 480.4039001464844
    },
    {
      "detection_id": 1,
      "class_name": "cow",
      "yolo_class_id": 9,
      "confidence": 0.8758328557014465,
      "bbox_xyxy": [
        42.1942138671875,
        130.6787567138672,
        321.1697692871094,
        639.3239135742188
      ],
      "bbox_yolo": [
        0.2838781177997589,
        0.6015645861625671,
        0.4358993172645569,
        0.7947580218315125
      ],
      "bbox_width_px": 278.9755554199219,
      "bbox_height_px": 508.6451416015625
    }
  ]
}