{
  "index": 7806,
  "dataframe_iter_index": 7806,
  "image_path": "./datasets/sVOC_FLUXFP8/images/7806.png",
  "image_width": 640,
  "image_height": 640,
  "ground_truth_class": "cow",
  "grounding_prompt": "cow",
  "timestamp": "2026-05-22T12:49:15.653844",
  "num_detections": 3,
  "detections": [
    {
      "detection_id": 0,
      "class_name": "cow",
      "yolo_class_id": 9,
      "confidence": 0.7226483225822449,
      "bbox_xyxy": [
        363.6888732910156,
        242.12054443359375,
        614.0142822265625,
        639.427001953125
      ],
      "bbox_yolo": [
        0.7638305425643921,
        0.688709020614624,
        0.39113345742225647,
        0.6207913160324097
      ],
      "bbox_width_px": 250.32540893554688,
      "bbox_height_px": 397.30645751953125
    },
    {
      "detection_id": 1,
      "class_name": "cow",
      "yolo_class_id": 9,
      "confidence": 0.6625046730041504,
      "bbox_xyxy": [
        23.829444885253906,
        252.62753295898438,
        252.80291748046875,
        639.369873046875
      ],
      "bbox_yolo": [
        0.21611902117729187,
        0.6968730092048645,
        0.3577710688114166,
        0.6042848825454712
      ],
      "bbox_width_px": 228.97348022460938,
      "bbox_height_px": 386.7423400878906
    },
    {
      "detection_id": 2,
      "class_name": "cow",
      "yolo_class_id": 9,
      "confidence": 0.6487953662872314,
      "bbox_xyxy": [
        199.02804565429688,
        221.06399536132812,
        426.6054992675781,
        639.7025146484375
      ],
      "bbox_yolo": [
        0.48877620697021484,
        0.6724737882614136,
        0.35558977723121643,
        0.6541227102279663
      ],
      "bbox_width_px": 227.57745361328125,
      "bbox_height_px": 418.6385192871094
    }
  ]
}