{
  "index": 7808,
  "dataframe_iter_index": 7808,
  "image_path": "./datasets/sVOC_FLUXFP8/images/7808.png",
  "image_width": 640,
  "image_height": 640,
  "ground_truth_class": "cow",
  "grounding_prompt": "cow",
  "timestamp": "2026-05-22T12:49:18.620921",
  "num_detections": 1,
  "detections": [
    {
      "detection_id": 0,
      "class_name": "cow",
      "yolo_class_id": 9,
      "confidence": 0.972104549407959,
      "bbox_xyxy": [
        94.68600463867188,
        250.90496826171875,
        509.8744201660156,
        628.6577758789062
      ],
      "bbox_yolo": [
        0.4723128378391266,
        0.6871584057807922,
        0.6487318873405457,
        0.5902387499809265
      ],
      "bbox_width_px": 415.18841552734375,
      "bbox_height_px": 377.7528076171875
    }
  ]
}