{
  "index": 7817,
  "dataframe_iter_index": 7817,
  "image_path": "./datasets/sVOC_FLUXFP8/images/7817.png",
  "image_width": 640,
  "image_height": 640,
  "ground_truth_class": "cow",
  "grounding_prompt": "cow",
  "timestamp": "2026-05-22T12:49:31.502703",
  "num_detections": 2,
  "detections": [
    {
      "detection_id": 0,
      "class_name": "cow",
      "yolo_class_id": 9,
      "confidence": 0.8932651281356812,
      "bbox_xyxy": [
        347.8780822753906,
        192.44981384277344,
        569.572509765625,
        637.3961181640625
      ],
      "bbox_yolo": [
        0.7167582511901855,
        0.6483171582221985,
        0.3463975489139557,
        0.6952285766601562
      ],
      "bbox_width_px": 221.69442749023438,
      "bbox_height_px": 444.9462890625
    },
    {
      "detection_id": 1,
      "class_name": "cow",
      "yolo_class_id": 9,
      "confidence": 0.9028410911560059,
      "bbox_xyxy": [
        71.45416259765625,
        193.33143615722656,
        338.79620361328125,
        639.14306640625
      ],
      "bbox_yolo": [
        0.32050809264183044,
        0.650370717048645,
        0.4177219271659851,
        0.696580708026886
      ],
      "bbox_width_px": 267.342041015625,
      "bbox_height_px": 445.8116455078125
    }
  ]
}