{
  "index": 7876,
  "dataframe_iter_index": 7876,
  "image_path": "./datasets/sVOC_FLUXFP8/images/7876.png",
  "image_width": 640,
  "image_height": 640,
  "ground_truth_class": "cow",
  "grounding_prompt": "cow",
  "timestamp": "2026-05-22T12:50:55.101758",
  "num_detections": 1,
  "detections": [
    {
      "detection_id": 0,
      "class_name": "cow",
      "yolo_class_id": 9,
      "confidence": 0.9602851271629333,
      "bbox_xyxy": [
        125.12149047851562,
        173.16824340820312,
        491.7973327636719,
        611.3592529296875
      ],
      "bbox_yolo": [
        0.48196783661842346,
        0.6129120588302612,
        0.5729309916496277,
        0.6846734285354614
      ],
      "bbox_width_px": 366.67584228515625,
      "bbox_height_px": 438.1910095214844
    }
  ]
}