{
  "index": 7903,
  "dataframe_iter_index": 7903,
  "image_path": "./datasets/sVOC_FLUXFP8/images/7903.png",
  "image_width": 640,
  "image_height": 640,
  "ground_truth_class": "cow",
  "grounding_prompt": "cow",
  "timestamp": "2026-05-22T12:51:33.024507",
  "num_detections": 1,
  "detections": [
    {
      "detection_id": 0,
      "class_name": "cow",
      "yolo_class_id": 9,
      "confidence": 0.9524863362312317,
      "bbox_xyxy": [
        130.34185791015625,
        166.50390625,
        512.237548828125,
        639.572509765625
      ],
      "bbox_yolo": [
        0.5020151734352112,
        0.629747211933136,
        0.5967119932174683,
        0.739169716835022
      ],
      "bbox_width_px": 381.89569091796875,
      "bbox_height_px": 473.068603515625
    }
  ]
}