{
  "index": 791,
  "dataframe_iter_index": 791,
  "image_path": "./datasets/sVOC_FLUXFP8/images/791.png",
  "image_width": 640,
  "image_height": 640,
  "ground_truth_class": "aeroplane",
  "grounding_prompt": "aeroplane",
  "timestamp": "2026-05-22T10:21:05.059120",
  "num_detections": 1,
  "detections": [
    {
      "detection_id": 0,
      "class_name": "aeroplane",
      "yolo_class_id": 0,
      "confidence": 0.7211397886276245,
      "bbox_xyxy": [
        163.40802001953125,
        350.8659362792969,
        337.6397705078125,
        420.9361267089844
      ],
      "bbox_yolo": [
        0.3914435803890228,
        0.6029703617095947,
        0.2722371220588684,
        0.10948467254638672
      ],
      "bbox_width_px": 174.23175048828125,
      "bbox_height_px": 70.0701904296875
    }
  ]
}