{
  "index": 7914,
  "dataframe_iter_index": 7914,
  "image_path": "./datasets/sVOC_FLUXFP8/images/7914.png",
  "image_width": 640,
  "image_height": 640,
  "ground_truth_class": "cow",
  "grounding_prompt": "cow",
  "timestamp": "2026-05-22T12:51:48.700636",
  "num_detections": 3,
  "detections": [
    {
      "detection_id": 0,
      "class_name": "cow",
      "yolo_class_id": 9,
      "confidence": 0.8202013969421387,
      "bbox_xyxy": [
        408.7598876953125,
        264.8421630859375,
        596.011962890625,
        562.761474609375
      ],
      "bbox_yolo": [
        0.7849780321121216,
        0.646565318107605,
        0.29258137941360474,
        0.4654989242553711
      ],
      "bbox_width_px": 187.2520751953125,
      "bbox_height_px": 297.9193115234375
    },
    {
      "detection_id": 1,
      "class_name": "cow",
      "yolo_class_id": 9,
      "confidence": 0.848715603351593,
      "bbox_xyxy": [
        28.462379455566406,
        251.09912109375,
        233.03729248046875,
        578.0771484375
      ],
      "bbox_yolo": [
        0.20429661870002747,
        0.6477939486503601,
        0.3196483254432678,
        0.5109031796455383
      ],
      "bbox_width_px": 204.57492065429688,
      "bbox_height_px": 326.97802734375
    },
    {
      "detection_id": 2,
      "class_name": "cow",
      "yolo_class_id": 9,
      "confidence": 0.8214737176895142,
      "bbox_xyxy": [
        240.2287139892578,
        258.5008544921875,
        428.40301513671875,
        556.839599609375
      ],
      "bbox_yolo": [
        0.5223685503005981,
        0.6369847059249878,
        0.2940223515033722,
        0.4661542773246765
      ],
      "bbox_width_px": 188.17430114746094,
      "bbox_height_px": 298.3387451171875
    }
  ]
}