{
  "index": 7915,
  "dataframe_iter_index": 7915,
  "image_path": "./datasets/sVOC_FLUXFP8/images/7915.png",
  "image_width": 640,
  "image_height": 640,
  "ground_truth_class": "cow",
  "grounding_prompt": "cow",
  "timestamp": "2026-05-22T12:51:50.041282",
  "num_detections": 1,
  "detections": [
    {
      "detection_id": 0,
      "class_name": "cow",
      "yolo_class_id": 9,
      "confidence": 0.9786449670791626,
      "bbox_xyxy": [
        105.99911499023438,
        246.7004852294922,
        458.1574401855469,
        570.228271484375
      ],
      "bbox_yolo": [
        0.44074732065200806,
        0.6382256150245667,
        0.5502473711967468,
        0.5055121183395386
      ],
      "bbox_width_px": 352.1583251953125,
      "bbox_height_px": 323.52777099609375
    }
  ]
}