{
  "index": 7918,
  "dataframe_iter_index": 7918,
  "image_path": "./datasets/sVOC_FLUXFP8/images/7918.png",
  "image_width": 640,
  "image_height": 640,
  "ground_truth_class": "cow",
  "grounding_prompt": "cow",
  "timestamp": "2026-05-22T12:51:54.404039",
  "num_detections": 3,
  "detections": [
    {
      "detection_id": 0,
      "class_name": "cow",
      "yolo_class_id": 9,
      "confidence": 0.8717945218086243,
      "bbox_xyxy": [
        32.851837158203125,
        243.7714385986328,
        244.19277954101562,
        597.2615966796875
      ],
      "bbox_yolo": [
        0.2164411097764969,
        0.6570570468902588,
        0.33022022247314453,
        0.5523284077644348
      ],
      "bbox_width_px": 211.3409423828125,
      "bbox_height_px": 353.49017333984375
    },
    {
      "detection_id": 1,
      "class_name": "cow",
      "yolo_class_id": 9,
      "confidence": 0.8834899663925171,
      "bbox_xyxy": [
        240.8363494873047,
        244.68959045410156,
        415.51470947265625,
        591.0360717773438
      ],
      "bbox_yolo": [
        0.5127742886543274,
        0.6529106497764587,
        0.2729349434375763,
        0.5411664247512817
      ],
      "bbox_width_px": 174.67835998535156,
      "bbox_height_px": 346.34649658203125
    },
    {
      "detection_id": 2,
      "class_name": "cow",
      "yolo_class_id": 9,
      "confidence": 0.8691667318344116,
      "bbox_xyxy": [
        404.15191650390625,
        257.1856994628906,
        611.6893920898438,
        589.809814453125
      ],
      "bbox_yolo": [
        0.7936260104179382,
        0.6617152094841003,
        0.3242773115634918,
        0.5197252035140991
      ],
      "bbox_width_px": 207.5374755859375,
      "bbox_height_px": 332.6241149902344
    }
  ]
}