{
  "index": 7920,
  "dataframe_iter_index": 7920,
  "image_path": "./datasets/sVOC_FLUXFP8/images/7920.png",
  "image_width": 640,
  "image_height": 640,
  "ground_truth_class": "cow",
  "grounding_prompt": "cow",
  "timestamp": "2026-05-22T12:51:57.051003",
  "num_detections": 1,
  "detections": [
    {
      "detection_id": 0,
      "class_name": "cow",
      "yolo_class_id": 9,
      "confidence": 0.9737229943275452,
      "bbox_xyxy": [
        125.76931762695312,
        242.2665557861328,
        483.2151184082031,
        587.330078125
      ],
      "bbox_yolo": [
        0.4757691025733948,
        0.6481223702430725,
        0.5585090517997742,
        0.5391618013381958
      ],
      "bbox_width_px": 357.44580078125,
      "bbox_height_px": 345.06353759765625
    }
  ]
}