{
  "index": 7934,
  "dataframe_iter_index": 7934,
  "image_path": "./datasets/sVOC_FLUXFP8/images/7934.png",
  "image_width": 640,
  "image_height": 640,
  "ground_truth_class": "cow",
  "grounding_prompt": "cow",
  "timestamp": "2026-05-22T12:52:16.767618",
  "num_detections": 3,
  "detections": [
    {
      "detection_id": 0,
      "class_name": "cow",
      "yolo_class_id": 9,
      "confidence": 0.8795161843299866,
      "bbox_xyxy": [
        47.10877990722656,
        241.3404083251953,
        243.51158142089844,
        607.6525268554688
      ],
      "bbox_yolo": [
        0.2270471602678299,
        0.6632757186889648,
        0.3068793714046478,
        0.5723627209663391
      ],
      "bbox_width_px": 196.40280151367188,
      "bbox_height_px": 366.3121337890625
    },
    {
      "detection_id": 1,
      "class_name": "cow",
      "yolo_class_id": 9,
      "confidence": 0.8795291781425476,
      "bbox_xyxy": [
        240.96070861816406,
        231.08877563476562,
        416.3455810546875,
        610.6729736328125
      ],
      "bbox_yolo": [
        0.5135205388069153,
        0.6576263308525085,
        0.2740388512611389,
        0.5931003093719482
      ],
      "bbox_width_px": 175.38487243652344,
      "bbox_height_px": 379.5841979980469
    },
    {
      "detection_id": 2,
      "class_name": "cow",
      "yolo_class_id": 9,
      "confidence": 0.8562039732933044,
      "bbox_xyxy": [
        413.2802734375,
        260.18133544921875,
        601.6287841796875,
        605.4912719726562
      ],
      "bbox_yolo": [
        0.7928977012634277,
        0.6763067245483398,
        0.294294536113739,
        0.5395467877388
      ],
      "bbox_width_px": 188.3485107421875,
      "bbox_height_px": 345.3099365234375
    }
  ]
}