{
  "index": 7948,
  "dataframe_iter_index": 7948,
  "image_path": "./datasets/sVOC_FLUXFP8/images/7948.png",
  "image_width": 640,
  "image_height": 640,
  "ground_truth_class": "cow",
  "grounding_prompt": "cow",
  "timestamp": "2026-05-22T12:52:36.550417",
  "num_detections": 1,
  "detections": [
    {
      "detection_id": 0,
      "class_name": "cow",
      "yolo_class_id": 9,
      "confidence": 0.9725995659828186,
      "bbox_xyxy": [
        91.8232421875,
        252.1848602294922,
        484.691650390625,
        556.940185546875
      ],
      "bbox_yolo": [
        0.45040225982666016,
        0.6321289539337158,
        0.6138569116592407,
        0.47618016600608826
      ],
      "bbox_width_px": 392.868408203125,
      "bbox_height_px": 304.75531005859375
    }
  ]
}