{
  "index": 8,
  "dataframe_iter_index": 8,
  "image_path": "./datasets/sVOC_FLUXFP8/images/8.png",
  "image_width": 640,
  "image_height": 640,
  "ground_truth_class": "aeroplane",
  "grounding_prompt": "aeroplane",
  "timestamp": "2026-05-22T10:06:10.922781",
  "num_detections": 1,
  "detections": [
    {
      "detection_id": 0,
      "class_name": "aeroplane",
      "yolo_class_id": 0,
      "confidence": 0.9551451206207275,
      "bbox_xyxy": [
        104.48295593261719,
        279.6013488769531,
        543.2402954101562,
        422.2687072753906
      ],
      "bbox_yolo": [
        0.5060337781906128,
        0.5483359694480896,
        0.6855583190917969,
        0.22291775047779083
      ],
      "bbox_width_px": 438.75732421875,
      "bbox_height_px": 142.6673583984375
    }
  ]
}