{
  "index": 8022,
  "dataframe_iter_index": 8022,
  "image_path": "./datasets/sVOC_FLUXFP8/images/8022.png",
  "image_width": 640,
  "image_height": 640,
  "ground_truth_class": "diningtable",
  "grounding_prompt": "diningtable",
  "timestamp": "2026-05-22T12:54:19.973422",
  "num_detections": 1,
  "detections": [
    {
      "detection_id": 0,
      "class_name": "diningtable",
      "yolo_class_id": 10,
      "confidence": 0.3571776747703552,
      "bbox_xyxy": [
        183.76190185546875,
        437.3472900390625,
        493.031982421875,
        637.4503173828125
      ],
      "bbox_yolo": [
        0.5287452340126038,
        0.8396856188774109,
        0.4832344949245453,
        0.31266099214553833
      ],
      "bbox_width_px": 309.27008056640625,
      "bbox_height_px": 200.10302734375
    }
  ]
}