{
  "index": 8032,
  "dataframe_iter_index": 8032,
  "image_path": "./datasets/sVOC_FLUXFP8/images/8032.png",
  "image_width": 640,
  "image_height": 640,
  "ground_truth_class": "diningtable",
  "grounding_prompt": "diningtable",
  "timestamp": "2026-05-22T12:54:33.593752",
  "num_detections": 1,
  "detections": [
    {
      "detection_id": 0,
      "class_name": "diningtable",
      "yolo_class_id": 10,
      "confidence": 0.4880358874797821,
      "bbox_xyxy": [
        166.6129913330078,
        395.0711669921875,
        430.410400390625,
        624.3302001953125
      ],
      "bbox_yolo": [
        0.46642452478408813,
        0.7964073419570923,
        0.4121834635734558,
        0.3582172393798828
      ],
      "bbox_width_px": 263.79742431640625,
      "bbox_height_px": 229.259033203125
    }
  ]
}