{
  "index": 8038,
  "dataframe_iter_index": 8038,
  "image_path": "./datasets/sVOC_FLUXFP8/images/8038.png",
  "image_width": 640,
  "image_height": 640,
  "ground_truth_class": "diningtable",
  "grounding_prompt": "diningtable",
  "timestamp": "2026-05-22T12:54:41.779557",
  "num_detections": 1,
  "detections": [
    {
      "detection_id": 0,
      "class_name": "diningtable",
      "yolo_class_id": 10,
      "confidence": 0.3503227233886719,
      "bbox_xyxy": [
        295.0017395019531,
        378.2140197753906,
        372.7201232910156,
        416.6746520996094
      ],
      "bbox_yolo": [
        0.5216577053070068,
        0.6210067868232727,
        0.12143497169017792,
        0.06009473651647568
      ],
      "bbox_width_px": 77.7183837890625,
      "bbox_height_px": 38.46063232421875
    }
  ]
}