{
  "index": 804,
  "dataframe_iter_index": 804,
  "image_path": "./datasets/sVOC_FLUXFP8/images/804.png",
  "image_width": 640,
  "image_height": 640,
  "ground_truth_class": "bicycle",
  "grounding_prompt": "bicycle",
  "timestamp": "2026-05-22T10:21:19.558580",
  "num_detections": 1,
  "detections": [
    {
      "detection_id": 0,
      "class_name": "bicycle",
      "yolo_class_id": 1,
      "confidence": 0.9708031415939331,
      "bbox_xyxy": [
        69.53938293457031,
        345.1947937011719,
        527.7197875976562,
        621.663818359375
      ],
      "bbox_yolo": [
        0.4666087031364441,
        0.7553583383560181,
        0.7159069180488586,
        0.4319828450679779
      ],
      "bbox_width_px": 458.180419921875,
      "bbox_height_px": 276.4690246582031
    }
  ]
}