{
  "index": 8232,
  "dataframe_iter_index": 8232,
  "image_path": "./datasets/sVOC_FLUXFP8/images/8232.png",
  "image_width": 640,
  "image_height": 640,
  "ground_truth_class": "diningtable",
  "grounding_prompt": "diningtable",
  "timestamp": "2026-05-22T12:59:07.316918",
  "num_detections": 1,
  "detections": [
    {
      "detection_id": 0,
      "class_name": "diningtable",
      "yolo_class_id": 10,
      "confidence": 0.3692851960659027,
      "bbox_xyxy": [
        74.26063537597656,
        363.7830505371094,
        492.0853271484375,
        638.613525390625
      ],
      "bbox_yolo": [
        0.44245776534080505,
        0.7831223607063293,
        0.6528511047363281,
        0.42942261695861816
      ],
      "bbox_width_px": 417.82470703125,
      "bbox_height_px": 274.8304748535156
    }
  ]
}