{
  "index": 8245,
  "dataframe_iter_index": 8245,
  "image_path": "./datasets/sVOC_FLUXFP8/images/8245.png",
  "image_width": 640,
  "image_height": 640,
  "ground_truth_class": "diningtable",
  "grounding_prompt": "diningtable",
  "timestamp": "2026-05-22T12:59:25.114672",
  "num_detections": 1,
  "detections": [
    {
      "detection_id": 0,
      "class_name": "diningtable",
      "yolo_class_id": 10,
      "confidence": 0.45922112464904785,
      "bbox_xyxy": [
        1.896728515625,
        245.9278106689453,
        638.130859375,
        637.4422607421875
      ],
      "bbox_yolo": [
        0.5000215768814087,
        0.6901328563690186,
        0.9941158294677734,
        0.6117413640022278
      ],
      "bbox_width_px": 636.234130859375,
      "bbox_height_px": 391.51446533203125
    }
  ]
}