{
  "index": 8255,
  "dataframe_iter_index": 8255,
  "image_path": "./datasets/sVOC_FLUXFP8/images/8255.png",
  "image_width": 640,
  "image_height": 640,
  "ground_truth_class": "diningtable",
  "grounding_prompt": "diningtable",
  "timestamp": "2026-05-22T12:59:38.964662",
  "num_detections": 1,
  "detections": [
    {
      "detection_id": 0,
      "class_name": "diningtable",
      "yolo_class_id": 10,
      "confidence": 0.4678512215614319,
      "bbox_xyxy": [
        133.69898986816406,
        303.734130859375,
        553.9051513671875,
        546.2603149414062
      ],
      "bbox_yolo": [
        0.5371907353401184,
        0.6640581488609314,
        0.656572163105011,
        0.3789471685886383
      ],
      "bbox_width_px": 420.2061767578125,
      "bbox_height_px": 242.52618408203125
    }
  ]
}