{
  "index": 8260,
  "dataframe_iter_index": 8260,
  "image_path": "./datasets/sVOC_FLUXFP8/images/8260.png",
  "image_width": 640,
  "image_height": 640,
  "ground_truth_class": "diningtable",
  "grounding_prompt": "diningtable",
  "timestamp": "2026-05-22T12:59:45.852984",
  "num_detections": 1,
  "detections": [
    {
      "detection_id": 0,
      "class_name": "diningtable",
      "yolo_class_id": 10,
      "confidence": 0.39008480310440063,
      "bbox_xyxy": [
        168.11367797851562,
        428.135009765625,
        460.7356872558594,
        633.4102783203125
      ],
      "bbox_yolo": [
        0.49128857254981995,
        0.8293322324752808,
        0.4572218954563141,
        0.3207426071166992
      ],
      "bbox_width_px": 292.62200927734375,
      "bbox_height_px": 205.2752685546875
    }
  ]
}