{
  "index": 8281,
  "dataframe_iter_index": 8281,
  "image_path": "./datasets/sVOC_FLUXFP8/images/8281.png",
  "image_width": 640,
  "image_height": 640,
  "ground_truth_class": "diningtable",
  "grounding_prompt": "diningtable",
  "timestamp": "2026-05-22T13:00:14.938503",
  "num_detections": 2,
  "detections": [
    {
      "detection_id": 0,
      "class_name": "diningtable",
      "yolo_class_id": 10,
      "confidence": 0.41377368569374084,
      "bbox_xyxy": [
        110.14974212646484,
        419.6934814453125,
        352.5489501953125,
        554.6844482421875
      ],
      "bbox_yolo": [
        0.3614833652973175,
        0.7612327337265015,
        0.37874874472618103,
        0.21092338860034943
      ],
      "bbox_width_px": 242.39920043945312,
      "bbox_height_px": 134.990966796875
    },
    {
      "detection_id": 1,
      "class_name": "diningtable",
      "yolo_class_id": 10,
      "confidence": 0.4271703064441681,
      "bbox_xyxy": [
        297.98016357421875,
        433.6448059082031,
        570.1110229492188,
        613.5779418945312
      ],
      "bbox_yolo": [
        0.6781962513923645,
        0.8181427717208862,
        0.42520445585250854,
        0.28114551305770874
      ],
      "bbox_width_px": 272.130859375,
      "bbox_height_px": 179.93313598632812
    }
  ]
}