{
  "index": 8293,
  "dataframe_iter_index": 8293,
  "image_path": "./datasets/sVOC_FLUXFP8/images/8293.png",
  "image_width": 640,
  "image_height": 640,
  "ground_truth_class": "diningtable",
  "grounding_prompt": "diningtable",
  "timestamp": "2026-05-22T13:00:31.313939",
  "num_detections": 1,
  "detections": [
    {
      "detection_id": 0,
      "class_name": "diningtable",
      "yolo_class_id": 10,
      "confidence": 0.3595360219478607,
      "bbox_xyxy": [
        131.21298217773438,
        424.62860107421875,
        501.9742736816406,
        638.2136840820312
      ],
      "bbox_yolo": [
        0.4946775436401367,
        0.8303455114364624,
        0.5793145298957825,
        0.333726704120636
      ],
      "bbox_width_px": 370.76129150390625,
      "bbox_height_px": 213.5850830078125
    }
  ]
}