{
  "index": 8379,
  "dataframe_iter_index": 8379,
  "image_path": "./datasets/sVOC_FLUXFP8/images/8379.png",
  "image_width": 640,
  "image_height": 640,
  "ground_truth_class": "diningtable",
  "grounding_prompt": "diningtable",
  "timestamp": "2026-05-22T13:02:28.247752",
  "num_detections": 1,
  "detections": [
    {
      "detection_id": 0,
      "class_name": "diningtable",
      "yolo_class_id": 10,
      "confidence": 0.4567980468273163,
      "bbox_xyxy": [
        191.18838500976562,
        439.05743408203125,
        452.2021179199219,
        632.8967895507812
      ],
      "bbox_yolo": [
        0.5026488304138184,
        0.8374642133712769,
        0.4078339636325836,
        0.30287399888038635
      ],
      "bbox_width_px": 261.01373291015625,
      "bbox_height_px": 193.83935546875
    }
  ]
}