{
  "index": 8473,
  "dataframe_iter_index": 8473,
  "image_path": "./datasets/sVOC_FLUXFP8/images/8473.png",
  "image_width": 640,
  "image_height": 640,
  "ground_truth_class": "diningtable",
  "grounding_prompt": "diningtable",
  "timestamp": "2026-05-22T13:04:35.895507",
  "num_detections": 1,
  "detections": [
    {
      "detection_id": 0,
      "class_name": "diningtable",
      "yolo_class_id": 10,
      "confidence": 0.3727158308029175,
      "bbox_xyxy": [
        372.88079833984375,
        407.6324462890625,
        555.650634765625,
        544.91455078125
      ],
      "bbox_yolo": [
        0.7254151701927185,
        0.7441773414611816,
        0.2855778634548187,
        0.21450328826904297
      ],
      "bbox_width_px": 182.76983642578125,
      "bbox_height_px": 137.2821044921875
    }
  ]
}