{
  "index": 8489,
  "dataframe_iter_index": 8489,
  "image_path": "./datasets/sVOC_FLUXFP8/images/8489.png",
  "image_width": 640,
  "image_height": 640,
  "ground_truth_class": "diningtable",
  "grounding_prompt": "diningtable",
  "timestamp": "2026-05-22T13:04:57.763699",
  "num_detections": 1,
  "detections": [
    {
      "detection_id": 0,
      "class_name": "diningtable",
      "yolo_class_id": 10,
      "confidence": 0.35503000020980835,
      "bbox_xyxy": [
        17.931793212890625,
        416.6900634765625,
        572.004150390625,
        637.3663330078125
      ],
      "bbox_yolo": [
        0.46088743209838867,
        0.823481559753418,
        0.8657380938529968,
        0.3448066711425781
      ],
      "bbox_width_px": 554.0723876953125,
      "bbox_height_px": 220.67626953125
    }
  ]
}