{
  "index": 8499,
  "dataframe_iter_index": 8499,
  "image_path": "./datasets/sVOC_FLUXFP8/images/8499.png",
  "image_width": 640,
  "image_height": 640,
  "ground_truth_class": "diningtable",
  "grounding_prompt": "diningtable",
  "timestamp": "2026-05-22T13:05:11.240038",
  "num_detections": 1,
  "detections": [
    {
      "detection_id": 0,
      "class_name": "diningtable",
      "yolo_class_id": 10,
      "confidence": 0.424935519695282,
      "bbox_xyxy": [
        211.6424560546875,
        331.05426025390625,
        448.72283935546875,
        564.3237915039062
      ],
      "bbox_yolo": [
        0.5159103870391846,
        0.6995140910148621,
        0.3704380989074707,
        0.36448365449905396
      ],
      "bbox_width_px": 237.08038330078125,
      "bbox_height_px": 233.26953125
    }
  ]
}