{
  "index": 8512,
  "dataframe_iter_index": 8512,
  "image_path": "./datasets/sVOC_FLUXFP8/images/8512.png",
  "image_width": 640,
  "image_height": 640,
  "ground_truth_class": "diningtable",
  "grounding_prompt": "diningtable",
  "timestamp": "2026-05-22T13:05:29.280755",
  "num_detections": 1,
  "detections": [
    {
      "detection_id": 0,
      "class_name": "diningtable",
      "yolo_class_id": 10,
      "confidence": 0.37564340233802795,
      "bbox_xyxy": [
        1.41766357421875,
        439.8033447265625,
        638.60400390625,
        637.3262939453125
      ],
      "bbox_yolo": [
        0.5000169277191162,
        0.8415075540542603,
        0.9956036806106567,
        0.3086296021938324
      ],
      "bbox_width_px": 637.1863403320312,
      "bbox_height_px": 197.52294921875
    }
  ]
}