{
  "index": 8541,
  "dataframe_iter_index": 8541,
  "image_path": "./datasets/sVOC_FLUXFP8/images/8541.png",
  "image_width": 640,
  "image_height": 640,
  "ground_truth_class": "diningtable",
  "grounding_prompt": "diningtable",
  "timestamp": "2026-05-22T13:06:08.996175",
  "num_detections": 1,
  "detections": [
    {
      "detection_id": 0,
      "class_name": "diningtable",
      "yolo_class_id": 10,
      "confidence": 0.3900369703769684,
      "bbox_xyxy": [
        36.455291748046875,
        439.2618408203125,
        606.70263671875,
        638.3348388671875
      ],
      "bbox_yolo": [
        0.502467155456543,
        0.8418723940849304,
        0.8910114169120789,
        0.31105154752731323
      ],
      "bbox_width_px": 570.247314453125,
      "bbox_height_px": 199.072998046875
    }
  ]
}