{
  "index": 8580,
  "dataframe_iter_index": 8580,
  "image_path": "./datasets/sVOC_FLUXFP8/images/8580.png",
  "image_width": 640,
  "image_height": 640,
  "ground_truth_class": "diningtable",
  "grounding_prompt": "diningtable",
  "timestamp": "2026-05-22T13:07:02.636259",
  "num_detections": 1,
  "detections": [
    {
      "detection_id": 0,
      "class_name": "diningtable",
      "yolo_class_id": 10,
      "confidence": 0.4916940927505493,
      "bbox_xyxy": [
        164.6786346435547,
        395.2930908203125,
        476.9595947265625,
        637.9970703125
      ],
      "bbox_yolo": [
        0.501279890537262,
        0.8072579503059387,
        0.4879389703273773,
        0.379224956035614
      ],
      "bbox_width_px": 312.28094482421875,
      "bbox_height_px": 242.7039794921875
    }
  ]
}