{
  "index": 8626,
  "dataframe_iter_index": 8626,
  "image_path": "./datasets/sVOC_FLUXFP8/images/8626.png",
  "image_width": 640,
  "image_height": 640,
  "ground_truth_class": "diningtable",
  "grounding_prompt": "diningtable",
  "timestamp": "2026-05-22T13:08:06.453433",
  "num_detections": 1,
  "detections": [
    {
      "detection_id": 0,
      "class_name": "diningtable",
      "yolo_class_id": 10,
      "confidence": 0.4457797706127167,
      "bbox_xyxy": [
        159.30157470703125,
        422.301025390625,
        480.70367431640625,
        637.655517578125
      ],
      "bbox_yolo": [
        0.5000041127204895,
        0.828091025352478,
        0.5021907687187195,
        0.3364914059638977
      ],
      "bbox_width_px": 321.402099609375,
      "bbox_height_px": 215.3544921875
    }
  ]
}