{
  "index": 8647,
  "dataframe_iter_index": 8647,
  "image_path": "./datasets/sVOC_FLUXFP8/images/8647.png",
  "image_width": 640,
  "image_height": 640,
  "ground_truth_class": "diningtable",
  "grounding_prompt": "diningtable",
  "timestamp": "2026-05-22T13:08:35.333798",
  "num_detections": 1,
  "detections": [
    {
      "detection_id": 0,
      "class_name": "diningtable",
      "yolo_class_id": 10,
      "confidence": 0.3721977472305298,
      "bbox_xyxy": [
        88.29331970214844,
        330.1651611328125,
        512.7809448242188,
        596.3603515625
      ],
      "bbox_yolo": [
        0.4695892930030823,
        0.7238480448722839,
        0.663261890411377,
        0.41592997312545776
      ],
      "bbox_width_px": 424.48760986328125,
      "bbox_height_px": 266.1951904296875
    }
  ]
}