{
  "index": 8648,
  "dataframe_iter_index": 8648,
  "image_path": "./datasets/sVOC_FLUXFP8/images/8648.png",
  "image_width": 640,
  "image_height": 640,
  "ground_truth_class": "diningtable",
  "grounding_prompt": "diningtable",
  "timestamp": "2026-05-22T13:08:36.660711",
  "num_detections": 1,
  "detections": [
    {
      "detection_id": 0,
      "class_name": "diningtable",
      "yolo_class_id": 10,
      "confidence": 0.4075460433959961,
      "bbox_xyxy": [
        5.472259521484375,
        451.5458068847656,
        637.6768798828125,
        636.169921875
      ],
      "bbox_yolo": [
        0.5024603009223938,
        0.84977787733078,
        0.9878196716308594,
        0.2884751856327057
      ],
      "bbox_width_px": 632.20458984375,
      "bbox_height_px": 184.62411499023438
    }
  ]
}