{
  "index": 8681,
  "dataframe_iter_index": 8681,
  "image_path": "./datasets/sVOC_FLUXFP8/images/8681.png",
  "image_width": 640,
  "image_height": 640,
  "ground_truth_class": "diningtable",
  "grounding_prompt": "diningtable",
  "timestamp": "2026-05-22T13:09:21.730369",
  "num_detections": 1,
  "detections": [
    {
      "detection_id": 0,
      "class_name": "diningtable",
      "yolo_class_id": 10,
      "confidence": 0.3864646255970001,
      "bbox_xyxy": [
        146.1908416748047,
        442.13934326171875,
        536.0543823242188,
        638.7182006835938
      ],
      "bbox_yolo": [
        0.533004105091095,
        0.8444199562072754,
        0.6091617345809937,
        0.30715447664260864
      ],
      "bbox_width_px": 389.863525390625,
      "bbox_height_px": 196.578857421875
    }
  ]
}