{
  "index": 8696,
  "dataframe_iter_index": 8696,
  "image_path": "./datasets/sVOC_FLUXFP8/images/8696.png",
  "image_width": 640,
  "image_height": 640,
  "ground_truth_class": "diningtable",
  "grounding_prompt": "diningtable",
  "timestamp": "2026-05-22T13:09:42.527592",
  "num_detections": 1,
  "detections": [
    {
      "detection_id": 0,
      "class_name": "diningtable",
      "yolo_class_id": 10,
      "confidence": 0.5596060156822205,
      "bbox_xyxy": [
        90.89920043945312,
        262.1575927734375,
        487.3937683105469,
        638.2305908203125
      ],
      "bbox_yolo": [
        0.451791375875473,
        0.7034282684326172,
        0.619522750377655,
        0.5876140594482422
      ],
      "bbox_width_px": 396.49456787109375,
      "bbox_height_px": 376.072998046875
    }
  ]
}