{
  "index": 87,
  "dataframe_iter_index": 87,
  "image_path": "./datasets/sVOC_FLUXFP8/images/87.png",
  "image_width": 640,
  "image_height": 640,
  "ground_truth_class": "aeroplane",
  "grounding_prompt": "aeroplane",
  "timestamp": "2026-05-22T10:07:40.929092",
  "num_detections": 1,
  "detections": [
    {
      "detection_id": 0,
      "class_name": "aeroplane",
      "yolo_class_id": 0,
      "confidence": 0.9487970471382141,
      "bbox_xyxy": [
        238.3126220703125,
        361.84283447265625,
        399.4285888671875,
        416.56842041015625
      ],
      "bbox_yolo": [
        0.4982353150844574,
        0.6081337928771973,
        0.25174370408058167,
        0.08550872653722763
      ],
      "bbox_width_px": 161.115966796875,
      "bbox_height_px": 54.7255859375
    }
  ]
}