{
  "index": 8728,
  "dataframe_iter_index": 8728,
  "image_path": "./datasets/sVOC_FLUXFP8/images/8728.png",
  "image_width": 640,
  "image_height": 640,
  "ground_truth_class": "diningtable",
  "grounding_prompt": "diningtable",
  "timestamp": "2026-05-22T13:10:26.091338",
  "num_detections": 1,
  "detections": [
    {
      "detection_id": 0,
      "class_name": "diningtable",
      "yolo_class_id": 10,
      "confidence": 0.4344744384288788,
      "bbox_xyxy": [
        31.24725341796875,
        440.9388427734375,
        576.2968139648438,
        637.6094970703125
      ],
      "bbox_yolo": [
        0.4746437966823578,
        0.8426159024238586,
        0.8516399264335632,
        0.30729788541793823
      ],
      "bbox_width_px": 545.049560546875,
      "bbox_height_px": 196.670654296875
    }
  ]
}