{
  "index": 8735,
  "dataframe_iter_index": 8735,
  "image_path": "./datasets/sVOC_FLUXFP8/images/8735.png",
  "image_width": 640,
  "image_height": 640,
  "ground_truth_class": "diningtable",
  "grounding_prompt": "diningtable",
  "timestamp": "2026-05-22T13:10:35.644427",
  "num_detections": 1,
  "detections": [
    {
      "detection_id": 0,
      "class_name": "diningtable",
      "yolo_class_id": 10,
      "confidence": 0.44231340289115906,
      "bbox_xyxy": [
        22.708648681640625,
        241.86111450195312,
        638.207275390625,
        636.4493408203125
      ],
      "bbox_yolo": [
        0.5163405537605286,
        0.6861799955368042,
        0.9617166519165039,
        0.6165441274642944
      ],
      "bbox_width_px": 615.4986572265625,
      "bbox_height_px": 394.5882263183594
    }
  ]
}