{
  "index": 8742,
  "dataframe_iter_index": 8742,
  "image_path": "./datasets/sVOC_FLUXFP8/images/8742.png",
  "image_width": 640,
  "image_height": 640,
  "ground_truth_class": "diningtable",
  "grounding_prompt": "diningtable",
  "timestamp": "2026-05-22T13:10:45.176349",
  "num_detections": 1,
  "detections": [
    {
      "detection_id": 0,
      "class_name": "diningtable",
      "yolo_class_id": 10,
      "confidence": 0.3886287808418274,
      "bbox_xyxy": [
        173.5054931640625,
        423.7984619140625,
        536.5396118164062,
        638.2784423828125
      ],
      "bbox_yolo": [
        0.5547227263450623,
        0.8297475576400757,
        0.567240834236145,
        0.3351249694824219
      ],
      "bbox_width_px": 363.03411865234375,
      "bbox_height_px": 214.47998046875
    }
  ]
}