{
  "index": 8755,
  "dataframe_iter_index": 8755,
  "image_path": "./datasets/sVOC_FLUXFP8/images/8755.png",
  "image_width": 640,
  "image_height": 640,
  "ground_truth_class": "diningtable",
  "grounding_prompt": "diningtable",
  "timestamp": "2026-05-22T13:11:03.115130",
  "num_detections": 1,
  "detections": [
    {
      "detection_id": 0,
      "class_name": "diningtable",
      "yolo_class_id": 10,
      "confidence": 0.4622911810874939,
      "bbox_xyxy": [
        204.76405334472656,
        329.5538330078125,
        447.44964599609375,
        575.7454833984375
      ],
      "bbox_yolo": [
        0.509541928768158,
        0.7072650790214539,
        0.3791962265968323,
        0.38467445969581604
      ],
      "bbox_width_px": 242.6855926513672,
      "bbox_height_px": 246.191650390625
    }
  ]
}