{
  "index": 883,
  "dataframe_iter_index": 883,
  "image_path": "./datasets/sVOC_FLUXFP8/images/883.png",
  "image_width": 640,
  "image_height": 640,
  "ground_truth_class": "bicycle",
  "grounding_prompt": "bicycle",
  "timestamp": "2026-05-22T10:22:48.618594",
  "num_detections": 1,
  "detections": [
    {
      "detection_id": 0,
      "class_name": "bicycle",
      "yolo_class_id": 1,
      "confidence": 0.965937614440918,
      "bbox_xyxy": [
        98.5670166015625,
        298.4523010253906,
        508.6986083984375,
        607.85107421875
      ],
      "bbox_yolo": [
        0.47442626953125,
        0.708049476146698,
        0.6408306360244751,
        0.48343557119369507
      ],
      "bbox_width_px": 410.131591796875,
      "bbox_height_px": 309.3987731933594
    }
  ]
}