{
  "index": 8845,
  "dataframe_iter_index": 8845,
  "image_path": "./datasets/sVOC_FLUXFP8/images/8845.png",
  "image_width": 640,
  "image_height": 640,
  "ground_truth_class": "dog",
  "grounding_prompt": "dog",
  "timestamp": "2026-05-22T13:13:08.891614",
  "num_detections": 2,
  "detections": [
    {
      "detection_id": 0,
      "class_name": "dog",
      "yolo_class_id": 11,
      "confidence": 0.9051382541656494,
      "bbox_xyxy": [
        84.41802978515625,
        249.8885955810547,
        303.10198974609375,
        526.6470336914062
      ],
      "bbox_yolo": [
        0.30275002121925354,
        0.6066684722900391,
        0.3416936993598938,
        0.4324350357055664
      ],
      "bbox_width_px": 218.6839599609375,
      "bbox_height_px": 276.7584228515625
    },
    {
      "detection_id": 1,
      "class_name": "dog",
      "yolo_class_id": 11,
      "confidence": 0.8643971681594849,
      "bbox_xyxy": [
        327.848876953125,
        259.509033203125,
        476.56768798828125,
        520.710205078125
      ],
      "bbox_yolo": [
        0.6284504532814026,
        0.6095463037490845,
        0.23237314820289612,
        0.4081268310546875
      ],
      "bbox_width_px": 148.71881103515625,
      "bbox_height_px": 261.201171875
    }
  ]
}