{
  "index": 8849,
  "dataframe_iter_index": 8849,
  "image_path": "./datasets/sVOC_FLUXFP8/images/8849.png",
  "image_width": 640,
  "image_height": 640,
  "ground_truth_class": "dog",
  "grounding_prompt": "dog",
  "timestamp": "2026-05-22T13:13:14.473434",
  "num_detections": 2,
  "detections": [
    {
      "detection_id": 0,
      "class_name": "dog",
      "yolo_class_id": 11,
      "confidence": 0.890022873878479,
      "bbox_xyxy": [
        83.25260162353516,
        166.33074951171875,
        297.7806701660156,
        579.85205078125
      ],
      "bbox_yolo": [
        0.2976822257041931,
        0.5829553008079529,
        0.33520013093948364,
        0.6461270451545715
      ],
      "bbox_width_px": 214.528076171875,
      "bbox_height_px": 413.52130126953125
    },
    {
      "detection_id": 1,
      "class_name": "dog",
      "yolo_class_id": 11,
      "confidence": 0.843766987323761,
      "bbox_xyxy": [
        321.9206237792969,
        190.3892059326172,
        534.0391845703125,
        583.0463256835938
      ],
      "bbox_yolo": [
        0.6687186360359192,
        0.6042464971542358,
        0.33143526315689087,
        0.6135267019271851
      ],
      "bbox_width_px": 212.11856079101562,
      "bbox_height_px": 392.6571044921875
    }
  ]
}