{
  "index": 8853,
  "dataframe_iter_index": 8853,
  "image_path": "./datasets/sVOC_FLUXFP8/images/8853.png",
  "image_width": 640,
  "image_height": 640,
  "ground_truth_class": "dog",
  "grounding_prompt": "dog",
  "timestamp": "2026-05-22T13:13:20.151280",
  "num_detections": 2,
  "detections": [
    {
      "detection_id": 0,
      "class_name": "dog",
      "yolo_class_id": 11,
      "confidence": 0.889213502407074,
      "bbox_xyxy": [
        113.26567840576172,
        270.43023681640625,
        274.14044189453125,
        548.6473999023438
      ],
      "bbox_yolo": [
        0.3026610314846039,
        0.6399043798446655,
        0.2513667941093445,
        0.43471431732177734
      ],
      "bbox_width_px": 160.874755859375,
      "bbox_height_px": 278.2171630859375
    },
    {
      "detection_id": 1,
      "class_name": "dog",
      "yolo_class_id": 11,
      "confidence": 0.8783863186836243,
      "bbox_xyxy": [
        307.2730407714844,
        274.6289978027344,
        437.8882141113281,
        555.762939453125
      ],
      "bbox_yolo": [
        0.5821572542190552,
        0.648743748664856,
        0.20408621430397034,
        0.4392717778682709
      ],
      "bbox_width_px": 130.61517333984375,
      "bbox_height_px": 281.1339416503906
    }
  ]
}