{
  "index": 8860,
  "dataframe_iter_index": 8860,
  "image_path": "./datasets/sVOC_FLUXFP8/images/8860.png",
  "image_width": 640,
  "image_height": 640,
  "ground_truth_class": "dog",
  "grounding_prompt": "dog",
  "timestamp": "2026-05-22T13:13:30.033507",
  "num_detections": 1,
  "detections": [
    {
      "detection_id": 0,
      "class_name": "dog",
      "yolo_class_id": 11,
      "confidence": 0.9672582149505615,
      "bbox_xyxy": [
        265.61676025390625,
        266.18316650390625,
        436.905517578125,
        530.6631469726562
      ],
      "bbox_yolo": [
        0.5488455295562744,
        0.6225361824035645,
        0.2676386833190918,
        0.4132499694824219
      ],
      "bbox_width_px": 171.28875732421875,
      "bbox_height_px": 264.47998046875
    }
  ]
}