{
  "index": 8910,
  "dataframe_iter_index": 8910,
  "image_path": "./datasets/sVOC_FLUXFP8/images/8910.png",
  "image_width": 640,
  "image_height": 640,
  "ground_truth_class": "dog",
  "grounding_prompt": "dog",
  "timestamp": "2026-05-22T13:14:40.021223",
  "num_detections": 3,
  "detections": [
    {
      "detection_id": 0,
      "class_name": "dog",
      "yolo_class_id": 11,
      "confidence": 0.7621548175811768,
      "bbox_xyxy": [
        116.23672485351562,
        278.9576110839844,
        275.9697570800781,
        562.3096923828125
      ],
      "bbox_yolo": [
        0.3064113259315491,
        0.657240092754364,
        0.24958285689353943,
        0.4427376389503479
      ],
      "bbox_width_px": 159.7330322265625,
      "bbox_height_px": 283.3520812988281
    },
    {
      "detection_id": 1,
      "class_name": "dog",
      "yolo_class_id": 11,
      "confidence": 0.7113400101661682,
      "bbox_xyxy": [
        429.8082580566406,
        287.995361328125,
        596.463623046875,
        476.2242431640625
      ],
      "bbox_yolo": [
        0.8017748594284058,
        0.5970465540885925,
        0.2603990137577057,
        0.2941076159477234
      ],
      "bbox_width_px": 166.65536499023438,
      "bbox_height_px": 188.2288818359375
    },
    {
      "detection_id": 2,
      "class_name": "dog",
      "yolo_class_id": 11,
      "confidence": 0.6551279425621033,
      "bbox_xyxy": [
        282.42462158203125,
        280.312744140625,
        392.225341796875,
        518.4127197265625
      ],
      "bbox_yolo": [
        0.5270702838897705,
        0.6240042448043823,
        0.17156362533569336,
        0.37203121185302734
      ],
      "bbox_width_px": 109.80072021484375,
      "bbox_height_px": 238.0999755859375
    }
  ]
}