{
  "index": 8926,
  "dataframe_iter_index": 8926,
  "image_path": "./datasets/sVOC_FLUXFP8/images/8926.png",
  "image_width": 640,
  "image_height": 640,
  "ground_truth_class": "dog",
  "grounding_prompt": "dog",
  "timestamp": "2026-05-22T13:15:02.189471",
  "num_detections": 3,
  "detections": [
    {
      "detection_id": 0,
      "class_name": "dog",
      "yolo_class_id": 11,
      "confidence": 0.8263763189315796,
      "bbox_xyxy": [
        34.87645721435547,
        202.2828369140625,
        258.5450439453125,
        563.3414916992188
      ],
      "bbox_yolo": [
        0.22923555970191956,
        0.598143994808197,
        0.34948214888572693,
        0.5641541481018066
      ],
      "bbox_width_px": 223.6685791015625,
      "bbox_height_px": 361.05865478515625
    },
    {
      "detection_id": 1,
      "class_name": "dog",
      "yolo_class_id": 11,
      "confidence": 0.7104223966598511,
      "bbox_xyxy": [
        368.5260314941406,
        150.13064575195312,
        545.8740234375,
        533.1085205078125
      ],
      "bbox_yolo": [
        0.7143750190734863,
        0.533780574798584,
        0.27710622549057007,
        0.5984029173851013
      ],
      "bbox_width_px": 177.34799194335938,
      "bbox_height_px": 382.9778747558594
    },
    {
      "detection_id": 2,
      "class_name": "dog",
      "yolo_class_id": 11,
      "confidence": 0.4418121576309204,
      "bbox_xyxy": [
        261.9091796875,
        175.23545837402344,
        406.865478515625,
        544.6799926757812
      ],
      "bbox_yolo": [
        0.5224801898002625,
        0.5624339580535889,
        0.2264942228794098,
        0.5772570371627808
      ],
      "bbox_width_px": 144.956298828125,
      "bbox_height_px": 369.44451904296875
    }
  ]
}