{
  "index": 8934,
  "dataframe_iter_index": 8934,
  "image_path": "./datasets/sVOC_FLUXFP8/images/8934.png",
  "image_width": 640,
  "image_height": 640,
  "ground_truth_class": "dog",
  "grounding_prompt": "dog",
  "timestamp": "2026-05-22T13:15:13.423903",
  "num_detections": 3,
  "detections": [
    {
      "detection_id": 0,
      "class_name": "dog",
      "yolo_class_id": 11,
      "confidence": 0.8076293468475342,
      "bbox_xyxy": [
        409.8811340332031,
        346.76910400390625,
        554.01025390625,
        562.5628662109375
      ],
      "bbox_yolo": [
        0.7530401349067688,
        0.7104156017303467,
        0.22520175576210022,
        0.33717775344848633
      ],
      "bbox_width_px": 144.12911987304688,
      "bbox_height_px": 215.79376220703125
    },
    {
      "detection_id": 1,
      "class_name": "dog",
      "yolo_class_id": 11,
      "confidence": 0.800530731678009,
      "bbox_xyxy": [
        113.13015747070312,
        277.41693115234375,
        275.0403137207031,
        565.2154541015625
      ],
      "bbox_yolo": [
        0.30325818061828613,
        0.6583065390586853,
        0.2529846131801605,
        0.4496851861476898
      ],
      "bbox_width_px": 161.91015625,
      "bbox_height_px": 287.79852294921875
    },
    {
      "detection_id": 2,
      "class_name": "dog",
      "yolo_class_id": 11,
      "confidence": 0.7316293716430664,
      "bbox_xyxy": [
        276.2698669433594,
        277.7681884765625,
        379.8111267089844,
        568.7484741210938
      ],
      "bbox_yolo": [
        0.5125632882118225,
        0.66134113073349,
        0.16178321838378906,
        0.4546566903591156
      ],
      "bbox_width_px": 103.541259765625,
      "bbox_height_px": 290.98028564453125
    }
  ]
}