{
  "index": 8982,
  "dataframe_iter_index": 8982,
  "image_path": "./datasets/sVOC_FLUXFP8/images/8982.png",
  "image_width": 640,
  "image_height": 640,
  "ground_truth_class": "dog",
  "grounding_prompt": "dog",
  "timestamp": "2026-05-22T13:16:20.582487",
  "num_detections": 3,
  "detections": [
    {
      "detection_id": 0,
      "class_name": "dog",
      "yolo_class_id": 11,
      "confidence": 0.8612977862358093,
      "bbox_xyxy": [
        425.5176086425781,
        352.849365234375,
        537.9102172851562,
        444.14190673828125
      ],
      "bbox_yolo": [
        0.7526780366897583,
        0.6226494312286377,
        0.17561344802379608,
        0.14264459908008575
      ],
      "bbox_width_px": 112.39260864257812,
      "bbox_height_px": 91.29254150390625
    },
    {
      "detection_id": 1,
      "class_name": "dog",
      "yolo_class_id": 11,
      "confidence": 0.8400847315788269,
      "bbox_xyxy": [
        265.0948486328125,
        285.99737548828125,
        376.1688232421875,
        379.16949462890625
      ],
      "bbox_yolo": [
        0.5009872317314148,
        0.5196616053581238,
        0.17355307936668396,
        0.1455814391374588
      ],
      "bbox_width_px": 111.073974609375,
      "bbox_height_px": 93.172119140625
    },
    {
      "detection_id": 2,
      "class_name": "dog",
      "yolo_class_id": 11,
      "confidence": 0.8779422044754028,
      "bbox_xyxy": [
        128.1243438720703,
        307.2439270019531,
        274.23114013671875,
        430.1043395996094
      ],
      "bbox_yolo": [
        0.314340204000473,
        0.5760533213615417,
        0.22829186916351318,
        0.1919693946838379
      ],
      "bbox_width_px": 146.10679626464844,
      "bbox_height_px": 122.86041259765625
    }
  ]
}