{
  "index": 8995,
  "dataframe_iter_index": 8995,
  "image_path": "./datasets/sVOC_FLUXFP8/images/8995.png",
  "image_width": 640,
  "image_height": 640,
  "ground_truth_class": "dog",
  "grounding_prompt": "dog",
  "timestamp": "2026-05-22T13:16:38.655169",
  "num_detections": 3,
  "detections": [
    {
      "detection_id": 0,
      "class_name": "dog",
      "yolo_class_id": 11,
      "confidence": 0.8467885255813599,
      "bbox_xyxy": [
        97.94860076904297,
        246.8271484375,
        327.2927551269531,
        590.940673828125
      ],
      "bbox_yolo": [
        0.33221980929374695,
        0.6545060873031616,
        0.3583502173423767,
        0.5376774072647095
      ],
      "bbox_width_px": 229.34414672851562,
      "bbox_height_px": 344.113525390625
    },
    {
      "detection_id": 1,
      "class_name": "dog",
      "yolo_class_id": 11,
      "confidence": 0.48794296383857727,
      "bbox_xyxy": [
        368.4068298339844,
        204.59239196777344,
        539.7182006835938,
        343.3260498046875
      ],
      "bbox_yolo": [
        0.70947265625,
        0.428061306476593,
        0.2676740288734436,
        0.21677133440971375
      ],
      "bbox_width_px": 171.31137084960938,
      "bbox_height_px": 138.73365783691406
    },
    {
      "detection_id": 2,
      "class_name": "dog",
      "yolo_class_id": 11,
      "confidence": 0.40805310010910034,
      "bbox_xyxy": [
        316.04638671875,
        215.1927947998047,
        444.3392333984375,
        392.6400146484375
      ],
      "bbox_yolo": [
        0.5940512418746948,
        0.47486940026283264,
        0.20045757293701172,
        0.27726128697395325
      ],
      "bbox_width_px": 128.2928466796875,
      "bbox_height_px": 177.4472198486328
    }
  ]
}