{
  "index": 9026,
  "dataframe_iter_index": 9026,
  "image_path": "./datasets/sVOC_FLUXFP8/images/9026.png",
  "image_width": 640,
  "image_height": 640,
  "ground_truth_class": "dog",
  "grounding_prompt": "dog",
  "timestamp": "2026-05-22T13:17:22.023171",
  "num_detections": 3,
  "detections": [
    {
      "detection_id": 0,
      "class_name": "dog",
      "yolo_class_id": 11,
      "confidence": 0.8236304521560669,
      "bbox_xyxy": [
        75.92033386230469,
        227.65805053710938,
        262.66961669921875,
        541.9893798828125
      ],
      "bbox_yolo": [
        0.2645234167575836,
        0.6012870669364929,
        0.2917957603931427,
        0.4911426901817322
      ],
      "bbox_width_px": 186.74928283691406,
      "bbox_height_px": 314.3313293457031
    },
    {
      "detection_id": 1,
      "class_name": "dog",
      "yolo_class_id": 11,
      "confidence": 0.7760750651359558,
      "bbox_xyxy": [
        236.04507446289062,
        213.47401428222656,
        403.9493103027344,
        533.49658203125
      ],
      "bbox_yolo": [
        0.499995619058609,
        0.5835707783699036,
        0.2623503804206848,
        0.500035285949707
      ],
      "bbox_width_px": 167.90423583984375,
      "bbox_height_px": 320.0225830078125
    },
    {
      "detection_id": 2,
      "class_name": "dog",
      "yolo_class_id": 11,
      "confidence": 0.7774649858474731,
      "bbox_xyxy": [
        410.57550048828125,
        259.8169250488281,
        561.5115356445312,
        532.9149169921875
      ],
      "bbox_yolo": [
        0.7594429850578308,
        0.6193217039108276,
        0.23583754897117615,
        0.426715612411499
      ],
      "bbox_width_px": 150.93603515625,
      "bbox_height_px": 273.0979919433594
    }
  ]
}