{
  "index": 9042,
  "dataframe_iter_index": 9042,
  "image_path": "./datasets/sVOC_FLUXFP8/images/9042.png",
  "image_width": 640,
  "image_height": 640,
  "ground_truth_class": "dog",
  "grounding_prompt": "dog",
  "timestamp": "2026-05-22T13:17:44.219067",
  "num_detections": 3,
  "detections": [
    {
      "detection_id": 0,
      "class_name": "dog",
      "yolo_class_id": 11,
      "confidence": 0.8342314958572388,
      "bbox_xyxy": [
        340.27899169921875,
        158.7036590576172,
        626.1786499023438,
        570.4470825195312
      ],
      "bbox_yolo": [
        0.7550450563430786,
        0.5696490406990051,
        0.4467182159423828,
        0.6433490514755249
      ],
      "bbox_width_px": 285.899658203125,
      "bbox_height_px": 411.743408203125
    },
    {
      "detection_id": 1,
      "class_name": "dog",
      "yolo_class_id": 11,
      "confidence": 0.8179770112037659,
      "bbox_xyxy": [
        1.0618133544921875,
        166.37155151367188,
        322.3985595703125,
        575.0850830078125
      ],
      "bbox_yolo": [
        0.2527034282684326,
        0.5792630314826965,
        0.5020886659622192,
        0.6386148929595947
      ],
      "bbox_width_px": 321.33673095703125,
      "bbox_height_px": 408.7135314941406
    },
    {
      "detection_id": 2,
      "class_name": "dog",
      "yolo_class_id": 11,
      "confidence": 0.636387825012207,
      "bbox_xyxy": [
        268.9585266113281,
        213.03646850585938,
        378.7733459472656,
        555.8228759765625
      ],
      "bbox_yolo": [
        0.5060405135154724,
        0.6006714105606079,
        0.17158564925193787,
        0.5356037616729736
      ],
      "bbox_width_px": 109.8148193359375,
      "bbox_height_px": 342.7864074707031
    }
  ]
}