{
  "index": 9050,
  "dataframe_iter_index": 9050,
  "image_path": "./datasets/sVOC_FLUXFP8/images/9050.png",
  "image_width": 640,
  "image_height": 640,
  "ground_truth_class": "dog",
  "grounding_prompt": "dog",
  "timestamp": "2026-05-22T13:17:55.529570",
  "num_detections": 3,
  "detections": [
    {
      "detection_id": 0,
      "class_name": "dog",
      "yolo_class_id": 11,
      "confidence": 0.8170917630195618,
      "bbox_xyxy": [
        0.5039825439453125,
        176.94776916503906,
        274.033203125,
        579.0419311523438
      ],
      "bbox_yolo": [
        0.2144821584224701,
        0.5906169414520264,
        0.4273894429206848,
        0.6282721757888794
      ],
      "bbox_width_px": 273.52923583984375,
      "bbox_height_px": 402.09417724609375
    },
    {
      "detection_id": 1,
      "class_name": "dog",
      "yolo_class_id": 11,
      "confidence": 0.8100781440734863,
      "bbox_xyxy": [
        360.4537353515625,
        144.80213928222656,
        616.2723388671875,
        568.30419921875
      ],
      "bbox_yolo": [
        0.7630672454833984,
        0.55711430311203,
        0.3997165560722351,
        0.6617220044136047
      ],
      "bbox_width_px": 255.818603515625,
      "bbox_height_px": 423.5020751953125
    },
    {
      "detection_id": 2,
      "class_name": "dog",
      "yolo_class_id": 11,
      "confidence": 0.7300863265991211,
      "bbox_xyxy": [
        250.11483764648438,
        157.2366485595703,
        390.9280090332031,
        573.7750244140625
      ],
      "bbox_yolo": [
        0.5008147358894348,
        0.5711028575897217,
        0.2200205773115158,
        0.650841236114502
      ],
      "bbox_width_px": 140.81317138671875,
      "bbox_height_px": 416.53839111328125
    }
  ]
}