{
  "index": 9058,
  "dataframe_iter_index": 9058,
  "image_path": "./datasets/sVOC_FLUXFP8/images/9058.png",
  "image_width": 640,
  "image_height": 640,
  "ground_truth_class": "dog",
  "grounding_prompt": "dog",
  "timestamp": "2026-05-22T13:18:06.487519",
  "num_detections": 3,
  "detections": [
    {
      "detection_id": 0,
      "class_name": "dog",
      "yolo_class_id": 11,
      "confidence": 0.8488564491271973,
      "bbox_xyxy": [
        409.1851806640625,
        281.92645263671875,
        535.6506958007812,
        557.7088012695312
      ],
      "bbox_yolo": [
        0.7381530404090881,
        0.6559650301933289,
        0.19760236144065857,
        0.4309099316596985
      ],
      "bbox_width_px": 126.46551513671875,
      "bbox_height_px": 275.7823486328125
    },
    {
      "detection_id": 1,
      "class_name": "dog",
      "yolo_class_id": 11,
      "confidence": 0.8342897295951843,
      "bbox_xyxy": [
        104.80746459960938,
        253.15513610839844,
        230.4827880859375,
        560.2735595703125
      ],
      "bbox_yolo": [
        0.261945515871048,
        0.6354911923408508,
        0.19636769592761993,
        0.47987252473831177
      ],
      "bbox_width_px": 125.67532348632812,
      "bbox_height_px": 307.118408203125
    },
    {
      "detection_id": 2,
      "class_name": "dog",
      "yolo_class_id": 11,
      "confidence": 0.8502812385559082,
      "bbox_xyxy": [
        215.1902313232422,
        260.81536865234375,
        389.74072265625,
        566.5131225585938
      ],
      "bbox_yolo": [
        0.47260230779647827,
        0.6463503837585449,
        0.2727351486682892,
        0.47765272855758667
      ],
      "bbox_width_px": 174.5504913330078,
      "bbox_height_px": 305.69775390625
    }
  ]
}