{
  "index": 9066,
  "dataframe_iter_index": 9066,
  "image_path": "./datasets/sVOC_FLUXFP8/images/9066.png",
  "image_width": 640,
  "image_height": 640,
  "ground_truth_class": "dog",
  "grounding_prompt": "dog",
  "timestamp": "2026-05-22T13:18:17.815479",
  "num_detections": 3,
  "detections": [
    {
      "detection_id": 0,
      "class_name": "dog",
      "yolo_class_id": 11,
      "confidence": 0.8210382461547852,
      "bbox_xyxy": [
        393.5614013671875,
        261.0201416015625,
        555.41943359375,
        574.54736328125
      ],
      "bbox_yolo": [
        0.7413913011550903,
        0.6527870893478394,
        0.25290316343307495,
        0.4898862838745117
      ],
      "bbox_width_px": 161.8580322265625,
      "bbox_height_px": 313.5272216796875
    },
    {
      "detection_id": 1,
      "class_name": "dog",
      "yolo_class_id": 11,
      "confidence": 0.8093383312225342,
      "bbox_xyxy": [
        112.55213928222656,
        250.62017822265625,
        274.39019775390625,
        576.65771484375
      ],
      "bbox_yolo": [
        0.3022986948490143,
        0.6463108658790588,
        0.25287196040153503,
        0.5094336271286011
      ],
      "bbox_width_px": 161.8380584716797,
      "bbox_height_px": 326.03753662109375
    },
    {
      "detection_id": 2,
      "class_name": "dog",
      "yolo_class_id": 11,
      "confidence": 0.7858121991157532,
      "bbox_xyxy": [
        266.62030029296875,
        272.6258544921875,
        370.2330322265625,
        583.4091796875
      ],
      "bbox_yolo": [
        0.4975416660308838,
        0.668777346611023,
        0.16189488768577576,
        0.48559895157814026
      ],
      "bbox_width_px": 103.61273193359375,
      "bbox_height_px": 310.7833251953125
    }
  ]
}