{
  "index": 9090,
  "dataframe_iter_index": 9090,
  "image_path": "./datasets/sVOC_FLUXFP8/images/9090.png",
  "image_width": 640,
  "image_height": 640,
  "ground_truth_class": "dog",
  "grounding_prompt": "dog",
  "timestamp": "2026-05-22T13:18:51.630900",
  "num_detections": 3,
  "detections": [
    {
      "detection_id": 0,
      "class_name": "dog",
      "yolo_class_id": 11,
      "confidence": 0.8168454170227051,
      "bbox_xyxy": [
        113.9615249633789,
        253.41925048828125,
        307.8079528808594,
        485.73870849609375
      ],
      "bbox_yolo": [
        0.32950741052627563,
        0.577467143535614,
        0.3028850555419922,
        0.3629991412162781
      ],
      "bbox_width_px": 193.846435546875,
      "bbox_height_px": 232.3194580078125
    },
    {
      "detection_id": 1,
      "class_name": "dog",
      "yolo_class_id": 11,
      "confidence": 0.8047997951507568,
      "bbox_xyxy": [
        384.6334228515625,
        173.57688903808594,
        526.6121826171875,
        463.00201416015625
      ],
      "bbox_yolo": [
        0.711910605430603,
        0.4973272681236267,
        0.22184181213378906,
        0.4522267282009125
      ],
      "bbox_width_px": 141.978759765625,
      "bbox_height_px": 289.42510986328125
    },
    {
      "detection_id": 2,
      "class_name": "dog",
      "yolo_class_id": 11,
      "confidence": 0.8056643605232239,
      "bbox_xyxy": [
        267.8596496582031,
        201.21099853515625,
        413.8500671386719,
        473.29949951171875
      ],
      "bbox_yolo": [
        0.5325857400894165,
        0.5269613265991211,
        0.22811003029346466,
        0.42513829469680786
      ],
      "bbox_width_px": 145.99041748046875,
      "bbox_height_px": 272.0885009765625
    }
  ]
}