{
  "index": 9094,
  "dataframe_iter_index": 9094,
  "image_path": "./datasets/sVOC_FLUXFP8/images/9094.png",
  "image_width": 640,
  "image_height": 640,
  "ground_truth_class": "dog",
  "grounding_prompt": "dog",
  "timestamp": "2026-05-22T13:18:57.071918",
  "num_detections": 3,
  "detections": [
    {
      "detection_id": 0,
      "class_name": "dog",
      "yolo_class_id": 11,
      "confidence": 0.8181235194206238,
      "bbox_xyxy": [
        118.04203796386719,
        284.230712890625,
        280.28558349609375,
        557.7347412109375
      ],
      "bbox_yolo": [
        0.31119346618652344,
        0.6577855348587036,
        0.25350552797317505,
        0.4273500442504883
      ],
      "bbox_width_px": 162.24354553222656,
      "bbox_height_px": 273.5040283203125
    },
    {
      "detection_id": 1,
      "class_name": "dog",
      "yolo_class_id": 11,
      "confidence": 0.7863526344299316,
      "bbox_xyxy": [
        290.13641357421875,
        281.1633605957031,
        450.79364013671875,
        510.6109313964844
      ],
      "bbox_yolo": [
        0.578851580619812,
        0.6185736656188965,
        0.2510269284248352,
        0.3585118353366852
      ],
      "bbox_width_px": 160.6572265625,
      "bbox_height_px": 229.44757080078125
    },
    {
      "detection_id": 2,
      "class_name": "dog",
      "yolo_class_id": 11,
      "confidence": 0.7341853380203247,
      "bbox_xyxy": [
        450.46624755859375,
        354.1396789550781,
        530.576904296875,
        514.7716674804688
      ],
      "bbox_yolo": [
        0.7664399743080139,
        0.6788370013237,
        0.12517289817333221,
        0.2509874701499939
      ],
      "bbox_width_px": 80.11065673828125,
      "bbox_height_px": 160.63198852539062
    }
  ]
}