{
  "index": 9102,
  "dataframe_iter_index": 9102,
  "image_path": "./datasets/sVOC_FLUXFP8/images/9102.png",
  "image_width": 640,
  "image_height": 640,
  "ground_truth_class": "dog",
  "grounding_prompt": "dog",
  "timestamp": "2026-05-22T13:19:08.146078",
  "num_detections": 3,
  "detections": [
    {
      "detection_id": 0,
      "class_name": "dog",
      "yolo_class_id": 11,
      "confidence": 0.8226850032806396,
      "bbox_xyxy": [
        91.67313385009766,
        280.8214416503906,
        250.90347290039062,
        558.1103515625
      ],
      "bbox_yolo": [
        0.2676379680633545,
        0.655415415763855,
        0.24879741668701172,
        0.4332639276981354
      ],
      "bbox_width_px": 159.2303466796875,
      "bbox_height_px": 277.2889099121094
    },
    {
      "detection_id": 1,
      "class_name": "dog",
      "yolo_class_id": 11,
      "confidence": 0.808435320854187,
      "bbox_xyxy": [
        419.0570983886719,
        345.664306640625,
        559.705078125,
        558.7791748046875
      ],
      "bbox_yolo": [
        0.7646579742431641,
        0.7065964937210083,
        0.21976247429847717,
        0.33299198746681213
      ],
      "bbox_width_px": 140.64797973632812,
      "bbox_height_px": 213.1148681640625
    },
    {
      "detection_id": 2,
      "class_name": "dog",
      "yolo_class_id": 11,
      "confidence": 0.7876505851745605,
      "bbox_xyxy": [
        232.04132080078125,
        284.408935546875,
        432.80767822265625,
        563.817626953125
      ],
      "bbox_yolo": [
        0.5194132924079895,
        0.662676990032196,
        0.3136974275112152,
        0.43657606840133667
      ],
      "bbox_width_px": 200.766357421875,
      "bbox_height_px": 279.40869140625
    }
  ]
}