{
  "index": 9125,
  "dataframe_iter_index": 9125,
  "image_path": "./datasets/sVOC_FLUXFP8/images/9125.png",
  "image_width": 640,
  "image_height": 640,
  "ground_truth_class": "dog",
  "grounding_prompt": "dog",
  "timestamp": "2026-05-22T13:19:40.213567",
  "num_detections": 2,
  "detections": [
    {
      "detection_id": 0,
      "class_name": "dog",
      "yolo_class_id": 11,
      "confidence": 0.8775362968444824,
      "bbox_xyxy": [
        298.73565673828125,
        144.01690673828125,
        514.6792602539062,
        549.3764038085938
      ],
      "bbox_yolo": [
        0.6354804039001465,
        0.541713535785675,
        0.33741188049316406,
        0.6333742141723633
      ],
      "bbox_width_px": 215.943603515625,
      "bbox_height_px": 405.3594970703125
    },
    {
      "detection_id": 1,
      "class_name": "dog",
      "yolo_class_id": 11,
      "confidence": 0.8374569416046143,
      "bbox_xyxy": [
        128.4846954345703,
        160.37754821777344,
        280.23388671875,
        596.334228515625
      ],
      "bbox_yolo": [
        0.31931138038635254,
        0.5911810994148254,
        0.23710811138153076,
        0.6811822652816772
      ],
      "bbox_width_px": 151.7491912841797,
      "bbox_height_px": 435.9566650390625
    }
  ]
}