{
  "index": 9134,
  "dataframe_iter_index": 9134,
  "image_path": "./datasets/sVOC_FLUXFP8/images/9134.png",
  "image_width": 640,
  "image_height": 640,
  "ground_truth_class": "dog",
  "grounding_prompt": "dog",
  "timestamp": "2026-05-22T13:19:52.977915",
  "num_detections": 3,
  "detections": [
    {
      "detection_id": 0,
      "class_name": "dog",
      "yolo_class_id": 11,
      "confidence": 0.8616988062858582,
      "bbox_xyxy": [
        363.3515319824219,
        352.4244384765625,
        553.586669921875,
        543.0999755859375
      ],
      "bbox_yolo": [
        0.7163580060005188,
        0.699628472328186,
        0.2972424030303955,
        0.2979305386543274
      ],
      "bbox_width_px": 190.23513793945312,
      "bbox_height_px": 190.675537109375
    },
    {
      "detection_id": 1,
      "class_name": "dog",
      "yolo_class_id": 11,
      "confidence": 0.8693612813949585,
      "bbox_xyxy": [
        57.977630615234375,
        319.16534423828125,
        230.1861572265625,
        584.6959838867188
      ],
      "bbox_yolo": [
        0.2251279652118683,
        0.7061416506767273,
        0.26907581090927124,
        0.41489163041114807
      ],
      "bbox_width_px": 172.20852661132812,
      "bbox_height_px": 265.5306396484375
    },
    {
      "detection_id": 2,
      "class_name": "dog",
      "yolo_class_id": 11,
      "confidence": 0.789718508720398,
      "bbox_xyxy": [
        251.40211486816406,
        364.1278991699219,
        362.333984375,
        559.6990966796875
      ],
      "bbox_yolo": [
        0.4794813096523285,
        0.7217398881912231,
        0.17333105206489563,
        0.3055799901485443
      ],
      "bbox_width_px": 110.93186950683594,
      "bbox_height_px": 195.57119750976562
    }
  ]
}