{
  "index": 9189,
  "dataframe_iter_index": 9189,
  "image_path": "./datasets/sVOC_FLUXFP8/images/9189.png",
  "image_width": 640,
  "image_height": 640,
  "ground_truth_class": "dog",
  "grounding_prompt": "dog",
  "timestamp": "2026-05-22T13:21:10.943347",
  "num_detections": 2,
  "detections": [
    {
      "detection_id": 0,
      "class_name": "dog",
      "yolo_class_id": 11,
      "confidence": 0.850659191608429,
      "bbox_xyxy": [
        296.3079833984375,
        277.94769287109375,
        610.449951171875,
        557.1246948242188
      ],
      "bbox_yolo": [
        0.7084046602249146,
        0.6524003148078918,
        0.49084681272506714,
        0.43621405959129333
      ],
      "bbox_width_px": 314.1419677734375,
      "bbox_height_px": 279.177001953125
    },
    {
      "detection_id": 1,
      "class_name": "dog",
      "yolo_class_id": 11,
      "confidence": 0.7283952832221985,
      "bbox_xyxy": [
        116.81275939941406,
        281.0689392089844,
        310.24365234375,
        524.90087890625
      ],
      "bbox_yolo": [
        0.3336378037929535,
        0.6296639442443848,
        0.30223578214645386,
        0.38098740577697754
      ],
      "bbox_width_px": 193.43089294433594,
      "bbox_height_px": 243.83193969726562
    }
  ]
}