{
  "index": 9197,
  "dataframe_iter_index": 9197,
  "image_path": "./datasets/sVOC_FLUXFP8/images/9197.png",
  "image_width": 640,
  "image_height": 640,
  "ground_truth_class": "dog",
  "grounding_prompt": "dog",
  "timestamp": "2026-05-22T13:21:22.518868",
  "num_detections": 2,
  "detections": [
    {
      "detection_id": 0,
      "class_name": "dog",
      "yolo_class_id": 11,
      "confidence": 0.7529337406158447,
      "bbox_xyxy": [
        115.75740051269531,
        273.9450378417969,
        288.6402587890625,
        528.1605834960938
      ],
      "bbox_yolo": [
        0.3159356713294983,
        0.6266449689865112,
        0.2701294720172882,
        0.39721179008483887
      ],
      "bbox_width_px": 172.8828582763672,
      "bbox_height_px": 254.21554565429688
    },
    {
      "detection_id": 1,
      "class_name": "dog",
      "yolo_class_id": 11,
      "confidence": 0.6023510694503784,
      "bbox_xyxy": [
        266.1070556640625,
        267.8422546386719,
        439.5145263671875,
        522.15966796875
      ],
      "bbox_yolo": [
        0.5512668490409851,
        0.6171890497207642,
        0.27094918489456177,
        0.39737096428871155
      ],
      "bbox_width_px": 173.407470703125,
      "bbox_height_px": 254.31741333007812
    }
  ]
}