{
  "index": 9201,
  "dataframe_iter_index": 9201,
  "image_path": "./datasets/sVOC_FLUXFP8/images/9201.png",
  "image_width": 640,
  "image_height": 640,
  "ground_truth_class": "dog",
  "grounding_prompt": "dog",
  "timestamp": "2026-05-22T13:21:27.898846",
  "num_detections": 2,
  "detections": [
    {
      "detection_id": 0,
      "class_name": "dog",
      "yolo_class_id": 11,
      "confidence": 0.8939599394798279,
      "bbox_xyxy": [
        34.36518859863281,
        163.4641876220703,
        315.754150390625,
        566.6261596679688
      ],
      "bbox_yolo": [
        0.2735307216644287,
        0.5703830718994141,
        0.43967026472091675,
        0.6299406290054321
      ],
      "bbox_width_px": 281.38897705078125,
      "bbox_height_px": 403.1619873046875
    },
    {
      "detection_id": 1,
      "class_name": "dog",
      "yolo_class_id": 11,
      "confidence": 0.85672926902771,
      "bbox_xyxy": [
        282.9783935546875,
        156.23223876953125,
        497.7607421875,
        537.8355102539062
      ],
      "bbox_yolo": [
        0.609952449798584,
        0.5422404408454895,
        0.335597425699234,
        0.5962551236152649
      ],
      "bbox_width_px": 214.7823486328125,
      "bbox_height_px": 381.603271484375
    }
  ]
}