{
  "index": 9209,
  "dataframe_iter_index": 9209,
  "image_path": "./datasets/sVOC_FLUXFP8/images/9209.png",
  "image_width": 640,
  "image_height": 640,
  "ground_truth_class": "dog",
  "grounding_prompt": "dog",
  "timestamp": "2026-05-22T13:21:39.219400",
  "num_detections": 2,
  "detections": [
    {
      "detection_id": 0,
      "class_name": "dog",
      "yolo_class_id": 11,
      "confidence": 0.8590182065963745,
      "bbox_xyxy": [
        98.82438659667969,
        185.53562927246094,
        321.95123291015625,
        558.5603637695312
      ],
      "bbox_yolo": [
        0.328730970621109,
        0.5813249945640564,
        0.3486357033252716,
        0.5828511118888855
      ],
      "bbox_width_px": 223.12684631347656,
      "bbox_height_px": 373.02471923828125
    },
    {
      "detection_id": 1,
      "class_name": "dog",
      "yolo_class_id": 11,
      "confidence": 0.8190762400627136,
      "bbox_xyxy": [
        303.10284423828125,
        145.89794921875,
        523.6353759765625,
        558.0216674804688
      ],
      "bbox_yolo": [
        0.6458892226219177,
        0.5499371886253357,
        0.34458208084106445,
        0.6439433097839355
      ],
      "bbox_width_px": 220.53253173828125,
      "bbox_height_px": 412.12371826171875
    }
  ]
}