{
  "index": 9214,
  "dataframe_iter_index": 9214,
  "image_path": "./datasets/sVOC_FLUXFP8/images/9214.png",
  "image_width": 640,
  "image_height": 640,
  "ground_truth_class": "dog",
  "grounding_prompt": "dog",
  "timestamp": "2026-05-22T13:21:46.259653",
  "num_detections": 3,
  "detections": [
    {
      "detection_id": 0,
      "class_name": "dog",
      "yolo_class_id": 11,
      "confidence": 0.7905780673027039,
      "bbox_xyxy": [
        116.28046417236328,
        279.8334655761719,
        273.7510986328125,
        532.03125
      ],
      "bbox_yolo": [
        0.3047121465206146,
        0.6342693567276001,
        0.24604788422584534,
        0.39405903220176697
      ],
      "bbox_width_px": 157.47064208984375,
      "bbox_height_px": 252.19778442382812
    },
    {
      "detection_id": 1,
      "class_name": "dog",
      "yolo_class_id": 11,
      "confidence": 0.7658253908157349,
      "bbox_xyxy": [
        385.5821228027344,
        174.95266723632812,
        517.8552856445312,
        482.9480285644531
      ],
      "bbox_yolo": [
        0.7058104276657104,
        0.5139849185943604,
        0.20667681097984314,
        0.48124274611473083
      ],
      "bbox_width_px": 132.27316284179688,
      "bbox_height_px": 307.995361328125
    },
    {
      "detection_id": 2,
      "class_name": "dog",
      "yolo_class_id": 11,
      "confidence": 0.74968022108078,
      "bbox_xyxy": [
        267.6825256347656,
        210.6558074951172,
        424.9211120605469,
        512.9186401367188
      ],
      "bbox_yolo": [
        0.541096568107605,
        0.5652925372123718,
        0.24568529427051544,
        0.472285658121109
      ],
      "bbox_width_px": 157.23858642578125,
      "bbox_height_px": 302.2628173828125
    }
  ]
}