{
  "index": 9225,
  "dataframe_iter_index": 9225,
  "image_path": "./datasets/sVOC_FLUXFP8/images/9225.png",
  "image_width": 640,
  "image_height": 640,
  "ground_truth_class": "dog",
  "grounding_prompt": "dog",
  "timestamp": "2026-05-22T13:22:01.834256",
  "num_detections": 2,
  "detections": [
    {
      "detection_id": 0,
      "class_name": "dog",
      "yolo_class_id": 11,
      "confidence": 0.9087783694267273,
      "bbox_xyxy": [
        75.30624389648438,
        236.11056518554688,
        297.16015625,
        636.2474365234375
      ],
      "bbox_yolo": [
        0.29098936915397644,
        0.681529700756073,
        0.3466467261314392,
        0.6252138614654541
      ],
      "bbox_width_px": 221.85391235351562,
      "bbox_height_px": 400.1368713378906
    },
    {
      "detection_id": 1,
      "class_name": "dog",
      "yolo_class_id": 11,
      "confidence": 0.864665687084198,
      "bbox_xyxy": [
        314.81951904296875,
        261.2384948730469,
        477.9820556640625,
        613.0419921875
      ],
      "bbox_yolo": [
        0.6193762421607971,
        0.6830316781997681,
        0.254941463470459,
        0.5496929883956909
      ],
      "bbox_width_px": 163.16253662109375,
      "bbox_height_px": 351.8034973144531
    }
  ]
}