{
  "index": 9226,
  "dataframe_iter_index": 9226,
  "image_path": "./datasets/sVOC_FLUXFP8/images/9226.png",
  "image_width": 640,
  "image_height": 640,
  "ground_truth_class": "dog",
  "grounding_prompt": "dog",
  "timestamp": "2026-05-22T13:22:03.338164",
  "num_detections": 3,
  "detections": [
    {
      "detection_id": 0,
      "class_name": "dog",
      "yolo_class_id": 11,
      "confidence": 0.8557165265083313,
      "bbox_xyxy": [
        387.48583984375,
        287.36541748046875,
        571.6847534179688,
        616.0558471679688
      ],
      "bbox_yolo": [
        0.7493520379066467,
        0.7057978510856628,
        0.2878108024597168,
        0.5135787725448608
      ],
      "bbox_width_px": 184.19891357421875,
      "bbox_height_px": 328.6904296875
    },
    {
      "detection_id": 1,
      "class_name": "dog",
      "yolo_class_id": 11,
      "confidence": 0.8288842439651489,
      "bbox_xyxy": [
        102.93119049072266,
        266.42657470703125,
        240.73001098632812,
        587.3160400390625
      ],
      "bbox_yolo": [
        0.26848530769348145,
        0.6669864058494568,
        0.21531066298484802,
        0.5013898015022278
      ],
      "bbox_width_px": 137.798828125,
      "bbox_height_px": 320.88946533203125
    },
    {
      "detection_id": 2,
      "class_name": "dog",
      "yolo_class_id": 11,
      "confidence": 0.817287266254425,
      "bbox_xyxy": [
        223.66317749023438,
        272.1686096191406,
        381.6259460449219,
        621.1214599609375
      ],
      "bbox_yolo": [
        0.47288212180137634,
        0.6978828310966492,
        0.24681682884693146,
        0.5452388525009155
      ],
      "bbox_width_px": 157.9627685546875,
      "bbox_height_px": 348.9528503417969
    }
  ]
}