{
  "index": 9236,
  "dataframe_iter_index": 9236,
  "image_path": "./datasets/sVOC_FLUXFP8/images/9236.png",
  "image_width": 640,
  "image_height": 640,
  "ground_truth_class": "dog",
  "grounding_prompt": "dog",
  "timestamp": "2026-05-22T13:22:17.646219",
  "num_detections": 1,
  "detections": [
    {
      "detection_id": 0,
      "class_name": "dog",
      "yolo_class_id": 11,
      "confidence": 0.9726988077163696,
      "bbox_xyxy": [
        186.51856994628906,
        336.199951171875,
        347.75439453125,
        489.07537841796875
      ],
      "bbox_yolo": [
        0.4174007475376129,
        0.6447463631629944,
        0.25193098187446594,
        0.238867849111557
      ],
      "bbox_width_px": 161.23582458496094,
      "bbox_height_px": 152.87542724609375
    }
  ]
}