{
  "index": 9241,
  "dataframe_iter_index": 9241,
  "image_path": "./datasets/sVOC_FLUXFP8/images/9241.png",
  "image_width": 640,
  "image_height": 640,
  "ground_truth_class": "dog",
  "grounding_prompt": "dog",
  "timestamp": "2026-05-22T13:22:24.730160",
  "num_detections": 2,
  "detections": [
    {
      "detection_id": 0,
      "class_name": "dog",
      "yolo_class_id": 11,
      "confidence": 0.8906301259994507,
      "bbox_xyxy": [
        74.53746032714844,
        238.7637939453125,
        284.244873046875,
        584.01025390625
      ],
      "bbox_yolo": [
        0.28029870986938477,
        0.6427922248840332,
        0.32766783237457275,
        0.5394476056098938
      ],
      "bbox_width_px": 209.70741271972656,
      "bbox_height_px": 345.2464599609375
    },
    {
      "detection_id": 1,
      "class_name": "dog",
      "yolo_class_id": 11,
      "confidence": 0.8879795670509338,
      "bbox_xyxy": [
        298.6602783203125,
        214.72398376464844,
        465.58404541015625,
        546.6569213867188
      ],
      "bbox_yolo": [
        0.5970658659934998,
        0.5948288440704346,
        0.26081839203834534,
        0.518645167350769
      ],
      "bbox_width_px": 166.92376708984375,
      "bbox_height_px": 331.93292236328125
    }
  ]
}