{
  "index": 929,
  "dataframe_iter_index": 929,
  "image_path": "./datasets/sVOC_FLUXFP8/images/929.png",
  "image_width": 640,
  "image_height": 640,
  "ground_truth_class": "bicycle",
  "grounding_prompt": "bicycle",
  "timestamp": "2026-05-22T10:23:40.199201",
  "num_detections": 2,
  "detections": [
    {
      "detection_id": 0,
      "class_name": "bicycle",
      "yolo_class_id": 1,
      "confidence": 0.8928500413894653,
      "bbox_xyxy": [
        94.50613403320312,
        323.38360595703125,
        273.6473083496094,
        487.88739013671875
      ],
      "bbox_yolo": [
        0.2876198887825012,
        0.6338054537773132,
        0.27990809082984924,
        0.2570371627807617
      ],
      "bbox_width_px": 179.14117431640625,
      "bbox_height_px": 164.5037841796875
    },
    {
      "detection_id": 1,
      "class_name": "bicycle",
      "yolo_class_id": 1,
      "confidence": 0.8938772678375244,
      "bbox_xyxy": [
        317.09625244140625,
        320.250244140625,
        592.0724487304688,
        498.8515625
      ],
      "bbox_yolo": [
        0.7102880477905273,
        0.6399232745170593,
        0.42965030670166016,
        0.2790645658969879
      ],
      "bbox_width_px": 274.9761962890625,
      "bbox_height_px": 178.601318359375
    }
  ]
}