{
  "index": 9301,
  "dataframe_iter_index": 9301,
  "image_path": "./datasets/sVOC_FLUXFP8/images/9301.png",
  "image_width": 640,
  "image_height": 640,
  "ground_truth_class": "dog",
  "grounding_prompt": "dog",
  "timestamp": "2026-05-22T13:23:48.650214",
  "num_detections": 2,
  "detections": [
    {
      "detection_id": 0,
      "class_name": "dog",
      "yolo_class_id": 11,
      "confidence": 0.8287488222122192,
      "bbox_xyxy": [
        320.8507385253906,
        286.07598876953125,
        639.2557373046875,
        635.0401000976562
      ],
      "bbox_yolo": [
        0.7500831484794617,
        0.7196219563484192,
        0.49750781059265137,
        0.5452564358711243
      ],
      "bbox_width_px": 318.4049987792969,
      "bbox_height_px": 348.964111328125
    },
    {
      "detection_id": 1,
      "class_name": "dog",
      "yolo_class_id": 11,
      "confidence": 0.8236729502677917,
      "bbox_xyxy": [
        115.169189453125,
        284.343505859375,
        357.9742431640625,
        608.1348266601562
      ],
      "bbox_yolo": [
        0.36964330077171326,
        0.6972486972808838,
        0.3793829083442688,
        0.5059239268302917
      ],
      "bbox_width_px": 242.8050537109375,
      "bbox_height_px": 323.79132080078125
    }
  ]
}