{
  "index": 9322,
  "dataframe_iter_index": 9322,
  "image_path": "./datasets/sVOC_FLUXFP8/images/9322.png",
  "image_width": 640,
  "image_height": 640,
  "ground_truth_class": "dog",
  "grounding_prompt": "dog",
  "timestamp": "2026-05-22T13:24:18.298436",
  "num_detections": 3,
  "detections": [
    {
      "detection_id": 0,
      "class_name": "dog",
      "yolo_class_id": 11,
      "confidence": 0.7872134447097778,
      "bbox_xyxy": [
        302.2495422363281,
        267.16253662109375,
        632.3782958984375,
        568.9650268554688
      ],
      "bbox_yolo": [
        0.7301779985427856,
        0.6532246470451355,
        0.5158261656761169,
        0.471566379070282
      ],
      "bbox_width_px": 330.1287536621094,
      "bbox_height_px": 301.802490234375
    },
    {
      "detection_id": 1,
      "class_name": "dog",
      "yolo_class_id": 11,
      "confidence": 0.7590537667274475,
      "bbox_xyxy": [
        19.32220458984375,
        263.5856018066406,
        173.6319122314453,
        560.0584716796875
      ],
      "bbox_yolo": [
        0.15074540674686432,
        0.643471896648407,
        0.24110892415046692,
        0.4632388651371002
      ],
      "bbox_width_px": 154.30970764160156,
      "bbox_height_px": 296.4728698730469
    },
    {
      "detection_id": 2,
      "class_name": "dog",
      "yolo_class_id": 11,
      "confidence": 0.7566389441490173,
      "bbox_xyxy": [
        147.36648559570312,
        249.1208953857422,
        324.2042541503906,
        588.8070068359375
      ],
      "bbox_yolo": [
        0.36841464042663574,
        0.6546311974525452,
        0.2763090133666992,
        0.5307595133781433
      ],
      "bbox_width_px": 176.8377685546875,
      "bbox_height_px": 339.68609619140625
    }
  ]
}