{
  "index": 9326,
  "dataframe_iter_index": 9326,
  "image_path": "./datasets/sVOC_FLUXFP8/images/9326.png",
  "image_width": 640,
  "image_height": 640,
  "ground_truth_class": "dog",
  "grounding_prompt": "dog",
  "timestamp": "2026-05-22T13:24:23.729491",
  "num_detections": 3,
  "detections": [
    {
      "detection_id": 0,
      "class_name": "dog",
      "yolo_class_id": 11,
      "confidence": 0.8150705099105835,
      "bbox_xyxy": [
        37.96995544433594,
        163.42080688476562,
        260.64349365234375,
        621.5855712890625
      ],
      "bbox_yolo": [
        0.23329177498817444,
        0.6132861971855164,
        0.34792739152908325,
        0.715882420539856
      ],
      "bbox_width_px": 222.6735382080078,
      "bbox_height_px": 458.1647644042969
    },
    {
      "detection_id": 1,
      "class_name": "dog",
      "yolo_class_id": 11,
      "confidence": 0.7991601824760437,
      "bbox_xyxy": [
        364.710693359375,
        194.37741088867188,
        597.2622680664062,
        628.9056396484375
      ],
      "bbox_yolo": [
        0.7515413761138916,
        0.6431899070739746,
        0.36336183547973633,
        0.6789503693580627
      ],
      "bbox_width_px": 232.55157470703125,
      "bbox_height_px": 434.5282287597656
    },
    {
      "detection_id": 2,
      "class_name": "dog",
      "yolo_class_id": 11,
      "confidence": 0.7212582230567932,
      "bbox_xyxy": [
        242.54104614257812,
        157.62216186523438,
        404.0379943847656,
        627.338134765625
      ],
      "bbox_yolo": [
        0.5051398873329163,
        0.6132502555847168,
        0.2523389756679535,
        0.7339311838150024
      ],
      "bbox_width_px": 161.4969482421875,
      "bbox_height_px": 469.7159729003906
    }
  ]
}