{
  "index": 9336,
  "dataframe_iter_index": 9336,
  "image_path": "./datasets/sVOC_FLUXFP8/images/9336.png",
  "image_width": 640,
  "image_height": 640,
  "ground_truth_class": "dog",
  "grounding_prompt": "dog",
  "timestamp": "2026-05-22T13:24:37.426262",
  "num_detections": 1,
  "detections": [
    {
      "detection_id": 0,
      "class_name": "dog",
      "yolo_class_id": 11,
      "confidence": 0.957863986492157,
      "bbox_xyxy": [
        141.25686645507812,
        279.7149658203125,
        432.2809753417969,
        589.6695556640625
      ],
      "bbox_yolo": [
        0.44807642698287964,
        0.6792066693305969,
        0.4547251760959625,
        0.4843040406703949
      ],
      "bbox_width_px": 291.02410888671875,
      "bbox_height_px": 309.95458984375
    }
  ]
}