{
  "index": 9348,
  "dataframe_iter_index": 9348,
  "image_path": "./datasets/sVOC_FLUXFP8/images/9348.png",
  "image_width": 640,
  "image_height": 640,
  "ground_truth_class": "dog",
  "grounding_prompt": "dog",
  "timestamp": "2026-05-22T13:24:54.562092",
  "num_detections": 1,
  "detections": [
    {
      "detection_id": 0,
      "class_name": "dog",
      "yolo_class_id": 11,
      "confidence": 0.9576641321182251,
      "bbox_xyxy": [
        68.59033203125,
        187.52392578125,
        400.5177001953125,
        629.4239501953125
      ],
      "bbox_yolo": [
        0.3664906620979309,
        0.6382405161857605,
        0.5186365246772766,
        0.6904687881469727
      ],
      "bbox_width_px": 331.9273681640625,
      "bbox_height_px": 441.9000244140625
    }
  ]
}