{
  "index": 9352,
  "dataframe_iter_index": 9352,
  "image_path": "./datasets/sVOC_FLUXFP8/images/9352.png",
  "image_width": 640,
  "image_height": 640,
  "ground_truth_class": "dog",
  "grounding_prompt": "dog",
  "timestamp": "2026-05-22T13:25:00.079606",
  "num_detections": 1,
  "detections": [
    {
      "detection_id": 0,
      "class_name": "dog",
      "yolo_class_id": 11,
      "confidence": 0.9620258808135986,
      "bbox_xyxy": [
        89.54286193847656,
        214.84921264648438,
        404.70208740234375,
        626.7685546875
      ],
      "bbox_yolo": [
        0.38612884283065796,
        0.6575139164924622,
        0.49243631958961487,
        0.643623948097229
      ],
      "bbox_width_px": 315.15924072265625,
      "bbox_height_px": 411.9193420410156
    }
  ]
}