{
  "index": 937,
  "dataframe_iter_index": 937,
  "image_path": "./datasets/sVOC_FLUXFP8/images/937.png",
  "image_width": 640,
  "image_height": 640,
  "ground_truth_class": "bicycle",
  "grounding_prompt": "bicycle",
  "timestamp": "2026-05-22T10:23:49.140976",
  "num_detections": 2,
  "detections": [
    {
      "detection_id": 0,
      "class_name": "bicycle",
      "yolo_class_id": 1,
      "confidence": 0.8757093548774719,
      "bbox_xyxy": [
        73.85237121582031,
        323.7378234863281,
        271.74322509765625,
        518.9057006835938
      ],
      "bbox_yolo": [
        0.2699965536594391,
        0.6583153009414673,
        0.30920445919036865,
        0.3049498200416565
      ],
      "bbox_width_px": 197.89085388183594,
      "bbox_height_px": 195.16787719726562
    },
    {
      "detection_id": 1,
      "class_name": "bicycle",
      "yolo_class_id": 1,
      "confidence": 0.8702641129493713,
      "bbox_xyxy": [
        331.9439697265625,
        330.7794189453125,
        589.7522583007812,
        510.05792236328125
      ],
      "bbox_yolo": [
        0.7200751900672913,
        0.6569041609764099,
        0.4028254449367523,
        0.28012266755104065
      ],
      "bbox_width_px": 257.80828857421875,
      "bbox_height_px": 179.27850341796875
    }
  ]
}