{
  "index": 9393,
  "dataframe_iter_index": 9393,
  "image_path": "./datasets/sVOC_FLUXFP8/images/9393.png",
  "image_width": 640,
  "image_height": 640,
  "ground_truth_class": "dog",
  "grounding_prompt": "dog",
  "timestamp": "2026-05-22T13:25:58.182324",
  "num_detections": 2,
  "detections": [
    {
      "detection_id": 0,
      "class_name": "dog",
      "yolo_class_id": 11,
      "confidence": 0.8689730763435364,
      "bbox_xyxy": [
        103.43951416015625,
        158.5849609375,
        333.7760314941406,
        581.5673217773438
      ],
      "bbox_yolo": [
        0.34157463908195496,
        0.5782439708709717,
        0.3599008023738861,
        0.6609099507331848
      ],
      "bbox_width_px": 230.33651733398438,
      "bbox_height_px": 422.98236083984375
    },
    {
      "detection_id": 1,
      "class_name": "dog",
      "yolo_class_id": 11,
      "confidence": 0.8322896361351013,
      "bbox_xyxy": [
        310.0379333496094,
        169.89190673828125,
        539.542724609375,
        602.3707275390625
      ],
      "bbox_yolo": [
        0.6637349128723145,
        0.6033301949501038,
        0.35860124230384827,
        0.6757481694221497
      ],
      "bbox_width_px": 229.50479125976562,
      "bbox_height_px": 432.47882080078125
    }
  ]
}