{
  "index": 9425,
  "dataframe_iter_index": 9425,
  "image_path": "./datasets/sVOC_FLUXFP8/images/9425.png",
  "image_width": 640,
  "image_height": 640,
  "ground_truth_class": "dog",
  "grounding_prompt": "dog",
  "timestamp": "2026-05-22T13:26:43.372670",
  "num_detections": 2,
  "detections": [
    {
      "detection_id": 0,
      "class_name": "dog",
      "yolo_class_id": 11,
      "confidence": 0.900678813457489,
      "bbox_xyxy": [
        166.92611694335938,
        247.9153289794922,
        355.0301208496094,
        578.7228393554688
      ],
      "bbox_yolo": [
        0.4077783226966858,
        0.6458110809326172,
        0.29391250014305115,
        0.5168867111206055
      ],
      "bbox_width_px": 188.10400390625,
      "bbox_height_px": 330.8074951171875
    },
    {
      "detection_id": 1,
      "class_name": "dog",
      "yolo_class_id": 11,
      "confidence": 0.8823823928833008,
      "bbox_xyxy": [
        337.9493408203125,
        260.70489501953125,
        502.108154296875,
        573.87646484375
      ],
      "bbox_yolo": [
        0.6562949419021606,
        0.6520166993141174,
        0.25649815797805786,
        0.48933058977127075
      ],
      "bbox_width_px": 164.1588134765625,
      "bbox_height_px": 313.17156982421875
    }
  ]
}