{
  "index": 9464,
  "dataframe_iter_index": 9464,
  "image_path": "./datasets/sVOC_FLUXFP8/images/9464.png",
  "image_width": 640,
  "image_height": 640,
  "ground_truth_class": "dog",
  "grounding_prompt": "dog",
  "timestamp": "2026-05-22T13:27:37.897100",
  "num_detections": 1,
  "detections": [
    {
      "detection_id": 0,
      "class_name": "dog",
      "yolo_class_id": 11,
      "confidence": 0.9591962099075317,
      "bbox_xyxy": [
        52.385833740234375,
        84.46221923828125,
        536.158935546875,
        638.975830078125
      ],
      "bbox_yolo": [
        0.4598006308078766,
        0.5651859641075134,
        0.7558954954147339,
        0.8664275407791138
      ],
      "bbox_width_px": 483.7731018066406,
      "bbox_height_px": 554.5136108398438
    }
  ]
}