{
  "index": 9482,
  "dataframe_iter_index": 9482,
  "image_path": "./datasets/sVOC_FLUXFP8/images/9482.png",
  "image_width": 640,
  "image_height": 640,
  "ground_truth_class": "dog",
  "grounding_prompt": "dog",
  "timestamp": "2026-05-22T13:28:03.021069",
  "num_detections": 3,
  "detections": [
    {
      "detection_id": 0,
      "class_name": "dog",
      "yolo_class_id": 11,
      "confidence": 0.8209091424942017,
      "bbox_xyxy": [
        426.058837890625,
        312.88623046875,
        605.475830078125,
        587.3690185546875
      ],
      "bbox_yolo": [
        0.805886447429657,
        0.7033244371414185,
        0.2803390622138977,
        0.42887935042381287
      ],
      "bbox_width_px": 179.4169921875,
      "bbox_height_px": 274.4827880859375
    },
    {
      "detection_id": 1,
      "class_name": "dog",
      "yolo_class_id": 11,
      "confidence": 0.8234022259712219,
      "bbox_xyxy": [
        85.12210083007812,
        253.85150146484375,
        244.00375366210938,
        592.9779663085938
      ],
      "bbox_yolo": [
        0.25712957978248596,
        0.6615855097770691,
        0.24825258553028107,
        0.5298851132392883
      ],
      "bbox_width_px": 158.88165283203125,
      "bbox_height_px": 339.12646484375
    },
    {
      "detection_id": 2,
      "class_name": "dog",
      "yolo_class_id": 11,
      "confidence": 0.8204583525657654,
      "bbox_xyxy": [
        221.729248046875,
        220.5242919921875,
        435.86724853515625,
        587.2635498046875
      ],
      "bbox_yolo": [
        0.5137472748756409,
        0.6310842633247375,
        0.3345906138420105,
        0.5730301141738892
      ],
      "bbox_width_px": 214.13800048828125,
      "bbox_height_px": 366.7392578125
    }
  ]
}