{
  "index": 9485,
  "dataframe_iter_index": 9485,
  "image_path": "./datasets/sVOC_FLUXFP8/images/9485.png",
  "image_width": 640,
  "image_height": 640,
  "ground_truth_class": "dog",
  "grounding_prompt": "dog",
  "timestamp": "2026-05-22T13:28:07.214535",
  "num_detections": 2,
  "detections": [
    {
      "detection_id": 0,
      "class_name": "dog",
      "yolo_class_id": 11,
      "confidence": 0.8867229223251343,
      "bbox_xyxy": [
        317.030029296875,
        244.11329650878906,
        571.0458984375,
        619.3079833984375
      ],
      "bbox_yolo": [
        0.6938093304634094,
        0.6745478510856628,
        0.3968997895717621,
        0.5862417221069336
      ],
      "bbox_width_px": 254.015869140625,
      "bbox_height_px": 375.1947021484375
    },
    {
      "detection_id": 1,
      "class_name": "dog",
      "yolo_class_id": 11,
      "confidence": 0.9051966667175293,
      "bbox_xyxy": [
        0.3916778564453125,
        225.89857482910156,
        296.371337890625,
        608.3619995117188
      ],
      "bbox_yolo": [
        0.23184609413146973,
        0.6517660617828369,
        0.4624682366847992,
        0.5975991487503052
      ],
      "bbox_width_px": 295.97967529296875,
      "bbox_height_px": 382.46343994140625
    }
  ]
}