{
  "index": 9491,
  "dataframe_iter_index": 9491,
  "image_path": "./datasets/sVOC_FLUXFP8/images/9491.png",
  "image_width": 640,
  "image_height": 640,
  "ground_truth_class": "dog",
  "grounding_prompt": "dog",
  "timestamp": "2026-05-22T13:28:15.617217",
  "num_detections": 1,
  "detections": [
    {
      "detection_id": 0,
      "class_name": "dog",
      "yolo_class_id": 11,
      "confidence": 0.9362867474555969,
      "bbox_xyxy": [
        282.0055236816406,
        397.858154296875,
        368.7644958496094,
        586.2498779296875
      ],
      "bbox_yolo": [
        0.508414089679718,
        0.7688344120979309,
        0.13556089997291565,
        0.29436206817626953
      ],
      "bbox_width_px": 86.75897216796875,
      "bbox_height_px": 188.3917236328125
    }
  ]
}