{
  "index": 9510,
  "dataframe_iter_index": 9510,
  "image_path": "./datasets/sVOC_FLUXFP8/images/9510.png",
  "image_width": 640,
  "image_height": 640,
  "ground_truth_class": "dog",
  "grounding_prompt": "dog",
  "timestamp": "2026-05-22T13:28:42.355518",
  "num_detections": 3,
  "detections": [
    {
      "detection_id": 0,
      "class_name": "dog",
      "yolo_class_id": 11,
      "confidence": 0.8132365942001343,
      "bbox_xyxy": [
        92.20146942138672,
        255.2423858642578,
        264.4901123046875,
        586.6642456054688
      ],
      "bbox_yolo": [
        0.27866530418395996,
        0.657739520072937,
        0.26920098066329956,
        0.5178467035293579
      ],
      "bbox_width_px": 172.28863525390625,
      "bbox_height_px": 331.421875
    },
    {
      "detection_id": 1,
      "class_name": "dog",
      "yolo_class_id": 11,
      "confidence": 0.8254812955856323,
      "bbox_xyxy": [
        383.34527587890625,
        343.3955078125,
        557.28759765625,
        566.8323974609375
      ],
      "bbox_yolo": [
        0.7348694205284119,
        0.7111155390739441,
        0.27178487181663513,
        0.3491201400756836
      ],
      "bbox_width_px": 173.94232177734375,
      "bbox_height_px": 223.4368896484375
    },
    {
      "detection_id": 2,
      "class_name": "dog",
      "yolo_class_id": 11,
      "confidence": 0.7881101369857788,
      "bbox_xyxy": [
        220.87632751464844,
        269.3657531738281,
        384.68218994140625,
        566.6920166015625
      ],
      "bbox_yolo": [
        0.47309261560440063,
        0.653170108795166,
        0.25594666600227356,
        0.4645722806453705
      ],
      "bbox_width_px": 163.8058624267578,
      "bbox_height_px": 297.3262634277344
    }
  ]
}