{
  "index": 9516,
  "dataframe_iter_index": 9516,
  "image_path": "./datasets/sVOC_FLUXFP8/images/9516.png",
  "image_width": 640,
  "image_height": 640,
  "ground_truth_class": "dog",
  "grounding_prompt": "dog",
  "timestamp": "2026-05-22T13:28:50.814456",
  "num_detections": 1,
  "detections": [
    {
      "detection_id": 0,
      "class_name": "dog",
      "yolo_class_id": 11,
      "confidence": 0.9646462202072144,
      "bbox_xyxy": [
        153.9879608154297,
        284.7222900390625,
        394.9720458984375,
        562.00537109375
      ],
      "bbox_yolo": [
        0.42887502908706665,
        0.6615059971809387,
        0.37653762102127075,
        0.43325480818748474
      ],
      "bbox_width_px": 240.9840850830078,
      "bbox_height_px": 277.2830810546875
    }
  ]
}