{
  "index": 954,
  "dataframe_iter_index": 954,
  "image_path": "./datasets/sVOC_FLUXFP8/images/954.png",
  "image_width": 640,
  "image_height": 640,
  "ground_truth_class": "bicycle",
  "grounding_prompt": "bicycle",
  "timestamp": "2026-05-22T10:24:08.209649",
  "num_detections": 3,
  "detections": [
    {
      "detection_id": 0,
      "class_name": "bicycle",
      "yolo_class_id": 1,
      "confidence": 0.8452537059783936,
      "bbox_xyxy": [
        67.68976593017578,
        354.6166076660156,
        268.4491882324219,
        494.3061218261719
      ],
      "bbox_yolo": [
        0.2626085579395294,
        0.6632208824157715,
        0.3136866092681885,
        0.2182648628950119
      ],
      "bbox_width_px": 200.75942993164062,
      "bbox_height_px": 139.68951416015625
    },
    {
      "detection_id": 1,
      "class_name": "bicycle",
      "yolo_class_id": 1,
      "confidence": 0.8465929627418518,
      "bbox_xyxy": [
        263.49981689453125,
        352.9608154296875,
        434.56427001953125,
        487.09075927734375
      ],
      "bbox_yolo": [
        0.5453625917434692,
        0.6562902927398682,
        0.2672882080078125,
        0.2095780372619629
      ],
      "bbox_width_px": 171.064453125,
      "bbox_height_px": 134.12994384765625
    },
    {
      "detection_id": 2,
      "class_name": "bicycle",
      "yolo_class_id": 1,
      "confidence": 0.8241572380065918,
      "bbox_xyxy": [
        422.2893981933594,
        356.804443359375,
        590.7501220703125,
        495.167236328125
      ],
      "bbox_yolo": [
        0.7914371490478516,
        0.6656028628349304,
        0.2632198929786682,
        0.2161918580532074
      ],
      "bbox_width_px": 168.46072387695312,
      "bbox_height_px": 138.36279296875
    }
  ]
}