{
  "index": 955,
  "dataframe_iter_index": 955,
  "image_path": "./datasets/sVOC_FLUXFP8/images/955.png",
  "image_width": 640,
  "image_height": 640,
  "ground_truth_class": "bicycle",
  "grounding_prompt": "bicycle",
  "timestamp": "2026-05-22T10:24:09.311642",
  "num_detections": 1,
  "detections": [
    {
      "detection_id": 0,
      "class_name": "bicycle",
      "yolo_class_id": 1,
      "confidence": 0.974597156047821,
      "bbox_xyxy": [
        108.02693176269531,
        276.06512451171875,
        441.652587890625,
        512.369873046875
      ],
      "bbox_yolo": [
        0.4294371008872986,
        0.6159648299217224,
        0.521290123462677,
        0.3692261576652527
      ],
      "bbox_width_px": 333.62567138671875,
      "bbox_height_px": 236.30474853515625
    }
  ]
}