{
  "index": 9558,
  "dataframe_iter_index": 9558,
  "image_path": "./datasets/sVOC_FLUXFP8/images/9558.png",
  "image_width": 640,
  "image_height": 640,
  "ground_truth_class": "dog",
  "grounding_prompt": "dog",
  "timestamp": "2026-05-22T13:29:50.147879",
  "num_detections": 3,
  "detections": [
    {
      "detection_id": 0,
      "class_name": "dog",
      "yolo_class_id": 11,
      "confidence": 0.8449152708053589,
      "bbox_xyxy": [
        401.1761474609375,
        304.886474609375,
        639.2655029296875,
        609.5946655273438
      ],
      "bbox_yolo": [
        0.8128450512886047,
        0.7144383788108826,
        0.3720146119594574,
        0.47610655426979065
      ],
      "bbox_width_px": 238.08935546875,
      "bbox_height_px": 304.70819091796875
    },
    {
      "detection_id": 1,
      "class_name": "dog",
      "yolo_class_id": 11,
      "confidence": 0.823806643486023,
      "bbox_xyxy": [
        64.24365997314453,
        265.4633483886719,
        224.78369140625,
        605.726318359375
      ],
      "bbox_yolo": [
        0.22580261528491974,
        0.6806169748306274,
        0.2508438229560852,
        0.5316609144210815
      ],
      "bbox_width_px": 160.5400390625,
      "bbox_height_px": 340.2629699707031
    },
    {
      "detection_id": 2,
      "class_name": "dog",
      "yolo_class_id": 11,
      "confidence": 0.8004753589630127,
      "bbox_xyxy": [
        215.6181640625,
        274.0435791015625,
        387.96185302734375,
        621.1218872070312
      ],
      "bbox_yolo": [
        0.47154688835144043,
        0.6993480324745178,
        0.26928701996803284,
        0.5423098802566528
      ],
      "bbox_width_px": 172.34368896484375,
      "bbox_height_px": 347.07830810546875
    }
  ]
}