{
  "index": 9580,
  "dataframe_iter_index": 9580,
  "image_path": "./datasets/sVOC_FLUXFP8/images/9580.png",
  "image_width": 640,
  "image_height": 640,
  "ground_truth_class": "dog",
  "grounding_prompt": "dog",
  "timestamp": "2026-05-22T13:30:21.144731",
  "num_detections": 1,
  "detections": [
    {
      "detection_id": 0,
      "class_name": "dog",
      "yolo_class_id": 11,
      "confidence": 0.9561514258384705,
      "bbox_xyxy": [
        134.5284881591797,
        250.20962524414062,
        438.63702392578125,
        634.7275390625
      ],
      "bbox_yolo": [
        0.44778555631637573,
        0.6913571357727051,
        0.4751695692539215,
        0.6008092164993286
      ],
      "bbox_width_px": 304.1085205078125,
      "bbox_height_px": 384.5179138183594
    }
  ]
}