{
  "index": 9583,
  "dataframe_iter_index": 9583,
  "image_path": "./datasets/sVOC_FLUXFP8/images/9583.png",
  "image_width": 640,
  "image_height": 640,
  "ground_truth_class": "dog",
  "grounding_prompt": "dog",
  "timestamp": "2026-05-22T13:30:25.322465",
  "num_detections": 1,
  "detections": [
    {
      "detection_id": 0,
      "class_name": "dog",
      "yolo_class_id": 11,
      "confidence": 0.4418540596961975,
      "bbox_xyxy": [
        207.1492462158203,
        423.17327880859375,
        293.7666015625,
        558.7325439453125
      ],
      "bbox_yolo": [
        0.3913404941558838,
        0.7671139240264893,
        0.135339617729187,
        0.2118113487958908
      ],
      "bbox_width_px": 86.61735534667969,
      "bbox_height_px": 135.55926513671875
    }
  ]
}