{
  "index": 9596,
  "dataframe_iter_index": 9596,
  "image_path": "./datasets/sVOC_FLUXFP8/images/9596.png",
  "image_width": 640,
  "image_height": 640,
  "ground_truth_class": "dog",
  "grounding_prompt": "dog",
  "timestamp": "2026-05-22T13:30:43.330120",
  "num_detections": 1,
  "detections": [
    {
      "detection_id": 0,
      "class_name": "dog",
      "yolo_class_id": 11,
      "confidence": 0.9575769901275635,
      "bbox_xyxy": [
        52.30462646484375,
        166.54872131347656,
        408.340576171875,
        627.77294921875
      ],
      "bbox_yolo": [
        0.3598790764808655,
        0.620563805103302,
        0.5563061833381653,
        0.7206628918647766
      ],
      "bbox_width_px": 356.03594970703125,
      "bbox_height_px": 461.2242431640625
    }
  ]
}