{
  "index": 9599,
  "dataframe_iter_index": 9599,
  "image_path": "./datasets/sVOC_FLUXFP8/images/9599.png",
  "image_width": 640,
  "image_height": 640,
  "ground_truth_class": "dog",
  "grounding_prompt": "dog",
  "timestamp": "2026-05-22T13:30:47.513677",
  "num_detections": 3,
  "detections": [
    {
      "detection_id": 0,
      "class_name": "dog",
      "yolo_class_id": 11,
      "confidence": 0.8016180992126465,
      "bbox_xyxy": [
        134.35662841796875,
        233.6333465576172,
        365.72308349609375,
        525.9087524414062
      ],
      "bbox_yolo": [
        0.3906872868537903,
        0.5933922529220581,
        0.36151009798049927,
        0.4566802978515625
      ],
      "bbox_width_px": 231.366455078125,
      "bbox_height_px": 292.275390625
    },
    {
      "detection_id": 1,
      "class_name": "dog",
      "yolo_class_id": 11,
      "confidence": 0.7100948691368103,
      "bbox_xyxy": [
        389.485107421875,
        382.3594970703125,
        544.23876953125,
        517.9495849609375
      ],
      "bbox_yolo": [
        0.7294718027114868,
        0.7033664584159851,
        0.24180260300636292,
        0.21185950934886932
      ],
      "bbox_width_px": 154.753662109375,
      "bbox_height_px": 135.590087890625
    },
    {
      "detection_id": 2,
      "class_name": "dog",
      "yolo_class_id": 11,
      "confidence": 0.4629635512828827,
      "bbox_xyxy": [
        454.427490234375,
        503.7509765625,
        590.7313232421875,
        616.5906982421875
      ],
      "bbox_yolo": [
        0.8165303468704224,
        0.8752669095993042,
        0.21297474205493927,
        0.17631205916404724
      ],
      "bbox_width_px": 136.3038330078125,
      "bbox_height_px": 112.8397216796875
    }
  ]
}