{
  "index": 9657,
  "dataframe_iter_index": 9657,
  "image_path": "./datasets/sVOC_FLUXFP8/images/9657.png",
  "image_width": 640,
  "image_height": 640,
  "ground_truth_class": "horse",
  "grounding_prompt": "horse",
  "timestamp": "2026-05-22T13:32:08.960491",
  "num_detections": 2,
  "detections": [
    {
      "detection_id": 0,
      "class_name": "horse",
      "yolo_class_id": 12,
      "confidence": 0.9244908690452576,
      "bbox_xyxy": [
        112.68559265136719,
        139.8433380126953,
        263.51177978515625,
        569.6666870117188
      ],
      "bbox_yolo": [
        0.29390421509742737,
        0.5543047189712524,
        0.2356659173965454,
        0.6715990304946899
      ],
      "bbox_width_px": 150.82618713378906,
      "bbox_height_px": 429.8233642578125
    },
    {
      "detection_id": 1,
      "class_name": "horse",
      "yolo_class_id": 12,
      "confidence": 0.9264803528785706,
      "bbox_xyxy": [
        303.42138671875,
        141.91558837890625,
        491.2431640625,
        577.142578125
      ],
      "bbox_yolo": [
        0.6208316683769226,
        0.5617641806602478,
        0.2934715151786804,
        0.6800421476364136
      ],
      "bbox_width_px": 187.82177734375,
      "bbox_height_px": 435.22698974609375
    }
  ]
}