{
  "index": 9660,
  "dataframe_iter_index": 9660,
  "image_path": "./datasets/sVOC_FLUXFP8/images/9660.png",
  "image_width": 640,
  "image_height": 640,
  "ground_truth_class": "horse",
  "grounding_prompt": "horse",
  "timestamp": "2026-05-22T13:32:13.157327",
  "num_detections": 1,
  "detections": [
    {
      "detection_id": 0,
      "class_name": "horse",
      "yolo_class_id": 12,
      "confidence": 0.9708017706871033,
      "bbox_xyxy": [
        94.443603515625,
        136.71774291992188,
        500.7257080078125,
        603.66357421875
      ],
      "bbox_yolo": [
        0.4649760127067566,
        0.5784229040145874,
        0.6348158121109009,
        0.7296028733253479
      ],
      "bbox_width_px": 406.2821044921875,
      "bbox_height_px": 466.9458312988281
    }
  ]
}