{
  "index": 9672,
  "dataframe_iter_index": 9672,
  "image_path": "./datasets/sVOC_FLUXFP8/images/9672.png",
  "image_width": 640,
  "image_height": 640,
  "ground_truth_class": "horse",
  "grounding_prompt": "horse",
  "timestamp": "2026-05-22T13:32:29.901142",
  "num_detections": 1,
  "detections": [
    {
      "detection_id": 0,
      "class_name": "horse",
      "yolo_class_id": 12,
      "confidence": 0.9741657972335815,
      "bbox_xyxy": [
        125.1761474609375,
        257.69097900390625,
        433.486572265625,
        580.8112182617188
      ],
      "bbox_yolo": [
        0.43645524978637695,
        0.6550798416137695,
        0.4817350506782532,
        0.5048753619194031
      ],
      "bbox_width_px": 308.3104248046875,
      "bbox_height_px": 323.1202392578125
    }
  ]
}