{
  "index": 970,
  "dataframe_iter_index": 970,
  "image_path": "./datasets/sVOC_FLUXFP8/images/970.png",
  "image_width": 640,
  "image_height": 640,
  "ground_truth_class": "bicycle",
  "grounding_prompt": "bicycle",
  "timestamp": "2026-05-22T10:24:26.298822",
  "num_detections": 3,
  "detections": [
    {
      "detection_id": 0,
      "class_name": "bicycle",
      "yolo_class_id": 1,
      "confidence": 0.8231024742126465,
      "bbox_xyxy": [
        270.0313720703125,
        269.853759765625,
        408.888427734375,
        452.170166015625
      ],
      "bbox_yolo": [
        0.53040611743927,
        0.5640811920166016,
        0.21696415543556213,
        0.28486937284469604
      ],
      "bbox_width_px": 138.8570556640625,
      "bbox_height_px": 182.31640625
    },
    {
      "detection_id": 1,
      "class_name": "bicycle",
      "yolo_class_id": 1,
      "confidence": 0.8415193557739258,
      "bbox_xyxy": [
        95.79843139648438,
        254.63006591796875,
        237.63723754882812,
        481.02679443359375
      ],
      "bbox_yolo": [
        0.2604966163635254,
        0.5747319459915161,
        0.22162313759326935,
        0.35374489426612854
      ],
      "bbox_width_px": 141.83880615234375,
      "bbox_height_px": 226.396728515625
    },
    {
      "detection_id": 2,
      "class_name": "bicycle",
      "yolo_class_id": 1,
      "confidence": 0.8133323192596436,
      "bbox_xyxy": [
        434.9964599609375,
        277.9329833984375,
        565.900146484375,
        458.03472900390625
      ],
      "bbox_yolo": [
        0.7819504737854004,
        0.574974775314331,
        0.20453700423240662,
        0.28140896558761597
      ],
      "bbox_width_px": 130.9036865234375,
      "bbox_height_px": 180.10174560546875
    }
  ]
}