{
  "index": 9708,
  "dataframe_iter_index": 9708,
  "image_path": "./datasets/sVOC_FLUXFP8/images/9708.png",
  "image_width": 640,
  "image_height": 640,
  "ground_truth_class": "horse",
  "grounding_prompt": "horse",
  "timestamp": "2026-05-22T13:33:19.769702",
  "num_detections": 1,
  "detections": [
    {
      "detection_id": 0,
      "class_name": "horse",
      "yolo_class_id": 12,
      "confidence": 0.9708836078643799,
      "bbox_xyxy": [
        92.89520263671875,
        204.54612731933594,
        521.2813720703125,
        585.2112426757812
      ],
      "bbox_yolo": [
        0.4798254370689392,
        0.6169979572296143,
        0.6693533658981323,
        0.5947892069816589
      ],
      "bbox_width_px": 428.38616943359375,
      "bbox_height_px": 380.66510009765625
    }
  ]
}