{
  "index": 9755,
  "dataframe_iter_index": 9755,
  "image_path": "./datasets/sVOC_FLUXFP8/images/9755.png",
  "image_width": 640,
  "image_height": 640,
  "ground_truth_class": "horse",
  "grounding_prompt": "horse",
  "timestamp": "2026-05-22T13:34:25.483748",
  "num_detections": 1,
  "detections": [
    {
      "detection_id": 0,
      "class_name": "horse",
      "yolo_class_id": 12,
      "confidence": 0.9773213267326355,
      "bbox_xyxy": [
        107.69253540039062,
        173.98953247070312,
        525.65234375,
        596.242431640625
      ],
      "bbox_yolo": [
        0.4948006570339203,
        0.6017436981201172,
        0.6530622243881226,
        0.659770131111145
      ],
      "bbox_width_px": 417.9598083496094,
      "bbox_height_px": 422.2528991699219
    }
  ]
}