{
  "index": 9758,
  "dataframe_iter_index": 9758,
  "image_path": "./datasets/sVOC_FLUXFP8/images/9758.png",
  "image_width": 640,
  "image_height": 640,
  "ground_truth_class": "horse",
  "grounding_prompt": "horse",
  "timestamp": "2026-05-22T13:34:29.697227",
  "num_detections": 3,
  "detections": [
    {
      "detection_id": 0,
      "class_name": "horse",
      "yolo_class_id": 12,
      "confidence": 0.8598867654800415,
      "bbox_xyxy": [
        306.02392578125,
        269.564453125,
        608.7423706054688,
        565.145751953125
      ],
      "bbox_yolo": [
        0.714661180973053,
        0.6521173715591431,
        0.4729975759983063,
        0.4618457853794098
      ],
      "bbox_width_px": 302.71844482421875,
      "bbox_height_px": 295.581298828125
    },
    {
      "detection_id": 1,
      "class_name": "horse",
      "yolo_class_id": 12,
      "confidence": 0.6285148859024048,
      "bbox_xyxy": [
        148.3751983642578,
        284.1873779296875,
        367.195556640625,
        556.7943725585938
      ],
      "bbox_yolo": [
        0.4027896523475647,
        0.6570169925689697,
        0.3419068157672882,
        0.42594844102859497
      ],
      "bbox_width_px": 218.8203582763672,
      "bbox_height_px": 272.60699462890625
    },
    {
      "detection_id": 2,
      "class_name": "horse",
      "yolo_class_id": 12,
      "confidence": 0.46523529291152954,
      "bbox_xyxy": [
        110.51171875,
        277.7216796875,
        272.2537841796875,
        548.3184204101562
      ],
      "bbox_yolo": [
        0.29903554916381836,
        0.6453438401222229,
        0.25272196531295776,
        0.42280739545822144
      ],
      "bbox_width_px": 161.7420654296875,
      "bbox_height_px": 270.59674072265625
    }
  ]
}