{
  "index": 9779,
  "dataframe_iter_index": 9779,
  "image_path": "./datasets/sVOC_FLUXFP8/images/9779.png",
  "image_width": 640,
  "image_height": 640,
  "ground_truth_class": "horse",
  "grounding_prompt": "horse",
  "timestamp": "2026-05-22T13:34:59.081962",
  "num_detections": 1,
  "detections": [
    {
      "detection_id": 0,
      "class_name": "horse",
      "yolo_class_id": 12,
      "confidence": 0.9674503207206726,
      "bbox_xyxy": [
        139.15936279296875,
        152.1326904296875,
        579.3478393554688,
        483.8453369140625
      ],
      "bbox_yolo": [
        0.5613337755203247,
        0.49685782194137573,
        0.6877945065498352,
        0.5183010101318359
      ],
      "bbox_width_px": 440.1884765625,
      "bbox_height_px": 331.712646484375
    }
  ]
}