{
  "index": 9782,
  "dataframe_iter_index": 9782,
  "image_path": "./datasets/sVOC_FLUXFP8/images/9782.png",
  "image_width": 640,
  "image_height": 640,
  "ground_truth_class": "horse",
  "grounding_prompt": "horse",
  "timestamp": "2026-05-22T13:35:03.230173",
  "num_detections": 3,
  "detections": [
    {
      "detection_id": 0,
      "class_name": "horse",
      "yolo_class_id": 12,
      "confidence": 0.8936058878898621,
      "bbox_xyxy": [
        130.38116455078125,
        255.24356079101562,
        261.10595703125,
        416.6504821777344
      ],
      "bbox_yolo": [
        0.3058493137359619,
        0.5249172449111938,
        0.20425748825073242,
        0.25219830870628357
      ],
      "bbox_width_px": 130.72479248046875,
      "bbox_height_px": 161.40692138671875
    },
    {
      "detection_id": 1,
      "class_name": "horse",
      "yolo_class_id": 12,
      "confidence": 0.7248090505599976,
      "bbox_xyxy": [
        351.64990234375,
        281.864990234375,
        458.4312744140625,
        367.05804443359375
      ],
      "bbox_yolo": [
        0.632875919342041,
        0.5069711208343506,
        0.1668458878993988,
        0.13311414420604706
      ],
      "bbox_width_px": 106.7813720703125,
      "bbox_height_px": 85.19305419921875
    },
    {
      "detection_id": 2,
      "class_name": "horse",
      "yolo_class_id": 12,
      "confidence": 0.7754625678062439,
      "bbox_xyxy": [
        302.7857666015625,
        270.7488708496094,
        380.9468994140625,
        393.2195129394531
      ],
      "bbox_yolo": [
        0.534166157245636,
        0.5187252759933472,
        0.12212677299976349,
        0.19136038422584534
      ],
      "bbox_width_px": 78.1611328125,
      "bbox_height_px": 122.47064208984375
    }
  ]
}