{
  "index": 9786,
  "dataframe_iter_index": 9786,
  "image_path": "./datasets/sVOC_FLUXFP8/images/9786.png",
  "image_width": 640,
  "image_height": 640,
  "ground_truth_class": "horse",
  "grounding_prompt": "horse",
  "timestamp": "2026-05-22T13:35:08.954444",
  "num_detections": 3,
  "detections": [
    {
      "detection_id": 0,
      "class_name": "horse",
      "yolo_class_id": 12,
      "confidence": 0.8814257383346558,
      "bbox_xyxy": [
        123.07442474365234,
        184.49215698242188,
        270.6199951171875,
        476.6056213378906
      ],
      "bbox_yolo": [
        0.30757376551628113,
        0.5164826512336731,
        0.2305399477481842,
        0.45642727613449097
      ],
      "bbox_width_px": 147.54556274414062,
      "bbox_height_px": 292.11346435546875
    },
    {
      "detection_id": 1,
      "class_name": "horse",
      "yolo_class_id": 12,
      "confidence": 0.8829894065856934,
      "bbox_xyxy": [
        406.719482421875,
        177.56301879882812,
        564.6403198242188,
        503.6579284667969
      ],
      "bbox_yolo": [
        0.7588748335838318,
        0.5322038531303406,
        0.2467513084411621,
        0.5095232725143433
      ],
      "bbox_width_px": 157.92083740234375,
      "bbox_height_px": 326.09490966796875
    },
    {
      "detection_id": 2,
      "class_name": "horse",
      "yolo_class_id": 12,
      "confidence": 0.8366881012916565,
      "bbox_xyxy": [
        253.7618408203125,
        188.86639404296875,
        423.8558349609375,
        473.4312744140625
      ],
      "bbox_yolo": [
        0.5293887853622437,
        0.5174200534820557,
        0.26577186584472656,
        0.4446326196193695
      ],
      "bbox_width_px": 170.093994140625,
      "bbox_height_px": 284.56488037109375
    }
  ]
}