{
  "index": 9788,
  "dataframe_iter_index": 9788,
  "image_path": "./datasets/sVOC_FLUXFP8/images/9788.png",
  "image_width": 640,
  "image_height": 640,
  "ground_truth_class": "horse",
  "grounding_prompt": "horse",
  "timestamp": "2026-05-22T13:35:11.667008",
  "num_detections": 1,
  "detections": [
    {
      "detection_id": 0,
      "class_name": "horse",
      "yolo_class_id": 12,
      "confidence": 0.9722638726234436,
      "bbox_xyxy": [
        123.6478271484375,
        147.5317840576172,
        525.01416015625,
        524.9571533203125
      ],
      "bbox_yolo": [
        0.5067671537399292,
        0.5253819823265076,
        0.6271349191665649,
        0.5897271037101746
      ],
      "bbox_width_px": 401.3663330078125,
      "bbox_height_px": 377.42535400390625
    }
  ]
}