{
  "index": 9792,
  "dataframe_iter_index": 9792,
  "image_path": "./datasets/sVOC_FLUXFP8/images/9792.png",
  "image_width": 640,
  "image_height": 640,
  "ground_truth_class": "horse",
  "grounding_prompt": "horse",
  "timestamp": "2026-05-22T13:35:17.220358",
  "num_detections": 1,
  "detections": [
    {
      "detection_id": 0,
      "class_name": "horse",
      "yolo_class_id": 12,
      "confidence": 0.9726657867431641,
      "bbox_xyxy": [
        129.20484924316406,
        193.16143798828125,
        521.2205200195312,
        475.33648681640625
      ],
      "bbox_yolo": [
        0.5081447958946228,
        0.5222640037536621,
        0.6125245094299316,
        0.44089850783348083
      ],
      "bbox_width_px": 392.01568603515625,
      "bbox_height_px": 282.175048828125
    }
  ]
}