{
  "index": 9808,
  "dataframe_iter_index": 9808,
  "image_path": "./datasets/sVOC_FLUXFP8/images/9808.png",
  "image_width": 640,
  "image_height": 640,
  "ground_truth_class": "horse",
  "grounding_prompt": "horse",
  "timestamp": "2026-05-22T13:35:39.623788",
  "num_detections": 1,
  "detections": [
    {
      "detection_id": 0,
      "class_name": "horse",
      "yolo_class_id": 12,
      "confidence": 0.9770106077194214,
      "bbox_xyxy": [
        127.095947265625,
        183.00997924804688,
        517.2451782226562,
        522.445068359375
      ],
      "bbox_yolo": [
        0.5033915042877197,
        0.5511367917060852,
        0.6096081733703613,
        0.5303673148155212
      ],
      "bbox_width_px": 390.14923095703125,
      "bbox_height_px": 339.4350891113281
    }
  ]
}