{
  "index": 9838,
  "dataframe_iter_index": 9838,
  "image_path": "./datasets/sVOC_FLUXFP8/images/9838.png",
  "image_width": 640,
  "image_height": 640,
  "ground_truth_class": "horse",
  "grounding_prompt": "horse",
  "timestamp": "2026-05-22T13:36:21.128688",
  "num_detections": 3,
  "detections": [
    {
      "detection_id": 0,
      "class_name": "horse",
      "yolo_class_id": 12,
      "confidence": 0.8563166260719299,
      "bbox_xyxy": [
        417.03466796875,
        175.1114501953125,
        562.2753295898438,
        537.310791015625
      ],
      "bbox_yolo": [
        0.7650859355926514,
        0.5565798878669739,
        0.22693853080272675,
        0.5659364461898804
      ],
      "bbox_width_px": 145.24066162109375,
      "bbox_height_px": 362.1993408203125
    },
    {
      "detection_id": 1,
      "class_name": "horse",
      "yolo_class_id": 12,
      "confidence": 0.8377099633216858,
      "bbox_xyxy": [
        256.2645568847656,
        180.97499084472656,
        420.9204406738281,
        544.8995971679688
      ],
      "bbox_yolo": [
        0.5290507674217224,
        0.5670894980430603,
        0.2572748064994812,
        0.5686322450637817
      ],
      "bbox_width_px": 164.6558837890625,
      "bbox_height_px": 363.92462158203125
    },
    {
      "detection_id": 2,
      "class_name": "horse",
      "yolo_class_id": 12,
      "confidence": 0.8463003039360046,
      "bbox_xyxy": [
        100.93034362792969,
        217.331787109375,
        262.88739013671875,
        532.8121948242188
      ],
      "bbox_yolo": [
        0.28423261642456055,
        0.5860499739646912,
        0.25305789709091187,
        0.4929381310939789
      ],
      "bbox_width_px": 161.95704650878906,
      "bbox_height_px": 315.48040771484375
    }
  ]
}