{
  "index": 987,
  "dataframe_iter_index": 987,
  "image_path": "./datasets/sVOC_FLUXFP8/images/987.png",
  "image_width": 640,
  "image_height": 640,
  "ground_truth_class": "bicycle",
  "grounding_prompt": "bicycle",
  "timestamp": "2026-05-22T10:24:45.511131",
  "num_detections": 1,
  "detections": [
    {
      "detection_id": 0,
      "class_name": "bicycle",
      "yolo_class_id": 1,
      "confidence": 0.9760051369667053,
      "bbox_xyxy": [
        106.76841735839844,
        277.34820556640625,
        440.85394287109375,
        454.52972412109375
      ],
      "bbox_yolo": [
        0.4278299808502197,
        0.5717796087265015,
        0.5220085978507996,
        0.27684611082077026
      ],
      "bbox_width_px": 334.08551025390625,
      "bbox_height_px": 177.1815185546875
    }
  ]
}