{
  "index": 9916,
  "dataframe_iter_index": 9916,
  "image_path": "./datasets/sVOC_FLUXFP8/images/9916.png",
  "image_width": 640,
  "image_height": 640,
  "ground_truth_class": "horse",
  "grounding_prompt": "horse",
  "timestamp": "2026-05-22T13:38:10.176459",
  "num_detections": 1,
  "detections": [
    {
      "detection_id": 0,
      "class_name": "horse",
      "yolo_class_id": 12,
      "confidence": 0.9776847958564758,
      "bbox_xyxy": [
        124.963623046875,
        206.8652801513672,
        517.158447265625,
        574.1815185546875
      ],
      "bbox_yolo": [
        0.5016578435897827,
        0.6101928353309631,
        0.6128044128417969,
        0.5739315748214722
      ],
      "bbox_width_px": 392.19482421875,
      "bbox_height_px": 367.31622314453125
    }
  ]
}