{
  "index": 9935,
  "dataframe_iter_index": 9935,
  "image_path": "./datasets/sVOC_FLUXFP8/images/9935.png",
  "image_width": 640,
  "image_height": 640,
  "ground_truth_class": "horse",
  "grounding_prompt": "horse",
  "timestamp": "2026-05-22T13:38:36.831832",
  "num_detections": 1,
  "detections": [
    {
      "detection_id": 0,
      "class_name": "horse",
      "yolo_class_id": 12,
      "confidence": 0.9741743803024292,
      "bbox_xyxy": [
        126.33271789550781,
        239.82408142089844,
        452.10162353515625,
        547.7008056640625
      ],
      "bbox_yolo": [
        0.4519018232822418,
        0.6152538061141968,
        0.5090139508247375,
        0.481057345867157
      ],
      "bbox_width_px": 325.7689208984375,
      "bbox_height_px": 307.876708984375
    }
  ]
}