{
  "index": 9967,
  "dataframe_iter_index": 9967,
  "image_path": "./datasets/sVOC_FLUXFP8/images/9967.png",
  "image_width": 640,
  "image_height": 640,
  "ground_truth_class": "horse",
  "grounding_prompt": "horse",
  "timestamp": "2026-05-22T13:39:22.080677",
  "num_detections": 3,
  "detections": [
    {
      "detection_id": 0,
      "class_name": "horse",
      "yolo_class_id": 12,
      "confidence": 0.9478718638420105,
      "bbox_xyxy": [
        151.751708984375,
        328.8668212890625,
        375.37774658203125,
        578.1797485351562
      ],
      "bbox_yolo": [
        0.4118198752403259,
        0.7086301445960999,
        0.34941568970680237,
        0.38955146074295044
      ],
      "bbox_width_px": 223.62603759765625,
      "bbox_height_px": 249.31292724609375
    },
    {
      "detection_id": 1,
      "class_name": "horse",
      "yolo_class_id": 12,
      "confidence": 0.6336039304733276,
      "bbox_xyxy": [
        580.5155639648438,
        434.4144287109375,
        603.1564331054688,
        454.6422119140625
      ],
      "bbox_yolo": [
        0.9247437715530396,
        0.6945754885673523,
        0.03537635877728462,
        0.03160591050982475
      ],
      "bbox_width_px": 22.640869140625,
      "bbox_height_px": 20.227783203125
    },
    {
      "detection_id": 2,
      "class_name": "horse",
      "yolo_class_id": 12,
      "confidence": 0.6936219334602356,
      "bbox_xyxy": [
        389.5306091308594,
        422.8382263183594,
        405.6824035644531,
        438.3093566894531
      ],
      "bbox_yolo": [
        0.6212601661682129,
        0.6727715730667114,
        0.025237178429961205,
        0.024173641577363014
      ],
      "bbox_width_px": 16.15179443359375,
      "bbox_height_px": 15.47113037109375
    }
  ]
}