{
  "index": 9971,
  "dataframe_iter_index": 9971,
  "image_path": "./datasets/sVOC_FLUXFP8/images/9971.png",
  "image_width": 640,
  "image_height": 640,
  "ground_truth_class": "horse",
  "grounding_prompt": "horse",
  "timestamp": "2026-05-22T13:39:27.697854",
  "num_detections": 1,
  "detections": [
    {
      "detection_id": 0,
      "class_name": "horse",
      "yolo_class_id": 12,
      "confidence": 0.9741137623786926,
      "bbox_xyxy": [
        113.96237182617188,
        283.664306640625,
        392.2198791503906,
        592.63037109375
      ],
      "bbox_yolo": [
        0.39545488357543945,
        0.6846052408218384,
        0.4347773492336273,
        0.4827594757080078
      ],
      "bbox_width_px": 278.25750732421875,
      "bbox_height_px": 308.966064453125
    }
  ]
}