{
  "index": 9977,
  "dataframe_iter_index": 9977,
  "image_path": "./datasets/sVOC_FLUXFP8/images/9977.png",
  "image_width": 640,
  "image_height": 640,
  "ground_truth_class": "horse",
  "grounding_prompt": "horse",
  "timestamp": "2026-05-22T13:39:36.100499",
  "num_detections": 2,
  "detections": [
    {
      "detection_id": 0,
      "class_name": "horse",
      "yolo_class_id": 12,
      "confidence": 0.9153653979301453,
      "bbox_xyxy": [
        123.61835479736328,
        214.11993408203125,
        259.6932373046875,
        585.7008666992188
      ],
      "bbox_yolo": [
        0.2994621694087982,
        0.6248599886894226,
        0.21261700987815857,
        0.5805951952934265
      ],
      "bbox_width_px": 136.07489013671875,
      "bbox_height_px": 371.5809326171875
    },
    {
      "detection_id": 1,
      "class_name": "horse",
      "yolo_class_id": 12,
      "confidence": 0.9182195067405701,
      "bbox_xyxy": [
        291.1871032714844,
        223.27804565429688,
        468.5000305175781,
        586.072021484375
      ],
      "bbox_yolo": [
        0.5935055613517761,
        0.6323047876358032,
        0.2770514488220215,
        0.5668655633926392
      ],
      "bbox_width_px": 177.31292724609375,
      "bbox_height_px": 362.7939758300781
    }
  ]
}