{
  "index": 118,
  "dataframe_iter_index": 118,
  "image_path": "./datasets/sFERNANDO_TUGBOATS_FLUXDEV/images/118.png",
  "image_width": 640,
  "image_height": 640,
  "ground_truth_class": "tugboat",
  "grounding_prompt": "boat",
  "timestamp": "2026-05-13T20:18:29.541817",
  "num_detections": 3,
  "detections": [
    {
      "detection_id": 0,
      "class_name": "tugboat",
      "yolo_class_id": 0,
      "confidence": 0.7214168906211853,
      "bbox_xyxy": [
        0.398651123046875,
        196.451171875,
        318.3667297363281,
        488.2440185546875
      ],
      "bbox_yolo": [
        0.24903544783592224,
        0.5349181294441223,
        0.49682512879371643,
        0.4559263288974762
      ],
      "bbox_width_px": 317.96807861328125,
      "bbox_height_px": 291.7928466796875
    },
    {
      "detection_id": 1,
      "class_name": "tugboat",
      "yolo_class_id": 0,
      "confidence": 0.5941368937492371,
      "bbox_xyxy": [
        437.2971496582031,
        283.02813720703125,
        597.1994018554688,
        421.44976806640625
      ],
      "bbox_yolo": [
        0.808200478553772,
        0.550373375415802,
        0.24984726309776306,
        0.21628379821777344
      ],
      "bbox_width_px": 159.90225219726562,
      "bbox_height_px": 138.421630859375
    },
    {
      "detection_id": 2,
      "class_name": "tugboat",
      "yolo_class_id": 0,
      "confidence": 0.6319646835327148,
      "bbox_xyxy": [
        284.4833984375,
        258.61029052734375,
        508.57684326171875,
        441.89215087890625
      ],
      "bbox_yolo": [
        0.6195783019065857,
        0.5472675561904907,
        0.35014599561691284,
        0.2863779067993164
      ],
      "bbox_width_px": 224.09344482421875,
      "bbox_height_px": 183.2818603515625
    }
  ]
}