{
  "index": 23,
  "dataframe_iter_index": 23,
  "image_path": "./datasets/sFERNANDO_TUGBOATS_FLUXDEV/images/23.png",
  "image_width": 640,
  "image_height": 640,
  "ground_truth_class": "tugboat",
  "grounding_prompt": "boat",
  "timestamp": "2026-05-13T20:17:25.595939",
  "num_detections": 1,
  "detections": [
    {
      "detection_id": 0,
      "class_name": "tugboat",
      "yolo_class_id": 0,
      "confidence": 0.8874961137771606,
      "bbox_xyxy": [
        18.9222412109375,
        178.2145538330078,
        604.3767700195312,
        515.4623413085938
      ],
      "bbox_yolo": [
        0.48695236444473267,
        0.5419350862503052,
        0.9147726893424988,
        0.5269497036933899
      ],
      "bbox_width_px": 585.4545288085938,
      "bbox_height_px": 337.247802734375
    }
  ]
}