{
  "index": 246,
  "dataframe_iter_index": 246,
  "image_path": "./datasets/sFERNANDO_TUGBOATS_FLUXDEV/images/246.png",
  "image_width": 640,
  "image_height": 640,
  "ground_truth_class": "tugboat",
  "grounding_prompt": "boat",
  "timestamp": "2026-05-13T20:19:56.666355",
  "num_detections": 4,
  "detections": [
    {
      "detection_id": 0,
      "class_name": "tugboat",
      "yolo_class_id": 0,
      "confidence": 0.7353768348693848,
      "bbox_xyxy": [
        60.776580810546875,
        246.59140014648438,
        394.6871032714844,
        526.85009765625
      ],
      "bbox_yolo": [
        0.35583099722862244,
        0.6042512059211731,
        0.5217351913452148,
        0.4379042088985443
      ],
      "bbox_width_px": 333.9105224609375,
      "bbox_height_px": 280.2586975097656
    },
    {
      "detection_id": 1,
      "class_name": "tugboat",
      "yolo_class_id": 0,
      "confidence": 0.6198174357414246,
      "bbox_xyxy": [
        435.4496154785156,
        263.8896789550781,
        567.8536376953125,
        427.0548400878906
      ],
      "bbox_yolo": [
        0.7838306427001953,
        0.5398004055023193,
        0.20688128471374512,
        0.2549455761909485
      ],
      "bbox_width_px": 132.40402221679688,
      "bbox_height_px": 163.1651611328125
    },
    {
      "detection_id": 2,
      "class_name": "tugboat",
      "yolo_class_id": 0,
      "confidence": 0.6133155822753906,
      "bbox_xyxy": [
        276.82440185546875,
        282.6655578613281,
        534.2951049804688,
        446.5208435058594
      ],
      "bbox_yolo": [
        0.6336871385574341,
        0.5696768760681152,
        0.4022979736328125,
        0.2560238838195801
      ],
      "bbox_width_px": 257.470703125,
      "bbox_height_px": 163.85528564453125
    },
    {
      "detection_id": 3,
      "class_name": "tugboat",
      "yolo_class_id": 0,
      "confidence": 0.5253837704658508,
      "bbox_xyxy": [
        0.004150390625,
        335.2557373046875,
        16.009689331054688,
        359.0975341796875
      ],
      "bbox_yolo": [
        0.012510811910033226,
        0.542463481426239,
        0.025008654221892357,
        0.03725280612707138
      ],
      "bbox_width_px": 16.005538940429688,
      "bbox_height_px": 23.841796875
    }
  ]
}