{
  "index": 253,
  "dataframe_iter_index": 253,
  "image_path": "./datasets/sFERNANDO_TUGBOATS_FLUXDEV/images/253.png",
  "image_width": 640,
  "image_height": 640,
  "ground_truth_class": "tugboat",
  "grounding_prompt": "boat",
  "timestamp": "2026-05-13T20:20:01.408280",
  "num_detections": 2,
  "detections": [
    {
      "detection_id": 0,
      "class_name": "tugboat",
      "yolo_class_id": 0,
      "confidence": 0.7401780486106873,
      "bbox_xyxy": [
        46.240447998046875,
        195.80364990234375,
        601.3172607421875,
        529.1256713867188
      ],
      "bbox_yolo": [
        0.505904495716095,
        0.566351056098938,
        0.8673074841499329,
        0.5208156704902649
      ],
      "bbox_width_px": 555.0767822265625,
      "bbox_height_px": 333.322021484375
    },
    {
      "detection_id": 1,
      "class_name": "tugboat",
      "yolo_class_id": 0,
      "confidence": 0.5402990579605103,
      "bbox_xyxy": [
        339.4633483886719,
        262.7965087890625,
        580.6054077148438,
        441.97039794921875
      ],
      "bbox_yolo": [
        0.7188037037849426,
        0.5505991578102112,
        0.37678447365760803,
        0.27995920181274414
      ],
      "bbox_width_px": 241.14205932617188,
      "bbox_height_px": 179.17388916015625
    }
  ]
}