{
  "index": 276,
  "dataframe_iter_index": 276,
  "image_path": "./datasets/sFERNANDO_TUGBOATS_FLUXDEV/images/276.png",
  "image_width": 640,
  "image_height": 640,
  "ground_truth_class": "tugboat",
  "grounding_prompt": "boat",
  "timestamp": "2026-05-13T20:20:16.867857",
  "num_detections": 1,
  "detections": [
    {
      "detection_id": 0,
      "class_name": "tugboat",
      "yolo_class_id": 0,
      "confidence": 0.9122863411903381,
      "bbox_xyxy": [
        117.87812805175781,
        232.02490234375,
        552.349853515625,
        455.6429443359375
      ],
      "bbox_yolo": [
        0.5236155986785889,
        0.5372405052185059,
        0.6788620948791504,
        0.3494032025337219
      ],
      "bbox_width_px": 434.47174072265625,
      "bbox_height_px": 223.6180419921875
    }
  ]
}