{
  "index": 278,
  "dataframe_iter_index": 278,
  "image_path": "./datasets/sFERNANDO_TUGBOATS_FLUXDEV/images/278.png",
  "image_width": 640,
  "image_height": 640,
  "ground_truth_class": "tugboat",
  "grounding_prompt": "boat",
  "timestamp": "2026-05-13T20:20:18.276586",
  "num_detections": 3,
  "detections": [
    {
      "detection_id": 0,
      "class_name": "tugboat",
      "yolo_class_id": 0,
      "confidence": 0.8288892507553101,
      "bbox_xyxy": [
        54.60115051269531,
        221.91001892089844,
        361.09002685546875,
        535.565185546875
      ],
      "bbox_yolo": [
        0.32475870847702026,
        0.591777503490448,
        0.4788888990879059,
        0.490086168050766
      ],
      "bbox_width_px": 306.4888916015625,
      "bbox_height_px": 313.6551513671875
    },
    {
      "detection_id": 1,
      "class_name": "tugboat",
      "yolo_class_id": 0,
      "confidence": 0.5993531346321106,
      "bbox_xyxy": [
        279.75531005859375,
        289.83148193359375,
        449.38653564453125,
        452.67254638671875
      ],
      "bbox_yolo": [
        0.5696420669555664,
        0.5800812840461731,
        0.2650488018989563,
        0.25443917512893677
      ],
      "bbox_width_px": 169.6312255859375,
      "bbox_height_px": 162.841064453125
    },
    {
      "detection_id": 2,
      "class_name": "tugboat",
      "yolo_class_id": 0,
      "confidence": 0.4389450252056122,
      "bbox_xyxy": [
        407.7745056152344,
        318.7491455078125,
        575.8826293945312,
        442.7078857421875
      ],
      "bbox_yolo": [
        0.7684820890426636,
        0.5948883295059204,
        0.2626689374446869,
        0.19368553161621094
      ],
      "bbox_width_px": 168.10812377929688,
      "bbox_height_px": 123.958740234375
    }
  ]
}