{
  "index": 286,
  "dataframe_iter_index": 286,
  "image_path": "./datasets/sFERNANDO_TUGBOATS_FLUXDEV/images/286.png",
  "image_width": 640,
  "image_height": 640,
  "ground_truth_class": "tugboat",
  "grounding_prompt": "boat",
  "timestamp": "2026-05-13T20:20:23.673019",
  "num_detections": 3,
  "detections": [
    {
      "detection_id": 0,
      "class_name": "tugboat",
      "yolo_class_id": 0,
      "confidence": 0.7192909717559814,
      "bbox_xyxy": [
        19.222686767578125,
        217.33697509765625,
        610.2926025390625,
        543.8045043945312
      ],
      "bbox_yolo": [
        0.49180880188941956,
        0.5946418046951294,
        0.9235467910766602,
        0.5101054906845093
      ],
      "bbox_width_px": 591.0699462890625,
      "bbox_height_px": 326.467529296875
    },
    {
      "detection_id": 1,
      "class_name": "tugboat",
      "yolo_class_id": 0,
      "confidence": 0.5462983250617981,
      "bbox_xyxy": [
        430.1898498535156,
        305.5390625,
        580.35302734375,
        425.9332275390625
      ],
      "bbox_yolo": [
        0.7894865870475769,
        0.5714627504348755,
        0.23462995886802673,
        0.18811587989330292
      ],
      "bbox_width_px": 150.16317749023438,
      "bbox_height_px": 120.3941650390625
    },
    {
      "detection_id": 2,
      "class_name": "tugboat",
      "yolo_class_id": 0,
      "confidence": 0.5043045282363892,
      "bbox_xyxy": [
        277.9324951171875,
        272.3074645996094,
        558.4218139648438,
        452.0790100097656
      ],
      "bbox_yolo": [
        0.653401792049408,
        0.5659269094467163,
        0.43826454877853394,
        0.2808930277824402
      ],
      "bbox_width_px": 280.48931884765625,
      "bbox_height_px": 179.77154541015625
    }
  ]
}