{
  "index": 308,
  "dataframe_iter_index": 308,
  "image_path": "./datasets/sFERNANDO_TUGBOATS_FLUXDEV/images/308.png",
  "image_width": 640,
  "image_height": 640,
  "ground_truth_class": "tugboat",
  "grounding_prompt": "boat",
  "timestamp": "2026-05-13T20:20:38.492899",
  "num_detections": 1,
  "detections": [
    {
      "detection_id": 0,
      "class_name": "tugboat",
      "yolo_class_id": 0,
      "confidence": 0.9255654811859131,
      "bbox_xyxy": [
        108.76533508300781,
        219.5180206298828,
        570.8500366210938,
        458.01251220703125
      ],
      "bbox_yolo": [
        0.5309494733810425,
        0.5293207168579102,
        0.7220073938369751,
        0.37264764308929443
      ],
      "bbox_width_px": 462.084716796875,
      "bbox_height_px": 238.49449157714844
    }
  ]
}