{
  "index": 320,
  "dataframe_iter_index": 320,
  "image_path": "./datasets/sFERNANDO_TUGBOATS_FLUXDEV/images/320.png",
  "image_width": 640,
  "image_height": 640,
  "ground_truth_class": "tugboat",
  "grounding_prompt": "boat",
  "timestamp": "2026-05-13T20:20:46.625634",
  "num_detections": 1,
  "detections": [
    {
      "detection_id": 0,
      "class_name": "tugboat",
      "yolo_class_id": 0,
      "confidence": 0.8811737895011902,
      "bbox_xyxy": [
        60.87957763671875,
        208.6993408203125,
        614.3388061523438,
        528.86962890625
      ],
      "bbox_yolo": [
        0.5275143384933472,
        0.576225757598877,
        0.864780068397522,
        0.5002660751342773
      ],
      "bbox_width_px": 553.459228515625,
      "bbox_height_px": 320.1702880859375
    }
  ]
}