{
  "index": 335,
  "dataframe_iter_index": 335,
  "image_path": "./datasets/sFERNANDO_TUGBOATS_FLUXDEV/images/335.png",
  "image_width": 640,
  "image_height": 640,
  "ground_truth_class": "tugboat",
  "grounding_prompt": "boat",
  "timestamp": "2026-05-13T20:20:56.797217",
  "num_detections": 1,
  "detections": [
    {
      "detection_id": 0,
      "class_name": "tugboat",
      "yolo_class_id": 0,
      "confidence": 0.9119234681129456,
      "bbox_xyxy": [
        61.7969970703125,
        106.69696044921875,
        561.0645751953125,
        529.6515502929688
      ],
      "bbox_yolo": [
        0.4866105914115906,
        0.49714726209640503,
        0.7801055908203125,
        0.6608665585517883
      ],
      "bbox_width_px": 499.267578125,
      "bbox_height_px": 422.95458984375
    }
  ]
}