{
  "index": 349,
  "dataframe_iter_index": 349,
  "image_path": "./datasets/sFERNANDO_TUGBOATS_FLUXDEV/images/349.png",
  "image_width": 640,
  "image_height": 640,
  "ground_truth_class": "tugboat",
  "grounding_prompt": "boat",
  "timestamp": "2026-05-13T20:21:06.217156",
  "num_detections": 2,
  "detections": [
    {
      "detection_id": 0,
      "class_name": "tugboat",
      "yolo_class_id": 0,
      "confidence": 0.7053784132003784,
      "bbox_xyxy": [
        19.396575927734375,
        203.77621459960938,
        612.8795166015625,
        539.38232421875
      ],
      "bbox_yolo": [
        0.4939657151699066,
        0.5805926322937012,
        0.9273170232772827,
        0.5243845582008362
      ],
      "bbox_width_px": 593.48291015625,
      "bbox_height_px": 335.6061096191406
    },
    {
      "detection_id": 1,
      "class_name": "tugboat",
      "yolo_class_id": 0,
      "confidence": 0.5852679014205933,
      "bbox_xyxy": [
        273.44329833984375,
        246.85421752929688,
        566.0512084960938,
        454.8368225097656
      ],
      "bbox_yolo": [
        0.6558550596237183,
        0.5481961369514465,
        0.4571998715400696,
        0.32497280836105347
      ],
      "bbox_width_px": 292.60791015625,
      "bbox_height_px": 207.98260498046875
    }
  ]
}