{
  "index": 35,
  "dataframe_iter_index": 35,
  "image_path": "./datasets/sFERNANDO_TUGBOATS_FLUXDEV/images/35.png",
  "image_width": 640,
  "image_height": 640,
  "ground_truth_class": "tugboat",
  "grounding_prompt": "boat",
  "timestamp": "2026-05-13T20:17:33.561606",
  "num_detections": 1,
  "detections": [
    {
      "detection_id": 0,
      "class_name": "tugboat",
      "yolo_class_id": 0,
      "confidence": 0.5769920945167542,
      "bbox_xyxy": [
        45.346221923828125,
        196.46121215820312,
        622.766845703125,
        541.3309326171875
      ],
      "bbox_yolo": [
        0.5219632983207703,
        0.576400101184845,
        0.9022197723388672,
        0.538858950138092
      ],
      "bbox_width_px": 577.420654296875,
      "bbox_height_px": 344.8697204589844
    }
  ]
}