{
  "index": 351,
  "dataframe_iter_index": 351,
  "image_path": "./datasets/sFERNANDO_TUGBOATS_FLUXDEV/images/351.png",
  "image_width": 640,
  "image_height": 640,
  "ground_truth_class": "tugboat",
  "grounding_prompt": "boat",
  "timestamp": "2026-05-13T20:21:07.557170",
  "num_detections": 1,
  "detections": [
    {
      "detection_id": 0,
      "class_name": "tugboat",
      "yolo_class_id": 0,
      "confidence": 0.8962507843971252,
      "bbox_xyxy": [
        46.33453369140625,
        202.985107421875,
        612.8967895507812,
        529.874267578125
      ],
      "bbox_yolo": [
        0.5150244832038879,
        0.5725463628768921,
        0.8852535486221313,
        0.5107643008232117
      ],
      "bbox_width_px": 566.562255859375,
      "bbox_height_px": 326.88916015625
    }
  ]
}