{
  "index": 381,
  "dataframe_iter_index": 381,
  "image_path": "./datasets/sFERNANDO_TUGBOATS_FLUXDEV/images/381.png",
  "image_width": 640,
  "image_height": 640,
  "ground_truth_class": "tugboat",
  "grounding_prompt": "boat",
  "timestamp": "2026-05-13T20:21:27.991615",
  "num_detections": 2,
  "detections": [
    {
      "detection_id": 0,
      "class_name": "tugboat",
      "yolo_class_id": 0,
      "confidence": 0.7972397208213806,
      "bbox_xyxy": [
        18.694061279296875,
        200.54306030273438,
        612.029052734375,
        538.8514404296875
      ],
      "bbox_yolo": [
        0.49275246262550354,
        0.5776519775390625,
        0.9270858764648438,
        0.5286068320274353
      ],
      "bbox_width_px": 593.3349609375,
      "bbox_height_px": 338.3083801269531
    },
    {
      "detection_id": 1,
      "class_name": "tugboat",
      "yolo_class_id": 0,
      "confidence": 0.6458315849304199,
      "bbox_xyxy": [
        350.56646728515625,
        281.364013671875,
        599.001953125,
        457.46044921875
      ],
      "bbox_yolo": [
        0.7418503165245056,
        0.5772066116333008,
        0.3881804347038269,
        0.27515068650245667
      ],
      "bbox_width_px": 248.43548583984375,
      "bbox_height_px": 176.096435546875
    }
  ]
}