{
  "index": 430,
  "dataframe_iter_index": 430,
  "image_path": "./datasets/sFERNANDO_TUGBOATS_FLUXDEV/images/430.png",
  "image_width": 640,
  "image_height": 640,
  "ground_truth_class": "tugboat",
  "grounding_prompt": "boat",
  "timestamp": "2026-05-13T20:22:01.479219",
  "num_detections": 3,
  "detections": [
    {
      "detection_id": 0,
      "class_name": "tugboat",
      "yolo_class_id": 0,
      "confidence": 0.7857587337493896,
      "bbox_xyxy": [
        42.562225341796875,
        204.25955200195312,
        370.1319274902344,
        532.052001953125
      ],
      "bbox_yolo": [
        0.32241731882095337,
        0.575243353843689,
        0.5118276476860046,
        0.5121756792068481
      ],
      "bbox_width_px": 327.5697021484375,
      "bbox_height_px": 327.7924499511719
    },
    {
      "detection_id": 1,
      "class_name": "tugboat",
      "yolo_class_id": 0,
      "confidence": 0.7715282440185547,
      "bbox_xyxy": [
        377.05908203125,
        338.2638244628906,
        590.1856689453125,
        451.7496643066406
      ],
      "bbox_yolo": [
        0.7556599378585815,
        0.6171980500221252,
        0.3330102860927582,
        0.1773216277360916
      ],
      "bbox_width_px": 213.1265869140625,
      "bbox_height_px": 113.48583984375
    },
    {
      "detection_id": 2,
      "class_name": "tugboat",
      "yolo_class_id": 0,
      "confidence": 0.5933802127838135,
      "bbox_xyxy": [
        278.245849609375,
        347.190185546875,
        389.27972412109375,
        423.99383544921875
      ],
      "bbox_yolo": [
        0.5215043425559998,
        0.6024875044822693,
        0.17349043488502502,
        0.12000570446252823
      ],
      "bbox_width_px": 111.03387451171875,
      "bbox_height_px": 76.80364990234375
    }
  ]
}