{
  "index": 467,
  "dataframe_iter_index": 467,
  "image_path": "./datasets/sFERNANDO_TUGBOATS_FLUXDEV/images/467.png",
  "image_width": 640,
  "image_height": 640,
  "ground_truth_class": "tugboat",
  "grounding_prompt": "boat",
  "timestamp": "2026-05-13T20:22:26.719846",
  "num_detections": 1,
  "detections": [
    {
      "detection_id": 0,
      "class_name": "tugboat",
      "yolo_class_id": 0,
      "confidence": 0.8747683167457581,
      "bbox_xyxy": [
        39.34027099609375,
        126.25582885742188,
        610.953369140625,
        543.598876953125
      ],
      "bbox_yolo": [
        0.5080419182777405,
        0.5233240127563477,
        0.8931454420089722,
        0.652098536491394
      ],
      "bbox_width_px": 571.6130981445312,
      "bbox_height_px": 417.3430480957031
    }
  ]
}