{
  "index": 47,
  "dataframe_iter_index": 47,
  "image_path": "./datasets/sFERNANDO_TUGBOATS_FLUXDEV/images/47.png",
  "image_width": 640,
  "image_height": 640,
  "ground_truth_class": "tugboat",
  "grounding_prompt": "boat",
  "timestamp": "2026-05-13T20:17:41.437440",
  "num_detections": 1,
  "detections": [
    {
      "detection_id": 0,
      "class_name": "tugboat",
      "yolo_class_id": 0,
      "confidence": 0.8863358497619629,
      "bbox_xyxy": [
        44.17681884765625,
        115.76214599609375,
        611.40673828125,
        547.4253540039062
      ],
      "bbox_yolo": [
        0.512174665927887,
        0.518115222454071,
        0.8862967491149902,
        0.674473762512207
      ],
      "bbox_width_px": 567.2299194335938,
      "bbox_height_px": 431.6632080078125
    }
  ]
}