{
  "index": 470,
  "dataframe_iter_index": 470,
  "image_path": "./datasets/sFERNANDO_TUGBOATS_FLUXDEV/images/470.png",
  "image_width": 640,
  "image_height": 640,
  "ground_truth_class": "tugboat",
  "grounding_prompt": "boat",
  "timestamp": "2026-05-13T20:22:28.791949",
  "num_detections": 3,
  "detections": [
    {
      "detection_id": 0,
      "class_name": "tugboat",
      "yolo_class_id": 0,
      "confidence": 0.8196698427200317,
      "bbox_xyxy": [
        54.359130859375,
        204.46884155273438,
        311.81280517578125,
        531.8541259765625
      ],
      "bbox_yolo": [
        0.2860718369483948,
        0.57525235414505,
        0.4022713601589203,
        0.5115395188331604
      ],
      "bbox_width_px": 257.45367431640625,
      "bbox_height_px": 327.3852844238281
    },
    {
      "detection_id": 1,
      "class_name": "tugboat",
      "yolo_class_id": 0,
      "confidence": 0.7373046278953552,
      "bbox_xyxy": [
        272.94268798828125,
        272.6649475097656,
        440.27508544921875,
        448.0380554199219
      ],
      "bbox_yolo": [
        0.5572013854980469,
        0.5630491971969604,
        0.2614568769931793,
        0.2740204930305481
      ],
      "bbox_width_px": 167.3323974609375,
      "bbox_height_px": 175.37310791015625
    },
    {
      "detection_id": 2,
      "class_name": "tugboat",
      "yolo_class_id": 0,
      "confidence": 0.6857049465179443,
      "bbox_xyxy": [
        428.3904724121094,
        302.90576171875,
        568.5712890625,
        423.4217529296875
      ],
      "bbox_yolo": [
        0.7788764238357544,
        0.5674433708190918,
        0.21903252601623535,
        0.18830624222755432
      ],
      "bbox_width_px": 140.18081665039062,
      "bbox_height_px": 120.5159912109375
    }
  ]
}