{
  "index": 471,
  "dataframe_iter_index": 471,
  "image_path": "./datasets/sFERNANDO_TUGBOATS_FLUXDEV/images/471.png",
  "image_width": 640,
  "image_height": 640,
  "ground_truth_class": "tugboat",
  "grounding_prompt": "boat",
  "timestamp": "2026-05-13T20:22:29.440665",
  "num_detections": 1,
  "detections": [
    {
      "detection_id": 0,
      "class_name": "tugboat",
      "yolo_class_id": 0,
      "confidence": 0.8820841312408447,
      "bbox_xyxy": [
        109.17372131347656,
        179.64544677734375,
        571.4363403320312,
        465.56317138671875
      ],
      "bbox_yolo": [
        0.531726598739624,
        0.5040692090988159,
        0.7222853899002075,
        0.44674643874168396
      ],
      "bbox_width_px": 462.26263427734375,
      "bbox_height_px": 285.917724609375
    }
  ]
}