{
  "index": 487,
  "dataframe_iter_index": 487,
  "image_path": "./datasets/sFERNANDO_TUGBOATS_FLUXDEV/images/487.png",
  "image_width": 640,
  "image_height": 640,
  "ground_truth_class": "tugboat",
  "grounding_prompt": "boat",
  "timestamp": "2026-05-13T20:22:40.477074",
  "num_detections": 1,
  "detections": [
    {
      "detection_id": 0,
      "class_name": "tugboat",
      "yolo_class_id": 0,
      "confidence": 0.8243533372879028,
      "bbox_xyxy": [
        45.1470947265625,
        185.35707092285156,
        613.4501953125,
        538.0865478515625
      ],
      "bbox_yolo": [
        0.5145291090011597,
        0.565190315246582,
        0.8879736065864563,
        0.5511398315429688
      ],
      "bbox_width_px": 568.3031005859375,
      "bbox_height_px": 352.7294921875
    }
  ]
}