{
  "index": 507,
  "dataframe_iter_index": 507,
  "image_path": "./datasets/sFERNANDO_TUGBOATS_FLUXDEV/images/507.png",
  "image_width": 640,
  "image_height": 640,
  "ground_truth_class": "tugboat",
  "grounding_prompt": "boat",
  "timestamp": "2026-05-13T20:22:54.207053",
  "num_detections": 1,
  "detections": [
    {
      "detection_id": 0,
      "class_name": "tugboat",
      "yolo_class_id": 0,
      "confidence": 0.8864274024963379,
      "bbox_xyxy": [
        42.19677734375,
        113.24176025390625,
        609.6226806640625,
        544.054931640625
      ],
      "bbox_yolo": [
        0.5092339515686035,
        0.5135130286216736,
        0.8866029977798462,
        0.673145592212677
      ],
      "bbox_width_px": 567.4259033203125,
      "bbox_height_px": 430.81317138671875
    }
  ]
}