{
  "index": 525,
  "dataframe_iter_index": 525,
  "image_path": "./datasets/sFERNANDO_TUGBOATS_FLUXDEV/images/525.png",
  "image_width": 640,
  "image_height": 640,
  "ground_truth_class": "tugboat",
  "grounding_prompt": "boat",
  "timestamp": "2026-05-13T20:23:06.563136",
  "num_detections": 2,
  "detections": [
    {
      "detection_id": 0,
      "class_name": "tugboat",
      "yolo_class_id": 0,
      "confidence": 0.8426388502120972,
      "bbox_xyxy": [
        46.59690856933594,
        204.87191772460938,
        369.32684326171875,
        529.8099365234375
      ],
      "bbox_yolo": [
        0.32494044303894043,
        0.5739701986312866,
        0.5042654871940613,
        0.50771564245224
      ],
      "bbox_width_px": 322.72991943359375,
      "bbox_height_px": 324.9380187988281
    },
    {
      "detection_id": 1,
      "class_name": "tugboat",
      "yolo_class_id": 0,
      "confidence": 0.802594006061554,
      "bbox_xyxy": [
        387.18231201171875,
        315.83428955078125,
        583.1509399414062,
        450.38323974609375
      ],
      "bbox_yolo": [
        0.7580728530883789,
        0.5986074209213257,
        0.3062009811401367,
        0.21023273468017578
      ],
      "bbox_width_px": 195.9686279296875,
      "bbox_height_px": 134.5489501953125
    }
  ]
}