{
  "index": 641,
  "dataframe_iter_index": 641,
  "image_path": "./datasets/sFERNANDO_TUGBOATS_FLUXDEV/images/641.png",
  "image_width": 640,
  "image_height": 640,
  "ground_truth_class": "tugboat",
  "grounding_prompt": "boat",
  "timestamp": "2026-05-13T20:24:25.600269",
  "num_detections": 2,
  "detections": [
    {
      "detection_id": 0,
      "class_name": "tugboat",
      "yolo_class_id": 0,
      "confidence": 0.5633230209350586,
      "bbox_xyxy": [
        263.43255615234375,
        208.25709533691406,
        581.6917114257812,
        459.655029296875
      ],
      "bbox_yolo": [
        0.6602533459663391,
        0.5218063592910767,
        0.49727994203567505,
        0.39280927181243896
      ],
      "bbox_width_px": 318.2591552734375,
      "bbox_height_px": 251.39793395996094
    },
    {
      "detection_id": 1,
      "class_name": "tugboat",
      "yolo_class_id": 0,
      "confidence": 0.6911455392837524,
      "bbox_xyxy": [
        18.23046875,
        195.66793823242188,
        621.53173828125,
        537.9013671875
      ],
      "bbox_yolo": [
        0.4998142123222351,
        0.5731010437011719,
        0.9426582455635071,
        0.5347397327423096
      ],
      "bbox_width_px": 603.30126953125,
      "bbox_height_px": 342.2334289550781
    }
  ]
}