{
  "index": 651,
  "dataframe_iter_index": 651,
  "image_path": "./datasets/sFERNANDO_TUGBOATS_FLUXDEV/images/651.png",
  "image_width": 640,
  "image_height": 640,
  "ground_truth_class": "tugboat",
  "grounding_prompt": "boat",
  "timestamp": "2026-05-13T20:24:32.443576",
  "num_detections": 1,
  "detections": [
    {
      "detection_id": 0,
      "class_name": "tugboat",
      "yolo_class_id": 0,
      "confidence": 0.8454781770706177,
      "bbox_xyxy": [
        45.441680908203125,
        196.26837158203125,
        612.9813232421875,
        548.6272583007812
      ],
      "bbox_yolo": [
        0.5143929719924927,
        0.5819497108459473,
        0.8867807388305664,
        0.5505607724189758
      ],
      "bbox_width_px": 567.5396728515625,
      "bbox_height_px": 352.35888671875
    }
  ]
}