{
  "index": 675,
  "dataframe_iter_index": 675,
  "image_path": "./datasets/sFERNANDO_TUGBOATS_FLUXDEV/images/675.png",
  "image_width": 640,
  "image_height": 640,
  "ground_truth_class": "tugboat",
  "grounding_prompt": "boat",
  "timestamp": "2026-05-13T20:24:48.534186",
  "num_detections": 1,
  "detections": [
    {
      "detection_id": 0,
      "class_name": "tugboat",
      "yolo_class_id": 0,
      "confidence": 0.8564128279685974,
      "bbox_xyxy": [
        43.0257568359375,
        189.3643341064453,
        622.531982421875,
        542.7277221679688
      ],
      "bbox_yolo": [
        0.5199669599533081,
        0.571946918964386,
        0.9054784774780273,
        0.5521303415298462
      ],
      "bbox_width_px": 579.5062255859375,
      "bbox_height_px": 353.3634033203125
    }
  ]
}