{
  "index": 687,
  "dataframe_iter_index": 687,
  "image_path": "./datasets/sFERNANDO_TUGBOATS_FLUXDEV/images/687.png",
  "image_width": 640,
  "image_height": 640,
  "ground_truth_class": "tugboat",
  "grounding_prompt": "boat",
  "timestamp": "2026-05-13T20:24:56.617554",
  "num_detections": 1,
  "detections": [
    {
      "detection_id": 0,
      "class_name": "tugboat",
      "yolo_class_id": 0,
      "confidence": 0.8068293333053589,
      "bbox_xyxy": [
        46.367034912109375,
        186.3283233642578,
        608.045166015625,
        544.1173095703125
      ],
      "bbox_yolo": [
        0.5112595558166504,
        0.5706606507301331,
        0.8776220083236694,
        0.5590453147888184
      ],
      "bbox_width_px": 561.6781005859375,
      "bbox_height_px": 357.78900146484375
    }
  ]
}