{
  "index": 692,
  "dataframe_iter_index": 692,
  "image_path": "./datasets/sFERNANDO_TUGBOATS_FLUXDEV/images/692.png",
  "image_width": 640,
  "image_height": 640,
  "ground_truth_class": "tugboat",
  "grounding_prompt": "boat",
  "timestamp": "2026-05-13T20:24:59.931757",
  "num_detections": 1,
  "detections": [
    {
      "detection_id": 0,
      "class_name": "tugboat",
      "yolo_class_id": 0,
      "confidence": 0.9059963226318359,
      "bbox_xyxy": [
        59.868377685546875,
        232.67015075683594,
        609.6412353515625,
        529.9617309570312
      ],
      "bbox_yolo": [
        0.5230544209480286,
        0.5958061814308167,
        0.8590200543403625,
        0.46451807022094727
      ],
      "bbox_width_px": 549.7728271484375,
      "bbox_height_px": 297.29156494140625
    }
  ]
}