{
  "index": 699,
  "dataframe_iter_index": 699,
  "image_path": "./datasets/sFERNANDO_TUGBOATS_FLUXDEV/images/699.png",
  "image_width": 640,
  "image_height": 640,
  "ground_truth_class": "tugboat",
  "grounding_prompt": "boat",
  "timestamp": "2026-05-13T20:25:04.717152",
  "num_detections": 1,
  "detections": [
    {
      "detection_id": 0,
      "class_name": "tugboat",
      "yolo_class_id": 0,
      "confidence": 0.8740296363830566,
      "bbox_xyxy": [
        47.0296630859375,
        195.9651641845703,
        609.6575927734375,
        544.1348876953125
      ],
      "bbox_yolo": [
        0.5130369067192078,
        0.5782031416893005,
        0.8791061639785767,
        0.5440152287483215
      ],
      "bbox_width_px": 562.6279296875,
      "bbox_height_px": 348.16973876953125
    }
  ]
}