{
  "index": 705,
  "dataframe_iter_index": 705,
  "image_path": "./datasets/sFERNANDO_TUGBOATS_FLUXDEV/images/705.png",
  "image_width": 640,
  "image_height": 640,
  "ground_truth_class": "tugboat",
  "grounding_prompt": "boat",
  "timestamp": "2026-05-13T20:25:08.783937",
  "num_detections": 2,
  "detections": [
    {
      "detection_id": 0,
      "class_name": "tugboat",
      "yolo_class_id": 0,
      "confidence": 0.7976400256156921,
      "bbox_xyxy": [
        351.2003173828125,
        122.85446166992188,
        593.764892578125,
        451.1767883300781
      ],
      "bbox_yolo": [
        0.7382540702819824,
        0.4484619200229645,
        0.37900716066360474,
        0.5130036473274231
      ],
      "bbox_width_px": 242.5645751953125,
      "bbox_height_px": 328.32232666015625
    },
    {
      "detection_id": 1,
      "class_name": "tugboat",
      "yolo_class_id": 0,
      "confidence": 0.8295620083808899,
      "bbox_xyxy": [
        61.65507507324219,
        122.45600891113281,
        374.11529541015625,
        548.6695556640625
      ],
      "bbox_yolo": [
        0.3404456079006195,
        0.5243168473243713,
        0.48821908235549927,
        0.6659587025642395
      ],
      "bbox_width_px": 312.460205078125,
      "bbox_height_px": 426.21356201171875
    }
  ]
}