{
  "index": 714,
  "dataframe_iter_index": 714,
  "image_path": "./datasets/sFERNANDO_TUGBOATS_FLUXDEV/images/714.png",
  "image_width": 640,
  "image_height": 640,
  "ground_truth_class": "tugboat",
  "grounding_prompt": "boat",
  "timestamp": "2026-05-13T20:25:14.994649",
  "num_detections": 4,
  "detections": [
    {
      "detection_id": 0,
      "class_name": "tugboat",
      "yolo_class_id": 0,
      "confidence": 0.7459281086921692,
      "bbox_xyxy": [
        39.959991455078125,
        133.17967224121094,
        361.0663757324219,
        565.4072875976562
      ],
      "bbox_yolo": [
        0.31330186128616333,
        0.545771062374115,
        0.5017287135124207,
        0.6753556132316589
      ],
      "bbox_width_px": 321.10638427734375,
      "bbox_height_px": 432.22760009765625
    },
    {
      "detection_id": 1,
      "class_name": "tugboat",
      "yolo_class_id": 0,
      "confidence": 0.7025639414787292,
      "bbox_xyxy": [
        301.4909973144531,
        152.44464111328125,
        604.91064453125,
        458.23175048828125
      ],
      "bbox_yolo": [
        0.7081262469291687,
        0.4770909249782562,
        0.4740931987762451,
        0.477792352437973
      ],
      "bbox_width_px": 303.4196472167969,
      "bbox_height_px": 305.787109375
    },
    {
      "detection_id": 2,
      "class_name": "tugboat",
      "yolo_class_id": 0,
      "confidence": 0.5795843005180359,
      "bbox_xyxy": [
        266.0352783203125,
        186.57423400878906,
        377.1016845703125,
        337.8731689453125
      ],
      "bbox_yolo": [
        0.5024507641792297,
        0.40972453355789185,
        0.17354126274585724,
        0.23640458285808563
      ],
      "bbox_width_px": 111.06640625,
      "bbox_height_px": 151.29893493652344
    },
    {
      "detection_id": 3,
      "class_name": "tugboat",
      "yolo_class_id": 0,
      "confidence": 0.41651687026023865,
      "bbox_xyxy": [
        0.046916961669921875,
        192.7275390625,
        75.21392822265625,
        340.5579833984375
      ],
      "bbox_yolo": [
        0.05879753828048706,
        0.4166293144226074,
        0.11744844913482666,
        0.23098507523536682
      ],
      "bbox_width_px": 75.16700744628906,
      "bbox_height_px": 147.8304443359375
    }
  ]
}