{
  "index": 719,
  "dataframe_iter_index": 719,
  "image_path": "./datasets/sFERNANDO_TUGBOATS_FLUXDEV/images/719.png",
  "image_width": 640,
  "image_height": 640,
  "ground_truth_class": "tugboat",
  "grounding_prompt": "boat",
  "timestamp": "2026-05-13T20:25:18.453737",
  "num_detections": 1,
  "detections": [
    {
      "detection_id": 0,
      "class_name": "tugboat",
      "yolo_class_id": 0,
      "confidence": 0.8548658490180969,
      "bbox_xyxy": [
        15.052886962890625,
        179.78492736816406,
        612.2325439453125,
        547.9854736328125
      ],
      "bbox_yolo": [
        0.4900667071342468,
        0.568570613861084,
        0.933093249797821,
        0.5753133893013
      ],
      "bbox_width_px": 597.1796875,
      "bbox_height_px": 368.2005615234375
    }
  ]
}