{
  "index": 85,
  "dataframe_iter_index": 85,
  "image_path": "./datasets/sFERNANDO_TUGBOATS_FLUXDEV/images/85.png",
  "image_width": 640,
  "image_height": 640,
  "ground_truth_class": "tugboat",
  "grounding_prompt": "boat",
  "timestamp": "2026-05-13T20:18:07.073524",
  "num_detections": 3,
  "detections": [
    {
      "detection_id": 0,
      "class_name": "tugboat",
      "yolo_class_id": 0,
      "confidence": 0.7883402705192566,
      "bbox_xyxy": [
        1.17462158203125,
        192.4457550048828,
        318.5403747558594,
        485.27203369140625
      ],
      "bbox_yolo": [
        0.24977734684944153,
        0.529466986656189,
        0.4958840012550354,
        0.4575410783290863
      ],
      "bbox_width_px": 317.3657531738281,
      "bbox_height_px": 292.8262939453125
    },
    {
      "detection_id": 1,
      "class_name": "tugboat",
      "yolo_class_id": 0,
      "confidence": 0.7604905962944031,
      "bbox_xyxy": [
        264.8790283203125,
        231.487060546875,
        611.7781372070312,
        442.0125732421875
      ],
      "bbox_yolo": [
        0.6848884224891663,
        0.5261715650558472,
        0.542029857635498,
        0.3289461135864258
      ],
      "bbox_width_px": 346.89910888671875,
      "bbox_height_px": 210.5255126953125
    },
    {
      "detection_id": 2,
      "class_name": "tugboat",
      "yolo_class_id": 0,
      "confidence": 0.48871344327926636,
      "bbox_xyxy": [
        0.04791831970214844,
        329.4529724121094,
        29.52724266052246,
        363.5461730957031
      ],
      "bbox_yolo": [
        0.023105595260858536,
        0.5414055585861206,
        0.0460614450275898,
        0.053270626813173294
      ],
      "bbox_width_px": 29.479324340820312,
      "bbox_height_px": 34.09320068359375
    }
  ]
}