epoch,time,train/box_loss,train/cls_loss,train/dfl_loss,metrics/precision(B),metrics/recall(B),metrics/mAP50(B),metrics/mAP50-95(B),val/box_loss,val/cls_loss,val/dfl_loss,lr/pg0,lr/pg1,lr/pg2,lr/pg3,lr/pg4,lr/pg5,lr/pg6,lr/pg7
1,698.257,1.29615,1.70195,0.00536,0.61833,0.45691,0.511,0.2969,1.39862,1.11587,0.00781,0.00999272,0.00333091,0.00999272,0.00333091,0.00999272,0.00333091,0.00999272,0.00333091
2,1245.72,1.24825,1.11971,0.00532,0.66952,0.4904,0.5658,0.34642,1.35376,1.02745,0.00771,0.0199531,0.00665105,0.0199531,0.00665105,0.0199531,0.00665105,0.0199531,0.00665105
3,1782.65,1.30552,1.1699,0.00589,0.59241,0.46001,0.4982,0.29743,1.41185,1.13359,0.00824,0.029874,0.00995798,0.029874,0.00995798,0.029874,0.00995798,0.029874,0.00995798
4,2338.49,1.34,1.19277,0.00621,0.64107,0.47942,0.54499,0.32456,1.38081,1.06432,0.00802,0.0298218,0.0099406,0.0298218,0.0099406,0.0298218,0.0099406,0.0298218,0.0099406
