epoch,time,train/box_loss,train/cls_loss,train/dfl_loss,metrics/precision(B),metrics/recall(B),metrics/mAP50(B),metrics/mAP50-95(B),val/box_loss,val/cls_loss,val/dfl_loss,lr/pg0,lr/pg1,lr/pg2,lr/pg3,lr/pg4,lr/pg5,lr/pg6,lr/pg7
1,749.655,0.67962,1.92409,0.008,0.78652,0.73631,0.80844,0.65174,0.73349,0.82281,0.01264,0.00998507,0.00332836,0.00998507,0.00332836,0.00998507,0.00332836,0.00998507,0.00332836
2,1346.4,0.76569,1.04052,0.00944,0.73434,0.62581,0.70542,0.52129,0.95186,1.17921,0.01847,0.0199455,0.0066485,0.0199455,0.0066485,0.0199455,0.0066485,0.0199455,0.0066485
3,1906.62,0.92996,1.31212,0.01188,0.61358,0.48978,0.53086,0.35979,1.19289,1.63125,0.02394,0.0298663,0.00995544,0.0298663,0.00995544,0.0298663,0.00995544,0.0298663,0.00995544
4,2445.37,1.07384,1.51107,0.01415,0.6365,0.50562,0.54614,0.35571,1.27922,1.59452,0.02634,0.0298218,0.0099406,0.0298218,0.0099406,0.0298218,0.0099406,0.0298218,0.0099406
5,2991.01,1.07482,1.44446,0.01406,0.63753,0.52553,0.5657,0.38363,1.24772,1.56641,0.02545,0.0297624,0.0099208,0.0297624,0.0099208,0.0297624,0.0099208,0.0297624,0.0099208
6,3526.63,1.05457,1.37639,0.01359,0.63156,0.54254,0.57439,0.38836,1.21103,1.49188,0.02446,0.029703,0.009901,0.029703,0.009901,0.029703,0.009901,0.029703,0.009901
7,4072.91,1.03583,1.33076,0.01335,0.66776,0.55943,0.61604,0.42518,1.17531,1.41239,0.02351,0.0296436,0.0098812,0.0296436,0.0098812,0.0296436,0.0098812,0.0296436,0.0098812
8,4609.08,1.00643,1.26917,0.01289,0.67246,0.5666,0.62066,0.42828,1.1684,1.40224,0.02352,0.0295842,0.0098614,0.0295842,0.0098614,0.0295842,0.0098614,0.0295842,0.0098614
