epoch,time,train/box_loss,train/cls_loss,train/dfl_loss,metrics/precision(B),metrics/recall(B),metrics/mAP50(B),metrics/mAP50-95(B),val/box_loss,val/cls_loss,val/dfl_loss,lr/pg0,lr/pg1,lr/pg2,lr/pg3,lr/pg4,lr/pg5,lr/pg6,lr/pg7
1,425.898,1.41442,3.13452,0.00584,0.35254,0.29906,0.28617,0.16446,1.51264,1.4512,0.00871,0.00998544,0.00332848,0.00998544,0.00332848,0.00998544,0.00332848,0.00998544,0.00332848
2,774.133,1.36627,1.78191,0.00573,0.50247,0.39539,0.39866,0.23104,1.49281,1.29597,0.00869,0.0199459,0.00664862,0.0199459,0.00664862,0.0199459,0.00664862,0.0199459,0.00664862
3,1109.62,1.40411,1.45833,0.00619,0.59838,0.35861,0.37997,0.21487,1.55986,1.39429,0.00928,0.0298667,0.00995557,0.0298667,0.00995557,0.0298667,0.00995557,0.0298667,0.00995557
4,1431.74,1.4368,1.35804,0.00646,0.5531,0.39801,0.40878,0.23013,1.50579,1.27703,0.00903,0.0298218,0.0099406,0.0298218,0.0099406,0.0298218,0.0099406,0.0298218,0.0099406
5,1759.17,1.40883,1.28103,0.00634,0.51248,0.40215,0.42984,0.24148,1.4897,1.29601,0.00884,0.0297624,0.0099208,0.0297624,0.0099208,0.0297624,0.0099208,0.0297624,0.0099208
6,2076.03,1.37998,1.20393,0.00615,0.55208,0.4544,0.46619,0.27078,1.45522,1.21899,0.00852,0.029703,0.009901,0.029703,0.009901,0.029703,0.009901,0.029703,0.009901
