{
  "index": 1036,
  "dataframe_iter_index": 1036,
  "image_path": "./datasets/sHOMEOBJECTS_FLUXFP8/images/1036.jpg",
  "image_width": 640,
  "image_height": 640,
  "ground_truth_class": "table",
  "grounding_prompt": "table",
  "timestamp": "2026-05-15T22:53:48.749399",
  "num_detections": 1,
  "detections": [
    {
      "detection_id": 0,
      "class_name": "table",
      "yolo_class_id": 5,
      "confidence": 0.8547530770301819,
      "bbox_xyxy": [
        229.81704711914062,
        362.97137451171875,
        423.3244934082031,
        539.3824462890625
      ],
      "bbox_yolo": [
        0.5102668404579163,
        0.7049639225006104,
        0.3023553788661957,
        0.2756423056125641
      ],
      "bbox_width_px": 193.5074462890625,
      "bbox_height_px": 176.41107177734375
    }
  ]
}