{
  "index": 1049,
  "dataframe_iter_index": 1049,
  "image_path": "./datasets/sHOMEOBJECTS_FLUXFP8/images/1049.jpg",
  "image_width": 640,
  "image_height": 640,
  "ground_truth_class": "sofa",
  "grounding_prompt": "sofa",
  "timestamp": "2026-05-15T22:54:06.060647",
  "num_detections": 2,
  "detections": [
    {
      "detection_id": 0,
      "class_name": "sofa",
      "yolo_class_id": 4,
      "confidence": 0.8156319260597229,
      "bbox_xyxy": [
        37.22120666503906,
        315.94970703125,
        381.389892578125,
        456.35040283203125
      ],
      "bbox_yolo": [
        0.327039897441864,
        0.6033594608306885,
        0.5377635955810547,
        0.2193760871887207
      ],
      "bbox_width_px": 344.168701171875,
      "bbox_height_px": 140.40069580078125
    },
    {
      "detection_id": 1,
      "class_name": "sofa",
      "yolo_class_id": 4,
      "confidence": 0.7737194895744324,
      "bbox_xyxy": [
        372.0148010253906,
        324.2545166015625,
        639.648193359375,
        602.0621337890625
      ],
      "bbox_yolo": [
        0.7903617024421692,
        0.7236849069595337,
        0.41817718744277954,
        0.43407440185546875
      ],
      "bbox_width_px": 267.6333923339844,
      "bbox_height_px": 277.8076171875
    }
  ]
}