{
  "index": 1068,
  "dataframe_iter_index": 1068,
  "image_path": "./datasets/sHOMEOBJECTS_FLUXFP8/images/1068.jpg",
  "image_width": 640,
  "image_height": 640,
  "ground_truth_class": "sofa",
  "grounding_prompt": "sofa",
  "timestamp": "2026-05-15T22:54:31.947265",
  "num_detections": 1,
  "detections": [
    {
      "detection_id": 0,
      "class_name": "sofa",
      "yolo_class_id": 4,
      "confidence": 0.8936136960983276,
      "bbox_xyxy": [
        4.416412353515625,
        270.84820556640625,
        610.522216796875,
        620.6245727539062
      ],
      "bbox_yolo": [
        0.4804207682609558,
        0.6964631080627441,
        0.9470403790473938,
        0.5465255975723267
      ],
      "bbox_width_px": 606.1058349609375,
      "bbox_height_px": 349.7763671875
    }
  ]
}