{
  "index": 1070,
  "dataframe_iter_index": 1070,
  "image_path": "./datasets/sHOMEOBJECTS_FLUXFP8/images/1070.jpg",
  "image_width": 640,
  "image_height": 640,
  "ground_truth_class": "sofa",
  "grounding_prompt": "sofa",
  "timestamp": "2026-05-15T22:54:34.673153",
  "num_detections": 3,
  "detections": [
    {
      "detection_id": 0,
      "class_name": "sofa",
      "yolo_class_id": 4,
      "confidence": 0.8003825545310974,
      "bbox_xyxy": [
        73.81668090820312,
        290.67095947265625,
        317.1750793457031,
        454.36639404296875
      ],
      "bbox_yolo": [
        0.3054623007774353,
        0.5820604562759399,
        0.3802475035190582,
        0.2557741105556488
      ],
      "bbox_width_px": 243.3583984375,
      "bbox_height_px": 163.6954345703125
    },
    {
      "detection_id": 1,
      "class_name": "sofa",
      "yolo_class_id": 4,
      "confidence": 0.7509059906005859,
      "bbox_xyxy": [
        367.159912109375,
        290.3633728027344,
        573.6466674804688,
        401.9377136230469
      ],
      "bbox_yolo": [
        0.7350051403045654,
        0.5408602356910706,
        0.32263556122779846,
        0.17433491349220276
      ],
      "bbox_width_px": 206.48675537109375,
      "bbox_height_px": 111.5743408203125
    },
    {
      "detection_id": 2,
      "class_name": "sofa",
      "yolo_class_id": 4,
      "confidence": 0.6752082705497742,
      "bbox_xyxy": [
        429.27569580078125,
        326.87249755859375,
        639.5204467773438,
        615.8823852539062
      ],
      "bbox_yolo": [
        0.8349969983100891,
        0.7365272641181946,
        0.3285074234008789,
        0.45157796144485474
      ],
      "bbox_width_px": 210.2447509765625,
      "bbox_height_px": 289.0098876953125
    }
  ]
}