{
  "index": 1081,
  "dataframe_iter_index": 1081,
  "image_path": "./datasets/sHOMEOBJECTS_FLUXFP8/images/1081.jpg",
  "image_width": 640,
  "image_height": 640,
  "ground_truth_class": "sofa",
  "grounding_prompt": "sofa",
  "timestamp": "2026-05-15T22:54:49.212348",
  "num_detections": 2,
  "detections": [
    {
      "detection_id": 0,
      "class_name": "sofa",
      "yolo_class_id": 4,
      "confidence": 0.8331055641174316,
      "bbox_xyxy": [
        7.629241943359375,
        340.64959716796875,
        252.31893920898438,
        551.977294921875
      ],
      "bbox_yolo": [
        0.20308451354503632,
        0.6973647475242615,
        0.3823276460170746,
        0.33019953966140747
      ],
      "bbox_width_px": 244.689697265625,
      "bbox_height_px": 211.32769775390625
    },
    {
      "detection_id": 1,
      "class_name": "sofa",
      "yolo_class_id": 4,
      "confidence": 0.8236702680587769,
      "bbox_xyxy": [
        420.64324951171875,
        358.2105712890625,
        637.3949584960938,
        527.722900390625
      ],
      "bbox_yolo": [
        0.8265923261642456,
        0.6921355128288269,
        0.33867454528808594,
        0.2648630142211914
      ],
      "bbox_width_px": 216.751708984375,
      "bbox_height_px": 169.5123291015625
    }
  ]
}