{
  "index": 1104,
  "dataframe_iter_index": 1104,
  "image_path": "./datasets/sHOMEOBJECTS_FLUXFP8/images/1104.jpg",
  "image_width": 640,
  "image_height": 640,
  "ground_truth_class": "sofa",
  "grounding_prompt": "sofa",
  "timestamp": "2026-05-15T22:55:20.137077",
  "num_detections": 1,
  "detections": [
    {
      "detection_id": 0,
      "class_name": "sofa",
      "yolo_class_id": 4,
      "confidence": 0.9226803183555603,
      "bbox_xyxy": [
        78.33511352539062,
        342.3658752441406,
        570.4713134765625,
        538.0237426757812
      ],
      "bbox_yolo": [
        0.506879985332489,
        0.6878044009208679,
        0.7689628005027771,
        0.305715411901474
      ],
      "bbox_width_px": 492.1361999511719,
      "bbox_height_px": 195.65786743164062
    }
  ]
}