{
  "index": 1113,
  "dataframe_iter_index": 1113,
  "image_path": "./datasets/sHOMEOBJECTS_FLUXFP8/images/1113.jpg",
  "image_width": 640,
  "image_height": 640,
  "ground_truth_class": "sofa",
  "grounding_prompt": "sofa",
  "timestamp": "2026-05-15T22:55:32.195518",
  "num_detections": 2,
  "detections": [
    {
      "detection_id": 0,
      "class_name": "sofa",
      "yolo_class_id": 4,
      "confidence": 0.8416469693183899,
      "bbox_xyxy": [
        18.141311645507812,
        377.613037109375,
        305.4088134765625,
        567.302001953125
      ],
      "bbox_yolo": [
        0.2527735233306885,
        0.7382148504257202,
        0.4488554894924164,
        0.29638901352882385
      ],
      "bbox_width_px": 287.26751708984375,
      "bbox_height_px": 189.68896484375
    },
    {
      "detection_id": 1,
      "class_name": "sofa",
      "yolo_class_id": 4,
      "confidence": 0.8291617035865784,
      "bbox_xyxy": [
        324.5285949707031,
        379.7972412109375,
        620.0494384765625,
        587.8599243164062
      ],
      "bbox_yolo": [
        0.7379515767097473,
        0.7559821605682373,
        0.4617513120174408,
        0.3250979483127594
      ],
      "bbox_width_px": 295.5208435058594,
      "bbox_height_px": 208.06268310546875
    }
  ]
}