{
  "index": 1114,
  "dataframe_iter_index": 1114,
  "image_path": "./datasets/sHOMEOBJECTS_FLUXFP8/images/1114.jpg",
  "image_width": 640,
  "image_height": 640,
  "ground_truth_class": "sofa",
  "grounding_prompt": "sofa",
  "timestamp": "2026-05-15T22:55:33.576755",
  "num_detections": 2,
  "detections": [
    {
      "detection_id": 0,
      "class_name": "sofa",
      "yolo_class_id": 4,
      "confidence": 0.82359778881073,
      "bbox_xyxy": [
        219.26907348632812,
        307.629150390625,
        639.2890625,
        581.2291259765625
      ],
      "bbox_yolo": [
        0.6707485318183899,
        0.6944205164909363,
        0.6562812328338623,
        0.4274999499320984
      ],
      "bbox_width_px": 420.0199890136719,
      "bbox_height_px": 273.5999755859375
    },
    {
      "detection_id": 1,
      "class_name": "sofa",
      "yolo_class_id": 4,
      "confidence": 0.46284550428390503,
      "bbox_xyxy": [
        5.7955474853515625,
        326.5704345703125,
        209.8401641845703,
        503.742431640625
      ],
      "bbox_yolo": [
        0.16846540570259094,
        0.6486819386482239,
        0.31881970167160034,
        0.2768312394618988
      ],
      "bbox_width_px": 204.04461669921875,
      "bbox_height_px": 177.1719970703125
    }
  ]
}