{
  "index": 1115,
  "dataframe_iter_index": 1115,
  "image_path": "./datasets/sHOMEOBJECTS_FLUXFP8/images/1115.jpg",
  "image_width": 640,
  "image_height": 640,
  "ground_truth_class": "sofa",
  "grounding_prompt": "sofa",
  "timestamp": "2026-05-15T22:55:34.900626",
  "num_detections": 1,
  "detections": [
    {
      "detection_id": 0,
      "class_name": "sofa",
      "yolo_class_id": 4,
      "confidence": 0.9460943341255188,
      "bbox_xyxy": [
        143.47462463378906,
        367.1689758300781,
        594.17333984375,
        620.0228271484375
      ],
      "bbox_yolo": [
        0.5762874484062195,
        0.7712435722351074,
        0.7042167782783508,
        0.3950841426849365
      ],
      "bbox_width_px": 450.69873046875,
      "bbox_height_px": 252.85385131835938
    }
  ]
}