{
  "index": 1135,
  "dataframe_iter_index": 1135,
  "image_path": "./datasets/sHOMEOBJECTS_FLUXFP8/images/1135.jpg",
  "image_width": 640,
  "image_height": 640,
  "ground_truth_class": "sofa",
  "grounding_prompt": "sofa",
  "timestamp": "2026-05-15T22:56:01.864774",
  "num_detections": 1,
  "detections": [
    {
      "detection_id": 0,
      "class_name": "sofa",
      "yolo_class_id": 4,
      "confidence": 0.9343594312667847,
      "bbox_xyxy": [
        63.170989990234375,
        410.7591552734375,
        608.491943359375,
        582.3307495117188
      ],
      "bbox_yolo": [
        0.5247367024421692,
        0.7758514881134033,
        0.8520639538764954,
        0.26808062195777893
      ],
      "bbox_width_px": 545.3209228515625,
      "bbox_height_px": 171.57159423828125
    }
  ]
}