{
  "index": 114,
  "dataframe_iter_index": 114,
  "image_path": "./datasets/sHOMEOBJECTS_FLUXFP8/images/114.jpg",
  "image_width": 640,
  "image_height": 640,
  "ground_truth_class": "chair",
  "grounding_prompt": "chair",
  "timestamp": "2026-05-15T22:32:59.802384",
  "num_detections": 1,
  "detections": [
    {
      "detection_id": 0,
      "class_name": "chair",
      "yolo_class_id": 1,
      "confidence": 0.3529821038246155,
      "bbox_xyxy": [
        60.32453918457031,
        390.0215759277344,
        198.62107849121094,
        627.0481567382812
      ],
      "bbox_yolo": [
        0.2023012638092041,
        0.7945857048034668,
        0.21608833968639374,
        0.370354026556015
      ],
      "bbox_width_px": 138.29653930664062,
      "bbox_height_px": 237.02658081054688
    }
  ]
}