{
  "index": 1156,
  "dataframe_iter_index": 1156,
  "image_path": "./datasets/sHOMEOBJECTS_FLUXFP8/images/1156.jpg",
  "image_width": 640,
  "image_height": 640,
  "ground_truth_class": "sofa",
  "grounding_prompt": "sofa",
  "timestamp": "2026-05-15T22:56:30.373309",
  "num_detections": 1,
  "detections": [
    {
      "detection_id": 0,
      "class_name": "sofa",
      "yolo_class_id": 4,
      "confidence": 0.945846676826477,
      "bbox_xyxy": [
        111.8441162109375,
        372.05426025390625,
        469.11468505859375,
        559.8446655273438
      ],
      "bbox_yolo": [
        0.45387405157089233,
        0.7280460596084595,
        0.5582352876663208,
        0.29342252016067505
      ],
      "bbox_width_px": 357.27056884765625,
      "bbox_height_px": 187.7904052734375
    }
  ]
}