{
  "index": 1167,
  "dataframe_iter_index": 1167,
  "image_path": "./datasets/sHOMEOBJECTS_FLUXFP8/images/1167.jpg",
  "image_width": 640,
  "image_height": 640,
  "ground_truth_class": "sofa",
  "grounding_prompt": "sofa",
  "timestamp": "2026-05-15T22:56:45.205240",
  "num_detections": 1,
  "detections": [
    {
      "detection_id": 0,
      "class_name": "sofa",
      "yolo_class_id": 4,
      "confidence": 0.6293761134147644,
      "bbox_xyxy": [
        0.07672119140625,
        431.9282531738281,
        140.15145874023438,
        581.6825561523438
      ],
      "bbox_yolo": [
        0.109553262591362,
        0.7918834686279297,
        0.21886678040027618,
        0.2339911013841629
      ],
      "bbox_width_px": 140.07473754882812,
      "bbox_height_px": 149.75430297851562
    }
  ]
}