{
  "index": 1172,
  "dataframe_iter_index": 1172,
  "image_path": "./datasets/sHOMEOBJECTS_FLUXFP8/images/1172.jpg",
  "image_width": 640,
  "image_height": 640,
  "ground_truth_class": "sofa",
  "grounding_prompt": "sofa",
  "timestamp": "2026-05-15T22:56:51.874725",
  "num_detections": 1,
  "detections": [
    {
      "detection_id": 0,
      "class_name": "sofa",
      "yolo_class_id": 4,
      "confidence": 0.9541127681732178,
      "bbox_xyxy": [
        79.30940246582031,
        369.7641296386719,
        569.4874877929688,
        570.98388671875
      ],
      "bbox_yolo": [
        0.5068725347518921,
        0.7349594235420227,
        0.7659032940864563,
        0.3144058585166931
      ],
      "bbox_width_px": 490.1781005859375,
      "bbox_height_px": 201.21975708007812
    }
  ]
}