{
  "index": 1173,
  "dataframe_iter_index": 1173,
  "image_path": "./datasets/sHOMEOBJECTS_FLUXFP8/images/1173.jpg",
  "image_width": 640,
  "image_height": 640,
  "ground_truth_class": "sofa",
  "grounding_prompt": "sofa",
  "timestamp": "2026-05-15T22:56:53.327301",
  "num_detections": 2,
  "detections": [
    {
      "detection_id": 0,
      "class_name": "sofa",
      "yolo_class_id": 4,
      "confidence": 0.8610670566558838,
      "bbox_xyxy": [
        0.30109405517578125,
        322.77838134765625,
        226.39614868164062,
        618.4525756835938
      ],
      "bbox_yolo": [
        0.17710721492767334,
        0.7353366613388062,
        0.35327354073524475,
        0.46199092268943787
      ],
      "bbox_width_px": 226.09506225585938,
      "bbox_height_px": 295.6741943359375
    },
    {
      "detection_id": 1,
      "class_name": "sofa",
      "yolo_class_id": 4,
      "confidence": 0.8643054366111755,
      "bbox_xyxy": [
        406.72381591796875,
        321.0657043457031,
        639.5532836914062,
        608.3685302734375
      ],
      "bbox_yolo": [
        0.8174039721488953,
        0.7261204719543457,
        0.36379605531692505,
        0.448910653591156
      ],
      "bbox_width_px": 232.8294677734375,
      "bbox_height_px": 287.3028259277344
    }
  ]
}