{
  "index": 1186,
  "dataframe_iter_index": 1186,
  "image_path": "./datasets/sHOMEOBJECTS_FLUXFP8/images/1186.jpg",
  "image_width": 640,
  "image_height": 640,
  "ground_truth_class": "sofa",
  "grounding_prompt": "sofa",
  "timestamp": "2026-05-15T22:57:10.860395",
  "num_detections": 1,
  "detections": [
    {
      "detection_id": 0,
      "class_name": "sofa",
      "yolo_class_id": 4,
      "confidence": 0.904906690120697,
      "bbox_xyxy": [
        208.06085205078125,
        361.8748779296875,
        579.3125,
        591.8379516601562
      ],
      "bbox_yolo": [
        0.6151354312896729,
        0.7450881600379944,
        0.5800806879997253,
        0.3593173027038574
      ],
      "bbox_width_px": 371.25164794921875,
      "bbox_height_px": 229.96307373046875
    }
  ]
}