{
  "index": 1205,
  "dataframe_iter_index": 1205,
  "image_path": "./datasets/sHOMEOBJECTS_FLUXFP8/images/1205.jpg",
  "image_width": 640,
  "image_height": 640,
  "ground_truth_class": "sofa",
  "grounding_prompt": "sofa",
  "timestamp": "2026-05-15T22:57:36.164603",
  "num_detections": 2,
  "detections": [
    {
      "detection_id": 0,
      "class_name": "sofa",
      "yolo_class_id": 4,
      "confidence": 0.8790706992149353,
      "bbox_xyxy": [
        413.6625061035156,
        379.97198486328125,
        639.714599609375,
        566.7440185546875
      ],
      "bbox_yolo": [
        0.8229508399963379,
        0.7396218776702881,
        0.3532063961029053,
        0.2918313145637512
      ],
      "bbox_width_px": 226.05209350585938,
      "bbox_height_px": 186.77203369140625
    },
    {
      "detection_id": 1,
      "class_name": "sofa",
      "yolo_class_id": 4,
      "confidence": 0.8649893403053284,
      "bbox_xyxy": [
        0.355712890625,
        375.8114013671875,
        227.4106903076172,
        563.2991943359375
      ],
      "bbox_yolo": [
        0.17794249951839447,
        0.7336801290512085,
        0.3547734022140503,
        0.2929496765136719
      ],
      "bbox_width_px": 227.0549774169922,
      "bbox_height_px": 187.48779296875
    }
  ]
}