{
  "index": 1216,
  "dataframe_iter_index": 1216,
  "image_path": "./datasets/sHOMEOBJECTS_FLUXFP8/images/1216.jpg",
  "image_width": 640,
  "image_height": 640,
  "ground_truth_class": "sofa",
  "grounding_prompt": "sofa",
  "timestamp": "2026-05-15T22:57:51.248612",
  "num_detections": 1,
  "detections": [
    {
      "detection_id": 0,
      "class_name": "sofa",
      "yolo_class_id": 4,
      "confidence": 0.8791981339454651,
      "bbox_xyxy": [
        89.7056884765625,
        334.71783447265625,
        548.7922973632812,
        497.74896240234375
      ],
      "bbox_yolo": [
        0.4988265633583069,
        0.6503646969795227,
        0.717322826385498,
        0.25473612546920776
      ],
      "bbox_width_px": 459.08660888671875,
      "bbox_height_px": 163.0311279296875
    }
  ]
}