{
  "index": 1218,
  "dataframe_iter_index": 1218,
  "image_path": "./datasets/sHOMEOBJECTS_FLUXFP8/images/1218.jpg",
  "image_width": 640,
  "image_height": 640,
  "ground_truth_class": "sofa",
  "grounding_prompt": "sofa",
  "timestamp": "2026-05-15T22:57:54.062397",
  "num_detections": 3,
  "detections": [
    {
      "detection_id": 0,
      "class_name": "sofa",
      "yolo_class_id": 4,
      "confidence": 0.7809253334999084,
      "bbox_xyxy": [
        95.20721435546875,
        346.7126770019531,
        338.50323486328125,
        450.8562927246094
      ],
      "bbox_yolo": [
        0.33883628249168396,
        0.623100757598877,
        0.3801500201225281,
        0.16272440552711487
      ],
      "bbox_width_px": 243.2960205078125,
      "bbox_height_px": 104.14361572265625
    },
    {
      "detection_id": 1,
      "class_name": "sofa",
      "yolo_class_id": 4,
      "confidence": 0.773254930973053,
      "bbox_xyxy": [
        360.7539978027344,
        362.59942626953125,
        609.7593994140625,
        517.1035766601562
      ],
      "bbox_yolo": [
        0.7582136392593384,
        0.6872679591178894,
        0.38907092809677124,
        0.24141272902488708
      ],
      "bbox_width_px": 249.00540161132812,
      "bbox_height_px": 154.504150390625
    },
    {
      "detection_id": 2,
      "class_name": "sofa",
      "yolo_class_id": 4,
      "confidence": 0.5818172693252563,
      "bbox_xyxy": [
        18.563003540039062,
        381.5743103027344,
        283.64007568359375,
        638.389404296875
      ],
      "bbox_yolo": [
        0.23609614372253418,
        0.7968466877937317,
        0.41418296098709106,
        0.40127357840538025
      ],
      "bbox_width_px": 265.07708740234375,
      "bbox_height_px": 256.8150939941406
    }
  ]
}