{
  "index": 1249,
  "dataframe_iter_index": 1249,
  "image_path": "./datasets/sHOMEOBJECTS_FLUXFP8/images/1249.jpg",
  "image_width": 640,
  "image_height": 640,
  "ground_truth_class": "sofa",
  "grounding_prompt": "sofa",
  "timestamp": "2026-05-15T22:58:36.295788",
  "num_detections": 3,
  "detections": [
    {
      "detection_id": 0,
      "class_name": "sofa",
      "yolo_class_id": 4,
      "confidence": 0.7762553691864014,
      "bbox_xyxy": [
        0.3172607421875,
        376.959716796875,
        225.29132080078125,
        530.1408081054688
      ],
      "bbox_yolo": [
        0.1762567013502121,
        0.708672285079956,
        0.35152196884155273,
        0.2393454611301422
      ],
      "bbox_width_px": 224.97406005859375,
      "bbox_height_px": 153.18109130859375
    },
    {
      "detection_id": 1,
      "class_name": "sofa",
      "yolo_class_id": 4,
      "confidence": 0.35271838307380676,
      "bbox_xyxy": [
        304.4319763183594,
        378.6103820800781,
        460.3058166503906,
        476.4129333496094
      ],
      "bbox_yolo": [
        0.597451388835907,
        0.6679869890213013,
        0.24355287849903107,
        0.15281648933887482
      ],
      "bbox_width_px": 155.87384033203125,
      "bbox_height_px": 97.80255126953125
    },
    {
      "detection_id": 2,
      "class_name": "sofa",
      "yolo_class_id": 4,
      "confidence": 0.5864415764808655,
      "bbox_xyxy": [
        304.7279357910156,
        378.252685546875,
        638.88720703125,
        524.3870849609375
      ],
      "bbox_yolo": [
        0.7371993064880371,
        0.7051873207092285,
        0.5221238732337952,
        0.22833499312400818
      ],
      "bbox_width_px": 334.1592712402344,
      "bbox_height_px": 146.1343994140625
    }
  ]
}