{
  "index": 1251,
  "dataframe_iter_index": 1251,
  "image_path": "./datasets/sHOMEOBJECTS_FLUXFP8/images/1251.jpg",
  "image_width": 640,
  "image_height": 640,
  "ground_truth_class": "sofa",
  "grounding_prompt": "sofa",
  "timestamp": "2026-05-15T22:58:39.054789",
  "num_detections": 1,
  "detections": [
    {
      "detection_id": 0,
      "class_name": "sofa",
      "yolo_class_id": 4,
      "confidence": 0.9502838850021362,
      "bbox_xyxy": [
        74.61441040039062,
        369.5127258300781,
        531.783447265625,
        594.62060546875
      ],
      "bbox_yolo": [
        0.4737482964992523,
        0.7532291412353516,
        0.7143266201019287,
        0.3517310619354248
      ],
      "bbox_width_px": 457.1690368652344,
      "bbox_height_px": 225.10787963867188
    }
  ]
}