{
  "index": 1256,
  "dataframe_iter_index": 1256,
  "image_path": "./datasets/sHOMEOBJECTS_FLUXFP8/images/1256.jpg",
  "image_width": 640,
  "image_height": 640,
  "ground_truth_class": "sofa",
  "grounding_prompt": "sofa",
  "timestamp": "2026-05-15T22:58:45.712605",
  "num_detections": 1,
  "detections": [
    {
      "detection_id": 0,
      "class_name": "sofa",
      "yolo_class_id": 4,
      "confidence": 0.9535857439041138,
      "bbox_xyxy": [
        5.886199951171875,
        127.52197265625,
        636.896728515625,
        507.9173583984375
      ],
      "bbox_yolo": [
        0.5021741986274719,
        0.4964369833469391,
        0.9859539270401001,
        0.5943678021430969
      ],
      "bbox_width_px": 631.010498046875,
      "bbox_height_px": 380.3953857421875
    }
  ]
}