{
  "index": 1278,
  "dataframe_iter_index": 1278,
  "image_path": "./datasets/sHOMEOBJECTS_FLUXFP8/images/1278.jpg",
  "image_width": 640,
  "image_height": 640,
  "ground_truth_class": "sofa",
  "grounding_prompt": "sofa",
  "timestamp": "2026-05-15T22:59:15.540326",
  "num_detections": 3,
  "detections": [
    {
      "detection_id": 0,
      "class_name": "sofa",
      "yolo_class_id": 4,
      "confidence": 0.8172471523284912,
      "bbox_xyxy": [
        227.37612915039062,
        351.14501953125,
        419.3823547363281,
        458.355712890625
      ],
      "bbox_yolo": [
        0.505280077457428,
        0.6324224472045898,
        0.30000972747802734,
        0.16751670837402344
      ],
      "bbox_width_px": 192.0062255859375,
      "bbox_height_px": 107.210693359375
    },
    {
      "detection_id": 1,
      "class_name": "sofa",
      "yolo_class_id": 4,
      "confidence": 0.7440387010574341,
      "bbox_xyxy": [
        435.072021484375,
        357.08087158203125,
        630.03759765625,
        517.9066772460938
      ],
      "bbox_yolo": [
        0.8321169018745422,
        0.6835840344429016,
        0.3046337068080902,
        0.25129032135009766
      ],
      "bbox_width_px": 194.965576171875,
      "bbox_height_px": 160.8258056640625
    },
    {
      "detection_id": 2,
      "class_name": "sofa",
      "yolo_class_id": 4,
      "confidence": 0.7164093255996704,
      "bbox_xyxy": [
        14.948753356933594,
        357.1120910644531,
        209.49237060546875,
        515.5006103515625
      ],
      "bbox_yolo": [
        0.17534463107585907,
        0.6817286610603333,
        0.3039743900299072,
        0.2474820613861084
      ],
      "bbox_width_px": 194.54360961914062,
      "bbox_height_px": 158.38851928710938
    }
  ]
}