{
  "index": 1297,
  "dataframe_iter_index": 1297,
  "image_path": "./datasets/sHOMEOBJECTS_FLUXFP8/images/1297.jpg",
  "image_width": 640,
  "image_height": 640,
  "ground_truth_class": "sofa",
  "grounding_prompt": "sofa",
  "timestamp": "2026-05-15T22:59:41.336106",
  "num_detections": 3,
  "detections": [
    {
      "detection_id": 0,
      "class_name": "sofa",
      "yolo_class_id": 4,
      "confidence": 0.640568733215332,
      "bbox_xyxy": [
        6.883148193359375,
        384.46337890625,
        639.056884765625,
        576.496826171875
      ],
      "bbox_yolo": [
        0.5046406984329224,
        0.7507501840591431,
        0.9877713918685913,
        0.3000522553920746
      ],
      "bbox_width_px": 632.1737060546875,
      "bbox_height_px": 192.033447265625
    },
    {
      "detection_id": 1,
      "class_name": "sofa",
      "yolo_class_id": 4,
      "confidence": 0.41557958722114563,
      "bbox_xyxy": [
        416.1785888671875,
        404.2117614746094,
        639.1363525390625,
        576.8546142578125
      ],
      "bbox_yolo": [
        0.8244647979736328,
        0.7664581537246704,
        0.3483715057373047,
        0.26975446939468384
      ],
      "bbox_width_px": 222.957763671875,
      "bbox_height_px": 172.64285278320312
    },
    {
      "detection_id": 2,
      "class_name": "sofa",
      "yolo_class_id": 4,
      "confidence": 0.36978912353515625,
      "bbox_xyxy": [
        205.07244873046875,
        387.47216796875,
        418.337646484375,
        508.5723876953125
      ],
      "bbox_yolo": [
        0.48703914880752563,
        0.7000347971916199,
        0.33322685956954956,
        0.18921908736228943
      ],
      "bbox_width_px": 213.26519775390625,
      "bbox_height_px": 121.1002197265625
    }
  ]
}