{
  "index": 132,
  "dataframe_iter_index": 132,
  "image_path": "./datasets/sHOMEOBJECTS_FLUXFP8/images/132.jpg",
  "image_width": 640,
  "image_height": 640,
  "ground_truth_class": "chair",
  "grounding_prompt": "chair",
  "timestamp": "2026-05-15T22:33:23.616496",
  "num_detections": 1,
  "detections": [
    {
      "detection_id": 0,
      "class_name": "chair",
      "yolo_class_id": 1,
      "confidence": 0.8760278820991516,
      "bbox_xyxy": [
        189.08448791503906,
        333.62579345703125,
        367.902099609375,
        581.7913818359375
      ],
      "bbox_yolo": [
        0.435145765542984,
        0.7151696681976318,
        0.2794025242328644,
        0.387758731842041
      ],
      "bbox_width_px": 178.81761169433594,
      "bbox_height_px": 248.16558837890625
    }
  ]
}