{
  "index": 1387,
  "dataframe_iter_index": 1387,
  "image_path": "./datasets/sHOMEOBJECTS_FLUXFP8/images/1387.jpg",
  "image_width": 640,
  "image_height": 640,
  "ground_truth_class": "sofa",
  "grounding_prompt": "sofa",
  "timestamp": "2026-05-15T23:01:42.643348",
  "num_detections": 1,
  "detections": [
    {
      "detection_id": 0,
      "class_name": "sofa",
      "yolo_class_id": 4,
      "confidence": 0.9523339867591858,
      "bbox_xyxy": [
        400.23876953125,
        398.60491943359375,
        639.4271240234375,
        639.0956420898438
      ],
      "bbox_yolo": [
        0.8122389912605286,
        0.8107035756111145,
        0.373731791973114,
        0.3757667541503906
      ],
      "bbox_width_px": 239.1883544921875,
      "bbox_height_px": 240.49072265625
    }
  ]
}