{
  "index": 1403,
  "dataframe_iter_index": 1403,
  "image_path": "./datasets/sHOMEOBJECTS_FLUXFP8/images/1403.jpg",
  "image_width": 640,
  "image_height": 640,
  "ground_truth_class": "sofa",
  "grounding_prompt": "sofa",
  "timestamp": "2026-05-15T23:02:04.588469",
  "num_detections": 1,
  "detections": [
    {
      "detection_id": 0,
      "class_name": "sofa",
      "yolo_class_id": 4,
      "confidence": 0.9328603744506836,
      "bbox_xyxy": [
        417.44049072265625,
        321.8135681152344,
        639.5305786132812,
        627.091796875
      ],
      "bbox_yolo": [
        0.8257586359977722,
        0.7413323521614075,
        0.34701576828956604,
        0.4769972264766693
      ],
      "bbox_width_px": 222.090087890625,
      "bbox_height_px": 305.2782287597656
    }
  ]
}