{
  "index": 1407,
  "dataframe_iter_index": 1407,
  "image_path": "./datasets/sHOMEOBJECTS_FLUXFP8/images/1407.jpg",
  "image_width": 640,
  "image_height": 640,
  "ground_truth_class": "sofa",
  "grounding_prompt": "sofa",
  "timestamp": "2026-05-15T23:02:09.949299",
  "num_detections": 1,
  "detections": [
    {
      "detection_id": 0,
      "class_name": "sofa",
      "yolo_class_id": 4,
      "confidence": 0.9451951384544373,
      "bbox_xyxy": [
        365.937255859375,
        357.6563415527344,
        610.4893798828125,
        581.963134765625
      ],
      "bbox_yolo": [
        0.762833297252655,
        0.7340777516365051,
        0.38211268186569214,
        0.3504793643951416
      ],
      "bbox_width_px": 244.5521240234375,
      "bbox_height_px": 224.30679321289062
    }
  ]
}