{
  "index": 1493,
  "dataframe_iter_index": 1493,
  "image_path": "./datasets/sHOMEOBJECTS_FLUXFP8/images/1493.jpg",
  "image_width": 640,
  "image_height": 640,
  "ground_truth_class": "sofa",
  "grounding_prompt": "sofa",
  "timestamp": "2026-05-15T23:04:05.488114",
  "num_detections": 2,
  "detections": [
    {
      "detection_id": 0,
      "class_name": "sofa",
      "yolo_class_id": 4,
      "confidence": 0.8891351819038391,
      "bbox_xyxy": [
        64.54348754882812,
        340.9580383300781,
        351.4706115722656,
        479.8219299316406
      ],
      "bbox_yolo": [
        0.3250110149383545,
        0.6412343382835388,
        0.44832363724708557,
        0.21697482466697693
      ],
      "bbox_width_px": 286.9271240234375,
      "bbox_height_px": 138.8638916015625
    },
    {
      "detection_id": 1,
      "class_name": "sofa",
      "yolo_class_id": 4,
      "confidence": 0.7239719033241272,
      "bbox_xyxy": [
        335.85833740234375,
        361.0167236328125,
        613.4396362304688,
        576.2245483398438
      ],
      "bbox_yolo": [
        0.7416390180587769,
        0.7322197556495667,
        0.43372076749801636,
        0.33626222610473633
      ],
      "bbox_width_px": 277.581298828125,
      "bbox_height_px": 215.20782470703125
    }
  ]
}