{
  "index": 1513,
  "dataframe_iter_index": 1513,
  "image_path": "./datasets/sHOMEOBJECTS_FLUXFP8/images/1513.jpg",
  "image_width": 640,
  "image_height": 640,
  "ground_truth_class": "sofa",
  "grounding_prompt": "sofa",
  "timestamp": "2026-05-15T23:04:32.324611",
  "num_detections": 2,
  "detections": [
    {
      "detection_id": 0,
      "class_name": "sofa",
      "yolo_class_id": 4,
      "confidence": 0.8781275749206543,
      "bbox_xyxy": [
        397.97698974609375,
        357.24371337890625,
        619.4498901367188,
        573.1285400390625
      ],
      "bbox_yolo": [
        0.7948647737503052,
        0.7268533110618591,
        0.3460513949394226,
        0.3373200297355652
      ],
      "bbox_width_px": 221.472900390625,
      "bbox_height_px": 215.88482666015625
    },
    {
      "detection_id": 1,
      "class_name": "sofa",
      "yolo_class_id": 4,
      "confidence": 0.8501132130622864,
      "bbox_xyxy": [
        32.68309783935547,
        353.1605224609375,
        240.73117065429688,
        569.1055908203125
      ],
      "bbox_yolo": [
        0.2136048972606659,
        0.7205203771591187,
        0.32507508993148804,
        0.3374141752719879
      ],
      "bbox_width_px": 208.04806518554688,
      "bbox_height_px": 215.945068359375
    }
  ]
}