{
  "index": 1555,
  "dataframe_iter_index": 1555,
  "image_path": "./datasets/sHOMEOBJECTS_FLUXFP8/images/1555.jpg",
  "image_width": 640,
  "image_height": 640,
  "ground_truth_class": "sofa",
  "grounding_prompt": "sofa",
  "timestamp": "2026-05-15T23:05:29.217577",
  "num_detections": 1,
  "detections": [
    {
      "detection_id": 0,
      "class_name": "sofa",
      "yolo_class_id": 4,
      "confidence": 0.6862383484840393,
      "bbox_xyxy": [
        156.71788024902344,
        318.34271240234375,
        639.450439453125,
        575.7728881835938
      ],
      "bbox_yolo": [
        0.6220065355300903,
        0.6985278129577637,
        0.7542695999145508,
        0.40223464369773865
      ],
      "bbox_width_px": 482.7325439453125,
      "bbox_height_px": 257.43017578125
    }
  ]
}