{
  "index": 1583,
  "dataframe_iter_index": 1583,
  "image_path": "./datasets/sHOMEOBJECTS_FLUXFP8/images/1583.jpg",
  "image_width": 640,
  "image_height": 640,
  "ground_truth_class": "bed",
  "grounding_prompt": "bed",
  "timestamp": "2026-05-15T23:06:07.013379",
  "num_detections": 1,
  "detections": [
    {
      "detection_id": 0,
      "class_name": "bed",
      "yolo_class_id": 0,
      "confidence": 0.9228590726852417,
      "bbox_xyxy": [
        12.618057250976562,
        319.87628173828125,
        449.6053466796875,
        590.6812133789062
      ],
      "bbox_yolo": [
        0.3611120283603668,
        0.7113730311393738,
        0.6827926635742188,
        0.4231327176094055
      ],
      "bbox_width_px": 436.9873046875,
      "bbox_height_px": 270.804931640625
    }
  ]
}