{
  "index": 1602,
  "dataframe_iter_index": 1602,
  "image_path": "./datasets/sHOMEOBJECTS_FLUXFP8/images/1602.jpg",
  "image_width": 640,
  "image_height": 640,
  "ground_truth_class": "bed",
  "grounding_prompt": "bed",
  "timestamp": "2026-05-15T23:06:32.551181",
  "num_detections": 3,
  "detections": [
    {
      "detection_id": 0,
      "class_name": "bed",
      "yolo_class_id": 0,
      "confidence": 0.6369308829307556,
      "bbox_xyxy": [
        71.01168823242188,
        378.67852783203125,
        389.3376770019531,
        546.1246948242188
      ],
      "bbox_yolo": [
        0.3596479296684265,
        0.7225025296211243,
        0.49738436937332153,
        0.2616346478462219
      ],
      "bbox_width_px": 318.32598876953125,
      "bbox_height_px": 167.4461669921875
    },
    {
      "detection_id": 1,
      "class_name": "bed",
      "yolo_class_id": 0,
      "confidence": 0.6660969257354736,
      "bbox_xyxy": [
        0.2565765380859375,
        340.9336242675781,
        259.99658203125,
        479.4883728027344
      ],
      "bbox_yolo": [
        0.20332279801368713,
        0.6409546732902527,
        0.40584373474121094,
        0.21649178862571716
      ],
      "bbox_width_px": 259.739990234375,
      "bbox_height_px": 138.55474853515625
    },
    {
      "detection_id": 2,
      "class_name": "bed",
      "yolo_class_id": 0,
      "confidence": 0.4334620535373688,
      "bbox_xyxy": [
        266.18646240234375,
        369.4866027832031,
        639.6144409179688,
        639.5291748046875
      ],
      "bbox_yolo": [
        0.707656979560852,
        0.7882935404777527,
        0.5834811925888062,
        0.42194151878356934
      ],
      "bbox_width_px": 373.427978515625,
      "bbox_height_px": 270.0425720214844
    }
  ]
}