{
  "index": 1620,
  "dataframe_iter_index": 1620,
  "image_path": "./datasets/sHOMEOBJECTS_FLUXFP8/images/1620.jpg",
  "image_width": 640,
  "image_height": 640,
  "ground_truth_class": "bed",
  "grounding_prompt": "bed",
  "timestamp": "2026-05-15T23:06:56.644605",
  "num_detections": 1,
  "detections": [
    {
      "detection_id": 0,
      "class_name": "bed",
      "yolo_class_id": 0,
      "confidence": 0.8865010738372803,
      "bbox_xyxy": [
        11.9256591796875,
        61.238037109375,
        601.702392578125,
        621.417724609375
      ],
      "bbox_yolo": [
        0.47939690947532654,
        0.5333248376846313,
        0.9215261340141296,
        0.8752807378768921
      ],
      "bbox_width_px": 589.7767333984375,
      "bbox_height_px": 560.1796875
    }
  ]
}