{
  "index": 163,
  "dataframe_iter_index": 163,
  "image_path": "./datasets/sHOMEOBJECTS_FLUXFP8/images/163.jpg",
  "image_width": 640,
  "image_height": 640,
  "ground_truth_class": "chair",
  "grounding_prompt": "chair",
  "timestamp": "2026-05-15T22:34:05.077911",
  "num_detections": 2,
  "detections": [
    {
      "detection_id": 0,
      "class_name": "chair",
      "yolo_class_id": 1,
      "confidence": 0.7336865663528442,
      "bbox_xyxy": [
        415.2805480957031,
        336.24761962890625,
        620.177734375,
        637.8182373046875
      ],
      "bbox_yolo": [
        0.808951735496521,
        0.7609889507293701,
        0.3201518654823303,
        0.47120410203933716
      ],
      "bbox_width_px": 204.89718627929688,
      "bbox_height_px": 301.57061767578125
    },
    {
      "detection_id": 1,
      "class_name": "chair",
      "yolo_class_id": 1,
      "confidence": 0.7441251873970032,
      "bbox_xyxy": [
        33.43567657470703,
        327.68646240234375,
        229.30078125,
        612.1366577148438
      ],
      "bbox_yolo": [
        0.20526285469532013,
        0.7342368364334106,
        0.3060392439365387,
        0.4444534182548523
      ],
      "bbox_width_px": 195.8651123046875,
      "bbox_height_px": 284.4501953125
    }
  ]
}