{
  "index": 1633,
  "dataframe_iter_index": 1633,
  "image_path": "./datasets/sHOMEOBJECTS_FLUXFP8/images/1633.jpg",
  "image_width": 640,
  "image_height": 640,
  "ground_truth_class": "bed",
  "grounding_prompt": "bed",
  "timestamp": "2026-05-15T23:07:14.129213",
  "num_detections": 2,
  "detections": [
    {
      "detection_id": 0,
      "class_name": "bed",
      "yolo_class_id": 0,
      "confidence": 0.8049286603927612,
      "bbox_xyxy": [
        6.0084686279296875,
        359.2135009765625,
        384.93359375,
        546.81640625
      ],
      "bbox_yolo": [
        0.3054234981536865,
        0.707835853099823,
        0.592070460319519,
        0.2931295335292816
      ],
      "bbox_width_px": 378.92510986328125,
      "bbox_height_px": 187.6029052734375
    },
    {
      "detection_id": 1,
      "class_name": "bed",
      "yolo_class_id": 0,
      "confidence": 0.6024261116981506,
      "bbox_xyxy": [
        405.5127258300781,
        474.53192138671875,
        639.484130859375,
        639.7068481445312
      ],
      "bbox_yolo": [
        0.8164037466049194,
        0.8704990148544312,
        0.36558032035827637,
        0.25808581709861755
      ],
      "bbox_width_px": 233.97140502929688,
      "bbox_height_px": 165.1749267578125
    }
  ]
}