{
  "index": 1642,
  "dataframe_iter_index": 1642,
  "image_path": "./datasets/sHOMEOBJECTS_FLUXFP8/images/1642.jpg",
  "image_width": 640,
  "image_height": 640,
  "ground_truth_class": "bed",
  "grounding_prompt": "bed",
  "timestamp": "2026-05-15T23:07:26.456892",
  "num_detections": 3,
  "detections": [
    {
      "detection_id": 0,
      "class_name": "bed",
      "yolo_class_id": 0,
      "confidence": 0.5759142637252808,
      "bbox_xyxy": [
        155.31124877929688,
        395.46038818359375,
        568.0841064453125,
        639.3875122070312
      ],
      "bbox_yolo": [
        0.565152645111084,
        0.8084748983383179,
        0.6449576020240784,
        0.38113611936569214
      ],
      "bbox_width_px": 412.7728576660156,
      "bbox_height_px": 243.9271240234375
    },
    {
      "detection_id": 1,
      "class_name": "bed",
      "yolo_class_id": 0,
      "confidence": 0.5765728950500488,
      "bbox_xyxy": [
        46.32499694824219,
        312.385498046875,
        272.4652099609375,
        434.57135009765625
      ],
      "bbox_yolo": [
        0.24905486404895782,
        0.583560049533844,
        0.3533440828323364,
        0.19091539084911346
      ],
      "bbox_width_px": 226.1402130126953,
      "bbox_height_px": 122.18585205078125
    },
    {
      "detection_id": 2,
      "class_name": "bed",
      "yolo_class_id": 0,
      "confidence": 0.481690913438797,
      "bbox_xyxy": [
        68.3570556640625,
        371.33612060546875,
        381.0837097167969,
        540.7138061523438
      ],
      "bbox_yolo": [
        0.3511255979537964,
        0.71253901720047,
        0.488635390996933,
        0.26465263962745667
      ],
      "bbox_width_px": 312.7266540527344,
      "bbox_height_px": 169.377685546875
    }
  ]
}