{
  "index": 1665,
  "dataframe_iter_index": 1665,
  "image_path": "./datasets/sHOMEOBJECTS_FLUXFP8/images/1665.jpg",
  "image_width": 640,
  "image_height": 640,
  "ground_truth_class": "bed",
  "grounding_prompt": "bed",
  "timestamp": "2026-05-15T23:07:56.756754",
  "num_detections": 2,
  "detections": [
    {
      "detection_id": 0,
      "class_name": "bed",
      "yolo_class_id": 0,
      "confidence": 0.671880841255188,
      "bbox_xyxy": [
        208.8327178955078,
        360.01312255859375,
        542.5270385742188,
        526.0213012695312
      ],
      "bbox_yolo": [
        0.586999773979187,
        0.6922143697738647,
        0.5213974118232727,
        0.2593877911567688
      ],
      "bbox_width_px": 333.6943359375,
      "bbox_height_px": 166.0081787109375
    },
    {
      "detection_id": 1,
      "class_name": "bed",
      "yolo_class_id": 0,
      "confidence": 0.4912460446357727,
      "bbox_xyxy": [
        354.1336669921875,
        416.4259338378906,
        639.7283935546875,
        613.2774047851562
      ],
      "bbox_yolo": [
        0.776454746723175,
        0.8044557571411133,
        0.4462417662143707,
        0.3075804114341736
      ],
      "bbox_width_px": 285.5947265625,
      "bbox_height_px": 196.85147094726562
    }
  ]
}