{
  "index": 1700,
  "dataframe_iter_index": 1700,
  "image_path": "./datasets/sHOMEOBJECTS_FLUXFP8/images/1700.jpg",
  "image_width": 640,
  "image_height": 640,
  "ground_truth_class": "bed",
  "grounding_prompt": "bed",
  "timestamp": "2026-05-15T23:08:43.675200",
  "num_detections": 1,
  "detections": [
    {
      "detection_id": 0,
      "class_name": "bed",
      "yolo_class_id": 0,
      "confidence": 0.5257868766784668,
      "bbox_xyxy": [
        1.48785400390625,
        180.5652313232422,
        639.6284790039062,
        638.5164184570312
      ],
      "bbox_yolo": [
        0.5008721351623535,
        0.6399075388908386,
        0.9970947504043579,
        0.7155486941337585
      ],
      "bbox_width_px": 638.140625,
      "bbox_height_px": 457.951171875
    }
  ]
}