{
  "index": 1704,
  "dataframe_iter_index": 1704,
  "image_path": "./datasets/sHOMEOBJECTS_FLUXFP8/images/1704.jpg",
  "image_width": 640,
  "image_height": 640,
  "ground_truth_class": "bed",
  "grounding_prompt": "bed",
  "timestamp": "2026-05-15T23:08:49.042692",
  "num_detections": 1,
  "detections": [
    {
      "detection_id": 0,
      "class_name": "bed",
      "yolo_class_id": 0,
      "confidence": 0.8894069790840149,
      "bbox_xyxy": [
        98.83026123046875,
        378.4401550292969,
        583.7564086914062,
        605.1187744140625
      ],
      "bbox_yolo": [
        0.5332708358764648,
        0.7684054374694824,
        0.7576971054077148,
        0.3541853427886963
      ],
      "bbox_width_px": 484.9261474609375,
      "bbox_height_px": 226.67861938476562
    }
  ]
}