{
  "index": 171,
  "dataframe_iter_index": 171,
  "image_path": "./datasets/sHOMEOBJECTS_FLUXFP8/images/171.jpg",
  "image_width": 640,
  "image_height": 640,
  "ground_truth_class": "chair",
  "grounding_prompt": "chair",
  "timestamp": "2026-05-15T22:34:15.977192",
  "num_detections": 3,
  "detections": [
    {
      "detection_id": 0,
      "class_name": "chair",
      "yolo_class_id": 1,
      "confidence": 0.6904347538948059,
      "bbox_xyxy": [
        236.28903198242188,
        255.78402709960938,
        400.2352600097656,
        609.59814453125
      ],
      "bbox_yolo": [
        0.49728459119796753,
        0.6760798692703247,
        0.2561659812927246,
        0.5528345704078674
      ],
      "bbox_width_px": 163.94622802734375,
      "bbox_height_px": 353.8141174316406
    },
    {
      "detection_id": 1,
      "class_name": "chair",
      "yolo_class_id": 1,
      "confidence": 0.7018395662307739,
      "bbox_xyxy": [
        431.3028564453125,
        257.1844482421875,
        611.4315185546875,
        611.4666748046875
      ],
      "bbox_yolo": [
        0.81463623046875,
        0.6786336898803711,
        0.2814510464668274,
        0.5535659790039062
      ],
      "bbox_width_px": 180.128662109375,
      "bbox_height_px": 354.2822265625
    },
    {
      "detection_id": 2,
      "class_name": "chair",
      "yolo_class_id": 1,
      "confidence": 0.6896896362304688,
      "bbox_xyxy": [
        26.756996154785156,
        255.75384521484375,
        208.13894653320312,
        611.583251953125
      ],
      "bbox_yolo": [
        0.18351244926452637,
        0.6776071190834045,
        0.2834092974662781,
        0.5559834241867065
      ],
      "bbox_width_px": 181.3819580078125,
      "bbox_height_px": 355.82940673828125
    }
  ]
}