{
  "index": 1721,
  "dataframe_iter_index": 1721,
  "image_path": "./datasets/sHOMEOBJECTS_FLUXFP8/images/1721.jpg",
  "image_width": 640,
  "image_height": 640,
  "ground_truth_class": "bed",
  "grounding_prompt": "bed",
  "timestamp": "2026-05-15T23:09:11.662320",
  "num_detections": 2,
  "detections": [
    {
      "detection_id": 0,
      "class_name": "bed",
      "yolo_class_id": 0,
      "confidence": 0.7572594285011292,
      "bbox_xyxy": [
        101.06915283203125,
        356.6116027832031,
        374.30230712890625,
        517.26513671875
      ],
      "bbox_yolo": [
        0.3713839650154114,
        0.6827161908149719,
        0.42692679166793823,
        0.251021146774292
      ],
      "bbox_width_px": 273.233154296875,
      "bbox_height_px": 160.65353393554688
    },
    {
      "detection_id": 1,
      "class_name": "bed",
      "yolo_class_id": 0,
      "confidence": 0.8181619048118591,
      "bbox_xyxy": [
        198.07608032226562,
        365.2755432128906,
        598.4249267578125,
        639.259033203125
      ],
      "bbox_yolo": [
        0.622266411781311,
        0.7847926020622253,
        0.625545084476471,
        0.42809921503067017
      ],
      "bbox_width_px": 400.3488464355469,
      "bbox_height_px": 273.9834899902344
    }
  ]
}