{
  "index": 1728,
  "dataframe_iter_index": 1728,
  "image_path": "./datasets/sHOMEOBJECTS_FLUXFP8/images/1728.jpg",
  "image_width": 640,
  "image_height": 640,
  "ground_truth_class": "bed",
  "grounding_prompt": "bed",
  "timestamp": "2026-05-15T23:09:21.243140",
  "num_detections": 1,
  "detections": [
    {
      "detection_id": 0,
      "class_name": "bed",
      "yolo_class_id": 0,
      "confidence": 0.7878265976905823,
      "bbox_xyxy": [
        76.0682373046875,
        405.3790283203125,
        469.97930908203125,
        600.9949340820312
      ],
      "bbox_yolo": [
        0.4265996515750885,
        0.78622967004776,
        0.6154860258102417,
        0.30564984679222107
      ],
      "bbox_width_px": 393.91107177734375,
      "bbox_height_px": 195.61590576171875
    }
  ]
}