{
  "index": 1754,
  "dataframe_iter_index": 1754,
  "image_path": "./datasets/sHOMEOBJECTS_FLUXFP8/images/1754.jpg",
  "image_width": 640,
  "image_height": 640,
  "ground_truth_class": "bed",
  "grounding_prompt": "bed",
  "timestamp": "2026-05-15T23:09:55.877297",
  "num_detections": 3,
  "detections": [
    {
      "detection_id": 0,
      "class_name": "bed",
      "yolo_class_id": 0,
      "confidence": 0.6800183653831482,
      "bbox_xyxy": [
        350.3794250488281,
        398.74676513671875,
        639.6240234375,
        639.3115844726562
      ],
      "bbox_yolo": [
        0.7734401822090149,
        0.8109830617904663,
        0.4519446790218353,
        0.3758825361728668
      ],
      "bbox_width_px": 289.2445983886719,
      "bbox_height_px": 240.5648193359375
    },
    {
      "detection_id": 1,
      "class_name": "bed",
      "yolo_class_id": 0,
      "confidence": 0.6845273375511169,
      "bbox_xyxy": [
        218.8354949951172,
        291.5324401855469,
        440.75408935546875,
        389.2646789550781
      ],
      "bbox_yolo": [
        0.5153043866157532,
        0.5318727493286133,
        0.34674781560897827,
        0.15270662307739258
      ],
      "bbox_width_px": 221.91859436035156,
      "bbox_height_px": 97.73223876953125
    },
    {
      "detection_id": 2,
      "class_name": "bed",
      "yolo_class_id": 0,
      "confidence": 0.7766352295875549,
      "bbox_xyxy": [
        252.7890167236328,
        284.957275390625,
        603.9863891601562,
        488.26837158203125
      ],
      "bbox_yolo": [
        0.6693557500839233,
        0.6040825247764587,
        0.5487459301948547,
        0.31767359375953674
      ],
      "bbox_width_px": 351.1973876953125,
      "bbox_height_px": 203.31109619140625
    }
  ]
}