{
  "index": 1831,
  "dataframe_iter_index": 1831,
  "image_path": "./datasets/sHOMEOBJECTS_FLUXFP8/images/1831.jpg",
  "image_width": 640,
  "image_height": 640,
  "ground_truth_class": "bed",
  "grounding_prompt": "bed",
  "timestamp": "2026-05-15T23:11:39.355002",
  "num_detections": 1,
  "detections": [
    {
      "detection_id": 0,
      "class_name": "bed",
      "yolo_class_id": 0,
      "confidence": 0.6922749876976013,
      "bbox_xyxy": [
        0.48712158203125,
        249.70660400390625,
        559.0385131835938,
        538.4692993164062
      ],
      "bbox_yolo": [
        0.437129408121109,
        0.6157624125480652,
        0.8727365732192993,
        0.4511917233467102
      ],
      "bbox_width_px": 558.5513916015625,
      "bbox_height_px": 288.7626953125
    }
  ]
}