{
  "index": 1837,
  "dataframe_iter_index": 1837,
  "image_path": "./datasets/sHOMEOBJECTS_FLUXFP8/images/1837.jpg",
  "image_width": 640,
  "image_height": 640,
  "ground_truth_class": "bed",
  "grounding_prompt": "bed",
  "timestamp": "2026-05-15T23:11:47.483277",
  "num_detections": 2,
  "detections": [
    {
      "detection_id": 0,
      "class_name": "bed",
      "yolo_class_id": 0,
      "confidence": 0.8026001453399658,
      "bbox_xyxy": [
        0.1770477294921875,
        296.95733642578125,
        299.64141845703125,
        555.4003295898438
      ],
      "bbox_yolo": [
        0.23423318564891815,
        0.6659044027328491,
        0.46791306138038635,
        0.40381717681884766
      ],
      "bbox_width_px": 299.46435546875,
      "bbox_height_px": 258.4429931640625
    },
    {
      "detection_id": 1,
      "class_name": "bed",
      "yolo_class_id": 0,
      "confidence": 0.7781561613082886,
      "bbox_xyxy": [
        343.2099304199219,
        296.10736083984375,
        639.4185791015625,
        555.7127685546875
      ],
      "bbox_yolo": [
        0.7676785588264465,
        0.6654844880104065,
        0.4628260135650635,
        0.40563344955444336
      ],
      "bbox_width_px": 296.2086486816406,
      "bbox_height_px": 259.60540771484375
    }
  ]
}