{
  "index": 1874,
  "dataframe_iter_index": 1874,
  "image_path": "./datasets/sHOMEOBJECTS_FLUXFP8/images/1874.jpg",
  "image_width": 640,
  "image_height": 640,
  "ground_truth_class": "bed",
  "grounding_prompt": "bed",
  "timestamp": "2026-05-15T23:12:37.731467",
  "num_detections": 3,
  "detections": [
    {
      "detection_id": 0,
      "class_name": "bed",
      "yolo_class_id": 0,
      "confidence": 0.5389552712440491,
      "bbox_xyxy": [
        24.28216552734375,
        385.2641906738281,
        357.96002197265625,
        568.12109375
      ],
      "bbox_yolo": [
        0.29862672090530396,
        0.7448322176933289,
        0.5213716626167297,
        0.28571391105651855
      ],
      "bbox_width_px": 333.6778564453125,
      "bbox_height_px": 182.85690307617188
    },
    {
      "detection_id": 1,
      "class_name": "bed",
      "yolo_class_id": 0,
      "confidence": 0.41813990473747253,
      "bbox_xyxy": [
        209.54710388183594,
        399.59368896484375,
        638.9014892578125,
        639.7915649414062
      ],
      "bbox_yolo": [
        0.6628504991531372,
        0.8120197057723999,
        0.6708661913871765,
        0.37530916929244995
      ],
      "bbox_width_px": 429.3543701171875,
      "bbox_height_px": 240.1978759765625
    },
    {
      "detection_id": 2,
      "class_name": "bed",
      "yolo_class_id": 0,
      "confidence": 0.3556506335735321,
      "bbox_xyxy": [
        36.451011657714844,
        361.1572265625,
        66.47113800048828,
        405.7086181640625
      ],
      "bbox_yolo": [
        0.08040793240070343,
        0.599113941192627,
        0.046906448900699615,
        0.0696115493774414
      ],
      "bbox_width_px": 30.020126342773438,
      "bbox_height_px": 44.5513916015625
    }
  ]
}