{
  "index": 1884,
  "dataframe_iter_index": 1884,
  "image_path": "./datasets/sHOMEOBJECTS_FLUXFP8/images/1884.jpg",
  "image_width": 640,
  "image_height": 640,
  "ground_truth_class": "bed",
  "grounding_prompt": "bed",
  "timestamp": "2026-05-15T23:12:51.096962",
  "num_detections": 1,
  "detections": [
    {
      "detection_id": 0,
      "class_name": "bed",
      "yolo_class_id": 0,
      "confidence": 0.9144465923309326,
      "bbox_xyxy": [
        158.97695922851562,
        375.363525390625,
        536.8087158203125,
        558.3326416015625
      ],
      "bbox_yolo": [
        0.543582558631897,
        0.7294501066207886,
        0.5903621315956116,
        0.28588923811912537
      ],
      "bbox_width_px": 377.8317565917969,
      "bbox_height_px": 182.9691162109375
    }
  ]
}