{
  "index": 1886,
  "dataframe_iter_index": 1886,
  "image_path": "./datasets/sHOMEOBJECTS_FLUXFP8/images/1886.jpg",
  "image_width": 640,
  "image_height": 640,
  "ground_truth_class": "bed",
  "grounding_prompt": "bed",
  "timestamp": "2026-05-15T23:12:53.860654",
  "num_detections": 1,
  "detections": [
    {
      "detection_id": 0,
      "class_name": "bed",
      "yolo_class_id": 0,
      "confidence": 0.913936972618103,
      "bbox_xyxy": [
        155.8854217529297,
        376.1235046386719,
        484.64117431640625,
        556.4724731445312
      ],
      "bbox_yolo": [
        0.5004113912582397,
        0.7285906076431274,
        0.5136808156967163,
        0.2817952632904053
      ],
      "bbox_width_px": 328.7557373046875,
      "bbox_height_px": 180.34896850585938
    }
  ]
}