{
  "index": 1887,
  "dataframe_iter_index": 1887,
  "image_path": "./datasets/sHOMEOBJECTS_FLUXFP8/images/1887.jpg",
  "image_width": 640,
  "image_height": 640,
  "ground_truth_class": "bed",
  "grounding_prompt": "bed",
  "timestamp": "2026-05-15T23:12:55.271583",
  "num_detections": 1,
  "detections": [
    {
      "detection_id": 0,
      "class_name": "bed",
      "yolo_class_id": 0,
      "confidence": 0.7194237112998962,
      "bbox_xyxy": [
        248.55844116210938,
        407.4102478027344,
        383.2276306152344,
        528.80078125
      ],
      "bbox_yolo": [
        0.4935828745365143,
        0.7314149141311646,
        0.2104206085205078,
        0.18967270851135254
      ],
      "bbox_width_px": 134.669189453125,
      "bbox_height_px": 121.39053344726562
    }
  ]
}