{
  "index": 1893,
  "dataframe_iter_index": 1893,
  "image_path": "./datasets/sHOMEOBJECTS_FLUXFP8/images/1893.jpg",
  "image_width": 640,
  "image_height": 640,
  "ground_truth_class": "bed",
  "grounding_prompt": "bed",
  "timestamp": "2026-05-15T23:13:03.341896",
  "num_detections": 2,
  "detections": [
    {
      "detection_id": 0,
      "class_name": "bed",
      "yolo_class_id": 0,
      "confidence": 0.8055964112281799,
      "bbox_xyxy": [
        6.267295837402344,
        296.2270202636719,
        224.7032470703125,
        605.8033447265625
      ],
      "bbox_yolo": [
        0.18044574558734894,
        0.7047112584114075,
        0.3413061499595642,
        0.4837130010128021
      ],
      "bbox_width_px": 218.43594360351562,
      "bbox_height_px": 309.5763244628906
    },
    {
      "detection_id": 1,
      "class_name": "bed",
      "yolo_class_id": 0,
      "confidence": 0.8394811153411865,
      "bbox_xyxy": [
        407.5172119140625,
        294.7279052734375,
        639.61865234375,
        608.02294921875
      ],
      "bbox_yolo": [
        0.8180748820304871,
        0.7052741050720215,
        0.3626585006713867,
        0.4895235002040863
      ],
      "bbox_width_px": 232.1014404296875,
      "bbox_height_px": 313.2950439453125
    }
  ]
}