{
  "index": 1896,
  "dataframe_iter_index": 1896,
  "image_path": "./datasets/sHOMEOBJECTS_FLUXFP8/images/1896.jpg",
  "image_width": 640,
  "image_height": 640,
  "ground_truth_class": "bed",
  "grounding_prompt": "bed",
  "timestamp": "2026-05-15T23:13:07.378645",
  "num_detections": 1,
  "detections": [
    {
      "detection_id": 0,
      "class_name": "bed",
      "yolo_class_id": 0,
      "confidence": 0.8598141074180603,
      "bbox_xyxy": [
        27.805877685546875,
        321.9501647949219,
        344.72784423828125,
        621.76318359375
      ],
      "bbox_yolo": [
        0.2910419702529907,
        0.7372760772705078,
        0.4951905608177185,
        0.4684578478336334
      ],
      "bbox_width_px": 316.9219665527344,
      "bbox_height_px": 299.8130187988281
    }
  ]
}