{
  "index": 1915,
  "dataframe_iter_index": 1915,
  "image_path": "./datasets/sHOMEOBJECTS_FLUXFP8/images/1915.jpg",
  "image_width": 640,
  "image_height": 640,
  "ground_truth_class": "bed",
  "grounding_prompt": "bed",
  "timestamp": "2026-05-15T23:13:32.854563",
  "num_detections": 1,
  "detections": [
    {
      "detection_id": 0,
      "class_name": "bed",
      "yolo_class_id": 0,
      "confidence": 0.8918054103851318,
      "bbox_xyxy": [
        99.64450073242188,
        366.10211181640625,
        554.8326416015625,
        617.8864135742188
      ],
      "bbox_yolo": [
        0.5113102793693542,
        0.7687410116195679,
        0.7112314701080322,
        0.3934129774570465
      ],
      "bbox_width_px": 455.1881408691406,
      "bbox_height_px": 251.7843017578125
    }
  ]
}