{
  "index": 1927,
  "dataframe_iter_index": 1927,
  "image_path": "./datasets/sHOMEOBJECTS_FLUXFP8/images/1927.jpg",
  "image_width": 640,
  "image_height": 640,
  "ground_truth_class": "bed",
  "grounding_prompt": "bed",
  "timestamp": "2026-05-15T23:13:49.108315",
  "num_detections": 1,
  "detections": [
    {
      "detection_id": 0,
      "class_name": "bed",
      "yolo_class_id": 0,
      "confidence": 0.8173343539237976,
      "bbox_xyxy": [
        24.79473876953125,
        380.68548583984375,
        410.8430480957031,
        568.8604125976562
      ],
      "bbox_yolo": [
        0.3403420150279999,
        0.7418327331542969,
        0.6032004952430725,
        0.294023334980011
      ],
      "bbox_width_px": 386.0483093261719,
      "bbox_height_px": 188.1749267578125
    }
  ]
}