{
  "index": 1935,
  "dataframe_iter_index": 1935,
  "image_path": "./datasets/sHOMEOBJECTS_FLUXFP8/images/1935.jpg",
  "image_width": 640,
  "image_height": 640,
  "ground_truth_class": "bed",
  "grounding_prompt": "bed",
  "timestamp": "2026-05-15T23:13:59.740641",
  "num_detections": 1,
  "detections": [
    {
      "detection_id": 0,
      "class_name": "bed",
      "yolo_class_id": 0,
      "confidence": 0.898225724697113,
      "bbox_xyxy": [
        232.7273406982422,
        329.57794189453125,
        543.7411499023438,
        492.2330322265625
      ],
      "bbox_yolo": [
        0.6066160202026367,
        0.6420398354530334,
        0.4859590530395508,
        0.25414857268333435
      ],
      "bbox_width_px": 311.0137939453125,
      "bbox_height_px": 162.65509033203125
    }
  ]
}