{
  "index": 1952,
  "dataframe_iter_index": 1952,
  "image_path": "./datasets/sHOMEOBJECTS_FLUXFP8/images/1952.jpg",
  "image_width": 640,
  "image_height": 640,
  "ground_truth_class": "bed",
  "grounding_prompt": "bed",
  "timestamp": "2026-05-15T23:14:22.631668",
  "num_detections": 1,
  "detections": [
    {
      "detection_id": 0,
      "class_name": "bed",
      "yolo_class_id": 0,
      "confidence": 0.9297319650650024,
      "bbox_xyxy": [
        106.12580871582031,
        338.77667236328125,
        613.3510131835938,
        639.3668823242188
      ],
      "bbox_yolo": [
        0.5620912313461304,
        0.7641746401786804,
        0.7925394177436829,
        0.46967220306396484
      ],
      "bbox_width_px": 507.2252197265625,
      "bbox_height_px": 300.5902099609375
    }
  ]
}