{
  "index": 1959,
  "dataframe_iter_index": 1959,
  "image_path": "./datasets/sHOMEOBJECTS_FLUXFP8/images/1959.jpg",
  "image_width": 640,
  "image_height": 640,
  "ground_truth_class": "bed",
  "grounding_prompt": "bed",
  "timestamp": "2026-05-15T23:14:32.002155",
  "num_detections": 1,
  "detections": [
    {
      "detection_id": 0,
      "class_name": "bed",
      "yolo_class_id": 0,
      "confidence": 0.420199453830719,
      "bbox_xyxy": [
        0.294036865234375,
        310.8688049316406,
        443.4988708496094,
        581.21484375
      ],
      "bbox_yolo": [
        0.34671321511268616,
        0.6969403028488159,
        0.6925075650215149,
        0.42241567373275757
      ],
      "bbox_width_px": 443.204833984375,
      "bbox_height_px": 270.3460388183594
    }
  ]
}