{
  "index": 1967,
  "dataframe_iter_index": 1967,
  "image_path": "./datasets/sHOMEOBJECTS_FLUXFP8/images/1967.jpg",
  "image_width": 640,
  "image_height": 640,
  "ground_truth_class": "bed",
  "grounding_prompt": "bed",
  "timestamp": "2026-05-15T23:14:42.918471",
  "num_detections": 1,
  "detections": [
    {
      "detection_id": 0,
      "class_name": "bed",
      "yolo_class_id": 0,
      "confidence": 0.7923219203948975,
      "bbox_xyxy": [
        48.67010498046875,
        280.55609130859375,
        563.0326538085938,
        536.0009765625
      ],
      "bbox_yolo": [
        0.47789278626441956,
        0.637935221195221,
        0.8036915063858032,
        0.399132639169693
      ],
      "bbox_width_px": 514.362548828125,
      "bbox_height_px": 255.44488525390625
    }
  ]
}