{
  "index": 1975,
  "dataframe_iter_index": 1975,
  "image_path": "./datasets/sHOMEOBJECTS_FLUXFP8/images/1975.jpg",
  "image_width": 640,
  "image_height": 640,
  "ground_truth_class": "bed",
  "grounding_prompt": "bed",
  "timestamp": "2026-05-15T23:14:53.575034",
  "num_detections": 3,
  "detections": [
    {
      "detection_id": 0,
      "class_name": "bed",
      "yolo_class_id": 0,
      "confidence": 0.6111546754837036,
      "bbox_xyxy": [
        0.10504150390625,
        397.15106201171875,
        235.77105712890625,
        585.1673583984375
      ],
      "bbox_yolo": [
        0.184278205037117,
        0.7674362659454346,
        0.36822813749313354,
        0.2937754690647125
      ],
      "bbox_width_px": 235.666015625,
      "bbox_height_px": 188.01629638671875
    },
    {
      "detection_id": 1,
      "class_name": "bed",
      "yolo_class_id": 0,
      "confidence": 0.3921758234500885,
      "bbox_xyxy": [
        161.79342651367188,
        374.9730224609375,
        274.0229187011719,
        432.10833740234375
      ],
      "bbox_yolo": [
        0.3404815196990967,
        0.6305323243141174,
        0.1753585785627365,
        0.08927392959594727
      ],
      "bbox_width_px": 112.2294921875,
      "bbox_height_px": 57.13531494140625
    },
    {
      "detection_id": 2,
      "class_name": "bed",
      "yolo_class_id": 0,
      "confidence": 0.42367416620254517,
      "bbox_xyxy": [
        29.72650146484375,
        390.9144287109375,
        254.42803955078125,
        495.4820556640625
      ],
      "bbox_yolo": [
        0.2219957411289215,
        0.6924972534179688,
        0.35109615325927734,
        0.16338691115379333
      ],
      "bbox_width_px": 224.7015380859375,
      "bbox_height_px": 104.567626953125
    }
  ]
}