{
  "index": 1983,
  "dataframe_iter_index": 1983,
  "image_path": "./datasets/sHOMEOBJECTS_FLUXFP8/images/1983.jpg",
  "image_width": 640,
  "image_height": 640,
  "ground_truth_class": "bed",
  "grounding_prompt": "bed",
  "timestamp": "2026-05-15T23:15:04.298574",
  "num_detections": 1,
  "detections": [
    {
      "detection_id": 0,
      "class_name": "bed",
      "yolo_class_id": 0,
      "confidence": 0.9336585998535156,
      "bbox_xyxy": [
        28.385650634765625,
        148.0441436767578,
        639.5770263671875,
        639.3335571289062
      ],
      "bbox_yolo": [
        0.521845817565918,
        0.615138828754425,
        0.954986572265625,
        0.7676397562026978
      ],
      "bbox_width_px": 611.19140625,
      "bbox_height_px": 491.2894287109375
    }
  ]
}