{
  "index": 2039,
  "dataframe_iter_index": 2039,
  "image_path": "./datasets/sHOMEOBJECTS_FLUXFP8/images/2039.jpg",
  "image_width": 640,
  "image_height": 640,
  "ground_truth_class": "bed",
  "grounding_prompt": "bed",
  "timestamp": "2026-05-15T23:16:19.480759",
  "num_detections": 2,
  "detections": [
    {
      "detection_id": 0,
      "class_name": "bed",
      "yolo_class_id": 0,
      "confidence": 0.5096116065979004,
      "bbox_xyxy": [
        56.023834228515625,
        56.73736572265625,
        613.1572265625,
        576.5307006835938
      ],
      "bbox_yolo": [
        0.522797703742981,
        0.49474066495895386,
        0.8705209493637085,
        0.8121770620346069
      ],
      "bbox_width_px": 557.1334228515625,
      "bbox_height_px": 519.7933349609375
    },
    {
      "detection_id": 1,
      "class_name": "bed",
      "yolo_class_id": 0,
      "confidence": 0.3916632831096649,
      "bbox_xyxy": [
        82.73512268066406,
        398.6678161621094,
        577.0372314453125,
        574.124267578125
      ],
      "bbox_yolo": [
        0.5154471397399902,
        0.759993851184845,
        0.772347092628479,
        0.27415069937705994
      ],
      "bbox_width_px": 494.3021240234375,
      "bbox_height_px": 175.45645141601562
    }
  ]
}