{
  "index": 2041,
  "dataframe_iter_index": 2041,
  "image_path": "./datasets/sHOMEOBJECTS_FLUXFP8/images/2041.jpg",
  "image_width": 640,
  "image_height": 640,
  "ground_truth_class": "bed",
  "grounding_prompt": "bed",
  "timestamp": "2026-05-15T23:16:22.165793",
  "num_detections": 2,
  "detections": [
    {
      "detection_id": 0,
      "class_name": "bed",
      "yolo_class_id": 0,
      "confidence": 0.8022083640098572,
      "bbox_xyxy": [
        89.32363891601562,
        310.7510986328125,
        383.9774475097656,
        510.33642578125
      ],
      "bbox_yolo": [
        0.3697664737701416,
        0.6414746046066284,
        0.46039658784866333,
        0.3118520677089691
      ],
      "bbox_width_px": 294.65380859375,
      "bbox_height_px": 199.5853271484375
    },
    {
      "detection_id": 1,
      "class_name": "bed",
      "yolo_class_id": 0,
      "confidence": 0.7568190693855286,
      "bbox_xyxy": [
        288.27398681640625,
        308.7106628417969,
        553.6848754882812,
        460.6847839355469
      ],
      "bbox_yolo": [
        0.6577803492546082,
        0.6010901927947998,
        0.41470450162887573,
        0.23745957016944885
      ],
      "bbox_width_px": 265.410888671875,
      "bbox_height_px": 151.97412109375
    }
  ]
}