{
  "index": 2051,
  "dataframe_iter_index": 2051,
  "image_path": "./datasets/sHOMEOBJECTS_FLUXFP8/images/2051.jpg",
  "image_width": 640,
  "image_height": 640,
  "ground_truth_class": "bed",
  "grounding_prompt": "bed",
  "timestamp": "2026-05-15T23:16:35.625397",
  "num_detections": 1,
  "detections": [
    {
      "detection_id": 0,
      "class_name": "bed",
      "yolo_class_id": 0,
      "confidence": 0.9403836727142334,
      "bbox_xyxy": [
        68.85519409179688,
        213.256591796875,
        639.622314453125,
        601.1171875
      ],
      "bbox_yolo": [
        0.5534980893135071,
        0.6362295150756836,
        0.8918235898017883,
        0.6060321927070618
      ],
      "bbox_width_px": 570.76708984375,
      "bbox_height_px": 387.860595703125
    }
  ]
}