{
  "index": 2114,
  "dataframe_iter_index": 2114,
  "image_path": "./datasets/sHOMEOBJECTS_FLUXFP8/images/2114.jpg",
  "image_width": 640,
  "image_height": 640,
  "ground_truth_class": "lamp",
  "grounding_prompt": "lamp",
  "timestamp": "2026-05-15T23:18:01.303346",
  "num_detections": 2,
  "detections": [
    {
      "detection_id": 0,
      "class_name": "lamp",
      "yolo_class_id": 2,
      "confidence": 0.7320268154144287,
      "bbox_xyxy": [
        349.147705078125,
        201.32350158691406,
        459.60260009765625,
        576.1007080078125
      ],
      "bbox_yolo": [
        0.6318361759185791,
        0.6073626279830933,
        0.17258577048778534,
        0.5855894088745117
      ],
      "bbox_width_px": 110.45489501953125,
      "bbox_height_px": 374.7772216796875
    },
    {
      "detection_id": 1,
      "class_name": "lamp",
      "yolo_class_id": 2,
      "confidence": 0.5946229100227356,
      "bbox_xyxy": [
        446.42626953125,
        316.019287109375,
        559.485107421875,
        573.8794555664062
      ],
      "bbox_yolo": [
        0.7858682870864868,
        0.6952334046363831,
        0.17665442824363708,
        0.40290650725364685
      ],
      "bbox_width_px": 113.058837890625,
      "bbox_height_px": 257.86016845703125
    }
  ]
}