{
  "index": 2121,
  "dataframe_iter_index": 2121,
  "image_path": "./datasets/sHOMEOBJECTS_FLUXFP8/images/2121.jpg",
  "image_width": 640,
  "image_height": 640,
  "ground_truth_class": "lamp",
  "grounding_prompt": "lamp",
  "timestamp": "2026-05-15T23:18:10.585911",
  "num_detections": 2,
  "detections": [
    {
      "detection_id": 0,
      "class_name": "lamp",
      "yolo_class_id": 2,
      "confidence": 0.7824427485466003,
      "bbox_xyxy": [
        114.21478271484375,
        279.0537109375,
        270.7934875488281,
        574.74462890625
      ],
      "bbox_yolo": [
        0.30078771710395813,
        0.6670299768447876,
        0.24465422332286835,
        0.4620170593261719
      ],
      "bbox_width_px": 156.57870483398438,
      "bbox_height_px": 295.69091796875
    },
    {
      "detection_id": 1,
      "class_name": "lamp",
      "yolo_class_id": 2,
      "confidence": 0.7110146880149841,
      "bbox_xyxy": [
        356.96856689453125,
        252.633544921875,
        437.0872802734375,
        362.77850341796875
      ],
      "bbox_yolo": [
        0.6203561425209045,
        0.4807906746864319,
        0.12518548965454102,
        0.17210149765014648
      ],
      "bbox_width_px": 80.11871337890625,
      "bbox_height_px": 110.14495849609375
    }
  ]
}