{
  "index": 2123,
  "dataframe_iter_index": 2123,
  "image_path": "./datasets/sHOMEOBJECTS_FLUXFP8/images/2123.jpg",
  "image_width": 640,
  "image_height": 640,
  "ground_truth_class": "lamp",
  "grounding_prompt": "lamp",
  "timestamp": "2026-05-15T23:18:13.248185",
  "num_detections": 2,
  "detections": [
    {
      "detection_id": 0,
      "class_name": "lamp",
      "yolo_class_id": 2,
      "confidence": 0.746590256690979,
      "bbox_xyxy": [
        530.306396484375,
        250.90428161621094,
        586.116943359375,
        372.87127685546875
      ],
      "bbox_yolo": [
        0.8722057342529297,
        0.48732465505599976,
        0.0872039794921875,
        0.19057342410087585
      ],
      "bbox_width_px": 55.810546875,
      "bbox_height_px": 121.96699523925781
    },
    {
      "detection_id": 1,
      "class_name": "lamp",
      "yolo_class_id": 2,
      "confidence": 0.7860738039016724,
      "bbox_xyxy": [
        70.18453979492188,
        156.7989501953125,
        194.17037963867188,
        476.26031494140625
      ],
      "bbox_yolo": [
        0.20652727782726288,
        0.494577556848526,
        0.19372788071632385,
        0.4991583824157715
      ],
      "bbox_width_px": 123.98583984375,
      "bbox_height_px": 319.46136474609375
    }
  ]
}