{
  "index": 2167,
  "dataframe_iter_index": 2167,
  "image_path": "./datasets/sHOMEOBJECTS_FLUXFP8/images/2167.jpg",
  "image_width": 640,
  "image_height": 640,
  "ground_truth_class": "lamp",
  "grounding_prompt": "lamp",
  "timestamp": "2026-05-15T23:19:12.264560",
  "num_detections": 1,
  "detections": [
    {
      "detection_id": 0,
      "class_name": "lamp",
      "yolo_class_id": 2,
      "confidence": 0.7605497241020203,
      "bbox_xyxy": [
        470.2983093261719,
        0.1456298828125,
        574.1593017578125,
        152.1012420654297
      ],
      "bbox_yolo": [
        0.8159825205802917,
        0.11894287168979645,
        0.162282794713974,
        0.2374306470155716
      ],
      "bbox_width_px": 103.86099243164062,
      "bbox_height_px": 151.9556121826172
    }
  ]
}