{
  "index": 2176,
  "dataframe_iter_index": 2176,
  "image_path": "./datasets/sHOMEOBJECTS_FLUXFP8/images/2176.jpg",
  "image_width": 640,
  "image_height": 640,
  "ground_truth_class": "lamp",
  "grounding_prompt": "lamp",
  "timestamp": "2026-05-15T23:19:24.962659",
  "num_detections": 1,
  "detections": [
    {
      "detection_id": 0,
      "class_name": "lamp",
      "yolo_class_id": 2,
      "confidence": 0.843743622303009,
      "bbox_xyxy": [
        68.45368957519531,
        86.029052734375,
        356.87347412109375,
        614.4559326171875
      ],
      "bbox_yolo": [
        0.3322868347167969,
        0.5472539067268372,
        0.4506559371948242,
        0.8256670236587524
      ],
      "bbox_width_px": 288.4197998046875,
      "bbox_height_px": 528.4268798828125
    }
  ]
}