{
  "index": 2179,
  "dataframe_iter_index": 2179,
  "image_path": "./datasets/sHOMEOBJECTS_FLUXFP8/images/2179.jpg",
  "image_width": 640,
  "image_height": 640,
  "ground_truth_class": "lamp",
  "grounding_prompt": "lamp",
  "timestamp": "2026-05-15T23:19:29.019854",
  "num_detections": 2,
  "detections": [
    {
      "detection_id": 0,
      "class_name": "lamp",
      "yolo_class_id": 2,
      "confidence": 0.72860187292099,
      "bbox_xyxy": [
        210.97897338867188,
        0.2876129150390625,
        412.5912780761719,
        292.4603271484375
      ],
      "bbox_yolo": [
        0.4871642589569092,
        0.22870931029319763,
        0.3150192201137543,
        0.4565199017524719
      ],
      "bbox_width_px": 201.6123046875,
      "bbox_height_px": 292.1727294921875
    },
    {
      "detection_id": 1,
      "class_name": "lamp",
      "yolo_class_id": 2,
      "confidence": 0.5609754920005798,
      "bbox_xyxy": [
        586.305908203125,
        297.4381408691406,
        613.37353515625,
        335.2167053222656
      ],
      "bbox_yolo": [
        0.9372495412826538,
        0.49426159262657166,
        0.04229316860437393,
        0.05902900546789169
      ],
      "bbox_width_px": 27.067626953125,
      "bbox_height_px": 37.778564453125
    }
  ]
}