{
  "index": 2215,
  "dataframe_iter_index": 2215,
  "image_path": "./datasets/sHOMEOBJECTS_FLUXFP8/images/2215.jpg",
  "image_width": 640,
  "image_height": 640,
  "ground_truth_class": "lamp",
  "grounding_prompt": "lamp",
  "timestamp": "2026-05-15T23:20:18.270464",
  "num_detections": 2,
  "detections": [
    {
      "detection_id": 0,
      "class_name": "lamp",
      "yolo_class_id": 2,
      "confidence": 0.6433650851249695,
      "bbox_xyxy": [
        124.98956298828125,
        0.322296142578125,
        171.64569091796875,
        222.72213745117188
      ],
      "bbox_yolo": [
        0.23174628615379333,
        0.1742534637451172,
        0.0729001984000206,
        0.3474997580051422
      ],
      "bbox_width_px": 46.6561279296875,
      "bbox_height_px": 222.39984130859375
    },
    {
      "detection_id": 1,
      "class_name": "lamp",
      "yolo_class_id": 2,
      "confidence": 0.47138574719429016,
      "bbox_xyxy": [
        500.5402526855469,
        0.0731048583984375,
        539.7137451171875,
        221.99595642089844
      ],
      "bbox_yolo": [
        0.812698483467102,
        0.1734914481639862,
        0.061208583414554596,
        0.3467544615268707
      ],
      "bbox_width_px": 39.173492431640625,
      "bbox_height_px": 221.9228515625
    }
  ]
}