{
  "index": 2225,
  "dataframe_iter_index": 2225,
  "image_path": "./datasets/sHOMEOBJECTS_FLUXFP8/images/2225.jpg",
  "image_width": 640,
  "image_height": 640,
  "ground_truth_class": "lamp",
  "grounding_prompt": "lamp",
  "timestamp": "2026-05-15T23:20:31.808612",
  "num_detections": 3,
  "detections": [
    {
      "detection_id": 0,
      "class_name": "lamp",
      "yolo_class_id": 2,
      "confidence": 0.46210455894470215,
      "bbox_xyxy": [
        468.0536193847656,
        127.96493530273438,
        551.656494140625,
        326.4552307128906
      ],
      "bbox_yolo": [
        0.7966485023498535,
        0.35501575469970703,
        0.1306294947862625,
        0.31014108657836914
      ],
      "bbox_width_px": 83.60287475585938,
      "bbox_height_px": 198.49029541015625
    },
    {
      "detection_id": 1,
      "class_name": "lamp",
      "yolo_class_id": 2,
      "confidence": 0.37917211651802063,
      "bbox_xyxy": [
        313.0955505371094,
        199.41189575195312,
        340.7813415527344,
        303.22021484375
      ],
      "bbox_yolo": [
        0.5108413100242615,
        0.3926813304424286,
        0.04325904697179794,
        0.16220049560070038
      ],
      "bbox_width_px": 27.685791015625,
      "bbox_height_px": 103.80831909179688
    },
    {
      "detection_id": 2,
      "class_name": "lamp",
      "yolo_class_id": 2,
      "confidence": 0.3692300319671631,
      "bbox_xyxy": [
        250.15707397460938,
        187.69021606445312,
        307.9859924316406,
        329.7989196777344
      ],
      "bbox_yolo": [
        0.43604928255081177,
        0.4042883813381195,
        0.09035768359899521,
        0.22204485535621643
      ],
      "bbox_width_px": 57.82891845703125,
      "bbox_height_px": 142.10870361328125
    }
  ]
}