{
  "index": 2266,
  "dataframe_iter_index": 2266,
  "image_path": "./datasets/sHOMEOBJECTS_FLUXFP8/images/2266.jpg",
  "image_width": 640,
  "image_height": 640,
  "ground_truth_class": "lamp",
  "grounding_prompt": "lamp",
  "timestamp": "2026-05-15T23:21:27.809708",
  "num_detections": 3,
  "detections": [
    {
      "detection_id": 0,
      "class_name": "lamp",
      "yolo_class_id": 2,
      "confidence": 0.6431670784950256,
      "bbox_xyxy": [
        172.63967895507812,
        0.2597808837890625,
        247.50747680664062,
        205.80313110351562
      ],
      "bbox_yolo": [
        0.32823997735977173,
        0.16098664700984955,
        0.11698093265295029,
        0.3211614787578583
      ],
      "bbox_width_px": 74.8677978515625,
      "bbox_height_px": 205.54335021972656
    },
    {
      "detection_id": 1,
      "class_name": "lamp",
      "yolo_class_id": 2,
      "confidence": 0.6272326707839966,
      "bbox_xyxy": [
        356.9354553222656,
        0.16062164306640625,
        424.6034851074219,
        215.91207885742188
      ],
      "bbox_yolo": [
        0.6105772852897644,
        0.168806791305542,
        0.1057312935590744,
        0.3371116518974304
      ],
      "bbox_width_px": 67.66802978515625,
      "bbox_height_px": 215.75146484375
    },
    {
      "detection_id": 2,
      "class_name": "lamp",
      "yolo_class_id": 2,
      "confidence": 0.6159002184867859,
      "bbox_xyxy": [
        272.70477294921875,
        0.19420623779296875,
        344.05963134765625,
        211.155517578125
      ],
      "bbox_yolo": [
        0.48184719681739807,
        0.16511698067188263,
        0.11149196326732635,
        0.32962703704833984
      ],
      "bbox_width_px": 71.3548583984375,
      "bbox_height_px": 210.9613037109375
    }
  ]
}