{
  "index": 2272,
  "dataframe_iter_index": 2272,
  "image_path": "./datasets/sHOMEOBJECTS_FLUXFP8/images/2272.jpg",
  "image_width": 640,
  "image_height": 640,
  "ground_truth_class": "lamp",
  "grounding_prompt": "lamp",
  "timestamp": "2026-05-15T23:21:36.056005",
  "num_detections": 1,
  "detections": [
    {
      "detection_id": 0,
      "class_name": "lamp",
      "yolo_class_id": 2,
      "confidence": 0.7906760573387146,
      "bbox_xyxy": [
        276.8262023925781,
        12.688385009765625,
        372.3525085449219,
        275.6640319824219
      ],
      "bbox_yolo": [
        0.5071708559989929,
        0.22527532279491425,
        0.14925985038280487,
        0.41089946031570435
      ],
      "bbox_width_px": 95.52630615234375,
      "bbox_height_px": 262.97564697265625
    }
  ]
}