{
  "index": 2284,
  "dataframe_iter_index": 2284,
  "image_path": "./datasets/sHOMEOBJECTS_FLUXFP8/images/2284.jpg",
  "image_width": 640,
  "image_height": 640,
  "ground_truth_class": "lamp",
  "grounding_prompt": "lamp",
  "timestamp": "2026-05-15T23:21:52.246756",
  "num_detections": 1,
  "detections": [
    {
      "detection_id": 0,
      "class_name": "lamp",
      "yolo_class_id": 2,
      "confidence": 0.7779833674430847,
      "bbox_xyxy": [
        142.7399444580078,
        271.21307373046875,
        159.30372619628906,
        309.937255859375
      ],
      "bbox_yolo": [
        0.2359716147184372,
        0.45402368903160095,
        0.025880908593535423,
        0.060506533831357956
      ],
      "bbox_width_px": 16.56378173828125,
      "bbox_height_px": 38.72418212890625
    }
  ]
}