{
  "index": 2298,
  "dataframe_iter_index": 2298,
  "image_path": "./datasets/sHOMEOBJECTS_FLUXFP8/images/2298.jpg",
  "image_width": 640,
  "image_height": 640,
  "ground_truth_class": "lamp",
  "grounding_prompt": "lamp",
  "timestamp": "2026-05-15T23:22:11.644791",
  "num_detections": 3,
  "detections": [
    {
      "detection_id": 0,
      "class_name": "lamp",
      "yolo_class_id": 2,
      "confidence": 0.7214607000350952,
      "bbox_xyxy": [
        304.5660095214844,
        134.41220092773438,
        329.7322082519531,
        168.07376098632812
      ],
      "bbox_yolo": [
        0.49554547667503357,
        0.23631715774536133,
        0.03932218626141548,
        0.052596189081668854
      ],
      "bbox_width_px": 25.16619873046875,
      "bbox_height_px": 33.66156005859375
    },
    {
      "detection_id": 1,
      "class_name": "lamp",
      "yolo_class_id": 2,
      "confidence": 0.6892800331115723,
      "bbox_xyxy": [
        482.3829345703125,
        135.22711181640625,
        507.8970947265625,
        168.12118530273438
      ],
      "bbox_yolo": [
        0.7736562490463257,
        0.23699085414409637,
        0.039865873754024506,
        0.051396988332271576
      ],
      "bbox_width_px": 25.51416015625,
      "bbox_height_px": 32.894073486328125
    },
    {
      "detection_id": 2,
      "class_name": "lamp",
      "yolo_class_id": 2,
      "confidence": 0.7217982411384583,
      "bbox_xyxy": [
        125.75682067871094,
        134.39263916015625,
        149.85484313964844,
        167.84027099609375
      ],
      "bbox_yolo": [
        0.2153216153383255,
        0.23611946403980255,
        0.037653159350156784,
        0.05226192623376846
      ],
      "bbox_width_px": 24.0980224609375,
      "bbox_height_px": 33.4476318359375
    }
  ]
}