{
  "index": 2306,
  "dataframe_iter_index": 2306,
  "image_path": "./datasets/sHOMEOBJECTS_FLUXFP8/images/2306.jpg",
  "image_width": 640,
  "image_height": 640,
  "ground_truth_class": "lamp",
  "grounding_prompt": "lamp",
  "timestamp": "2026-05-15T23:22:22.528109",
  "num_detections": 1,
  "detections": [
    {
      "detection_id": 0,
      "class_name": "lamp",
      "yolo_class_id": 2,
      "confidence": 0.7072564959526062,
      "bbox_xyxy": [
        110.84904479980469,
        300.5189208984375,
        137.62437438964844,
        342.85699462890625
      ],
      "bbox_yolo": [
        0.19411985576152802,
        0.5026374459266663,
        0.0418364517390728,
        0.06615324318408966
      ],
      "bbox_width_px": 26.77532958984375,
      "bbox_height_px": 42.33807373046875
    }
  ]
}