{
  "index": 231,
  "dataframe_iter_index": 231,
  "image_path": "./datasets/sHOMEOBJECTS_FLUXFP8/images/231.jpg",
  "image_width": 640,
  "image_height": 640,
  "ground_truth_class": "chair",
  "grounding_prompt": "chair",
  "timestamp": "2026-05-15T22:35:38.497225",
  "num_detections": 1,
  "detections": [
    {
      "detection_id": 0,
      "class_name": "chair",
      "yolo_class_id": 1,
      "confidence": 0.8664118051528931,
      "bbox_xyxy": [
        99.99945068359375,
        126.76890563964844,
        509.45513916015625,
        604.9223022460938
      ],
      "bbox_yolo": [
        0.47613638639450073,
        0.5716337561607361,
        0.6397745013237,
        0.7471146583557129
      ],
      "bbox_width_px": 409.4556884765625,
      "bbox_height_px": 478.15338134765625
    }
  ]
}