{
  "index": 2349,
  "dataframe_iter_index": 2349,
  "image_path": "./datasets/sHOMEOBJECTS_FLUXFP8/images/2349.jpg",
  "image_width": 640,
  "image_height": 640,
  "ground_truth_class": "lamp",
  "grounding_prompt": "lamp",
  "timestamp": "2026-05-15T23:23:20.485512",
  "num_detections": 2,
  "detections": [
    {
      "detection_id": 0,
      "class_name": "lamp",
      "yolo_class_id": 2,
      "confidence": 0.779071569442749,
      "bbox_xyxy": [
        1.2798309326171875,
        134.15667724609375,
        276.612548828125,
        531.9065551757812
      ],
      "bbox_yolo": [
        0.21710343658924103,
        0.5203619003295898,
        0.43020734190940857,
        0.6214841604232788
      ],
      "bbox_width_px": 275.33270263671875,
      "bbox_height_px": 397.7498779296875
    },
    {
      "detection_id": 1,
      "class_name": "lamp",
      "yolo_class_id": 2,
      "confidence": 0.6540347337722778,
      "bbox_xyxy": [
        323.20904541015625,
        177.1542510986328,
        477.23065185546875,
        474.931640625
      ],
      "bbox_yolo": [
        0.6253435015678406,
        0.5094420909881592,
        0.24065876007080078,
        0.46527719497680664
      ],
      "bbox_width_px": 154.0216064453125,
      "bbox_height_px": 297.77740478515625
    }
  ]
}