{
  "index": 2361,
  "dataframe_iter_index": 2361,
  "image_path": "./datasets/sHOMEOBJECTS_FLUXFP8/images/2361.jpg",
  "image_width": 640,
  "image_height": 640,
  "ground_truth_class": "lamp",
  "grounding_prompt": "lamp",
  "timestamp": "2026-05-15T23:23:36.705580",
  "num_detections": 4,
  "detections": [
    {
      "detection_id": 0,
      "class_name": "lamp",
      "yolo_class_id": 2,
      "confidence": 0.4296347498893738,
      "bbox_xyxy": [
        0.06602859497070312,
        260.31365966796875,
        44.67155838012695,
        313.4097900390625
      ],
      "bbox_yolo": [
        0.034951239824295044,
        0.44822144508361816,
        0.06969614326953888,
        0.08296270668506622
      ],
      "bbox_width_px": 44.60552978515625,
      "bbox_height_px": 53.09613037109375
    },
    {
      "detection_id": 1,
      "class_name": "lamp",
      "yolo_class_id": 2,
      "confidence": 0.4831099510192871,
      "bbox_xyxy": [
        352.3320617675781,
        170.34242248535156,
        487.7917175292969,
        488.5914306640625
      ],
      "bbox_yolo": [
        0.6563466787338257,
        0.5147920846939087,
        0.21165570616722107,
        0.4972640872001648
      ],
      "bbox_width_px": 135.45965576171875,
      "bbox_height_px": 318.2490234375
    },
    {
      "detection_id": 2,
      "class_name": "lamp",
      "yolo_class_id": 2,
      "confidence": 0.4073130786418915,
      "bbox_xyxy": [
        137.29946899414062,
        92.92296600341797,
        280.8015441894531,
        178.30267333984375
      ],
      "bbox_yolo": [
        0.32664141058921814,
        0.21189503371715546,
        0.22422198951244354,
        0.13340578973293304
      ],
      "bbox_width_px": 143.5020751953125,
      "bbox_height_px": 85.37970733642578
    },
    {
      "detection_id": 3,
      "class_name": "lamp",
      "yolo_class_id": 2,
      "confidence": 0.40336114168167114,
      "bbox_xyxy": [
        137.15328979492188,
        93.822998046875,
        280.82049560546875,
        436.2171630859375
      ],
      "bbox_yolo": [
        0.3265420198440552,
        0.41409388184547424,
        0.22448000311851501,
        0.5349909067153931
      ],
      "bbox_width_px": 143.66720581054688,
      "bbox_height_px": 342.3941650390625
    }
  ]
}