{
  "index": 2368,
  "dataframe_iter_index": 2368,
  "image_path": "./datasets/sHOMEOBJECTS_FLUXFP8/images/2368.jpg",
  "image_width": 640,
  "image_height": 640,
  "ground_truth_class": "lamp",
  "grounding_prompt": "lamp",
  "timestamp": "2026-05-15T23:23:46.251582",
  "num_detections": 1,
  "detections": [
    {
      "detection_id": 0,
      "class_name": "lamp",
      "yolo_class_id": 2,
      "confidence": 0.8651937246322632,
      "bbox_xyxy": [
        457.7187805175781,
        138.1815185546875,
        503.3605651855469,
        227.1162109375
      ],
      "bbox_yolo": [
        0.7508432269096375,
        0.28538885712623596,
        0.07131528854370117,
        0.13896045088768005
      ],
      "bbox_width_px": 45.64178466796875,
      "bbox_height_px": 88.9346923828125
    }
  ]
}