{
  "index": 2372,
  "dataframe_iter_index": 2372,
  "image_path": "./datasets/sHOMEOBJECTS_FLUXFP8/images/2372.jpg",
  "image_width": 640,
  "image_height": 640,
  "ground_truth_class": "lamp",
  "grounding_prompt": "lamp",
  "timestamp": "2026-05-15T23:23:51.738724",
  "num_detections": 1,
  "detections": [
    {
      "detection_id": 0,
      "class_name": "lamp",
      "yolo_class_id": 2,
      "confidence": 0.8681809306144714,
      "bbox_xyxy": [
        377.796142578125,
        135.93202209472656,
        536.6670532226562,
        253.16966247558594
      ],
      "bbox_yolo": [
        0.7144243717193604,
        0.30398568511009216,
        0.2482357919216156,
        0.18318381905555725
      ],
      "bbox_width_px": 158.87091064453125,
      "bbox_height_px": 117.23764038085938
    }
  ]
}