{
  "index": 2385,
  "dataframe_iter_index": 2385,
  "image_path": "./datasets/sHOMEOBJECTS_FLUXFP8/images/2385.jpg",
  "image_width": 640,
  "image_height": 640,
  "ground_truth_class": "lamp",
  "grounding_prompt": "lamp",
  "timestamp": "2026-05-15T23:24:09.516793",
  "num_detections": 2,
  "detections": [
    {
      "detection_id": 0,
      "class_name": "lamp",
      "yolo_class_id": 2,
      "confidence": 0.7880966663360596,
      "bbox_xyxy": [
        316.4549560546875,
        92.58248901367188,
        543.3236083984375,
        572.2178955078125
      ],
      "bbox_yolo": [
        0.6717020273208618,
        0.5193753242492676,
        0.3544822633266449,
        0.7494302988052368
      ],
      "bbox_width_px": 226.86865234375,
      "bbox_height_px": 479.6354064941406
    },
    {
      "detection_id": 1,
      "class_name": "lamp",
      "yolo_class_id": 2,
      "confidence": 0.7791963815689087,
      "bbox_xyxy": [
        98.11721801757812,
        117.67398071289062,
        300.2901306152344,
        542.6187744140625
      ],
      "bbox_yolo": [
        0.3112557530403137,
        0.5158537030220032,
        0.3158951699733734,
        0.66397625207901
      ],
      "bbox_width_px": 202.17291259765625,
      "bbox_height_px": 424.9447937011719
    }
  ]
}