{
  "index": 2475,
  "dataframe_iter_index": 2475,
  "image_path": "./datasets/sHOMEOBJECTS_FLUXFP8/images/2475.jpg",
  "image_width": 640,
  "image_height": 640,
  "ground_truth_class": "lamp",
  "grounding_prompt": "lamp",
  "timestamp": "2026-05-15T23:26:12.115680",
  "num_detections": 2,
  "detections": [
    {
      "detection_id": 0,
      "class_name": "lamp",
      "yolo_class_id": 2,
      "confidence": 0.7031077742576599,
      "bbox_xyxy": [
        422.7501220703125,
        164.60418701171875,
        461.26123046875,
        301.4216613769531
      ],
      "bbox_yolo": [
        0.6906338930130005,
        0.3640826940536499,
        0.06017360836267471,
        0.2137773036956787
      ],
      "bbox_width_px": 38.5111083984375,
      "bbox_height_px": 136.81747436523438
    },
    {
      "detection_id": 1,
      "class_name": "lamp",
      "yolo_class_id": 2,
      "confidence": 0.7177329063415527,
      "bbox_xyxy": [
        217.4847869873047,
        164.66668701171875,
        255.68446350097656,
        302.9259033203125
      ],
      "bbox_yolo": [
        0.3696634769439697,
        0.36530670523643494,
        0.059686996042728424,
        0.2160300314426422
      ],
      "bbox_width_px": 38.199676513671875,
      "bbox_height_px": 138.25921630859375
    }
  ]
}