{
  "index": 2481,
  "dataframe_iter_index": 2481,
  "image_path": "./datasets/sHOMEOBJECTS_FLUXFP8/images/2481.jpg",
  "image_width": 640,
  "image_height": 640,
  "ground_truth_class": "lamp",
  "grounding_prompt": "lamp",
  "timestamp": "2026-05-15T23:26:20.286341",
  "num_detections": 2,
  "detections": [
    {
      "detection_id": 0,
      "class_name": "lamp",
      "yolo_class_id": 2,
      "confidence": 0.6561751365661621,
      "bbox_xyxy": [
        402.1298522949219,
        190.60018920898438,
        505.7773132324219,
        554.509765625
      ],
      "bbox_yolo": [
        0.7093024849891663,
        0.5821171998977661,
        0.16194915771484375,
        0.5686087012290955
      ],
      "bbox_width_px": 103.6474609375,
      "bbox_height_px": 363.9095764160156
    },
    {
      "detection_id": 1,
      "class_name": "lamp",
      "yolo_class_id": 2,
      "confidence": 0.6171622276306152,
      "bbox_xyxy": [
        296.23828125,
        202.87985229492188,
        405.06512451171875,
        511.6132507324219
      ],
      "bbox_yolo": [
        0.5478932857513428,
        0.5581977367401123,
        0.17004194855690002,
        0.4823959469795227
      ],
      "bbox_width_px": 108.82684326171875,
      "bbox_height_px": 308.7333984375
    }
  ]
}