{
  "index": 2518,
  "dataframe_iter_index": 2518,
  "image_path": "./datasets/sHOMEOBJECTS_FLUXFP8/images/2518.jpg",
  "image_width": 640,
  "image_height": 640,
  "ground_truth_class": "lamp",
  "grounding_prompt": "lamp",
  "timestamp": "2026-05-15T23:27:10.944350",
  "num_detections": 3,
  "detections": [
    {
      "detection_id": 0,
      "class_name": "lamp",
      "yolo_class_id": 2,
      "confidence": 0.7521136403083801,
      "bbox_xyxy": [
        444.89825439453125,
        263.3695373535156,
        597.2865600585938,
        487.9308166503906
      ],
      "bbox_yolo": [
        0.8142068982124329,
        0.5869534015655518,
        0.23810672760009766,
        0.35087698698043823
      ],
      "bbox_width_px": 152.3883056640625,
      "bbox_height_px": 224.561279296875
    },
    {
      "detection_id": 1,
      "class_name": "lamp",
      "yolo_class_id": 2,
      "confidence": 0.7330679297447205,
      "bbox_xyxy": [
        118.24011993408203,
        190.1669921875,
        220.54684448242188,
        355.12042236328125
      ],
      "bbox_yolo": [
        0.2646773159503937,
        0.4260057806968689,
        0.15985426306724548,
        0.25773972272872925
      ],
      "bbox_width_px": 102.30672454833984,
      "bbox_height_px": 164.95343017578125
    },
    {
      "detection_id": 2,
      "class_name": "lamp",
      "yolo_class_id": 2,
      "confidence": 0.7335448861122131,
      "bbox_xyxy": [
        197.35812377929688,
        271.00787353515625,
        377.7430725097656,
        534.7695922851562
      ],
      "bbox_yolo": [
        0.44929781556129456,
        0.6295136213302612,
        0.28185147047042847,
        0.41212767362594604
      ],
      "bbox_width_px": 180.38494873046875,
      "bbox_height_px": 263.76171875
    }
  ]
}