{
  "index": 2541,
  "dataframe_iter_index": 2541,
  "image_path": "./datasets/sHOMEOBJECTS_FLUXFP8/images/2541.jpg",
  "image_width": 640,
  "image_height": 640,
  "ground_truth_class": "lamp",
  "grounding_prompt": "lamp",
  "timestamp": "2026-05-15T23:27:42.950669",
  "num_detections": 2,
  "detections": [
    {
      "detection_id": 0,
      "class_name": "lamp",
      "yolo_class_id": 2,
      "confidence": 0.7150251269340515,
      "bbox_xyxy": [
        291.8410949707031,
        0.053131103515625,
        571.607177734375,
        639.3385009765625
      ],
      "bbox_yolo": [
        0.6745689511299133,
        0.49952468276023865,
        0.4371345043182373,
        0.9988834261894226
      ],
      "bbox_width_px": 279.7660827636719,
      "bbox_height_px": 639.285400390625
    },
    {
      "detection_id": 1,
      "class_name": "lamp",
      "yolo_class_id": 2,
      "confidence": 0.6982948184013367,
      "bbox_xyxy": [
        81.94540405273438,
        21.43939208984375,
        320.9554138183594,
        638.854248046875
      ],
      "bbox_yolo": [
        0.3147662580013275,
        0.5158544182777405,
        0.37345314025878906,
        0.9647107124328613
      ],
      "bbox_width_px": 239.010009765625,
      "bbox_height_px": 617.4148559570312
    }
  ]
}