{
  "index": 2546,
  "dataframe_iter_index": 2546,
  "image_path": "./datasets/sHOMEOBJECTS_FLUXFP8/images/2546.jpg",
  "image_width": 640,
  "image_height": 640,
  "ground_truth_class": "lamp",
  "grounding_prompt": "lamp",
  "timestamp": "2026-05-15T23:27:49.928943",
  "num_detections": 4,
  "detections": [
    {
      "detection_id": 0,
      "class_name": "lamp",
      "yolo_class_id": 2,
      "confidence": 0.7646700739860535,
      "bbox_xyxy": [
        476.17608642578125,
        249.26954650878906,
        573.8422241210938,
        515.375
      ],
      "bbox_yolo": [
        0.8203268051147461,
        0.5973785519599915,
        0.15260334312915802,
        0.41578978300094604
      ],
      "bbox_width_px": 97.6661376953125,
      "bbox_height_px": 266.10546875
    },
    {
      "detection_id": 1,
      "class_name": "lamp",
      "yolo_class_id": 2,
      "confidence": 0.7630789875984192,
      "bbox_xyxy": [
        335.1085205078125,
        231.4727783203125,
        402.197265625,
        445.3721923828125
      ],
      "bbox_yolo": [
        0.5760201215744019,
        0.5287851095199585,
        0.10482616722583771,
        0.3342178463935852
      ],
      "bbox_width_px": 67.0887451171875,
      "bbox_height_px": 213.8994140625
    },
    {
      "detection_id": 2,
      "class_name": "lamp",
      "yolo_class_id": 2,
      "confidence": 0.7394977807998657,
      "bbox_xyxy": [
        230.93780517578125,
        239.42518615722656,
        280.74420166015625,
        366.2596435546875
      ],
      "bbox_yolo": [
        0.39975157380104065,
        0.4731912612915039,
        0.0778224915266037,
        0.19817884266376495
      ],
      "bbox_width_px": 49.806396484375,
      "bbox_height_px": 126.83445739746094
    },
    {
      "detection_id": 3,
      "class_name": "lamp",
      "yolo_class_id": 2,
      "confidence": 0.7070918679237366,
      "bbox_xyxy": [
        139.18577575683594,
        195.30801391601562,
        188.5606231689453,
        349.6321716308594
      ],
      "bbox_yolo": [
        0.2560518682003021,
        0.4257345199584961,
        0.0771481990814209,
        0.2411314994096756
      ],
      "bbox_width_px": 49.374847412109375,
      "bbox_height_px": 154.32415771484375
    }
  ]
}