{
  "index": 2586,
  "dataframe_iter_index": 2586,
  "image_path": "./datasets/sHOMEOBJECTS_FLUXFP8/images/2586.jpg",
  "image_width": 640,
  "image_height": 640,
  "ground_truth_class": "lamp",
  "grounding_prompt": "lamp",
  "timestamp": "2026-05-15T23:28:44.510798",
  "num_detections": 3,
  "detections": [
    {
      "detection_id": 0,
      "class_name": "lamp",
      "yolo_class_id": 2,
      "confidence": 0.6719780564308167,
      "bbox_xyxy": [
        367.27508544921875,
        252.91592407226562,
        533.3788452148438,
        501.9046936035156
      ],
      "bbox_yolo": [
        0.7036358714103699,
        0.5897036194801331,
        0.25953713059425354,
        0.38904494047164917
      ],
      "bbox_width_px": 166.103759765625,
      "bbox_height_px": 248.98876953125
    },
    {
      "detection_id": 1,
      "class_name": "lamp",
      "yolo_class_id": 2,
      "confidence": 0.5960053205490112,
      "bbox_xyxy": [
        234.49630737304688,
        248.14906311035156,
        347.1736755371094,
        417.2642822265625
      ],
      "bbox_yolo": [
        0.4544296860694885,
        0.5198541879653931,
        0.17605838179588318,
        0.2642425298690796
      ],
      "bbox_width_px": 112.6773681640625,
      "bbox_height_px": 169.11521911621094
    },
    {
      "detection_id": 2,
      "class_name": "lamp",
      "yolo_class_id": 2,
      "confidence": 0.5618613958358765,
      "bbox_xyxy": [
        137.95138549804688,
        241.74342346191406,
        220.42721557617188,
        360.9848327636719
      ],
      "bbox_yolo": [
        0.2799832820892334,
        0.47088146209716797,
        0.1288684904575348,
        0.18631470203399658
      ],
      "bbox_width_px": 82.475830078125,
      "bbox_height_px": 119.24140930175781
    }
  ]
}