{
  "index": 2588,
  "dataframe_iter_index": 2588,
  "image_path": "./datasets/sHOMEOBJECTS_FLUXFP8/images/2588.jpg",
  "image_width": 640,
  "image_height": 640,
  "ground_truth_class": "lamp",
  "grounding_prompt": "lamp",
  "timestamp": "2026-05-15T23:28:47.169202",
  "num_detections": 1,
  "detections": [
    {
      "detection_id": 0,
      "class_name": "lamp",
      "yolo_class_id": 2,
      "confidence": 0.8470625877380371,
      "bbox_xyxy": [
        148.32923889160156,
        10.7943115234375,
        457.96636962890625,
        534.5189208984375
      ],
      "bbox_yolo": [
        0.4736684262752533,
        0.42602595686912537,
        0.4838080406188965,
        0.8183196783065796
      ],
      "bbox_width_px": 309.63714599609375,
      "bbox_height_px": 523.724609375
    }
  ]
}