{
  "index": 2606,
  "dataframe_iter_index": 2606,
  "image_path": "./datasets/sHOMEOBJECTS_FLUXFP8/images/2606.jpg",
  "image_width": 640,
  "image_height": 640,
  "ground_truth_class": "television",
  "grounding_prompt": "television",
  "timestamp": "2026-05-15T23:29:12.252082",
  "num_detections": 3,
  "detections": [
    {
      "detection_id": 0,
      "class_name": "television",
      "yolo_class_id": 6,
      "confidence": 0.7652683854103088,
      "bbox_xyxy": [
        241.05490112304688,
        249.60780334472656,
        399.2505798339844,
        350.8897705078125
      ],
      "bbox_yolo": [
        0.5002386569976807,
        0.4691387116909027,
        0.2471807450056076,
        0.15825307369232178
      ],
      "bbox_width_px": 158.1956787109375,
      "bbox_height_px": 101.28196716308594
    },
    {
      "detection_id": 1,
      "class_name": "television",
      "yolo_class_id": 6,
      "confidence": 0.7401034235954285,
      "bbox_xyxy": [
        84.25205993652344,
        261.9041442871094,
        227.4027862548828,
        348.8200988769531
      ],
      "bbox_yolo": [
        0.2434803545475006,
        0.4771283268928528,
        0.223673015832901,
        0.13580617308616638
      ],
      "bbox_width_px": 143.15072631835938,
      "bbox_height_px": 86.91595458984375
    },
    {
      "detection_id": 2,
      "class_name": "television",
      "yolo_class_id": 6,
      "confidence": 0.6697483658790588,
      "bbox_xyxy": [
        413.37652587890625,
        261.98846435546875,
        558.430419921875,
        348.71990966796875
      ],
      "bbox_yolo": [
        0.7592241764068604,
        0.4771159291267395,
        0.22664670646190643,
        0.135517880320549
      ],
      "bbox_width_px": 145.05389404296875,
      "bbox_height_px": 86.7314453125
    }
  ]
}