{
  "index": 2620,
  "dataframe_iter_index": 2620,
  "image_path": "./datasets/sHOMEOBJECTS_FLUXFP8/images/2620.jpg",
  "image_width": 640,
  "image_height": 640,
  "ground_truth_class": "television",
  "grounding_prompt": "television",
  "timestamp": "2026-05-15T23:29:30.798697",
  "num_detections": 1,
  "detections": [
    {
      "detection_id": 0,
      "class_name": "television",
      "yolo_class_id": 6,
      "confidence": 0.9340525269508362,
      "bbox_xyxy": [
        223.76124572753906,
        219.68984985351562,
        516.8021240234375,
        448.2977600097656
      ],
      "bbox_yolo": [
        0.5785651206970215,
        0.5218653082847595,
        0.45787638425827026,
        0.35719984769821167
      ],
      "bbox_width_px": 293.0408935546875,
      "bbox_height_px": 228.60791015625
    }
  ]
}