{
  "index": 2630,
  "dataframe_iter_index": 2630,
  "image_path": "./datasets/sHOMEOBJECTS_FLUXFP8/images/2630.jpg",
  "image_width": 640,
  "image_height": 640,
  "ground_truth_class": "television",
  "grounding_prompt": "television",
  "timestamp": "2026-05-15T23:29:44.554861",
  "num_detections": 3,
  "detections": [
    {
      "detection_id": 0,
      "class_name": "television",
      "yolo_class_id": 6,
      "confidence": 0.8146603107452393,
      "bbox_xyxy": [
        203.25387573242188,
        218.5163116455078,
        364.9457092285156,
        372.54937744140625
      ],
      "bbox_yolo": [
        0.44390591979026794,
        0.46177005767822266,
        0.25264349579811096,
        0.2406766712665558
      ],
      "bbox_width_px": 161.69183349609375,
      "bbox_height_px": 154.03306579589844
    },
    {
      "detection_id": 1,
      "class_name": "television",
      "yolo_class_id": 6,
      "confidence": 0.8343091607093811,
      "bbox_xyxy": [
        399.9784240722656,
        213.32351684570312,
        615.7673950195312,
        402.5041198730469
      ],
      "bbox_yolo": [
        0.7935514450073242,
        0.48111534118652344,
        0.337170273065567,
        0.2955946922302246
      ],
      "bbox_width_px": 215.78897094726562,
      "bbox_height_px": 189.18060302734375
    },
    {
      "detection_id": 2,
      "class_name": "television",
      "yolo_class_id": 6,
      "confidence": 0.7230324745178223,
      "bbox_xyxy": [
        43.55992126464844,
        234.628173828125,
        170.36380004882812,
        349.1617431640625
      ],
      "bbox_yolo": [
        0.16712790727615356,
        0.45608586072921753,
        0.19813105463981628,
        0.1789586991071701
      ],
      "bbox_width_px": 126.80387878417969,
      "bbox_height_px": 114.5335693359375
    }
  ]
}