{
  "index": 2643,
  "dataframe_iter_index": 2643,
  "image_path": "./datasets/sHOMEOBJECTS_FLUXFP8/images/2643.jpg",
  "image_width": 640,
  "image_height": 640,
  "ground_truth_class": "television",
  "grounding_prompt": "television",
  "timestamp": "2026-05-15T23:30:01.718279",
  "num_detections": 1,
  "detections": [
    {
      "detection_id": 0,
      "class_name": "television",
      "yolo_class_id": 6,
      "confidence": 0.916292667388916,
      "bbox_xyxy": [
        119.4708023071289,
        233.39463806152344,
        281.1455383300781,
        358.44671630859375
      ],
      "bbox_yolo": [
        0.312981516122818,
        0.46237605810165405,
        0.2526167929172516,
        0.1953938752412796
      ],
      "bbox_width_px": 161.67474365234375,
      "bbox_height_px": 125.05207824707031
    }
  ]
}