{
  "index": 266,
  "dataframe_iter_index": 266,
  "image_path": "./datasets/sHOMEOBJECTS_FLUXFP8/images/266.jpg",
  "image_width": 640,
  "image_height": 640,
  "ground_truth_class": "chair",
  "grounding_prompt": "chair",
  "timestamp": "2026-05-15T22:36:25.854901",
  "num_detections": 3,
  "detections": [
    {
      "detection_id": 0,
      "class_name": "chair",
      "yolo_class_id": 1,
      "confidence": 0.6557485461235046,
      "bbox_xyxy": [
        258.4541931152344,
        373.241943359375,
        393.5610656738281,
        594.7008666992188
      ],
      "bbox_yolo": [
        0.5093868970870972,
        0.7562053203582764,
        0.21110448241233826,
        0.3460295796394348
      ],
      "bbox_width_px": 135.10687255859375,
      "bbox_height_px": 221.45892333984375
    },
    {
      "detection_id": 1,
      "class_name": "chair",
      "yolo_class_id": 1,
      "confidence": 0.6724517941474915,
      "bbox_xyxy": [
        445.66357421875,
        360.4201354980469,
        583.0238037109375,
        562.9015502929688
      ],
      "bbox_yolo": [
        0.8036620020866394,
        0.721345067024231,
        0.21462535858154297,
        0.3163772225379944
      ],
      "bbox_width_px": 137.3602294921875,
      "bbox_height_px": 202.48141479492188
    },
    {
      "detection_id": 2,
      "class_name": "chair",
      "yolo_class_id": 1,
      "confidence": 0.68936687707901,
      "bbox_xyxy": [
        51.706809997558594,
        361.2366943359375,
        196.67599487304688,
        586.43798828125
      ],
      "bbox_yolo": [
        0.19404907524585724,
        0.7403708696365356,
        0.22651433944702148,
        0.35187703371047974
      ],
      "bbox_width_px": 144.96917724609375,
      "bbox_height_px": 225.2012939453125
    }
  ]
}