{
  "index": 2689,
  "dataframe_iter_index": 2689,
  "image_path": "./datasets/sHOMEOBJECTS_FLUXFP8/images/2689.jpg",
  "image_width": 640,
  "image_height": 640,
  "ground_truth_class": "television",
  "grounding_prompt": "television",
  "timestamp": "2026-05-15T23:31:03.539577",
  "num_detections": 1,
  "detections": [
    {
      "detection_id": 0,
      "class_name": "television",
      "yolo_class_id": 6,
      "confidence": 0.882005512714386,
      "bbox_xyxy": [
        36.65875244140625,
        152.7961883544922,
        289.7121276855469,
        437.53448486328125
      ],
      "bbox_yolo": [
        0.2549772560596466,
        0.46119585633277893,
        0.3953959047794342,
        0.44490355253219604
      ],
      "bbox_width_px": 253.05337524414062,
      "bbox_height_px": 284.73828125
    }
  ]
}