{
  "index": 2694,
  "dataframe_iter_index": 2694,
  "image_path": "./datasets/sHOMEOBJECTS_FLUXFP8/images/2694.jpg",
  "image_width": 640,
  "image_height": 640,
  "ground_truth_class": "television",
  "grounding_prompt": "television",
  "timestamp": "2026-05-15T23:31:10.325051",
  "num_detections": 2,
  "detections": [
    {
      "detection_id": 0,
      "class_name": "television",
      "yolo_class_id": 6,
      "confidence": 0.7409632802009583,
      "bbox_xyxy": [
        63.97510528564453,
        209.714111328125,
        207.66732788085938,
        298.2771911621094
      ],
      "bbox_yolo": [
        0.21222063899040222,
        0.39686819911003113,
        0.22451910376548767,
        0.13837981224060059
      ],
      "bbox_width_px": 143.69223022460938,
      "bbox_height_px": 88.56307983398438
    },
    {
      "detection_id": 1,
      "class_name": "television",
      "yolo_class_id": 6,
      "confidence": 0.7444062232971191,
      "bbox_xyxy": [
        419.3421630859375,
        209.21514892578125,
        565.884521484375,
        296.8531188964844
      ],
      "bbox_yolo": [
        0.7697083353996277,
        0.395365834236145,
        0.2289724349975586,
        0.1369343250989914
      ],
      "bbox_width_px": 146.5423583984375,
      "bbox_height_px": 87.63796997070312
    }
  ]
}