{
  "index": 2719,
  "dataframe_iter_index": 2719,
  "image_path": "./datasets/sHOMEOBJECTS_FLUXFP8/images/2719.jpg",
  "image_width": 640,
  "image_height": 640,
  "ground_truth_class": "television",
  "grounding_prompt": "television",
  "timestamp": "2026-05-15T23:31:43.965098",
  "num_detections": 1,
  "detections": [
    {
      "detection_id": 0,
      "class_name": "television",
      "yolo_class_id": 6,
      "confidence": 0.8082262873649597,
      "bbox_xyxy": [
        230.3765106201172,
        176.47021484375,
        412.93988037109375,
        283.5711669921875
      ],
      "bbox_yolo": [
        0.5025909543037415,
        0.35940733551979065,
        0.2852552533149719,
        0.16734524071216583
      ],
      "bbox_width_px": 182.56336975097656,
      "bbox_height_px": 107.1009521484375
    }
  ]
}