{
  "index": 2728,
  "dataframe_iter_index": 2728,
  "image_path": "./datasets/sHOMEOBJECTS_FLUXFP8/images/2728.jpg",
  "image_width": 640,
  "image_height": 640,
  "ground_truth_class": "television",
  "grounding_prompt": "television",
  "timestamp": "2026-05-15T23:31:55.996048",
  "num_detections": 1,
  "detections": [
    {
      "detection_id": 0,
      "class_name": "television",
      "yolo_class_id": 6,
      "confidence": 0.9274541139602661,
      "bbox_xyxy": [
        447.5140686035156,
        235.63058471679688,
        602.3372802734375,
        383.8155822753906
      ],
      "bbox_yolo": [
        0.8201963305473328,
        0.48394232988357544,
        0.24191126227378845,
        0.2315390557050705
      ],
      "bbox_width_px": 154.82321166992188,
      "bbox_height_px": 148.18499755859375
    }
  ]
}