{
  "index": 2744,
  "dataframe_iter_index": 2744,
  "image_path": "./datasets/sHOMEOBJECTS_FLUXFP8/images/2744.jpg",
  "image_width": 640,
  "image_height": 640,
  "ground_truth_class": "television",
  "grounding_prompt": "television",
  "timestamp": "2026-05-15T23:32:17.292041",
  "num_detections": 1,
  "detections": [
    {
      "detection_id": 0,
      "class_name": "television",
      "yolo_class_id": 6,
      "confidence": 0.900754451751709,
      "bbox_xyxy": [
        201.0918426513672,
        210.21580505371094,
        439.752197265625,
        370.37005615234375
      ],
      "bbox_yolo": [
        0.5006594061851501,
        0.4535827040672302,
        0.37290680408477783,
        0.2502410113811493
      ],
      "bbox_width_px": 238.6603546142578,
      "bbox_height_px": 160.1542510986328
    }
  ]
}