{
  "index": 275,
  "dataframe_iter_index": 275,
  "image_path": "./datasets/sHOMEOBJECTS_FLUXFP8/images/275.jpg",
  "image_width": 640,
  "image_height": 640,
  "ground_truth_class": "chair",
  "grounding_prompt": "chair",
  "timestamp": "2026-05-15T22:36:38.039527",
  "num_detections": 2,
  "detections": [
    {
      "detection_id": 0,
      "class_name": "chair",
      "yolo_class_id": 1,
      "confidence": 0.6597817540168762,
      "bbox_xyxy": [
        300.6583557128906,
        387.8969421386719,
        478.6779479980469,
        601.4576416015625
      ],
      "bbox_yolo": [
        0.6088564991950989,
        0.772933304309845,
        0.2781556248664856,
        0.3336885869503021
      ],
      "bbox_width_px": 178.01959228515625,
      "bbox_height_px": 213.56069946289062
    },
    {
      "detection_id": 1,
      "class_name": "chair",
      "yolo_class_id": 1,
      "confidence": 0.6987928152084351,
      "bbox_xyxy": [
        82.14408874511719,
        378.9847106933594,
        264.074951171875,
        597.0512084960938
      ],
      "bbox_yolo": [
        0.2704836428165436,
        0.7625280618667603,
        0.28426697850227356,
        0.34072890877723694
      ],
      "bbox_width_px": 181.9308624267578,
      "bbox_height_px": 218.06649780273438
    }
  ]
}