{
  "index": 2750,
  "dataframe_iter_index": 2750,
  "image_path": "./datasets/sHOMEOBJECTS_FLUXFP8/images/2750.jpg",
  "image_width": 640,
  "image_height": 640,
  "ground_truth_class": "television",
  "grounding_prompt": "television",
  "timestamp": "2026-05-15T23:32:25.106214",
  "num_detections": 3,
  "detections": [
    {
      "detection_id": 0,
      "class_name": "television",
      "yolo_class_id": 6,
      "confidence": 0.7287822365760803,
      "bbox_xyxy": [
        17.82122039794922,
        272.2904052734375,
        272.74310302734375,
        452.71295166015625
      ],
      "bbox_yolo": [
        0.22700338065624237,
        0.5664088726043701,
        0.3983154296875,
        0.281910240650177
      ],
      "bbox_width_px": 254.921875,
      "bbox_height_px": 180.42254638671875
    },
    {
      "detection_id": 1,
      "class_name": "television",
      "yolo_class_id": 6,
      "confidence": 0.4784310460090637,
      "bbox_xyxy": [
        575.0704345703125,
        207.62716674804688,
        639.7418212890625,
        351.9585266113281
      ],
      "bbox_yolo": [
        0.9490720629692078,
        0.43717631697654724,
        0.101049043238163,
        0.22551774978637695
      ],
      "bbox_width_px": 64.67138671875,
      "bbox_height_px": 144.33135986328125
    },
    {
      "detection_id": 2,
      "class_name": "television",
      "yolo_class_id": 6,
      "confidence": 0.7267695069313049,
      "bbox_xyxy": [
        284.07220458984375,
        163.0050506591797,
        596.7987060546875,
        413.36566162109375
      ],
      "bbox_yolo": [
        0.6881803870201111,
        0.45028963685035706,
        0.4886351525783539,
        0.39118844270706177
      ],
      "bbox_width_px": 312.72650146484375,
      "bbox_height_px": 250.36061096191406
    }
  ]
}