{
  "index": 2753,
  "dataframe_iter_index": 2753,
  "image_path": "./datasets/sHOMEOBJECTS_FLUXFP8/images/2753.jpg",
  "image_width": 640,
  "image_height": 640,
  "ground_truth_class": "television",
  "grounding_prompt": "television",
  "timestamp": "2026-05-15T23:32:29.079705",
  "num_detections": 2,
  "detections": [
    {
      "detection_id": 0,
      "class_name": "television",
      "yolo_class_id": 6,
      "confidence": 0.8710464835166931,
      "bbox_xyxy": [
        183.58108520507812,
        214.32125854492188,
        327.5088195800781,
        309.2998352050781
      ],
      "bbox_yolo": [
        0.39928898215293884,
        0.409078985452652,
        0.22488708794116974,
        0.14840403199195862
      ],
      "bbox_width_px": 143.927734375,
      "bbox_height_px": 94.97857666015625
    },
    {
      "detection_id": 1,
      "class_name": "television",
      "yolo_class_id": 6,
      "confidence": 0.698481559753418,
      "bbox_xyxy": [
        388.01434326171875,
        192.92062377929688,
        506.2025146484375,
        315.8494873046875
      ],
      "bbox_yolo": [
        0.6986069083213806,
        0.3974766433238983,
        0.18466901779174805,
        0.19207635521888733
      ],
      "bbox_width_px": 118.18817138671875,
      "bbox_height_px": 122.92886352539062
    }
  ]
}