{
  "index": 2764,
  "dataframe_iter_index": 2764,
  "image_path": "./datasets/sHOMEOBJECTS_FLUXFP8/images/2764.jpg",
  "image_width": 640,
  "image_height": 640,
  "ground_truth_class": "television",
  "grounding_prompt": "television",
  "timestamp": "2026-05-15T23:32:43.544566",
  "num_detections": 1,
  "detections": [
    {
      "detection_id": 0,
      "class_name": "television",
      "yolo_class_id": 6,
      "confidence": 0.7868218421936035,
      "bbox_xyxy": [
        146.47412109375,
        154.2015838623047,
        477.97430419921875,
        386.746337890625
      ],
      "bbox_yolo": [
        0.4878503382205963,
        0.42261558771133423,
        0.517969012260437,
        0.36335116624832153
      ],
      "bbox_width_px": 331.50018310546875,
      "bbox_height_px": 232.5447540283203
    }
  ]
}