{
  "index": 2785,
  "dataframe_iter_index": 2785,
  "image_path": "./datasets/sHOMEOBJECTS_FLUXFP8/images/2785.jpg",
  "image_width": 640,
  "image_height": 640,
  "ground_truth_class": "television",
  "grounding_prompt": "television",
  "timestamp": "2026-05-15T23:33:12.023337",
  "num_detections": 2,
  "detections": [
    {
      "detection_id": 0,
      "class_name": "television",
      "yolo_class_id": 6,
      "confidence": 0.7512184977531433,
      "bbox_xyxy": [
        155.8408203125,
        247.36862182617188,
        314.767822265625,
        342.6215515136719
      ],
      "bbox_yolo": [
        0.3676629960536957,
        0.460929811000824,
        0.2483234405517578,
        0.14883270859718323
      ],
      "bbox_width_px": 158.927001953125,
      "bbox_height_px": 95.2529296875
    },
    {
      "detection_id": 1,
      "class_name": "television",
      "yolo_class_id": 6,
      "confidence": 0.6195855736732483,
      "bbox_xyxy": [
        328.3164978027344,
        247.41122436523438,
        487.3329772949219,
        342.4676818847656
      ],
      "bbox_yolo": [
        0.6372261643409729,
        0.46084290742874146,
        0.2484632432460785,
        0.14852571487426758
      ],
      "bbox_width_px": 159.0164794921875,
      "bbox_height_px": 95.05645751953125
    }
  ]
}