{
  "index": 2803,
  "dataframe_iter_index": 2803,
  "image_path": "./datasets/sHOMEOBJECTS_FLUXFP8/images/2803.jpg",
  "image_width": 640,
  "image_height": 640,
  "ground_truth_class": "television",
  "grounding_prompt": "television",
  "timestamp": "2026-05-15T23:33:36.094039",
  "num_detections": 1,
  "detections": [
    {
      "detection_id": 0,
      "class_name": "television",
      "yolo_class_id": 6,
      "confidence": 0.8207377791404724,
      "bbox_xyxy": [
        161.4361572265625,
        233.08323669433594,
        382.2403564453125,
        419.34112548828125
      ],
      "bbox_yolo": [
        0.4247472882270813,
        0.5097065567970276,
        0.3450065553188324,
        0.2910279631614685
      ],
      "bbox_width_px": 220.80419921875,
      "bbox_height_px": 186.2578887939453
    }
  ]
}