{
  "index": 2823,
  "dataframe_iter_index": 2823,
  "image_path": "./datasets/sHOMEOBJECTS_FLUXFP8/images/2823.jpg",
  "image_width": 640,
  "image_height": 640,
  "ground_truth_class": "television",
  "grounding_prompt": "television",
  "timestamp": "2026-05-15T23:34:03.252322",
  "num_detections": 1,
  "detections": [
    {
      "detection_id": 0,
      "class_name": "television",
      "yolo_class_id": 6,
      "confidence": 0.918379008769989,
      "bbox_xyxy": [
        158.12057495117188,
        156.39659118652344,
        607.9775390625,
        477.04461669921875
      ],
      "bbox_yolo": [
        0.598514199256897,
        0.494875967502594,
        0.7029014825820923,
        0.5010125041007996
      ],
      "bbox_width_px": 449.8569641113281,
      "bbox_height_px": 320.64801025390625
    }
  ]
}