{
  "index": 2836,
  "dataframe_iter_index": 2836,
  "image_path": "./datasets/sHOMEOBJECTS_FLUXFP8/images/2836.jpg",
  "image_width": 640,
  "image_height": 640,
  "ground_truth_class": "television",
  "grounding_prompt": "television",
  "timestamp": "2026-05-15T23:34:20.812015",
  "num_detections": 1,
  "detections": [
    {
      "detection_id": 0,
      "class_name": "television",
      "yolo_class_id": 6,
      "confidence": 0.8763302564620972,
      "bbox_xyxy": [
        225.86260986328125,
        215.9220733642578,
        527.7186889648438,
        407.81842041015625
      ],
      "bbox_yolo": [
        0.5887354016304016,
        0.4872972369194031,
        0.4716501235961914,
        0.29983803629875183
      ],
      "bbox_width_px": 301.8560791015625,
      "bbox_height_px": 191.89634704589844
    }
  ]
}