{
  "index": 2846,
  "dataframe_iter_index": 2846,
  "image_path": "./datasets/sHOMEOBJECTS_FLUXFP8/images/2846.jpg",
  "image_width": 640,
  "image_height": 640,
  "ground_truth_class": "television",
  "grounding_prompt": "television",
  "timestamp": "2026-05-15T23:34:34.526082",
  "num_detections": 2,
  "detections": [
    {
      "detection_id": 0,
      "class_name": "television",
      "yolo_class_id": 6,
      "confidence": 0.7510829567909241,
      "bbox_xyxy": [
        157.47824096679688,
        247.05209350585938,
        309.8304443359375,
        345.7143249511719
      ],
      "bbox_yolo": [
        0.3650849163532257,
        0.46309876441955566,
        0.23805031180381775,
        0.15415973961353302
      ],
      "bbox_width_px": 152.35220336914062,
      "bbox_height_px": 98.6622314453125
    },
    {
      "detection_id": 1,
      "class_name": "television",
      "yolo_class_id": 6,
      "confidence": 0.7008426785469055,
      "bbox_xyxy": [
        312.9565734863281,
        247.88653564453125,
        466.8823547363281,
        346.7574462890625
      ],
      "bbox_yolo": [
        0.6092491745948792,
        0.46456560492515564,
        0.240509033203125,
        0.1544857919216156
      ],
      "bbox_width_px": 153.92578125,
      "bbox_height_px": 98.87091064453125
    }
  ]
}