{
  "index": 2894,
  "dataframe_iter_index": 2894,
  "image_path": "./datasets/sHOMEOBJECTS_FLUXFP8/images/2894.jpg",
  "image_width": 640,
  "image_height": 640,
  "ground_truth_class": "television",
  "grounding_prompt": "television",
  "timestamp": "2026-05-15T23:35:37.729613",
  "num_detections": 2,
  "detections": [
    {
      "detection_id": 0,
      "class_name": "television",
      "yolo_class_id": 6,
      "confidence": 0.8093762993812561,
      "bbox_xyxy": [
        268.9583740234375,
        260.75238037109375,
        376.5595703125,
        366.40045166015625
      ],
      "bbox_yolo": [
        0.5043109059333801,
        0.4899631440639496,
        0.16812686622142792,
        0.16507510840892792
      ],
      "bbox_width_px": 107.6011962890625,
      "bbox_height_px": 105.6480712890625
    },
    {
      "detection_id": 1,
      "class_name": "television",
      "yolo_class_id": 6,
      "confidence": 0.8159602284431458,
      "bbox_xyxy": [
        70.53244018554688,
        250.70578002929688,
        205.85415649414062,
        393.0809631347656
      ],
      "bbox_yolo": [
        0.21592703461647034,
        0.5029584169387817,
        0.21144017577171326,
        0.22246122360229492
      ],
      "bbox_width_px": 135.32171630859375,
      "bbox_height_px": 142.37518310546875
    }
  ]
}