{
  "index": 2906,
  "dataframe_iter_index": 2906,
  "image_path": "./datasets/sHOMEOBJECTS_FLUXFP8/images/2906.jpg",
  "image_width": 640,
  "image_height": 640,
  "ground_truth_class": "television",
  "grounding_prompt": "television",
  "timestamp": "2026-05-15T23:35:52.747771",
  "num_detections": 3,
  "detections": [
    {
      "detection_id": 0,
      "class_name": "television",
      "yolo_class_id": 6,
      "confidence": 0.7931516766548157,
      "bbox_xyxy": [
        253.0400848388672,
        314.0515441894531,
        380.538330078125,
        418.6737365722656
      ],
      "bbox_yolo": [
        0.49498313665390015,
        0.5724416375160217,
        0.19921600818634033,
        0.16347217559814453
      ],
      "bbox_width_px": 127.49824523925781,
      "bbox_height_px": 104.6221923828125
    },
    {
      "detection_id": 1,
      "class_name": "television",
      "yolo_class_id": 6,
      "confidence": 0.827009916305542,
      "bbox_xyxy": [
        19.949501037597656,
        272.86920166015625,
        148.12033081054688,
        450.01995849609375
      ],
      "bbox_yolo": [
        0.1313045471906662,
        0.5647571682929993,
        0.20026692748069763,
        0.2767980694770813
      ],
      "bbox_width_px": 128.17083740234375,
      "bbox_height_px": 177.1507568359375
    },
    {
      "detection_id": 2,
      "class_name": "television",
      "yolo_class_id": 6,
      "confidence": 0.7971699833869934,
      "bbox_xyxy": [
        441.97821044921875,
        315.7969665527344,
        591.2776489257812,
        429.6434631347656
      ],
      "bbox_yolo": [
        0.8072311282157898,
        0.5823753476142883,
        0.23328037559986115,
        0.17788514494895935
      ],
      "bbox_width_px": 149.2994384765625,
      "bbox_height_px": 113.84649658203125
    }
  ]
}