{
  "index": 2907,
  "dataframe_iter_index": 2907,
  "image_path": "./datasets/sHOMEOBJECTS_FLUXFP8/images/2907.jpg",
  "image_width": 640,
  "image_height": 640,
  "ground_truth_class": "television",
  "grounding_prompt": "television",
  "timestamp": "2026-05-15T23:35:53.892655",
  "num_detections": 1,
  "detections": [
    {
      "detection_id": 0,
      "class_name": "television",
      "yolo_class_id": 6,
      "confidence": 0.843850314617157,
      "bbox_xyxy": [
        233.72117614746094,
        262.22015380859375,
        399.59130859375,
        377.6602783203125
      ],
      "bbox_yolo": [
        0.4947753846645355,
        0.49990659952163696,
        0.25917208194732666,
        0.18037518858909607
      ],
      "bbox_width_px": 165.87013244628906,
      "bbox_height_px": 115.44012451171875
    }
  ]
}