{
  "index": 2919,
  "dataframe_iter_index": 2919,
  "image_path": "./datasets/sHOMEOBJECTS_FLUXFP8/images/2919.jpg",
  "image_width": 640,
  "image_height": 640,
  "ground_truth_class": "television",
  "grounding_prompt": "television",
  "timestamp": "2026-05-15T23:36:08.496630",
  "num_detections": 1,
  "detections": [
    {
      "detection_id": 0,
      "class_name": "television",
      "yolo_class_id": 6,
      "confidence": 0.8819674253463745,
      "bbox_xyxy": [
        249.24899291992188,
        210.10604858398438,
        449.6850891113281,
        330.0687561035156
      ],
      "bbox_yolo": [
        0.546042263507843,
        0.4220115542411804,
        0.31318140029907227,
        0.18744173645973206
      ],
      "bbox_width_px": 200.43609619140625,
      "bbox_height_px": 119.96270751953125
    }
  ]
}