{
  "index": 2924,
  "dataframe_iter_index": 2924,
  "image_path": "./datasets/sHOMEOBJECTS_FLUXFP8/images/2924.jpg",
  "image_width": 640,
  "image_height": 640,
  "ground_truth_class": "television",
  "grounding_prompt": "television",
  "timestamp": "2026-05-15T23:36:14.547864",
  "num_detections": 1,
  "detections": [
    {
      "detection_id": 0,
      "class_name": "television",
      "yolo_class_id": 6,
      "confidence": 0.9247902631759644,
      "bbox_xyxy": [
        270.07952880859375,
        248.9888916015625,
        394.47894287109375,
        323.4437255859375
      ],
      "bbox_yolo": [
        0.5191863179206848,
        0.44721299409866333,
        0.19437408447265625,
        0.1163356751203537
      ],
      "bbox_width_px": 124.3994140625,
      "bbox_height_px": 74.454833984375
    }
  ]
}