{
  "index": 2990,
  "dataframe_iter_index": 2990,
  "image_path": "./datasets/sHOMEOBJECTS_FLUXFP8/images/2990.jpg",
  "image_width": 640,
  "image_height": 640,
  "ground_truth_class": "television",
  "grounding_prompt": "television",
  "timestamp": "2026-05-15T23:37:31.232797",
  "num_detections": 2,
  "detections": [
    {
      "detection_id": 0,
      "class_name": "television",
      "yolo_class_id": 6,
      "confidence": 0.7825831770896912,
      "bbox_xyxy": [
        418.8100280761719,
        221.76280212402344,
        577.6195068359375,
        351.747802734375
      ],
      "bbox_yolo": [
        0.7784606218338013,
        0.4480551779270172,
        0.24813981354236603,
        0.20310156047344208
      ],
      "bbox_width_px": 158.80947875976562,
      "bbox_height_px": 129.98500061035156
    },
    {
      "detection_id": 1,
      "class_name": "television",
      "yolo_class_id": 6,
      "confidence": 0.7576632499694824,
      "bbox_xyxy": [
        78.11900329589844,
        209.00863647460938,
        197.9781951904297,
        335.7916564941406
      ],
      "bbox_yolo": [
        0.2157009392976761,
        0.4256252348423004,
        0.18727998435497284,
        0.19809846580028534
      ],
      "bbox_width_px": 119.85919189453125,
      "bbox_height_px": 126.78302001953125
    }
  ]
}