{
  "index": 2991,
  "dataframe_iter_index": 2991,
  "image_path": "./datasets/sHOMEOBJECTS_FLUXFP8/images/2991.jpg",
  "image_width": 640,
  "image_height": 640,
  "ground_truth_class": "television",
  "grounding_prompt": "television",
  "timestamp": "2026-05-15T23:37:32.333129",
  "num_detections": 1,
  "detections": [
    {
      "detection_id": 0,
      "class_name": "television",
      "yolo_class_id": 6,
      "confidence": 0.8504430055618286,
      "bbox_xyxy": [
        228.43556213378906,
        62.64506530761719,
        437.39459228515625,
        194.5247344970703
      ],
      "bbox_yolo": [
        0.520179808139801,
        0.2009139060974121,
        0.32649847865104675,
        0.20606198906898499
      ],
      "bbox_width_px": 208.9590301513672,
      "bbox_height_px": 131.87966918945312
    }
  ]
}