{
  "index": 2996,
  "dataframe_iter_index": 2996,
  "image_path": "./datasets/sHOMEOBJECTS_FLUXFP8/images/2996.jpg",
  "image_width": 640,
  "image_height": 640,
  "ground_truth_class": "television",
  "grounding_prompt": "television",
  "timestamp": "2026-05-15T23:37:37.962470",
  "num_detections": 1,
  "detections": [
    {
      "detection_id": 0,
      "class_name": "television",
      "yolo_class_id": 6,
      "confidence": 0.8838605284690857,
      "bbox_xyxy": [
        68.99537658691406,
        96.57750701904297,
        268.60992431640625,
        295.2052001953125
      ],
      "bbox_yolo": [
        0.26375412940979004,
        0.30608025193214417,
        0.31189772486686707,
        0.3103557527065277
      ],
      "bbox_width_px": 199.6145477294922,
      "bbox_height_px": 198.627685546875
    }
  ]
}