{
  "index": 3000,
  "dataframe_iter_index": 3000,
  "image_path": "./datasets/sHOMEOBJECTS_FLUXFP8/images/3000.jpg",
  "image_width": 640,
  "image_height": 640,
  "ground_truth_class": "television",
  "grounding_prompt": "television",
  "timestamp": "2026-05-15T23:37:42.462436",
  "num_detections": 1,
  "detections": [
    {
      "detection_id": 0,
      "class_name": "television",
      "yolo_class_id": 6,
      "confidence": 0.9247854948043823,
      "bbox_xyxy": [
        216.81570434570312,
        178.75897216796875,
        481.2968444824219,
        425.81890869140625
      ],
      "bbox_yolo": [
        0.5454004406929016,
        0.47232645750045776,
        0.4132517874240875,
        0.3860311508178711
      ],
      "bbox_width_px": 264.48114013671875,
      "bbox_height_px": 247.0599365234375
    }
  ]
}