{
  "index": 3041,
  "dataframe_iter_index": 3041,
  "image_path": "./datasets/sHOMEOBJECTS_FLUXFP8/images/3041.jpg",
  "image_width": 640,
  "image_height": 640,
  "ground_truth_class": "television",
  "grounding_prompt": "television",
  "timestamp": "2026-05-15T23:38:28.414032",
  "num_detections": 2,
  "detections": [
    {
      "detection_id": 0,
      "class_name": "television",
      "yolo_class_id": 6,
      "confidence": 0.7549167275428772,
      "bbox_xyxy": [
        370.5953369140625,
        257.2629699707031,
        529.3966064453125,
        377.5036926269531
      ],
      "bbox_yolo": [
        0.7031186819076538,
        0.49591144919395447,
        0.24812698364257812,
        0.1878761351108551
      ],
      "bbox_width_px": 158.80126953125,
      "bbox_height_px": 120.24072265625
    },
    {
      "detection_id": 1,
      "class_name": "television",
      "yolo_class_id": 6,
      "confidence": 0.8457722663879395,
      "bbox_xyxy": [
        91.55390930175781,
        246.72201538085938,
        274.40960693359375,
        371.8755798339844
      ],
      "bbox_yolo": [
        0.2859089970588684,
        0.48327937722206116,
        0.28571203351020813,
        0.19555243849754333
      ],
      "bbox_width_px": 182.85569763183594,
      "bbox_height_px": 125.153564453125
    }
  ]
}