{
  "index": 3045,
  "dataframe_iter_index": 3045,
  "image_path": "./datasets/sHOMEOBJECTS_FLUXFP8/images/3045.jpg",
  "image_width": 640,
  "image_height": 640,
  "ground_truth_class": "television",
  "grounding_prompt": "television",
  "timestamp": "2026-05-15T23:38:32.874653",
  "num_detections": 2,
  "detections": [
    {
      "detection_id": 0,
      "class_name": "television",
      "yolo_class_id": 6,
      "confidence": 0.8187640905380249,
      "bbox_xyxy": [
        62.07763671875,
        280.0621643066406,
        283.7542419433594,
        439.1205749511719
      ],
      "bbox_yolo": [
        0.27018114924430847,
        0.561861515045166,
        0.3463696837425232,
        0.24852876365184784
      ],
      "bbox_width_px": 221.67660522460938,
      "bbox_height_px": 159.05841064453125
    },
    {
      "detection_id": 1,
      "class_name": "television",
      "yolo_class_id": 6,
      "confidence": 0.8095735907554626,
      "bbox_xyxy": [
        331.3687438964844,
        280.1318664550781,
        591.6065673828125,
        484.9989929199219
      ],
      "bbox_yolo": [
        0.7210744619369507,
        0.5977584719657898,
        0.4066216051578522,
        0.3201048970222473
      ],
      "bbox_width_px": 260.2378234863281,
      "bbox_height_px": 204.86712646484375
    }
  ]
}