{
  "index": 3058,
  "dataframe_iter_index": 3058,
  "image_path": "./datasets/sHOMEOBJECTS_FLUXFP8/images/3058.jpg",
  "image_width": 640,
  "image_height": 640,
  "ground_truth_class": "television",
  "grounding_prompt": "television",
  "timestamp": "2026-05-15T23:38:47.404890",
  "num_detections": 3,
  "detections": [
    {
      "detection_id": 0,
      "class_name": "television",
      "yolo_class_id": 6,
      "confidence": 0.7794559001922607,
      "bbox_xyxy": [
        282.4776611328125,
        277.036865234375,
        385.39642333984375,
        345.5482177734375
      ],
      "bbox_yolo": [
        0.5217766165733337,
        0.48639458417892456,
        0.16081055998802185,
        0.10704898834228516
      ],
      "bbox_width_px": 102.91876220703125,
      "bbox_height_px": 68.5113525390625
    },
    {
      "detection_id": 1,
      "class_name": "television",
      "yolo_class_id": 6,
      "confidence": 0.8241962194442749,
      "bbox_xyxy": [
        55.04343795776367,
        268.84124755859375,
        178.98062133789062,
        346.01763916015625
      ],
      "bbox_yolo": [
        0.1828313022851944,
        0.4803585112094879,
        0.19365184009075165,
        0.12058810889720917
      ],
      "bbox_width_px": 123.93717956542969,
      "bbox_height_px": 77.1763916015625
    },
    {
      "detection_id": 2,
      "class_name": "television",
      "yolo_class_id": 6,
      "confidence": 0.7399208545684814,
      "bbox_xyxy": [
        483.58819580078125,
        270.3943786621094,
        607.9420776367188,
        346.8589782714844
      ],
      "bbox_yolo": [
        0.8527580499649048,
        0.48222917318344116,
        0.19430294632911682,
        0.11947593837976456
      ],
      "bbox_width_px": 124.3538818359375,
      "bbox_height_px": 76.464599609375
    }
  ]
}