{
  "index": 3158,
  "dataframe_iter_index": 3158,
  "image_path": "./datasets/sHOMEOBJECTS_FLUXFP8/images/3158.jpg",
  "image_width": 640,
  "image_height": 640,
  "ground_truth_class": "refrigerator",
  "grounding_prompt": "refrigerator",
  "timestamp": "2026-05-15T23:40:37.983922",
  "num_detections": 2,
  "detections": [
    {
      "detection_id": 0,
      "class_name": "refrigerator",
      "yolo_class_id": 3,
      "confidence": 0.6311532855033875,
      "bbox_xyxy": [
        342.64837646484375,
        153.41433715820312,
        564.4672241210938,
        525.730224609375
      ],
      "bbox_yolo": [
        0.7086840867996216,
        0.5305816531181335,
        0.3465919494628906,
        0.581743597984314
      ],
      "bbox_width_px": 221.81884765625,
      "bbox_height_px": 372.3158874511719
    },
    {
      "detection_id": 1,
      "class_name": "refrigerator",
      "yolo_class_id": 3,
      "confidence": 0.593252956867218,
      "bbox_xyxy": [
        243.35714721679688,
        155.63455200195312,
        354.2799377441406,
        477.3867492675781
      ],
      "bbox_yolo": [
        0.4669039845466614,
        0.49454790353775024,
        0.1733168661594391,
        0.502737820148468
      ],
      "bbox_width_px": 110.92279052734375,
      "bbox_height_px": 321.752197265625
    }
  ]
}