{
  "index": 317,
  "dataframe_iter_index": 317,
  "image_path": "./datasets/sHOMEOBJECTS_FLUXFP8/images/317.jpg",
  "image_width": 640,
  "image_height": 640,
  "ground_truth_class": "chair",
  "grounding_prompt": "chair",
  "timestamp": "2026-05-15T22:37:35.304166",
  "num_detections": 2,
  "detections": [
    {
      "detection_id": 0,
      "class_name": "chair",
      "yolo_class_id": 1,
      "confidence": 0.6777011752128601,
      "bbox_xyxy": [
        80.2057113647461,
        318.7210388183594,
        299.3369445800781,
        598.4464111328125
      ],
      "bbox_yolo": [
        0.2965176999568939,
        0.7165371179580688,
        0.34239253401756287,
        0.43707090616226196
      ],
      "bbox_width_px": 219.1312255859375,
      "bbox_height_px": 279.7253723144531
    },
    {
      "detection_id": 1,
      "class_name": "chair",
      "yolo_class_id": 1,
      "confidence": 0.7013460397720337,
      "bbox_xyxy": [
        344.9684753417969,
        316.32098388671875,
        589.7996826171875,
        619.13525390625
      ],
      "bbox_yolo": [
        0.7302876710891724,
        0.7308251857757568,
        0.3825487494468689,
        0.47314730286598206
      ],
      "bbox_width_px": 244.83120727539062,
      "bbox_height_px": 302.81427001953125
    }
  ]
}