{
  "index": 3189,
  "dataframe_iter_index": 3189,
  "image_path": "./datasets/sHOMEOBJECTS_FLUXFP8/images/3189.jpg",
  "image_width": 640,
  "image_height": 640,
  "ground_truth_class": "refrigerator",
  "grounding_prompt": "refrigerator",
  "timestamp": "2026-05-15T23:41:11.869786",
  "num_detections": 2,
  "detections": [
    {
      "detection_id": 0,
      "class_name": "refrigerator",
      "yolo_class_id": 3,
      "confidence": 0.8309705853462219,
      "bbox_xyxy": [
        79.13980102539062,
        189.33084106445312,
        316.3431701660156,
        586.9857177734375
      ],
      "bbox_yolo": [
        0.3089710772037506,
        0.6064972877502441,
        0.37063026428222656,
        0.6213357448577881
      ],
      "bbox_width_px": 237.203369140625,
      "bbox_height_px": 397.6548767089844
    },
    {
      "detection_id": 1,
      "class_name": "refrigerator",
      "yolo_class_id": 3,
      "confidence": 0.8295354843139648,
      "bbox_xyxy": [
        313.48443603515625,
        214.10739135742188,
        451.9703369140625,
        526.6341552734375
      ],
      "bbox_yolo": [
        0.5980115532875061,
        0.5787043571472168,
        0.21638421714305878,
        0.48832306265830994
      ],
      "bbox_width_px": 138.48590087890625,
      "bbox_height_px": 312.5267639160156
    }
  ]
}