{
  "index": 3191,
  "dataframe_iter_index": 3191,
  "image_path": "./datasets/sHOMEOBJECTS_FLUXFP8/images/3191.jpg",
  "image_width": 640,
  "image_height": 640,
  "ground_truth_class": "refrigerator",
  "grounding_prompt": "refrigerator",
  "timestamp": "2026-05-15T23:41:14.088258",
  "num_detections": 1,
  "detections": [
    {
      "detection_id": 0,
      "class_name": "refrigerator",
      "yolo_class_id": 3,
      "confidence": 0.9382424354553223,
      "bbox_xyxy": [
        292.76190185546875,
        172.91111755371094,
        484.21929931640625,
        463.5828857421875
      ],
      "bbox_yolo": [
        0.6070165634155273,
        0.4972609579563141,
        0.2991521954536438,
        0.45417460799217224
      ],
      "bbox_width_px": 191.4573974609375,
      "bbox_height_px": 290.6717529296875
    }
  ]
}