{
  "index": 3193,
  "dataframe_iter_index": 3193,
  "image_path": "./datasets/sHOMEOBJECTS_FLUXFP8/images/3193.jpg",
  "image_width": 640,
  "image_height": 640,
  "ground_truth_class": "refrigerator",
  "grounding_prompt": "refrigerator",
  "timestamp": "2026-05-15T23:41:16.282644",
  "num_detections": 1,
  "detections": [
    {
      "detection_id": 0,
      "class_name": "refrigerator",
      "yolo_class_id": 3,
      "confidence": 0.9122594594955444,
      "bbox_xyxy": [
        313.32373046875,
        276.54608154296875,
        457.0643310546875,
        607.9789428710938
      ],
      "bbox_yolo": [
        0.6018656492233276,
        0.6910351514816284,
        0.22459468245506287,
        0.5178638696670532
      ],
      "bbox_width_px": 143.7406005859375,
      "bbox_height_px": 331.432861328125
    }
  ]
}