{
  "index": 3197,
  "dataframe_iter_index": 3197,
  "image_path": "./datasets/sHOMEOBJECTS_FLUXFP8/images/3197.jpg",
  "image_width": 640,
  "image_height": 640,
  "ground_truth_class": "refrigerator",
  "grounding_prompt": "refrigerator",
  "timestamp": "2026-05-15T23:41:20.575250",
  "num_detections": 1,
  "detections": [
    {
      "detection_id": 0,
      "class_name": "refrigerator",
      "yolo_class_id": 3,
      "confidence": 0.9568023681640625,
      "bbox_xyxy": [
        215.56744384765625,
        159.16575622558594,
        423.0289306640625,
        531.7183837890625
      ],
      "bbox_yolo": [
        0.49890342354774475,
        0.539753258228302,
        0.32415857911109924,
        0.5821134448051453
      ],
      "bbox_width_px": 207.46148681640625,
      "bbox_height_px": 372.5526123046875
    }
  ]
}