{
  "index": 3220,
  "dataframe_iter_index": 3220,
  "image_path": "./datasets/sHOMEOBJECTS_FLUXFP8/images/3220.jpg",
  "image_width": 640,
  "image_height": 640,
  "ground_truth_class": "refrigerator",
  "grounding_prompt": "refrigerator",
  "timestamp": "2026-05-15T23:41:45.677621",
  "num_detections": 1,
  "detections": [
    {
      "detection_id": 0,
      "class_name": "refrigerator",
      "yolo_class_id": 3,
      "confidence": 0.9479173421859741,
      "bbox_xyxy": [
        209.77694702148438,
        65.05084228515625,
        452.2357482910156,
        608.2284545898438
      ],
      "bbox_yolo": [
        0.5171974301338196,
        0.5259994268417358,
        0.3788418769836426,
        0.8487150073051453
      ],
      "bbox_width_px": 242.45880126953125,
      "bbox_height_px": 543.1776123046875
    }
  ]
}