{
  "index": 3247,
  "dataframe_iter_index": 3247,
  "image_path": "./datasets/sHOMEOBJECTS_FLUXFP8/images/3247.jpg",
  "image_width": 640,
  "image_height": 640,
  "ground_truth_class": "refrigerator",
  "grounding_prompt": "refrigerator",
  "timestamp": "2026-05-15T23:42:15.388764",
  "num_detections": 1,
  "detections": [
    {
      "detection_id": 0,
      "class_name": "refrigerator",
      "yolo_class_id": 3,
      "confidence": 0.9312997460365295,
      "bbox_xyxy": [
        410.80157470703125,
        131.74566650390625,
        580.8826293945312,
        557.0711669921875
      ],
      "bbox_yolo": [
        0.7747532725334167,
        0.5381381511688232,
        0.2657516598701477,
        0.6645711064338684
      ],
      "bbox_width_px": 170.0810546875,
      "bbox_height_px": 425.32550048828125
    }
  ]
}