{
  "index": 3288,
  "dataframe_iter_index": 3288,
  "image_path": "./datasets/sHOMEOBJECTS_FLUXFP8/images/3288.jpg",
  "image_width": 640,
  "image_height": 640,
  "ground_truth_class": "refrigerator",
  "grounding_prompt": "refrigerator",
  "timestamp": "2026-05-15T23:43:00.242942",
  "num_detections": 1,
  "detections": [
    {
      "detection_id": 0,
      "class_name": "refrigerator",
      "yolo_class_id": 3,
      "confidence": 0.9515196681022644,
      "bbox_xyxy": [
        299.625,
        225.80189514160156,
        476.52239990234375,
        565.714599609375
      ],
      "bbox_yolo": [
        0.6063651442527771,
        0.6183722615242004,
        0.27640217542648315,
        0.5311136245727539
      ],
      "bbox_width_px": 176.89739990234375,
      "bbox_height_px": 339.9127197265625
    }
  ]
}