{
  "index": 3292,
  "dataframe_iter_index": 3292,
  "image_path": "./datasets/sHOMEOBJECTS_FLUXFP8/images/3292.jpg",
  "image_width": 640,
  "image_height": 640,
  "ground_truth_class": "refrigerator",
  "grounding_prompt": "refrigerator",
  "timestamp": "2026-05-15T23:43:04.626610",
  "num_detections": 1,
  "detections": [
    {
      "detection_id": 0,
      "class_name": "refrigerator",
      "yolo_class_id": 3,
      "confidence": 0.9521464109420776,
      "bbox_xyxy": [
        276.21307373046875,
        163.48081970214844,
        416.84344482421875,
        500.35614013671875
      ],
      "bbox_yolo": [
        0.5414503812789917,
        0.518622636795044,
        0.21973495185375214,
        0.5263676643371582
      ],
      "bbox_width_px": 140.63037109375,
      "bbox_height_px": 336.87530517578125
    }
  ]
}