{
  "index": 3308,
  "dataframe_iter_index": 3308,
  "image_path": "./datasets/sHOMEOBJECTS_FLUXFP8/images/3308.jpg",
  "image_width": 640,
  "image_height": 640,
  "ground_truth_class": "refrigerator",
  "grounding_prompt": "refrigerator",
  "timestamp": "2026-05-15T23:43:22.110022",
  "num_detections": 1,
  "detections": [
    {
      "detection_id": 0,
      "class_name": "refrigerator",
      "yolo_class_id": 3,
      "confidence": 0.9043798446655273,
      "bbox_xyxy": [
        512.821533203125,
        146.01734924316406,
        639.6551513671875,
        618.0899658203125
      ],
      "bbox_yolo": [
        0.9003723859786987,
        0.5969588160514832,
        0.1981775313615799,
        0.7376134991645813
      ],
      "bbox_width_px": 126.8336181640625,
      "bbox_height_px": 472.0726318359375
    }
  ]
}