{
  "index": 3311,
  "dataframe_iter_index": 3311,
  "image_path": "./datasets/sHOMEOBJECTS_FLUXFP8/images/3311.jpg",
  "image_width": 640,
  "image_height": 640,
  "ground_truth_class": "refrigerator",
  "grounding_prompt": "refrigerator",
  "timestamp": "2026-05-15T23:43:25.403835",
  "num_detections": 1,
  "detections": [
    {
      "detection_id": 0,
      "class_name": "refrigerator",
      "yolo_class_id": 3,
      "confidence": 0.9369337558746338,
      "bbox_xyxy": [
        456.8056945800781,
        237.6339874267578,
        571.4806518554688,
        498.82025146484375
      ],
      "bbox_yolo": [
        0.8033487200737,
        0.5753548741340637,
        0.1791796237230301,
        0.4081035554409027
      ],
      "bbox_width_px": 114.67495727539062,
      "bbox_height_px": 261.186279296875
    }
  ]
}