{
  "index": 3322,
  "dataframe_iter_index": 3322,
  "image_path": "./datasets/sHOMEOBJECTS_FLUXFP8/images/3322.jpg",
  "image_width": 640,
  "image_height": 640,
  "ground_truth_class": "refrigerator",
  "grounding_prompt": "refrigerator",
  "timestamp": "2026-05-15T23:43:37.467231",
  "num_detections": 3,
  "detections": [
    {
      "detection_id": 0,
      "class_name": "refrigerator",
      "yolo_class_id": 3,
      "confidence": 0.8100643754005432,
      "bbox_xyxy": [
        398.5487060546875,
        124.65730285644531,
        567.1683959960938,
        558.9094848632812
      ],
      "bbox_yolo": [
        0.7544664740562439,
        0.5340365171432495,
        0.26346826553344727,
        0.678519070148468
      ],
      "bbox_width_px": 168.61968994140625,
      "bbox_height_px": 434.252197265625
    },
    {
      "detection_id": 1,
      "class_name": "refrigerator",
      "yolo_class_id": 3,
      "confidence": 0.7713748812675476,
      "bbox_xyxy": [
        61.410255432128906,
        123.75547790527344,
        227.74710083007812,
        560.3173828125
      ],
      "bbox_yolo": [
        0.225904181599617,
        0.5344319343566895,
        0.25990134477615356,
        0.6821279525756836
      ],
      "bbox_width_px": 166.33685302734375,
      "bbox_height_px": 436.5618896484375
    },
    {
      "detection_id": 2,
      "class_name": "refrigerator",
      "yolo_class_id": 3,
      "confidence": 0.7521974444389343,
      "bbox_xyxy": [
        235.17965698242188,
        123.79827880859375,
        390.9559631347656,
        558.3090209960938
      ],
      "bbox_yolo": [
        0.4891684651374817,
        0.5328963398933411,
        0.2434004843235016,
        0.6789230108261108
      ],
      "bbox_width_px": 155.77630615234375,
      "bbox_height_px": 434.5107421875
    }
  ]
}