{
  "index": 3323,
  "dataframe_iter_index": 3323,
  "image_path": "./datasets/sHOMEOBJECTS_FLUXFP8/images/3323.jpg",
  "image_width": 640,
  "image_height": 640,
  "ground_truth_class": "refrigerator",
  "grounding_prompt": "refrigerator",
  "timestamp": "2026-05-15T23:43:38.538515",
  "num_detections": 1,
  "detections": [
    {
      "detection_id": 0,
      "class_name": "refrigerator",
      "yolo_class_id": 3,
      "confidence": 0.8289574980735779,
      "bbox_xyxy": [
        394.879638671875,
        360.17095947265625,
        460.10906982421875,
        491.7015380859375
      ],
      "bbox_yolo": [
        0.6679599285125732,
        0.6655253767967224,
        0.10192098468542099,
        0.2055165320634842
      ],
      "bbox_width_px": 65.22943115234375,
      "bbox_height_px": 131.53057861328125
    }
  ]
}