{
  "index": 3332,
  "dataframe_iter_index": 3332,
  "image_path": "./datasets/sHOMEOBJECTS_FLUXFP8/images/3332.jpg",
  "image_width": 640,
  "image_height": 640,
  "ground_truth_class": "refrigerator",
  "grounding_prompt": "refrigerator",
  "timestamp": "2026-05-15T23:43:48.427661",
  "num_detections": 1,
  "detections": [
    {
      "detection_id": 0,
      "class_name": "refrigerator",
      "yolo_class_id": 3,
      "confidence": 0.9571999311447144,
      "bbox_xyxy": [
        239.28054809570312,
        234.64984130859375,
        374.2174987792969,
        524.9349975585938
      ],
      "bbox_yolo": [
        0.4792953431606293,
        0.5934256315231323,
        0.21083898842334747,
        0.45357054471969604
      ],
      "bbox_width_px": 134.93695068359375,
      "bbox_height_px": 290.28515625
    }
  ]
}