{
  "index": 3342,
  "dataframe_iter_index": 3342,
  "image_path": "./datasets/sHOMEOBJECTS_FLUXFP8/images/3342.jpg",
  "image_width": 640,
  "image_height": 640,
  "ground_truth_class": "refrigerator",
  "grounding_prompt": "refrigerator",
  "timestamp": "2026-05-15T23:43:59.452294",
  "num_detections": 3,
  "detections": [
    {
      "detection_id": 0,
      "class_name": "refrigerator",
      "yolo_class_id": 3,
      "confidence": 0.8136873245239258,
      "bbox_xyxy": [
        237.95706176757812,
        150.88819885253906,
        404.6579284667969,
        549.82861328125
      ],
      "bbox_yolo": [
        0.5020429491996765,
        0.5474349856376648,
        0.26047009229660034,
        0.6233444213867188
      ],
      "bbox_width_px": 166.70086669921875,
      "bbox_height_px": 398.9404296875
    },
    {
      "detection_id": 1,
      "class_name": "refrigerator",
      "yolo_class_id": 3,
      "confidence": 0.802149772644043,
      "bbox_xyxy": [
        31.681533813476562,
        151.40585327148438,
        225.81163024902344,
        550.8485107421875
      ],
      "bbox_yolo": [
        0.2011665403842926,
        0.548636257648468,
        0.303328275680542,
        0.6241291761398315
      ],
      "bbox_width_px": 194.13009643554688,
      "bbox_height_px": 399.4426574707031
    },
    {
      "detection_id": 2,
      "class_name": "refrigerator",
      "yolo_class_id": 3,
      "confidence": 0.779765784740448,
      "bbox_xyxy": [
        403.86102294921875,
        140.40338134765625,
        603.6698608398438,
        545.0989379882812
      ],
      "bbox_yolo": [
        0.787133514881134,
        0.5355486869812012,
        0.3122013211250305,
        0.6323367953300476
      ],
      "bbox_width_px": 199.808837890625,
      "bbox_height_px": 404.695556640625
    }
  ]
}