{
  "index": 3347,
  "dataframe_iter_index": 3347,
  "image_path": "./datasets/sHOMEOBJECTS_FLUXFP8/images/3347.jpg",
  "image_width": 640,
  "image_height": 640,
  "ground_truth_class": "refrigerator",
  "grounding_prompt": "refrigerator",
  "timestamp": "2026-05-15T23:44:04.936034",
  "num_detections": 1,
  "detections": [
    {
      "detection_id": 0,
      "class_name": "refrigerator",
      "yolo_class_id": 3,
      "confidence": 0.9294013977050781,
      "bbox_xyxy": [
        170.90530395507812,
        184.62380981445312,
        283.20513916015625,
        454.7554626464844
      ],
      "bbox_yolo": [
        0.35477378964424133,
        0.4995150566101074,
        0.17546848952770233,
        0.4220806956291199
      ],
      "bbox_width_px": 112.29983520507812,
      "bbox_height_px": 270.13165283203125
    }
  ]
}