{
  "index": 3349,
  "dataframe_iter_index": 3349,
  "image_path": "./datasets/sHOMEOBJECTS_FLUXFP8/images/3349.jpg",
  "image_width": 640,
  "image_height": 640,
  "ground_truth_class": "refrigerator",
  "grounding_prompt": "refrigerator",
  "timestamp": "2026-05-15T23:44:07.131166",
  "num_detections": 2,
  "detections": [
    {
      "detection_id": 0,
      "class_name": "refrigerator",
      "yolo_class_id": 3,
      "confidence": 0.8587421178817749,
      "bbox_xyxy": [
        79.23524475097656,
        159.46176147460938,
        297.47393798828125,
        622.39501953125
      ],
      "bbox_yolo": [
        0.2943040430545807,
        0.6108256578445435,
        0.34099796414375305,
        0.7233332395553589
      ],
      "bbox_width_px": 218.2386932373047,
      "bbox_height_px": 462.9332580566406
    },
    {
      "detection_id": 1,
      "class_name": "refrigerator",
      "yolo_class_id": 3,
      "confidence": 0.8445000052452087,
      "bbox_xyxy": [
        295.7302551269531,
        179.2080078125,
        520.02783203125,
        601.6536865234375
      ],
      "bbox_yolo": [
        0.6373109817504883,
        0.6100481748580933,
        0.35046496987342834,
        0.6600713729858398
      ],
      "bbox_width_px": 224.29757690429688,
      "bbox_height_px": 422.4456787109375
    }
  ]
}