{
  "index": 3355,
  "dataframe_iter_index": 3355,
  "image_path": "./datasets/sHOMEOBJECTS_FLUXFP8/images/3355.jpg",
  "image_width": 640,
  "image_height": 640,
  "ground_truth_class": "refrigerator",
  "grounding_prompt": "refrigerator",
  "timestamp": "2026-05-15T23:44:13.727093",
  "num_detections": 1,
  "detections": [
    {
      "detection_id": 0,
      "class_name": "refrigerator",
      "yolo_class_id": 3,
      "confidence": 0.941562294960022,
      "bbox_xyxy": [
        23.09534454345703,
        198.0537109375,
        231.74267578125,
        617.38427734375
      ],
      "bbox_yolo": [
        0.19909219443798065,
        0.6370609402656555,
        0.3260114789009094,
        0.6552039980888367
      ],
      "bbox_width_px": 208.6473388671875,
      "bbox_height_px": 419.33056640625
    }
  ]
}