{
  "index": 3356,
  "dataframe_iter_index": 3356,
  "image_path": "./datasets/sHOMEOBJECTS_FLUXFP8/images/3356.jpg",
  "image_width": 640,
  "image_height": 640,
  "ground_truth_class": "refrigerator",
  "grounding_prompt": "refrigerator",
  "timestamp": "2026-05-15T23:44:14.798871",
  "num_detections": 1,
  "detections": [
    {
      "detection_id": 0,
      "class_name": "refrigerator",
      "yolo_class_id": 3,
      "confidence": 0.9565278887748718,
      "bbox_xyxy": [
        257.4635009765625,
        194.23561096191406,
        376.9888916015625,
        477.00592041015625
      ],
      "bbox_yolo": [
        0.49566593766212463,
        0.5244074463844299,
        0.18675842881202698,
        0.4418286383152008
      ],
      "bbox_width_px": 119.525390625,
      "bbox_height_px": 282.77032470703125
    }
  ]
}