{
  "index": 348,
  "dataframe_iter_index": 348,
  "image_path": "./datasets/sHOMEOBJECTS_FLUXFP8/images/348.jpg",
  "image_width": 640,
  "image_height": 640,
  "ground_truth_class": "chair",
  "grounding_prompt": "chair",
  "timestamp": "2026-05-15T22:38:17.590735",
  "num_detections": 1,
  "detections": [
    {
      "detection_id": 0,
      "class_name": "chair",
      "yolo_class_id": 1,
      "confidence": 0.8991467952728271,
      "bbox_xyxy": [
        72.04444885253906,
        246.41836547851562,
        361.734130859375,
        629.265380859375
      ],
      "bbox_yolo": [
        0.3388895094394684,
        0.684127926826477,
        0.4526401460170746,
        0.5981984734535217
      ],
      "bbox_width_px": 289.689697265625,
      "bbox_height_px": 382.8470153808594
    }
  ]
}