{
  "index": 358,
  "dataframe_iter_index": 358,
  "image_path": "./datasets/sHOMEOBJECTS_FLUXFP8/images/358.jpg",
  "image_width": 640,
  "image_height": 640,
  "ground_truth_class": "chair",
  "grounding_prompt": "chair",
  "timestamp": "2026-05-15T22:38:31.459924",
  "num_detections": 3,
  "detections": [
    {
      "detection_id": 0,
      "class_name": "chair",
      "yolo_class_id": 1,
      "confidence": 0.6341073513031006,
      "bbox_xyxy": [
        127.26846313476562,
        371.7453308105469,
        253.6910400390625,
        582.5865478515625
      ],
      "bbox_yolo": [
        0.2976246178150177,
        0.7455717921257019,
        0.19753527641296387,
        0.3294394016265869
      ],
      "bbox_width_px": 126.42257690429688,
      "bbox_height_px": 210.84121704101562
    },
    {
      "detection_id": 1,
      "class_name": "chair",
      "yolo_class_id": 1,
      "confidence": 0.6457378268241882,
      "bbox_xyxy": [
        393.577392578125,
        372.3496398925781,
        519.1805419921875,
        581.228271484375
      ],
      "bbox_yolo": [
        0.7130921483039856,
        0.7449827194213867,
        0.1962549239397049,
        0.3263728618621826
      ],
      "bbox_width_px": 125.6031494140625,
      "bbox_height_px": 208.87863159179688
    },
    {
      "detection_id": 2,
      "class_name": "chair",
      "yolo_class_id": 1,
      "confidence": 0.6239572763442993,
      "bbox_xyxy": [
        267.3450927734375,
        371.4759216308594,
        387.32275390625,
        580.77978515625
      ],
      "bbox_yolo": [
        0.511459231376648,
        0.7439497709274292,
        0.187465101480484,
        0.3270372748374939
      ],
      "bbox_width_px": 119.9776611328125,
      "bbox_height_px": 209.30386352539062
    }
  ]
}