{
  "index": 4,
  "dataframe_iter_index": 4,
  "image_path": "./datasets/sHOMEOBJECTS_FLUXFP8/images/4.jpg",
  "image_width": 640,
  "image_height": 640,
  "ground_truth_class": "chair",
  "grounding_prompt": "chair",
  "timestamp": "2026-05-15T22:30:42.294961",
  "num_detections": 1,
  "detections": [
    {
      "detection_id": 0,
      "class_name": "chair",
      "yolo_class_id": 1,
      "confidence": 0.8600360155105591,
      "bbox_xyxy": [
        305.059814453125,
        343.4490051269531,
        517.2864379882812,
        584.2266845703125
      ],
      "bbox_yolo": [
        0.6424580216407776,
        0.724746584892273,
        0.33160409331321716,
        0.3762151300907135
      ],
      "bbox_width_px": 212.22662353515625,
      "bbox_height_px": 240.77767944335938
    }
  ]
}