{
  "index": 427,
  "dataframe_iter_index": 427,
  "image_path": "./datasets/sHOMEOBJECTS_FLUXFP8/images/427.jpg",
  "image_width": 640,
  "image_height": 640,
  "ground_truth_class": "chair",
  "grounding_prompt": "chair",
  "timestamp": "2026-05-15T22:40:05.731757",
  "num_detections": 3,
  "detections": [
    {
      "detection_id": 0,
      "class_name": "chair",
      "yolo_class_id": 1,
      "confidence": 0.6929135322570801,
      "bbox_xyxy": [
        417.8207092285156,
        337.0281982421875,
        619.7425537109375,
        560.0909423828125
      ],
      "bbox_yolo": [
        0.8105962872505188,
        0.7008743286132812,
        0.3155028820037842,
        0.34853553771972656
      ],
      "bbox_width_px": 201.92184448242188,
      "bbox_height_px": 223.062744140625
    },
    {
      "detection_id": 1,
      "class_name": "chair",
      "yolo_class_id": 1,
      "confidence": 0.629712700843811,
      "bbox_xyxy": [
        23.587921142578125,
        345.71575927734375,
        249.3236083984375,
        617.540771484375
      ],
      "bbox_yolo": [
        0.21321213245391846,
        0.7525441646575928,
        0.3527120053768158,
        0.42472657561302185
      ],
      "bbox_width_px": 225.73568725585938,
      "bbox_height_px": 271.82501220703125
    },
    {
      "detection_id": 2,
      "class_name": "chair",
      "yolo_class_id": 1,
      "confidence": 0.6259546279907227,
      "bbox_xyxy": [
        188.36334228515625,
        328.6554870605469,
        356.96966552734375,
        533.8695068359375
      ],
      "bbox_yolo": [
        0.4260414242744446,
        0.6738476753234863,
        0.2634473741054535,
        0.32064691185951233
      ],
      "bbox_width_px": 168.6063232421875,
      "bbox_height_px": 205.21401977539062
    }
  ]
}