{
  "index": 510,
  "dataframe_iter_index": 510,
  "image_path": "./datasets/sHOMEOBJECTS_FLUXFP8/images/510.jpg",
  "image_width": 640,
  "image_height": 640,
  "ground_truth_class": "chair",
  "grounding_prompt": "chair",
  "timestamp": "2026-05-15T22:41:59.424174",
  "num_detections": 3,
  "detections": [
    {
      "detection_id": 0,
      "class_name": "chair",
      "yolo_class_id": 1,
      "confidence": 0.6771515011787415,
      "bbox_xyxy": [
        402.3706970214844,
        310.68072509765625,
        583.76806640625,
        574.964111328125
      ],
      "bbox_yolo": [
        0.7704209089279175,
        0.6919100284576416,
        0.28343337774276733,
        0.4129427969455719
      ],
      "bbox_width_px": 181.39736938476562,
      "bbox_height_px": 264.28338623046875
    },
    {
      "detection_id": 1,
      "class_name": "chair",
      "yolo_class_id": 1,
      "confidence": 0.6684457659721375,
      "bbox_xyxy": [
        87.98332977294922,
        319.623291015625,
        275.400146484375,
        582.87353515625
      ],
      "bbox_yolo": [
        0.283893346786499,
        0.7050756216049194,
        0.2928387522697449,
        0.4113284945487976
      ],
      "bbox_width_px": 187.41680908203125,
      "bbox_height_px": 263.250244140625
    },
    {
      "detection_id": 2,
      "class_name": "chair",
      "yolo_class_id": 1,
      "confidence": 0.6568264961242676,
      "bbox_xyxy": [
        248.46136474609375,
        303.5035400390625,
        392.174072265625,
        530.9124145507812
      ],
      "bbox_yolo": [
        0.5004964470863342,
        0.6518874764442444,
        0.22455111145973206,
        0.3553263545036316
      ],
      "bbox_width_px": 143.71270751953125,
      "bbox_height_px": 227.40887451171875
    }
  ]
}