{
  "index": 514,
  "dataframe_iter_index": 514,
  "image_path": "./datasets/sHOMEOBJECTS_FLUXFP8/images/514.jpg",
  "image_width": 640,
  "image_height": 640,
  "ground_truth_class": "chair",
  "grounding_prompt": "chair",
  "timestamp": "2026-05-15T22:42:05.296298",
  "num_detections": 3,
  "detections": [
    {
      "detection_id": 0,
      "class_name": "chair",
      "yolo_class_id": 1,
      "confidence": 0.6704784631729126,
      "bbox_xyxy": [
        398.18212890625,
        315.5074768066406,
        597.1331787109375,
        513.0527954101562
      ],
      "bbox_yolo": [
        0.7775900959968567,
        0.6473127603530884,
        0.3108610212802887,
        0.30866456031799316
      ],
      "bbox_width_px": 198.9510498046875,
      "bbox_height_px": 197.54531860351562
    },
    {
      "detection_id": 1,
      "class_name": "chair",
      "yolo_class_id": 1,
      "confidence": 0.6704908609390259,
      "bbox_xyxy": [
        18.047210693359375,
        320.83819580078125,
        246.62472534179688,
        571.6146850585938
      ],
      "bbox_yolo": [
        0.20677495002746582,
        0.6972287893295288,
        0.35715237259864807,
        0.3918382525444031
      ],
      "bbox_width_px": 228.5775146484375,
      "bbox_height_px": 250.7764892578125
    },
    {
      "detection_id": 2,
      "class_name": "chair",
      "yolo_class_id": 1,
      "confidence": 0.6371766924858093,
      "bbox_xyxy": [
        234.1968994140625,
        307.7237243652344,
        391.53289794921875,
        479.2546691894531
      ],
      "bbox_yolo": [
        0.488851398229599,
        0.6148268580436707,
        0.2458374947309494,
        0.26801711320877075
      ],
      "bbox_width_px": 157.33599853515625,
      "bbox_height_px": 171.53094482421875
    }
  ]
}