{
  "index": 518,
  "dataframe_iter_index": 518,
  "image_path": "./datasets/sHOMEOBJECTS_FLUXFP8/images/518.jpg",
  "image_width": 640,
  "image_height": 640,
  "ground_truth_class": "chair",
  "grounding_prompt": "chair",
  "timestamp": "2026-05-15T22:42:10.693328",
  "num_detections": 2,
  "detections": [
    {
      "detection_id": 0,
      "class_name": "chair",
      "yolo_class_id": 1,
      "confidence": 0.6787964105606079,
      "bbox_xyxy": [
        380.7791442871094,
        317.3673095703125,
        608.7823486328125,
        590.6564331054688
      ],
      "bbox_yolo": [
        0.7730949521064758,
        0.7093935608863831,
        0.3562549948692322,
        0.4270142614841461
      ],
      "bbox_width_px": 228.00320434570312,
      "bbox_height_px": 273.28912353515625
    },
    {
      "detection_id": 1,
      "class_name": "chair",
      "yolo_class_id": 1,
      "confidence": 0.7169761657714844,
      "bbox_xyxy": [
        56.08512878417969,
        309.2901611328125,
        260.3092041015625,
        568.0294189453125
      ],
      "bbox_yolo": [
        0.24718308448791504,
        0.6854059100151062,
        0.31910011172294617,
        0.4042800962924957
      ],
      "bbox_width_px": 204.2240753173828,
      "bbox_height_px": 258.7392578125
    }
  ]
}