{
  "index": 524,
  "dataframe_iter_index": 524,
  "image_path": "./datasets/sHOMEOBJECTS_FLUXFP8/images/524.jpg",
  "image_width": 640,
  "image_height": 640,
  "ground_truth_class": "table",
  "grounding_prompt": "table",
  "timestamp": "2026-05-15T22:42:19.026859",
  "num_detections": 1,
  "detections": [
    {
      "detection_id": 0,
      "class_name": "table",
      "yolo_class_id": 5,
      "confidence": 0.7501010298728943,
      "bbox_xyxy": [
        227.14944458007812,
        476.4193115234375,
        453.3010559082031,
        588.8431396484375
      ],
      "bbox_yolo": [
        0.5316019654273987,
        0.8322362899780273,
        0.35336190462112427,
        0.17566223442554474
      ],
      "bbox_width_px": 226.151611328125,
      "bbox_height_px": 112.423828125
    }
  ]
}