{
  "index": 578,
  "dataframe_iter_index": 578,
  "image_path": "./datasets/sHOMEOBJECTS_FLUXFP8/images/578.jpg",
  "image_width": 640,
  "image_height": 640,
  "ground_truth_class": "table",
  "grounding_prompt": "table",
  "timestamp": "2026-05-15T22:43:32.018265",
  "num_detections": 1,
  "detections": [
    {
      "detection_id": 0,
      "class_name": "table",
      "yolo_class_id": 5,
      "confidence": 0.7361332774162292,
      "bbox_xyxy": [
        0.10326766967773438,
        373.43927001953125,
        108.80314636230469,
        515.2466430664062
      ],
      "bbox_yolo": [
        0.08508314192295074,
        0.6942858695983887,
        0.16984355449676514,
        0.22157402336597443
      ],
      "bbox_width_px": 108.69987487792969,
      "bbox_height_px": 141.807373046875
    }
  ]
}