{
  "index": 580,
  "dataframe_iter_index": 580,
  "image_path": "./datasets/sHOMEOBJECTS_FLUXFP8/images/580.jpg",
  "image_width": 640,
  "image_height": 640,
  "ground_truth_class": "table",
  "grounding_prompt": "table",
  "timestamp": "2026-05-15T22:43:34.631164",
  "num_detections": 1,
  "detections": [
    {
      "detection_id": 0,
      "class_name": "table",
      "yolo_class_id": 5,
      "confidence": 0.7781277894973755,
      "bbox_xyxy": [
        23.7869873046875,
        306.1560363769531,
        616.0061645507812,
        638.7353515625
      ],
      "bbox_yolo": [
        0.4998384118080139,
        0.7381963729858398,
        0.9253424406051636,
        0.519655168056488
      ],
      "bbox_width_px": 592.2191772460938,
      "bbox_height_px": 332.5793151855469
    }
  ]
}