{
  "index": 601,
  "dataframe_iter_index": 601,
  "image_path": "./datasets/sHOMEOBJECTS_FLUXFP8/images/601.jpg",
  "image_width": 640,
  "image_height": 640,
  "ground_truth_class": "table",
  "grounding_prompt": "table",
  "timestamp": "2026-05-15T22:44:02.902163",
  "num_detections": 1,
  "detections": [
    {
      "detection_id": 0,
      "class_name": "table",
      "yolo_class_id": 5,
      "confidence": 0.8722686171531677,
      "bbox_xyxy": [
        91.84226989746094,
        391.9662170410156,
        565.9110107421875,
        608.34814453125
      ],
      "bbox_yolo": [
        0.5138697624206543,
        0.7814955711364746,
        0.7407323718070984,
        0.3380967676639557
      ],
      "bbox_width_px": 474.0687255859375,
      "bbox_height_px": 216.38192749023438
    }
  ]
}