{
  "index": 631,
  "dataframe_iter_index": 631,
  "image_path": "./datasets/sHOMEOBJECTS_FLUXFP8/images/631.jpg",
  "image_width": 640,
  "image_height": 640,
  "ground_truth_class": "table",
  "grounding_prompt": "table",
  "timestamp": "2026-05-15T22:44:43.568994",
  "num_detections": 1,
  "detections": [
    {
      "detection_id": 0,
      "class_name": "table",
      "yolo_class_id": 5,
      "confidence": 0.7774553298950195,
      "bbox_xyxy": [
        0.66241455078125,
        331.10101318359375,
        639.0471801757812,
        638.4758911132812
      ],
      "bbox_yolo": [
        0.4997731149196625,
        0.7574819326400757,
        0.9974762201309204,
        0.4802732467651367
      ],
      "bbox_width_px": 638.384765625,
      "bbox_height_px": 307.3748779296875
    }
  ]
}