{
  "index": 651,
  "dataframe_iter_index": 651,
  "image_path": "./datasets/sHOMEOBJECTS_FLUXFP8/images/651.jpg",
  "image_width": 640,
  "image_height": 640,
  "ground_truth_class": "table",
  "grounding_prompt": "table",
  "timestamp": "2026-05-15T22:45:10.485534",
  "num_detections": 1,
  "detections": [
    {
      "detection_id": 0,
      "class_name": "table",
      "yolo_class_id": 5,
      "confidence": 0.843172013759613,
      "bbox_xyxy": [
        61.8515625,
        365.1014404296875,
        349.8876953125,
        632.2007446289062
      ],
      "bbox_yolo": [
        0.3216713070869446,
        0.7791423201560974,
        0.4500564634799957,
        0.4173426628112793
      ],
      "bbox_width_px": 288.0361328125,
      "bbox_height_px": 267.09930419921875
    }
  ]
}