{
  "index": 653,
  "dataframe_iter_index": 653,
  "image_path": "./datasets/sHOMEOBJECTS_FLUXFP8/images/653.jpg",
  "image_width": 640,
  "image_height": 640,
  "ground_truth_class": "table",
  "grounding_prompt": "table",
  "timestamp": "2026-05-15T22:45:13.070948",
  "num_detections": 1,
  "detections": [
    {
      "detection_id": 0,
      "class_name": "table",
      "yolo_class_id": 5,
      "confidence": 0.7056774497032166,
      "bbox_xyxy": [
        132.22000122070312,
        374.9450988769531,
        518.4443359375,
        628.4215087890625
      ],
      "bbox_yolo": [
        0.5083314776420593,
        0.7838801145553589,
        0.6034755110740662,
        0.3960568904876709
      ],
      "bbox_width_px": 386.2243347167969,
      "bbox_height_px": 253.47640991210938
    }
  ]
}