{
  "index": 676,
  "dataframe_iter_index": 676,
  "image_path": "./datasets/sHOMEOBJECTS_FLUXFP8/images/676.jpg",
  "image_width": 640,
  "image_height": 640,
  "ground_truth_class": "table",
  "grounding_prompt": "table",
  "timestamp": "2026-05-15T22:45:43.852933",
  "num_detections": 1,
  "detections": [
    {
      "detection_id": 0,
      "class_name": "table",
      "yolo_class_id": 5,
      "confidence": 0.842799186706543,
      "bbox_xyxy": [
        167.45118713378906,
        220.6120147705078,
        477.0115966796875,
        571.7484741210938
      ],
      "bbox_yolo": [
        0.5034865140914917,
        0.6190316081047058,
        0.4836881756782532,
        0.5486507415771484
      ],
      "bbox_width_px": 309.5604248046875,
      "bbox_height_px": 351.136474609375
    }
  ]
}