{
  "index": 68,
  "dataframe_iter_index": 68,
  "image_path": "./datasets/sHOMEOBJECTS_FLUXFP8/images/68.jpg",
  "image_width": 640,
  "image_height": 640,
  "ground_truth_class": "chair",
  "grounding_prompt": "chair",
  "timestamp": "2026-05-15T22:31:59.923193",
  "num_detections": 1,
  "detections": [
    {
      "detection_id": 0,
      "class_name": "chair",
      "yolo_class_id": 1,
      "confidence": 0.865808367729187,
      "bbox_xyxy": [
        200.31521606445312,
        202.94398498535156,
        527.7264404296875,
        557.0162353515625
      ],
      "bbox_yolo": [
        0.5687825083732605,
        0.5937188863754272,
        0.5115800499916077,
        0.5532379150390625
      ],
      "bbox_width_px": 327.4112243652344,
      "bbox_height_px": 354.072265625
    }
  ]
}