{
  "index": 711,
  "dataframe_iter_index": 711,
  "image_path": "./datasets/sHOMEOBJECTS_FLUXFP8/images/711.jpg",
  "image_width": 640,
  "image_height": 640,
  "ground_truth_class": "table",
  "grounding_prompt": "table",
  "timestamp": "2026-05-15T22:46:31.134551",
  "num_detections": 1,
  "detections": [
    {
      "detection_id": 0,
      "class_name": "table",
      "yolo_class_id": 5,
      "confidence": 0.7546127438545227,
      "bbox_xyxy": [
        0.521331787109375,
        170.78721618652344,
        639.384765625,
        637.6377563476562
      ],
      "bbox_yolo": [
        0.4999266564846039,
        0.6315820217132568,
        0.9982240796089172,
        0.7294539213180542
      ],
      "bbox_width_px": 638.8634033203125,
      "bbox_height_px": 466.85052490234375
    }
  ]
}