{
  "index": 740,
  "dataframe_iter_index": 740,
  "image_path": "./datasets/sHOMEOBJECTS_FLUXFP8/images/740.jpg",
  "image_width": 640,
  "image_height": 640,
  "ground_truth_class": "table",
  "grounding_prompt": "table",
  "timestamp": "2026-05-15T22:47:10.125504",
  "num_detections": 1,
  "detections": [
    {
      "detection_id": 0,
      "class_name": "table",
      "yolo_class_id": 5,
      "confidence": 0.8384779691696167,
      "bbox_xyxy": [
        80.25663757324219,
        321.35125732421875,
        565.8921508789062,
        562.23974609375
      ],
      "bbox_yolo": [
        0.5048037767410278,
        0.6903054714202881,
        0.7588054537773132,
        0.3763882517814636
      ],
      "bbox_width_px": 485.635498046875,
      "bbox_height_px": 240.88848876953125
    }
  ]
}