{
  "index": 759,
  "dataframe_iter_index": 759,
  "image_path": "./datasets/sHOMEOBJECTS_FLUXFP8/images/759.jpg",
  "image_width": 640,
  "image_height": 640,
  "ground_truth_class": "table",
  "grounding_prompt": "table",
  "timestamp": "2026-05-15T22:47:36.203047",
  "num_detections": 1,
  "detections": [
    {
      "detection_id": 0,
      "class_name": "table",
      "yolo_class_id": 5,
      "confidence": 0.7742429375648499,
      "bbox_xyxy": [
        58.20623779296875,
        383.94476318359375,
        639.1676635742188,
        638.4929809570312
      ],
      "bbox_yolo": [
        0.5448233485221863,
        0.7987794876098633,
        0.9077522158622742,
        0.39773160219192505
      ],
      "bbox_width_px": 580.96142578125,
      "bbox_height_px": 254.5482177734375
    }
  ]
}