{
  "index": 788,
  "dataframe_iter_index": 788,
  "image_path": "./datasets/sHOMEOBJECTS_FLUXFP8/images/788.jpg",
  "image_width": 640,
  "image_height": 640,
  "ground_truth_class": "table",
  "grounding_prompt": "table",
  "timestamp": "2026-05-15T22:48:15.213338",
  "num_detections": 1,
  "detections": [
    {
      "detection_id": 0,
      "class_name": "table",
      "yolo_class_id": 5,
      "confidence": 0.9277344346046448,
      "bbox_xyxy": [
        0.36895751953125,
        222.08326721191406,
        639.226318359375,
        638.8238525390625
      ],
      "bbox_yolo": [
        0.49968379735946655,
        0.6725836992263794,
        0.998214602470398,
        0.6511572003364563
      ],
      "bbox_width_px": 638.8573608398438,
      "bbox_height_px": 416.7406005859375
    }
  ]
}