{
  "index": 796,
  "dataframe_iter_index": 796,
  "image_path": "./datasets/sHOMEOBJECTS_FLUXFP8/images/796.jpg",
  "image_width": 640,
  "image_height": 640,
  "ground_truth_class": "table",
  "grounding_prompt": "table",
  "timestamp": "2026-05-15T22:48:25.971178",
  "num_detections": 1,
  "detections": [
    {
      "detection_id": 0,
      "class_name": "table",
      "yolo_class_id": 5,
      "confidence": 0.8388978838920593,
      "bbox_xyxy": [
        65.82373046875,
        248.0765380859375,
        577.8364868164062,
        638.6864013671875
      ],
      "bbox_yolo": [
        0.5028595328330994,
        0.692783534526825,
        0.8000199198722839,
        0.6103278994560242
      ],
      "bbox_width_px": 512.0127563476562,
      "bbox_height_px": 390.60986328125
    }
  ]
}