{
  "index": 819,
  "dataframe_iter_index": 819,
  "image_path": "./datasets/sHOMEOBJECTS_FLUXFP8/images/819.jpg",
  "image_width": 640,
  "image_height": 640,
  "ground_truth_class": "table",
  "grounding_prompt": "table",
  "timestamp": "2026-05-15T22:48:56.843151",
  "num_detections": 1,
  "detections": [
    {
      "detection_id": 0,
      "class_name": "table",
      "yolo_class_id": 5,
      "confidence": 0.7585193514823914,
      "bbox_xyxy": [
        0.545013427734375,
        402.51666259765625,
        617.1064453125,
        638.9138793945312
      ],
      "bbox_yolo": [
        0.48254022002220154,
        0.8136175870895386,
        0.9633771777153015,
        0.36937063932418823
      ],
      "bbox_width_px": 616.5614013671875,
      "bbox_height_px": 236.397216796875
    }
  ]
}