{
  "index": 892,
  "dataframe_iter_index": 892,
  "image_path": "./datasets/sHOMEOBJECTS_FLUXFP8/images/892.jpg",
  "image_width": 640,
  "image_height": 640,
  "ground_truth_class": "table",
  "grounding_prompt": "table",
  "timestamp": "2026-05-15T22:50:35.678378",
  "num_detections": 1,
  "detections": [
    {
      "detection_id": 0,
      "class_name": "table",
      "yolo_class_id": 5,
      "confidence": 0.8807343244552612,
      "bbox_xyxy": [
        66.73797607421875,
        355.41937255859375,
        383.5439758300781,
        639.2059326171875
      ],
      "bbox_yolo": [
        0.35178276896476746,
        0.7770510315895081,
        0.4950093626976013,
        0.4434165060520172
      ],
      "bbox_width_px": 316.8059997558594,
      "bbox_height_px": 283.78656005859375
    }
  ]
}