{
  "index": 911,
  "dataframe_iter_index": 911,
  "image_path": "./datasets/sHOMEOBJECTS_FLUXFP8/images/911.jpg",
  "image_width": 640,
  "image_height": 640,
  "ground_truth_class": "table",
  "grounding_prompt": "table",
  "timestamp": "2026-05-15T22:51:00.691201",
  "num_detections": 1,
  "detections": [
    {
      "detection_id": 0,
      "class_name": "table",
      "yolo_class_id": 5,
      "confidence": 0.8158493638038635,
      "bbox_xyxy": [
        0.55218505859375,
        404.959228515625,
        639.22314453125,
        638.7742919921875
      ],
      "bbox_yolo": [
        0.4998244643211365,
        0.8154168128967285,
        0.9979233741760254,
        0.36533603072166443
      ],
      "bbox_width_px": 638.6709594726562,
      "bbox_height_px": 233.8150634765625
    }
  ]
}