{
  "index": 956,
  "dataframe_iter_index": 956,
  "image_path": "./datasets/sHOMEOBJECTS_FLUXFP8/images/956.jpg",
  "image_width": 640,
  "image_height": 640,
  "ground_truth_class": "table",
  "grounding_prompt": "table",
  "timestamp": "2026-05-15T22:52:01.040993",
  "num_detections": 1,
  "detections": [
    {
      "detection_id": 0,
      "class_name": "table",
      "yolo_class_id": 5,
      "confidence": 0.8948850035667419,
      "bbox_xyxy": [
        65.59188842773438,
        308.88934326171875,
        575.2352294921875,
        574.2390747070312
      ],
      "bbox_yolo": [
        0.5006462335586548,
        0.6899440884590149,
        0.7963176965713501,
        0.4146089553833008
      ],
      "bbox_width_px": 509.6433410644531,
      "bbox_height_px": 265.3497314453125
    }
  ]
}