{
  "index": 974,
  "dataframe_iter_index": 974,
  "image_path": "./datasets/sHOMEOBJECTS_FLUXFP8/images/974.jpg",
  "image_width": 640,
  "image_height": 640,
  "ground_truth_class": "table",
  "grounding_prompt": "table",
  "timestamp": "2026-05-15T22:52:25.318205",
  "num_detections": 3,
  "detections": [
    {
      "detection_id": 0,
      "class_name": "table",
      "yolo_class_id": 5,
      "confidence": 0.7831485271453857,
      "bbox_xyxy": [
        434.68597412109375,
        396.07745361328125,
        634.8534545898438,
        581.0779418945312
      ],
      "bbox_yolo": [
        0.835577666759491,
        0.7634026408195496,
        0.31276169419288635,
        0.2890632748603821
      ],
      "bbox_width_px": 200.16748046875,
      "bbox_height_px": 185.00048828125
    },
    {
      "detection_id": 1,
      "class_name": "table",
      "yolo_class_id": 5,
      "confidence": 0.7799045443534851,
      "bbox_xyxy": [
        262.6048583984375,
        358.1712341308594,
        384.0262451171875,
        480.1331481933594
      ],
      "bbox_yolo": [
        0.5051805377006531,
        0.6549252867698669,
        0.18972091376781464,
        0.19056549668312073
      ],
      "bbox_width_px": 121.42138671875,
      "bbox_height_px": 121.9619140625
    },
    {
      "detection_id": 2,
      "class_name": "table",
      "yolo_class_id": 5,
      "confidence": 0.7504290342330933,
      "bbox_xyxy": [
        27.509300231933594,
        376.98321533203125,
        186.857177734375,
        531.3179321289062
      ],
      "bbox_yolo": [
        0.16747382283210754,
        0.7096102833747864,
        0.2489810436964035,
        0.2411479949951172
      ],
      "bbox_width_px": 159.34786987304688,
      "bbox_height_px": 154.334716796875
    }
  ]
}