{
  "index": 987,
  "dataframe_iter_index": 987,
  "image_path": "./datasets/sHOMEOBJECTS_FLUXFP8/images/987.jpg",
  "image_width": 640,
  "image_height": 640,
  "ground_truth_class": "table",
  "grounding_prompt": "table",
  "timestamp": "2026-05-15T22:52:42.651859",
  "num_detections": 1,
  "detections": [
    {
      "detection_id": 0,
      "class_name": "table",
      "yolo_class_id": 5,
      "confidence": 0.8430578708648682,
      "bbox_xyxy": [
        0.77978515625,
        482.84722900390625,
        638.9981079101562,
        638.8536987304688
      ],
      "bbox_yolo": [
        0.49982649087905884,
        0.8763288259506226,
        0.9972161054611206,
        0.2437601089477539
      ],
      "bbox_width_px": 638.2183227539062,
      "bbox_height_px": 156.0064697265625
    }
  ]
}