{
  "index": 998,
  "dataframe_iter_index": 998,
  "image_path": "./datasets/sHOMEOBJECTS_FLUXFP8/images/998.jpg",
  "image_width": 640,
  "image_height": 640,
  "ground_truth_class": "table",
  "grounding_prompt": "table",
  "timestamp": "2026-05-15T22:52:57.285885",
  "num_detections": 1,
  "detections": [
    {
      "detection_id": 0,
      "class_name": "table",
      "yolo_class_id": 5,
      "confidence": 0.8491440415382385,
      "bbox_xyxy": [
        35.2989501953125,
        491.4212951660156,
        620.2408447265625,
        638.9981689453125
      ],
      "bbox_yolo": [
        0.5121404528617859,
        0.8831402063369751,
        0.9139717221260071,
        0.2305888682603836
      ],
      "bbox_width_px": 584.94189453125,
      "bbox_height_px": 147.57687377929688
    }
  ]
}