epoch,time,train/box_loss,train/cls_loss,train/dfl_loss,metrics/precision(B),metrics/recall(B),metrics/mAP50(B),metrics/mAP50-95(B),val/box_loss,val/cls_loss,val/dfl_loss,lr/pg0,lr/pg1,lr/pg2,lr/pg3,lr/pg4,lr/pg5,lr/pg6,lr/pg7
1,539.637,1.15203,1.54953,0.00458,0.65982,0.56014,0.6084,0.38563,1.23769,0.89793,0.00685,0.00998544,0.00332848,0.00998544,0.00332848,0.00998544,0.00332848,0.00998544,0.00332848
2,969.14,1.09859,0.92012,0.00446,0.76155,0.58806,0.68986,0.43803,1.22635,0.84867,0.00679,0.0199459,0.00664862,0.0199459,0.00664862,0.0199459,0.00664862,0.0199459,0.00664862
3,1362.72,1.16888,0.96486,0.00507,0.667,0.60427,0.63823,0.39341,1.26204,0.90832,0.00725,0.0298667,0.00995557,0.0298667,0.00995557,0.0298667,0.00995557,0.0298667,0.00995557
4,1743.34,1.20899,0.99191,0.00538,0.69725,0.58993,0.66187,0.41415,1.23857,0.85211,0.00719,0.0298218,0.0099406,0.0298218,0.0099406,0.0298218,0.0099406,0.0298218,0.0099406
5,2123.77,1.17805,0.93182,0.00527,0.69536,0.61275,0.68406,0.44731,1.20659,0.82007,0.00686,0.0297624,0.0099208,0.0297624,0.0099208,0.0297624,0.0099208,0.0297624,0.0099208
6,2504.92,1.14743,0.86504,0.00507,0.71064,0.65072,0.71037,0.46039,1.18273,0.79741,0.00667,0.029703,0.009901,0.029703,0.009901,0.029703,0.009901,0.029703,0.009901
7,2885.69,1.11976,0.84139,0.00493,0.76304,0.64167,0.73663,0.48427,1.14369,0.74833,0.00648,0.0296436,0.0098812,0.0296436,0.0098812,0.0296436,0.0098812,0.0296436,0.0098812
